{"authorDailyContributionsMap":{"itsapaulblem":[{"date":"2025-04-05","commitResults":[{"hash":"113345f144652b70286804cdfa602098916a7770","isMergeCommit":false,"messageTitle":"Update correct link in help menu","messageBody":"","fileTypesAndContributionMap":{"functional-code":{"insertions":1,"deletions":1}}},{"hash":"909d63cab3fc5a5346e8ee6c9b3dd829fc719aee","isMergeCommit":true,"messageTitle":"Merge branch \u0027help-command\u0027 of https://github.com/itsapaulblem/tp into help-command","messageBody":"","fileTypesAndContributionMap":{}},{"hash":"58b453837eb8e43d83d74989a581156187de1b60","isMergeCommit":true,"messageTitle":"Merge branch \u0027AY2425S2-CS2103T-F11-3:master\u0027 into user-guide","messageBody":"","fileTypesAndContributionMap":{}},{"hash":"3d59fdcc0b0847426c79d43693bdcf43de15bb4b","isMergeCommit":false,"messageTitle":"Remove instances of address book in User Guide","messageBody":"","fileTypesAndContributionMap":{"docs":{"insertions":1,"deletions":1}}},{"hash":"dd910cf8e08c0a5a8a9439cc02adc7d114bcc712","isMergeCommit":false,"messageTitle":"Include example of adding multiple tags to a patient","messageBody":"","fileTypesAndContributionMap":{"docs":{"insertions":19,"deletions":19}}},{"hash":"12757fc4ceaf0a691ae17ae024e93cababf58bf3","isMergeCommit":false,"messageTitle":"Update User Guide","messageBody":"","fileTypesAndContributionMap":{"docs":{"insertions":3,"deletions":3}}}]},{"date":"2025-04-06","commitResults":[{"hash":"a331c518baa269fbbfd6eedf7892b8908778b6a4","isMergeCommit":false,"messageTitle":"Prevent list command to take additional parameters","messageBody":"","fileTypesAndContributionMap":{"functional-code":{"insertions":20,"deletions":2},"test-code":{"insertions":11,"deletions":2}}},{"hash":"19e4ec2967758edbab12a98fc381cc14cb8d549b","isMergeCommit":false,"messageTitle":"Update UserGuide.md","messageBody":"","fileTypesAndContributionMap":{"docs":{"insertions":1,"deletions":1}}},{"hash":"3e7b6789caaa2b52d3e51c2a5f77d20928d7ddc7","isMergeCommit":false,"messageTitle":"Update fast typing definition in the user guide","messageBody":"","fileTypesAndContributionMap":{"docs":{"insertions":10,"deletions":9}}},{"hash":"7a07f0bd70c832a1a648edcae72065e46e10db26","isMergeCommit":false,"messageTitle":"Fix grammar error","messageBody":"","fileTypesAndContributionMap":{"docs":{"insertions":1,"deletions":1}}},{"hash":"08c12ff2ba472f68864fe20cf7373770910f77fe","isMergeCommit":false,"messageTitle":"Update UserGuide.md","messageBody":"","fileTypesAndContributionMap":{"docs":{"insertions":0,"deletions":3}}},{"hash":"9fe67d4f897c639e4ac284ccc459cdcfe9833790","isMergeCommit":false,"messageTitle":"Fix grammar issue","messageBody":"","fileTypesAndContributionMap":{"docs":{"insertions":1,"deletions":1}}},{"hash":"cbdfe252b634d4f6866a27789b5509925f4a71aa","isMergeCommit":false,"messageTitle":"Update UserGuide.md","messageBody":"","fileTypesAndContributionMap":{"docs":{"insertions":2,"deletions":3}}},{"hash":"d6c6a009eb3d94ae6c55fc74833670dd1152451a","isMergeCommit":false,"messageTitle":"Remove instances of AddressBook with HealthSync","messageBody":"","fileTypesAndContributionMap":{"docs":{"insertions":3,"deletions":3}}},{"hash":"a07cd4eaa6d4879a30d7dc82c593b9839f019df4","isMergeCommit":false,"messageTitle":"Prevent list archive taking in additional parameters","messageBody":"","fileTypesAndContributionMap":{"functional-code":{"insertions":20,"deletions":3}}},{"hash":"5548fa365a756a59c140b7443109b55096395ab1","isMergeCommit":false,"messageTitle":"Fix checkstyle","messageBody":"","fileTypesAndContributionMap":{"functional-code":{"insertions":1,"deletions":1}}},{"hash":"2cb0bf5f3c8f2c3d56d043a1c4a27d0195195eba","isMergeCommit":false,"messageTitle":"Update user guide","messageBody":"","fileTypesAndContributionMap":{"docs":{"insertions":5,"deletions":1}}},{"hash":"7e8d90f556f6974c6220c5b61ace8701d9002675","isMergeCommit":false,"messageTitle":"Remove whitespace in lines","messageBody":"","fileTypesAndContributionMap":{"functional-code":{"insertions":0,"deletions":10}}},{"hash":"d9bcc2da342de3d4c221b7876eff7261c5b8096a","isMergeCommit":false,"messageTitle":"Limit undo to one time","messageBody":"","fileTypesAndContributionMap":{"functional-code":{"insertions":24,"deletions":4}}},{"hash":"78505f5760b0b61a15542e124cec557880a54148","isMergeCommit":false,"messageTitle":"Fix checkstyle","messageBody":"","fileTypesAndContributionMap":{"functional-code":{"insertions":4,"deletions":4}}},{"hash":"eb6c89a99d355373e5f6ec6fc232ed0a16fdb051","isMergeCommit":false,"messageTitle":"Fix undo bug","messageBody":"","fileTypesAndContributionMap":{"functional-code":{"insertions":5,"deletions":18}}},{"hash":"053d5415c27ced7c0216bd610809a7900e7dcf5f","isMergeCommit":false,"messageTitle":"Remove unnecessary comments","messageBody":"","fileTypesAndContributionMap":{"functional-code":{"insertions":0,"deletions":2}}}]},{"date":"2025-04-07","commitResults":[{"hash":"a5fce054feb263346bfc2de4133d2fc60a6d7d2d","isMergeCommit":true,"messageTitle":"Merge pull request #239 from namprice227/Fix-archive","messageBody":"Make find available in archive mode","fileTypesAndContributionMap":{}}]}],"clarabellelim":[{"date":"2025-04-06","commitResults":[{"hash":"100101c76fcbb9ccb5d5e88fe09f0a16d40ad3fe","isMergeCommit":false,"messageTitle":"Update execute command method to accept inputs with whitespace after","messageBody":"","fileTypesAndContributionMap":{"functional-code":{"insertions":3,"deletions":2}}}]}],"zenn345":[{"date":"2025-04-06","commitResults":[{"hash":"be2dc054fd275300b6873c447e3754a7645edae9","isMergeCommit":true,"messageTitle":"Merge pull request #233 from itsapaulblem/user-guide","messageBody":"Update User guide based on dry run bugs","fileTypesAndContributionMap":{}},{"hash":"e9f138e9be4b15f9b9485bbfc00bd30bbdb3140a","isMergeCommit":true,"messageTitle":"Merge pull request #230 from itsapaulblem/help-command","messageBody":"Update help command link","fileTypesAndContributionMap":{}},{"hash":"b9d5c86d8683eafd8c1a3d13da3ee3f79b54229e","isMergeCommit":true,"messageTitle":"Merge pull request #236 from itsapaulblem/user-guide","messageBody":"Update user guide","fileTypesAndContributionMap":{}}]}],"namprice227":[{"date":"2025-04-06","commitResults":[{"hash":"e6177380503fc5a80f58d44ac9653d79b0ddc73c","isMergeCommit":true,"messageTitle":"Merge pull request #235 from itsapaulblem/list-command","messageBody":"List command does not take additional parameters","fileTypesAndContributionMap":{}},{"hash":"b60601a8393552938bfae5df545f64a108827f84","isMergeCommit":false,"messageTitle":"Make find available in archive mode","messageBody":"","fileTypesAndContributionMap":{"functional-code":{"insertions":28,"deletions":3}}},{"hash":"fc0150be41609c08fc42926aa1242abff009b206","isMergeCommit":false,"messageTitle":"Fix test","messageBody":"","fileTypesAndContributionMap":{"test-code":{"insertions":10,"deletions":0}}},{"hash":"acbe81ded53e6d2138d94c904a95b9bb56ed637f","isMergeCommit":false,"messageTitle":"Fix edit","messageBody":"","fileTypesAndContributionMap":{"functional-code":{"insertions":12,"deletions":1},"test-code":{"insertions":5,"deletions":0}}},{"hash":"4a81c4a91fc944e08287ec99cce0fa762413c795","isMergeCommit":false,"messageTitle":"Make it impossible to undo archive-related commands","messageBody":"","fileTypesAndContributionMap":{"functional-code":{"insertions":34,"deletions":5}}},{"hash":"2ac88e35e00061e93358a43593c9cda4314d59e6","isMergeCommit":false,"messageTitle":"Fix edit bugs","messageBody":"","fileTypesAndContributionMap":{"functional-code":{"insertions":1,"deletions":1}}},{"hash":"a6c38e93d6abb7d29f8dd4892550cc48776d1fc1","isMergeCommit":false,"messageTitle":"Fix UI refresh","messageBody":"","fileTypesAndContributionMap":{"functional-code":{"insertions":8,"deletions":0}}},{"hash":"9d93fa1fb28322b78b8f5c25963bf80f2278d4ec","isMergeCommit":true,"messageTitle":"Merge branch \u0027Fix-archive\u0027 of https://github.com/namprice227/tp into Fix-archive","messageBody":"","fileTypesAndContributionMap":{}},{"hash":"5d330190fcefef3e0921d5bbb3baf7ca16349a48","isMergeCommit":false,"messageTitle":"Fix add problems","messageBody":"","fileTypesAndContributionMap":{"functional-code":{"insertions":3,"deletions":3},"test-code":{"insertions":9,"deletions":0}}}]},{"date":"2025-04-07","commitResults":[{"hash":"33bf19f069b7ded0a94c2d7700df6e9f45aac800","isMergeCommit":false,"messageTitle":"Try fixing UI","messageBody":"","fileTypesAndContributionMap":{"functional-code":{"insertions":4,"deletions":7}}},{"hash":"7a3765116398c4c9bb4512b2072f469f10381eef","isMergeCommit":false,"messageTitle":"Fix UI","messageBody":"","fileTypesAndContributionMap":{"functional-code":{"insertions":0,"deletions":1}}},{"hash":"6ad0544613fe561b2da66f288fd891b17fa6cf71","isMergeCommit":true,"messageTitle":"Merge pull request #241 from clarabellelim/fix-bugs","messageBody":"Update execute command method to accept inputs with whitespace after","fileTypesAndContributionMap":{}},{"hash":"5f77c9e25504cc9196741e64e39815c78b738034","isMergeCommit":true,"messageTitle":"Merge pull request #242 from mistyk786/FixCommandMessage","messageBody":"Fix standardise output format (hide seedu.address....) and change confirmation msg shows up for invalid index ","fileTypesAndContributionMap":{}}]}],"mistyk786":[{"date":"2025-04-07","commitResults":[{"hash":"3ea17bef002846c89cf3a4ab24561d70f3875740","isMergeCommit":false,"messageTitle":"Fix standardise output format (hide seedu.address....)","messageBody":"","fileTypesAndContributionMap":{"functional-code":{"insertions":24,"deletions":16},"test-code":{"insertions":8,"deletions":4}}},{"hash":"71881a90ba4f4e9ab97896bf5831279fe9c0b501","isMergeCommit":false,"messageTitle":"Fix Unarchive working in list mode","messageBody":"","fileTypesAndContributionMap":{"functional-code":{"insertions":1,"deletions":2}}},{"hash":"05f7dff9b2fb94fb4ef409f845284e68a0a40ccb","isMergeCommit":true,"messageTitle":"Merge branch \u0027master\u0027 into FixCommandMessage","messageBody":"","fileTypesAndContributionMap":{}}]}]},"authorFileTypeContributionMap":{"itsapaulblem":{"docs":35,"functional-code":40,"test-code":11},"clarabellelim":{"docs":0,"functional-code":3,"test-code":0},"zenn345":{"docs":0,"functional-code":0,"test-code":0},"namprice227":{"docs":0,"functional-code":72,"test-code":24},"mistyk786":{"docs":0,"functional-code":23,"test-code":8}},"authorContributionVariance":{"itsapaulblem":5518.222,"clarabellelim":5.555556,"zenn345":0.0,"namprice227":3066.0,"mistyk786":672.22217},"authorDisplayNameMap":{"itsapaulblem":"CS2103T-F11-3 PAUL.. WEN","clarabellelim":"CS2103T-F11-3 LIM ..ELLE","zenn345":"CS2103T-F11-3 ZENN.. SIM","namprice227":"CS2103T-F11-3 NGUY.. NAM","mistyk786":"CS2103T-F11-3 KUVA..BBAS"}}
