{"authorDailyContributionsMap":{"itsapaulblem":[],"clarabellelim":[],"zenn345":[],"namprice227":[],"mistyk786":[]},"authorFileTypeContributionMap":{"itsapaulblem":{"docs":0,"functional-code":0,"test-code":0},"clarabellelim":{"docs":0,"functional-code":0,"test-code":0},"zenn345":{"docs":0,"functional-code":0,"test-code":0},"namprice227":{"docs":0,"functional-code":0,"test-code":0},"mistyk786":{"docs":0,"functional-code":0,"test-code":0}},"authorContributionVariance":{"itsapaulblem":0.0,"clarabellelim":0.0,"zenn345":0.0,"namprice227":0.0,"mistyk786":0.0},"authorDisplayNameMap":{"itsapaulblem":"CS2103T-F11-3 PAUL.. WEN","clarabellelim":"CS2103T-F11-3 LIM ..ELLE","zenn345":"CS2103T-F11-3 ZENN.. SIM","namprice227":"CS2103T-F11-3 NGUY.. NAM","mistyk786":"CS2103T-F11-3 KUVA..BBAS"}}
