{"authorDailyContributionsMap":{"wenruu":[{"date":"2025-04-07","commitResults":[{"hash":"60ceb96f9dfe43a259cacc8024d6bbd6786c267f","isMergeCommit":false,"messageTitle":"Update AboutUs.md","messageBody":"","fileTypesAndContributionMap":{"docs":{"insertions":1,"deletions":0}}},{"hash":"d3def9413fbf45b6f13218b8a78758a2710c7a38","isMergeCommit":false,"messageTitle":"Update UserGuide.md","messageBody":"","fileTypesAndContributionMap":{"docs":{"insertions":4,"deletions":0}}},{"hash":"245fe2e5f1658766f7d0de8ca101d83a990ce8aa","isMergeCommit":false,"messageTitle":"Update UserGuide.md","messageBody":"","fileTypesAndContributionMap":{"docs":{"insertions":11,"deletions":8}}},{"hash":"73918963c3e88f440555da260928932775aa3ef0","isMergeCommit":false,"messageTitle":"Update UserGuide.md","messageBody":"","fileTypesAndContributionMap":{"docs":{"insertions":23,"deletions":3}}},{"hash":"5c4fb2735ba63f2a24e4a894b02e5e4318189c0b","isMergeCommit":false,"messageTitle":"Update UserGuide.md","messageBody":"","fileTypesAndContributionMap":{"docs":{"insertions":5,"deletions":0}}},{"hash":"bd8bab55da7549d6cd51e897994f6a648cce53d5","isMergeCommit":false,"messageTitle":"Update UserGuide.md","messageBody":"","fileTypesAndContributionMap":{"docs":{"insertions":7,"deletions":1}}},{"hash":"3c1bf4f0299a3330ae49439e907e94af051b36ec","isMergeCommit":false,"messageTitle":"Update UserGuide.md","messageBody":"","fileTypesAndContributionMap":{"docs":{"insertions":6,"deletions":4}}},{"hash":"edc84a7f00ad6e2887dfc4b2885923a4f5c56bb6","isMergeCommit":false,"messageTitle":"Update UserGuide.md","messageBody":"","fileTypesAndContributionMap":{"docs":{"insertions":1,"deletions":1}}},{"hash":"ef672830b77b2a874b082802108e571e545b57ec","isMergeCommit":false,"messageTitle":"Update UserGuide.md","messageBody":"","fileTypesAndContributionMap":{"docs":{"insertions":1,"deletions":1}}},{"hash":"84588a676be9193fc468e2372614aa6de99536c1","isMergeCommit":false,"messageTitle":"Update UserGuide.md","messageBody":"","fileTypesAndContributionMap":{"docs":{"insertions":1,"deletions":1}}},{"hash":"e131e422795fbcb3512ea003b46c726ce112c202","isMergeCommit":false,"messageTitle":"Update UserGuide.md","messageBody":"","fileTypesAndContributionMap":{"docs":{"insertions":1,"deletions":1}}},{"hash":"2c17853c8fa067d5a63209cde5de00fc8928bb82","isMergeCommit":false,"messageTitle":"Update UserGuide.md","messageBody":"","fileTypesAndContributionMap":{"docs":{"insertions":1,"deletions":1}}},{"hash":"dfd6597fb0e94b62004338360bf393daf1213394","isMergeCommit":false,"messageTitle":"Update UserGuide.md","messageBody":"","fileTypesAndContributionMap":{"docs":{"insertions":2,"deletions":0}}},{"hash":"1b17c6465ffb0b2e588b912af1aa0cdc51e06c31","isMergeCommit":false,"messageTitle":"Update UserGuide.md","messageBody":"","fileTypesAndContributionMap":{"docs":{"insertions":1,"deletions":1}}},{"hash":"d165f63cf6829622ab7364b891c4b54cdc027c61","isMergeCommit":false,"messageTitle":"Update UserGuide.md","messageBody":"","fileTypesAndContributionMap":{"docs":{"insertions":1,"deletions":2}}},{"hash":"2e6f0e4ade8a810524b09345aae25fd321b6fdda","isMergeCommit":false,"messageTitle":"Update UserGuide.md","messageBody":"","fileTypesAndContributionMap":{"docs":{"insertions":1,"deletions":1}}},{"hash":"fad58862787f8eb623856d37501a4d26d5fc0c6b","isMergeCommit":false,"messageTitle":"Update UserGuide.md","messageBody":"","fileTypesAndContributionMap":{"docs":{"insertions":1,"deletions":1}}},{"hash":"856c5e4837d6623ad3c8260d074c089f1abc5159","isMergeCommit":false,"messageTitle":"Update UserGuide.md","messageBody":"","fileTypesAndContributionMap":{"docs":{"insertions":1,"deletions":1}}},{"hash":"c6aa1f12dca5852653f08d032f3f2ccba5be23be","isMergeCommit":false,"messageTitle":"Update UserGuide.md","messageBody":"","fileTypesAndContributionMap":{"docs":{"insertions":1,"deletions":2}}},{"hash":"d2599458e39288045332dc2531eba10694c69bca","isMergeCommit":false,"messageTitle":"Update LoanFilterCommandParser.java","messageBody":"","fileTypesAndContributionMap":{"functional-code":{"insertions":0,"deletions":1}}},{"hash":"21b23ee0fc4d66e988075bd8f0912ffd8661281b","isMergeCommit":false,"messageTitle":"Update UserGuide.md","messageBody":"","fileTypesAndContributionMap":{"docs":{"insertions":11,"deletions":0}}},{"hash":"98bc6f0ecf641931a08f001aca83621749d8794b","isMergeCommit":false,"messageTitle":"Update UserGuide.md","messageBody":"","fileTypesAndContributionMap":{"docs":{"insertions":5,"deletions":5}}},{"hash":"8d1e3c2a86e1d04b73a273f1fded786639a8843a","isMergeCommit":false,"messageTitle":"Update UserGuide.md","messageBody":"","fileTypesAndContributionMap":{"docs":{"insertions":19,"deletions":0}}},{"hash":"bacdd3e4c2d11d6e9c58915309029336f7eefe7a","isMergeCommit":false,"messageTitle":"Update UserGuide.md","messageBody":"","fileTypesAndContributionMap":{"docs":{"insertions":2,"deletions":1}}},{"hash":"ba13402c0f899ccbc95bfed0d127d39ef460bfe1","isMergeCommit":false,"messageTitle":"Update UserGuide.md","messageBody":"","fileTypesAndContributionMap":{"docs":{"insertions":2,"deletions":1}}},{"hash":"d1c26ab6755a4da31fb2c5a74954831442f6f632","isMergeCommit":false,"messageTitle":"Update UserGuide.md","messageBody":"","fileTypesAndContributionMap":{"docs":{"insertions":1,"deletions":1}}},{"hash":"d385ccfeafd25cd8a2241034626537b64dfad8ae","isMergeCommit":false,"messageTitle":"Update UserGuide.md","messageBody":"","fileTypesAndContributionMap":{"docs":{"insertions":1,"deletions":1}}},{"hash":"40a6969ed91d47c50dbb792e06c5661ff91976dd","isMergeCommit":false,"messageTitle":"Update UserGuide.md","messageBody":"","fileTypesAndContributionMap":{"docs":{"insertions":2,"deletions":2}}},{"hash":"3af36a67aed4e391e15fef1f6715d5cc8d65dcd7","isMergeCommit":false,"messageTitle":"Update UserGuide.md","messageBody":"","fileTypesAndContributionMap":{"docs":{"insertions":2,"deletions":2}}},{"hash":"026451a795ce8abde573f5cba23bafa2805acc69","isMergeCommit":false,"messageTitle":"Update UserGuide.md","messageBody":"","fileTypesAndContributionMap":{"docs":{"insertions":3,"deletions":0}}},{"hash":"35b845678655b497fb8d652df87071f0816355a9","isMergeCommit":false,"messageTitle":"Update UserGuide.md","messageBody":"","fileTypesAndContributionMap":{"docs":{"insertions":1,"deletions":2}}},{"hash":"96a388efacb68e50802562cd55e8608eae770cd9","isMergeCommit":false,"messageTitle":"Update UserGuide.md","messageBody":"","fileTypesAndContributionMap":{"docs":{"insertions":1,"deletions":1}}}]}],"alexandtheoh":[{"date":"2025-04-07","commitResults":[{"hash":"23f07f7edf3299c4f53c737830ac7fe1415c2c74","isMergeCommit":false,"messageTitle":"Fix bug for sort command","messageBody":"","fileTypesAndContributionMap":{"functional-code":{"insertions":6,"deletions":3}}},{"hash":"8aae8ef3023eafe05453bac479694ffb1b6a45a5","isMergeCommit":true,"messageTitle":"Merge pull request #209 from alexandtheoh/master","messageBody":"Fix bug for sort command","fileTypesAndContributionMap":{}},{"hash":"bb648bffd13b17eac4bb577ada124aea2c421fa5","isMergeCommit":false,"messageTitle":"Fix bug with sort","messageBody":"","fileTypesAndContributionMap":{"functional-code":{"insertions":2,"deletions":1}}},{"hash":"24433f8a217e112f026fa907bfe56b9d252f5575","isMergeCommit":false,"messageTitle":"Bug fix clear filter result","messageBody":"","fileTypesAndContributionMap":{"functional-code":{"insertions":1,"deletions":54}}},{"hash":"da53ba84cb887b62595e75e5943d160b955f915d","isMergeCommit":false,"messageTitle":"Fix bug","messageBody":"","fileTypesAndContributionMap":{"functional-code":{"insertions":2,"deletions":0}}},{"hash":"06e2ad365a771c5d6b93663612a520fc2145a6e0","isMergeCommit":true,"messageTitle":"Merge pull request #210 from alexandtheoh/master","messageBody":"Bug Fix","fileTypesAndContributionMap":{}},{"hash":"f4354ebcf8a95fbcf14dd981c19be4b107cb1074","isMergeCommit":false,"messageTitle":"Fix pay loan bug","messageBody":"","fileTypesAndContributionMap":{"functional-code":{"insertions":3,"deletions":1}}},{"hash":"0eda0c7d1f3c2891dfd73eb6a737652d5ff00dbf","isMergeCommit":false,"messageTitle":"Fix bug","messageBody":"","fileTypesAndContributionMap":{"functional-code":{"insertions":31,"deletions":9},"test-code":{"insertions":1,"deletions":1}}},{"hash":"361c2a9fb01f28b5da9e78627fe22427a0da233e","isMergeCommit":true,"messageTitle":"Merge pull request #212 from alexandtheoh/master","messageBody":"Fix bug","fileTypesAndContributionMap":{}}]}],"angjozee":[],"nanditaselvaraju":[],"zechary28":[{"date":"2025-04-05","commitResults":[{"hash":"37d7e6babaa8d635bdadbf786025a091054a1302","isMergeCommit":false,"messageTitle":"Format output for filter loan","messageBody":"","fileTypesAndContributionMap":{"functional-code":{"insertions":17,"deletions":4}}},{"hash":"70588376b965c1ec1c87f9555e9cf07cf4b2d31d","isMergeCommit":false,"messageTitle":"Reduce changed lines","messageBody":"","fileTypesAndContributionMap":{"functional-code":{"insertions":6,"deletions":7}}},{"hash":"43ae398c542d2688b9acb25b12e4c371d56a88f0","isMergeCommit":false,"messageTitle":"Tweak filter output","messageBody":"","fileTypesAndContributionMap":{"functional-code":{"insertions":4,"deletions":4}}},{"hash":"a8db131e077bc14ccb02e44f7cb87ca6c5861f51","isMergeCommit":false,"messageTitle":"Reduce lines changed","messageBody":"","fileTypesAndContributionMap":{"functional-code":{"insertions":9,"deletions":14}}},{"hash":"d5fddddac6f1f5d7d68c6ca038f6f4990721cae5","isMergeCommit":false,"messageTitle":"Fix checkstyle","messageBody":"","fileTypesAndContributionMap":{"functional-code":{"insertions":7,"deletions":7}}}]},{"date":"2025-04-06","commitResults":[{"hash":"6b7ec6047a74d74e323b994bdf18a97af7084fcb","isMergeCommit":true,"messageTitle":"Format output for filter commands","messageBody":"","fileTypesAndContributionMap":{}},{"hash":"f3163f19c2420cc8e755813fc52b232dae7a564e","isMergeCommit":false,"messageTitle":"Fix amount invalid inputs","messageBody":"","fileTypesAndContributionMap":{"functional-code":{"insertions":6,"deletions":0}}},{"hash":"3dc0ebab188af2513274ae6143e5bb618407db0c","isMergeCommit":false,"messageTitle":"Fix invalid operators for filter","messageBody":"","fileTypesAndContributionMap":{"functional-code":{"insertions":16,"deletions":1}}},{"hash":"8031141657f71f2c4eab2ee9657310893d774674","isMergeCommit":false,"messageTitle":"Fix checkstyle","messageBody":"","fileTypesAndContributionMap":{"functional-code":{"insertions":3,"deletions":1}}}]},{"date":"2025-04-07","commitResults":[{"hash":"7f67ff082f807b4b6671659ffd26e7d5048e3195","isMergeCommit":false,"messageTitle":"Remove error output for invalid predicates","messageBody":"","fileTypesAndContributionMap":{"functional-code":{"insertions":1,"deletions":1}}},{"hash":"9b54312be8da2e1f4e03c5c0397962d9ce45b2c7","isMergeCommit":false,"messageTitle":"Fix date invalid input","messageBody":"","fileTypesAndContributionMap":{"functional-code":{"insertions":6,"deletions":6}}},{"hash":"d0df227675f4570de1ffead74fde3955b2b4efb9","isMergeCommit":false,"messageTitle":"Undo delete date format","messageBody":"","fileTypesAndContributionMap":{"functional-code":{"insertions":4,"deletions":0}}},{"hash":"cda5b46fbc9356f809bb3519cdcdf44e2033162a","isMergeCommit":true,"messageTitle":"Merge pull request #208 from zechary28/fix-invalidinput-filter","messageBody":"Fix filter invalid inputs","fileTypesAndContributionMap":{}},{"hash":"55dd62fe14de3382ba5d2781dea7fe072ecea095","isMergeCommit":false,"messageTitle":"Update UG filter","messageBody":"","fileTypesAndContributionMap":{"docs":{"insertions":14,"deletions":6}}},{"hash":"4e0054423ce7b93fb7e9b8b84ad8db5f3c6b46cb","isMergeCommit":true,"messageTitle":"Merge pull request #211 from zechary28/filterLoan-userGuide","messageBody":"Update UG filter","fileTypesAndContributionMap":{}}]}]},"authorFileTypeContributionMap":{"wenruu":{"docs":93,"functional-code":0,"test-code":0},"alexandtheoh":{"docs":0,"functional-code":43,"test-code":1},"angjozee":{"docs":0,"functional-code":0,"test-code":0},"nanditaselvaraju":{"docs":0,"functional-code":0,"test-code":0},"zechary28":{"docs":14,"functional-code":39,"test-code":0}},"authorContributionVariance":{"wenruu":6123.556,"alexandtheoh":2938.889,"angjozee":0.0,"nanditaselvaraju":0.0,"zechary28":500.66666},"authorDisplayNameMap":{"wenruu":"CS2103T-T14-2 ZHAO..NRUI","alexandtheoh":"CS2103T-T14-2 OH Z..NDER","angjozee":"CS2103T-T14-2 ANG .. ZEE","nanditaselvaraju":"CS2103T-T14-2 SELV..DITA","zechary28":"CS2103T-T14-2 CHUA..HARY"}}
