{"authorDailyContributionsMap":{"wenruu":[{"date":"2025-04-05","commitResults":[{"hash":"eb88616572211a8d56f4c72422000539a7b2c36c","isMergeCommit":false,"messageTitle":"Update UserGuide.md","messageBody":"","fileTypesAndContributionMap":{"docs":{"insertions":1,"deletions":1}}},{"hash":"cfee452e749f9ec375c2e08243b85c714d6a62b9","isMergeCommit":false,"messageTitle":"Update UserGuide.md","messageBody":"","fileTypesAndContributionMap":{"docs":{"insertions":9,"deletions":6}}},{"hash":"e59f87fdf901cb2265bf1fcd0d3293b0edd3377d","isMergeCommit":false,"messageTitle":"Update UserGuide.md","messageBody":"","fileTypesAndContributionMap":{"docs":{"insertions":1,"deletions":1}}},{"hash":"95f4f45014a6350340d2ea055956f20722fb4c1c","isMergeCommit":false,"messageTitle":"Update UserGuide.md","messageBody":"","fileTypesAndContributionMap":{"docs":{"insertions":2,"deletions":0}}},{"hash":"05421654687af5d2df8c34c172e45d95e05531ee","isMergeCommit":false,"messageTitle":"Update UserGuide.md","messageBody":"","fileTypesAndContributionMap":{"docs":{"insertions":2,"deletions":0}}}]},{"date":"2025-04-07","commitResults":[{"hash":"60ceb96f9dfe43a259cacc8024d6bbd6786c267f","isMergeCommit":false,"messageTitle":"Update AboutUs.md","messageBody":"","fileTypesAndContributionMap":{"docs":{"insertions":1,"deletions":0}}},{"hash":"d3def9413fbf45b6f13218b8a78758a2710c7a38","isMergeCommit":false,"messageTitle":"Update UserGuide.md","messageBody":"","fileTypesAndContributionMap":{"docs":{"insertions":4,"deletions":0}}},{"hash":"245fe2e5f1658766f7d0de8ca101d83a990ce8aa","isMergeCommit":false,"messageTitle":"Update UserGuide.md","messageBody":"","fileTypesAndContributionMap":{"docs":{"insertions":11,"deletions":8}}},{"hash":"73918963c3e88f440555da260928932775aa3ef0","isMergeCommit":false,"messageTitle":"Update UserGuide.md","messageBody":"","fileTypesAndContributionMap":{"docs":{"insertions":23,"deletions":3}}},{"hash":"5c4fb2735ba63f2a24e4a894b02e5e4318189c0b","isMergeCommit":false,"messageTitle":"Update UserGuide.md","messageBody":"","fileTypesAndContributionMap":{"docs":{"insertions":5,"deletions":0}}},{"hash":"bd8bab55da7549d6cd51e897994f6a648cce53d5","isMergeCommit":false,"messageTitle":"Update UserGuide.md","messageBody":"","fileTypesAndContributionMap":{"docs":{"insertions":7,"deletions":1}}},{"hash":"3c1bf4f0299a3330ae49439e907e94af051b36ec","isMergeCommit":false,"messageTitle":"Update UserGuide.md","messageBody":"","fileTypesAndContributionMap":{"docs":{"insertions":6,"deletions":4}}},{"hash":"edc84a7f00ad6e2887dfc4b2885923a4f5c56bb6","isMergeCommit":false,"messageTitle":"Update UserGuide.md","messageBody":"","fileTypesAndContributionMap":{"docs":{"insertions":1,"deletions":1}}},{"hash":"ef672830b77b2a874b082802108e571e545b57ec","isMergeCommit":false,"messageTitle":"Update UserGuide.md","messageBody":"","fileTypesAndContributionMap":{"docs":{"insertions":1,"deletions":1}}},{"hash":"84588a676be9193fc468e2372614aa6de99536c1","isMergeCommit":false,"messageTitle":"Update UserGuide.md","messageBody":"","fileTypesAndContributionMap":{"docs":{"insertions":1,"deletions":1}}},{"hash":"e131e422795fbcb3512ea003b46c726ce112c202","isMergeCommit":false,"messageTitle":"Update UserGuide.md","messageBody":"","fileTypesAndContributionMap":{"docs":{"insertions":1,"deletions":1}}},{"hash":"2c17853c8fa067d5a63209cde5de00fc8928bb82","isMergeCommit":false,"messageTitle":"Update UserGuide.md","messageBody":"","fileTypesAndContributionMap":{"docs":{"insertions":1,"deletions":1}}},{"hash":"dfd6597fb0e94b62004338360bf393daf1213394","isMergeCommit":false,"messageTitle":"Update UserGuide.md","messageBody":"","fileTypesAndContributionMap":{"docs":{"insertions":2,"deletions":0}}},{"hash":"1b17c6465ffb0b2e588b912af1aa0cdc51e06c31","isMergeCommit":false,"messageTitle":"Update UserGuide.md","messageBody":"","fileTypesAndContributionMap":{"docs":{"insertions":1,"deletions":1}}},{"hash":"d165f63cf6829622ab7364b891c4b54cdc027c61","isMergeCommit":false,"messageTitle":"Update UserGuide.md","messageBody":"","fileTypesAndContributionMap":{"docs":{"insertions":1,"deletions":2}}},{"hash":"2e6f0e4ade8a810524b09345aae25fd321b6fdda","isMergeCommit":false,"messageTitle":"Update UserGuide.md","messageBody":"","fileTypesAndContributionMap":{"docs":{"insertions":1,"deletions":1}}},{"hash":"fad58862787f8eb623856d37501a4d26d5fc0c6b","isMergeCommit":false,"messageTitle":"Update UserGuide.md","messageBody":"","fileTypesAndContributionMap":{"docs":{"insertions":1,"deletions":1}}},{"hash":"856c5e4837d6623ad3c8260d074c089f1abc5159","isMergeCommit":false,"messageTitle":"Update UserGuide.md","messageBody":"","fileTypesAndContributionMap":{"docs":{"insertions":1,"deletions":1}}},{"hash":"c6aa1f12dca5852653f08d032f3f2ccba5be23be","isMergeCommit":false,"messageTitle":"Update UserGuide.md","messageBody":"","fileTypesAndContributionMap":{"docs":{"insertions":1,"deletions":2}}},{"hash":"9aa9a1121dae4823ca6323ae2193f3c578e5791b","isMergeCommit":true,"messageTitle":"Merge branch \u0027master\u0027 of https://github.com/wenruu/tp","messageBody":"* \u0027master\u0027 of https://github.com/wenruu/tp:\n  Update UserGuide.md\n  Update UserGuide.md\n  Update UserGuide.md\n  Update UserGuide.md\n  Update UserGuide.md\n\n# Conflicts:\n#\tdocs/UserGuide.md\n","fileTypesAndContributionMap":{}},{"hash":"ded078d9d4d6670ae108142d655dce796c5c17d3","isMergeCommit":false,"messageTitle":"Remove unused import","messageBody":"","fileTypesAndContributionMap":{"functional-code":{"insertions":0,"deletions":1}}},{"hash":"d2599458e39288045332dc2531eba10694c69bca","isMergeCommit":false,"messageTitle":"Update LoanFilterCommandParser.java","messageBody":"","fileTypesAndContributionMap":{"functional-code":{"insertions":0,"deletions":1}}},{"hash":"21b23ee0fc4d66e988075bd8f0912ffd8661281b","isMergeCommit":false,"messageTitle":"Update UserGuide.md","messageBody":"","fileTypesAndContributionMap":{"docs":{"insertions":11,"deletions":0}}},{"hash":"98bc6f0ecf641931a08f001aca83621749d8794b","isMergeCommit":false,"messageTitle":"Update UserGuide.md","messageBody":"","fileTypesAndContributionMap":{"docs":{"insertions":5,"deletions":5}}},{"hash":"8d1e3c2a86e1d04b73a273f1fded786639a8843a","isMergeCommit":false,"messageTitle":"Update UserGuide.md","messageBody":"","fileTypesAndContributionMap":{"docs":{"insertions":19,"deletions":0}}},{"hash":"bacdd3e4c2d11d6e9c58915309029336f7eefe7a","isMergeCommit":false,"messageTitle":"Update UserGuide.md","messageBody":"","fileTypesAndContributionMap":{"docs":{"insertions":2,"deletions":1}}},{"hash":"ba13402c0f899ccbc95bfed0d127d39ef460bfe1","isMergeCommit":false,"messageTitle":"Update UserGuide.md","messageBody":"","fileTypesAndContributionMap":{"docs":{"insertions":2,"deletions":1}}},{"hash":"d1c26ab6755a4da31fb2c5a74954831442f6f632","isMergeCommit":false,"messageTitle":"Update UserGuide.md","messageBody":"","fileTypesAndContributionMap":{"docs":{"insertions":1,"deletions":1}}},{"hash":"d385ccfeafd25cd8a2241034626537b64dfad8ae","isMergeCommit":false,"messageTitle":"Update UserGuide.md","messageBody":"","fileTypesAndContributionMap":{"docs":{"insertions":1,"deletions":1}}},{"hash":"40a6969ed91d47c50dbb792e06c5661ff91976dd","isMergeCommit":false,"messageTitle":"Update UserGuide.md","messageBody":"","fileTypesAndContributionMap":{"docs":{"insertions":2,"deletions":2}}},{"hash":"3af36a67aed4e391e15fef1f6715d5cc8d65dcd7","isMergeCommit":false,"messageTitle":"Update UserGuide.md","messageBody":"","fileTypesAndContributionMap":{"docs":{"insertions":2,"deletions":2}}},{"hash":"026451a795ce8abde573f5cba23bafa2805acc69","isMergeCommit":false,"messageTitle":"Update UserGuide.md","messageBody":"","fileTypesAndContributionMap":{"docs":{"insertions":3,"deletions":0}}},{"hash":"35b845678655b497fb8d652df87071f0816355a9","isMergeCommit":false,"messageTitle":"Update UserGuide.md","messageBody":"","fileTypesAndContributionMap":{"docs":{"insertions":1,"deletions":2}}},{"hash":"96a388efacb68e50802562cd55e8608eae770cd9","isMergeCommit":false,"messageTitle":"Update UserGuide.md","messageBody":"","fileTypesAndContributionMap":{"docs":{"insertions":1,"deletions":1}}}]},{"date":"2025-04-08","commitResults":[{"hash":"ba261aca84603a42e98c808f713bc610348b0992","isMergeCommit":true,"messageTitle":"Merge branch \u0027master\u0027 of https://github.com/AY2425S2-CS2103T-T14-2/tp","messageBody":"* \u0027master\u0027 of https://github.com/AY2425S2-CS2103T-T14-2/tp: (24 commits)\n  Fix bug\n  Fix bug\n  Update UserGuide.md\n  Update UserGuide.md\n  Update UserGuide.md\n  Fix bug\n  Fix pay loan bug\n  Update UserGuide.md\n  Update UserGuide.md\n  Update UserGuide.md\n  Update UserGuide.md\n  Update UserGuide.md\n  Update UserGuide.md\n  Update UserGuide.md\n  Update UG filter\n  Undo delete date format\n  Fix date invalid input\n  Update UserGuide.md\n  Update UserGuide.md\n  Update LoanFilterCommandParser.java\n  ...\n","fileTypesAndContributionMap":{}},{"hash":"0e7296116537ddce87566083ea07a193f750198f","isMergeCommit":false,"messageTitle":"Update UserGuide.md","messageBody":"","fileTypesAndContributionMap":{"docs":{"insertions":1,"deletions":1}}},{"hash":"6c16907ec944e2e840801e24b3340b470658c369","isMergeCommit":false,"messageTitle":"Update DeveloperGuide.md","messageBody":"","fileTypesAndContributionMap":{"docs":{"insertions":48,"deletions":50}}},{"hash":"6e95c445b4567fb81aa84635382b04f0b75b9c08","isMergeCommit":true,"messageTitle":"Merge branch \u0027master\u0027 of https://github.com/AY2425S2-CS2103T-T14-2/tp","messageBody":"* \u0027master\u0027 of https://github.com/AY2425S2-CS2103T-T14-2/tp:\n  Update DeveloperGuide.md\n  Update UserGuide.md\n","fileTypesAndContributionMap":{}},{"hash":"ef89a3fc5c80817e5214300517fddba972c06a5d","isMergeCommit":false,"messageTitle":"Update UserGuide.md","messageBody":"","fileTypesAndContributionMap":{"docs":{"insertions":1,"deletions":1}}},{"hash":"2e1db2f31ca582a468f4595191f2ab05efdc5026","isMergeCommit":false,"messageTitle":"Update UG, DG and SettingUp.md","messageBody":"","fileTypesAndContributionMap":{"docs":{"insertions":90,"deletions":46}}},{"hash":"1fb94bbdea632e1ae61f0c2053b6cb2410527cf4","isMergeCommit":true,"messageTitle":"Merge pull request #215 from wenruu/Update-DG-v1.6","messageBody":"Update dg v1.6","fileTypesAndContributionMap":{}},{"hash":"0080da3f67121fb30d12a957053e5429ab33ba53","isMergeCommit":false,"messageTitle":"Update UserGuide.md","messageBody":"","fileTypesAndContributionMap":{"docs":{"insertions":1,"deletions":1}}},{"hash":"a49a90d162b8c1791f924e25333a23c70b76f148","isMergeCommit":false,"messageTitle":"Update UserGuide.md","messageBody":"","fileTypesAndContributionMap":{"docs":{"insertions":6,"deletions":0}}},{"hash":"f1d34088dbde1537079dcc0a7ba71c42a9f7d790","isMergeCommit":false,"messageTitle":"Update UserGuide.md","messageBody":"","fileTypesAndContributionMap":{"docs":{"insertions":2,"deletions":4}}},{"hash":"cb1d79be0b06079da23008b8649cab88911af74f","isMergeCommit":false,"messageTitle":"Update UserGuide.md","messageBody":"","fileTypesAndContributionMap":{"docs":{"insertions":2,"deletions":4}}},{"hash":"b2db1ff1c26a3bfa20018cd2ae24b26843cb7ebc","isMergeCommit":false,"messageTitle":"Update DeveloperGuide.md","messageBody":"","fileTypesAndContributionMap":{"docs":{"insertions":4,"deletions":4}}},{"hash":"d78f0d4e1f6d739e1fd55ac0291982817794e883","isMergeCommit":false,"messageTitle":"Update UI elements","messageBody":"","fileTypesAndContributionMap":{"functional-code":{"insertions":16,"deletions":10}}},{"hash":"ef44aa251e05f6b533b7df6cfb3b5079aae0f1e7","isMergeCommit":true,"messageTitle":"Merge pull request #219 from wenruu/Update-DG-v1.6","messageBody":"Update UI elements","fileTypesAndContributionMap":{}},{"hash":"a4562aacd80c684f912865e9ee9848c76ab935e4","isMergeCommit":false,"messageTitle":"Add .puml diag","messageBody":"","fileTypesAndContributionMap":{"docs":{"insertions":1,"deletions":1}}},{"hash":"37fd6c1f7af4878f412c39e0139cd03988a8d6ea","isMergeCommit":true,"messageTitle":"Merge branch \u0027master\u0027 of https://github.com/AY2425S2-CS2103T-T14-2/tp into Update-DG-v1.6","messageBody":"* \u0027master\u0027 of https://github.com/AY2425S2-CS2103T-T14-2/tp:\n  Update index.md\n  Fix bugs and UG\n  Fix character length\n  Fix address output\n  Update tests\n  Update DeveloperGuide.md\n  Update UserGuide.md\n  Update UserGuide.md\n  Update UserGuide.md\n  Fix chackstyle\n  Add character limits and restrictions for name, phone, address\n  Update UserGuide.md\n  Update UserGuide.md\n","fileTypesAndContributionMap":{}},{"hash":"e8a882232c0a1420a3da14b68f53feacb4f8d07d","isMergeCommit":false,"messageTitle":"Add diagram pngs, polish UG","messageBody":"","fileTypesAndContributionMap":{"docs":{"insertions":117,"deletions":110}}},{"hash":"019dd3d75b437870c6d8a2819ff0fea74b626d89","isMergeCommit":true,"messageTitle":"Merge pull request #221 from wenruu/Update-DG-v1.6","messageBody":"Update dg v1.6","fileTypesAndContributionMap":{}},{"hash":"f69c8c07f4bd6b1c2267ccd7e61ef241eff6c0a4","isMergeCommit":false,"messageTitle":"Update DeveloperGuide.md","messageBody":"","fileTypesAndContributionMap":{"docs":{"insertions":13,"deletions":0}}}]}],"alexandtheoh":[{"date":"2025-04-07","commitResults":[{"hash":"23f07f7edf3299c4f53c737830ac7fe1415c2c74","isMergeCommit":false,"messageTitle":"Fix bug for sort command","messageBody":"","fileTypesAndContributionMap":{"functional-code":{"insertions":6,"deletions":3}}},{"hash":"8aae8ef3023eafe05453bac479694ffb1b6a45a5","isMergeCommit":true,"messageTitle":"Merge pull request #209 from alexandtheoh/master","messageBody":"Fix bug for sort command","fileTypesAndContributionMap":{}},{"hash":"bb648bffd13b17eac4bb577ada124aea2c421fa5","isMergeCommit":false,"messageTitle":"Fix bug with sort","messageBody":"","fileTypesAndContributionMap":{"functional-code":{"insertions":2,"deletions":1}}},{"hash":"24433f8a217e112f026fa907bfe56b9d252f5575","isMergeCommit":false,"messageTitle":"Bug fix clear filter result","messageBody":"","fileTypesAndContributionMap":{"functional-code":{"insertions":1,"deletions":54}}},{"hash":"da53ba84cb887b62595e75e5943d160b955f915d","isMergeCommit":false,"messageTitle":"Fix bug","messageBody":"","fileTypesAndContributionMap":{"functional-code":{"insertions":2,"deletions":0}}},{"hash":"06e2ad365a771c5d6b93663612a520fc2145a6e0","isMergeCommit":true,"messageTitle":"Merge pull request #210 from alexandtheoh/master","messageBody":"Bug Fix","fileTypesAndContributionMap":{}},{"hash":"f4354ebcf8a95fbcf14dd981c19be4b107cb1074","isMergeCommit":false,"messageTitle":"Fix pay loan bug","messageBody":"","fileTypesAndContributionMap":{"functional-code":{"insertions":3,"deletions":1}}},{"hash":"0eda0c7d1f3c2891dfd73eb6a737652d5ff00dbf","isMergeCommit":false,"messageTitle":"Fix bug","messageBody":"","fileTypesAndContributionMap":{"functional-code":{"insertions":31,"deletions":9},"test-code":{"insertions":1,"deletions":1}}},{"hash":"361c2a9fb01f28b5da9e78627fe22427a0da233e","isMergeCommit":true,"messageTitle":"Merge pull request #212 from alexandtheoh/master","messageBody":"Fix bug","fileTypesAndContributionMap":{}}]},{"date":"2025-04-08","commitResults":[{"hash":"a1c3173052c8af548192c80feafabeff82ca8b3b","isMergeCommit":false,"messageTitle":"Fix bug","messageBody":"","fileTypesAndContributionMap":{"functional-code":{"insertions":21,"deletions":11}}},{"hash":"be0bd3ce338a8ab7ca4cd31d1585165306b4eb32","isMergeCommit":false,"messageTitle":"Fix bug","messageBody":"","fileTypesAndContributionMap":{"functional-code":{"insertions":1,"deletions":1}}},{"hash":"ccdad968ba829d059b9394144f965b963d5c8c7e","isMergeCommit":true,"messageTitle":"Merge pull request #213 from alexandtheoh/master","messageBody":"Fix bug","fileTypesAndContributionMap":{}},{"hash":"efcff588d39e3547d28a68cc5afc30d34fe067eb","isMergeCommit":false,"messageTitle":"Fix bugs and UG","messageBody":"","fileTypesAndContributionMap":{"functional-code":{"insertions":43,"deletions":5},"docs":{"insertions":136,"deletions":6}}},{"hash":"bcd45f07260544de39641321a162f6a04cf0b314","isMergeCommit":true,"messageTitle":"Merge branch \u0027master\u0027 of https://github.com/AY2425S2-CS2103T-T14-2/tp","messageBody":"","fileTypesAndContributionMap":{}},{"hash":"517c338ec24309d15b5bb5132fec065bb60857be","isMergeCommit":true,"messageTitle":"Merge pull request #218 from alexandtheoh/master","messageBody":"Add UG","fileTypesAndContributionMap":{}},{"hash":"f5841fad21f461ed54854240b3524fdd0fd7d3e2","isMergeCommit":false,"messageTitle":"Update index.md","messageBody":"","fileTypesAndContributionMap":{"docs":{"insertions":2,"deletions":2}}}]}],"angjozee":[],"nanditaselvaraju":[],"zechary28":[{"date":"2025-04-05","commitResults":[{"hash":"37d7e6babaa8d635bdadbf786025a091054a1302","isMergeCommit":false,"messageTitle":"Format output for filter loan","messageBody":"","fileTypesAndContributionMap":{"functional-code":{"insertions":17,"deletions":4}}},{"hash":"70588376b965c1ec1c87f9555e9cf07cf4b2d31d","isMergeCommit":false,"messageTitle":"Reduce changed lines","messageBody":"","fileTypesAndContributionMap":{"functional-code":{"insertions":6,"deletions":7}}},{"hash":"43ae398c542d2688b9acb25b12e4c371d56a88f0","isMergeCommit":false,"messageTitle":"Tweak filter output","messageBody":"","fileTypesAndContributionMap":{"functional-code":{"insertions":4,"deletions":4}}},{"hash":"a8db131e077bc14ccb02e44f7cb87ca6c5861f51","isMergeCommit":false,"messageTitle":"Reduce lines changed","messageBody":"","fileTypesAndContributionMap":{"functional-code":{"insertions":9,"deletions":14}}},{"hash":"d5fddddac6f1f5d7d68c6ca038f6f4990721cae5","isMergeCommit":false,"messageTitle":"Fix checkstyle","messageBody":"","fileTypesAndContributionMap":{"functional-code":{"insertions":7,"deletions":7}}}]},{"date":"2025-04-06","commitResults":[{"hash":"6b7ec6047a74d74e323b994bdf18a97af7084fcb","isMergeCommit":true,"messageTitle":"Format output for filter commands","messageBody":"","fileTypesAndContributionMap":{}},{"hash":"f3163f19c2420cc8e755813fc52b232dae7a564e","isMergeCommit":false,"messageTitle":"Fix amount invalid inputs","messageBody":"","fileTypesAndContributionMap":{"functional-code":{"insertions":6,"deletions":0}}},{"hash":"3dc0ebab188af2513274ae6143e5bb618407db0c","isMergeCommit":false,"messageTitle":"Fix invalid operators for filter","messageBody":"","fileTypesAndContributionMap":{"functional-code":{"insertions":16,"deletions":1}}},{"hash":"8031141657f71f2c4eab2ee9657310893d774674","isMergeCommit":false,"messageTitle":"Fix checkstyle","messageBody":"","fileTypesAndContributionMap":{"functional-code":{"insertions":3,"deletions":1}}}]},{"date":"2025-04-07","commitResults":[{"hash":"7f67ff082f807b4b6671659ffd26e7d5048e3195","isMergeCommit":false,"messageTitle":"Remove error output for invalid predicates","messageBody":"","fileTypesAndContributionMap":{"functional-code":{"insertions":1,"deletions":1}}},{"hash":"9b54312be8da2e1f4e03c5c0397962d9ce45b2c7","isMergeCommit":false,"messageTitle":"Fix date invalid input","messageBody":"","fileTypesAndContributionMap":{"functional-code":{"insertions":6,"deletions":6}}},{"hash":"d0df227675f4570de1ffead74fde3955b2b4efb9","isMergeCommit":false,"messageTitle":"Undo delete date format","messageBody":"","fileTypesAndContributionMap":{"functional-code":{"insertions":4,"deletions":0}}},{"hash":"cda5b46fbc9356f809bb3519cdcdf44e2033162a","isMergeCommit":true,"messageTitle":"Merge pull request #208 from zechary28/fix-invalidinput-filter","messageBody":"Fix filter invalid inputs","fileTypesAndContributionMap":{}},{"hash":"55dd62fe14de3382ba5d2781dea7fe072ecea095","isMergeCommit":false,"messageTitle":"Update UG filter","messageBody":"","fileTypesAndContributionMap":{"docs":{"insertions":14,"deletions":6}}},{"hash":"4e0054423ce7b93fb7e9b8b84ad8db5f3c6b46cb","isMergeCommit":true,"messageTitle":"Merge pull request #211 from zechary28/filterLoan-userGuide","messageBody":"Update UG filter","fileTypesAndContributionMap":{}}]},{"date":"2025-04-08","commitResults":[{"hash":"363e6f52404d4aaf40321d0cada78a80af69e8e4","isMergeCommit":false,"messageTitle":"Add character limits and restrictions for name, phone, address","messageBody":"","fileTypesAndContributionMap":{"functional-code":{"insertions":6,"deletions":6}}},{"hash":"26b2456a14320eb8191d1dca6512c175ce84c140","isMergeCommit":false,"messageTitle":"Fix chackstyle","messageBody":"","fileTypesAndContributionMap":{"functional-code":{"insertions":1,"deletions":1}}},{"hash":"42d93a386c078cd9380a5ba025bffa02382a6e95","isMergeCommit":false,"messageTitle":"Update tests","messageBody":"","fileTypesAndContributionMap":{"functional-code":{"insertions":1,"deletions":1},"test-code":{"insertions":15,"deletions":17}}},{"hash":"97dd0ccb23ce6b8d1d719d8d36b2204a0885ba33","isMergeCommit":false,"messageTitle":"Fix address output","messageBody":"","fileTypesAndContributionMap":{"functional-code":{"insertions":1,"deletions":1}}},{"hash":"484c7dd809b8146232e47fd6ca024da25a569cff","isMergeCommit":false,"messageTitle":"Fix character length","messageBody":"","fileTypesAndContributionMap":{"functional-code":{"insertions":1,"deletions":1}}},{"hash":"d80c4b1120185378bcc76c8070f16e52eb9d1528","isMergeCommit":true,"messageTitle":"Merge pull request #216 from zechary28/add-command-charlimit","messageBody":"Add character limits and restrictions for name, phone, address","fileTypesAndContributionMap":{}},{"hash":"e73c8ef128f76dfe9b2f4a40e3d099c155bf998c","isMergeCommit":false,"messageTitle":"Add email char limit","messageBody":"","fileTypesAndContributionMap":{"functional-code":{"insertions":4,"deletions":3}}},{"hash":"3ae44921fe7753eac096239f931bebdb1e497e80","isMergeCommit":true,"messageTitle":"Merge branch \u0027master\u0027 of https://github.com/AY2425S2-CS2103T-T14-2/tp into add-command-charlimit","messageBody":"","fileTypesAndContributionMap":{}},{"hash":"65cfe03ccbabb84018d75f7de714a8a9eec2a75a","isMergeCommit":false,"messageTitle":"Limit char tag email","messageBody":"","fileTypesAndContributionMap":{"functional-code":{"insertions":1,"deletions":1},"docs":{"insertions":2,"deletions":2},"test-code":{"insertions":2,"deletions":2}}},{"hash":"6e0122f7287f970bb8a1a095de7ccca42180fcd5","isMergeCommit":true,"messageTitle":"Merge pull request #220 from zechary28/add-command-charlimit","messageBody":"Add command charlimit tag email","fileTypesAndContributionMap":{}},{"hash":"51181dd43ad60c9662a8f11beaabb1e8c5ff9f3b","isMergeCommit":false,"messageTitle":"Change filter UG warning","messageBody":"","fileTypesAndContributionMap":{"docs":{"insertions":5,"deletions":5}}},{"hash":"37c0d648c21510c68de43f98076acd4a3c9eb1ba","isMergeCommit":true,"messageTitle":"Merge pull request #222 from zechary28/add-command-charlimit","messageBody":"Change filter UG warning","fileTypesAndContributionMap":{}},{"hash":"82208d11f2900680767f8b71cee1504fedbbd1b6","isMergeCommit":false,"messageTitle":"Fix name","messageBody":"","fileTypesAndContributionMap":{"functional-code":{"insertions":1,"deletions":1}}},{"hash":"3fc51624246991d28205f82ee18ea107531327fd","isMergeCommit":true,"messageTitle":"Merge pull request #223 from zechary28/add-command-charlimit","messageBody":"Fix name","fileTypesAndContributionMap":{}},{"hash":"d9672e61f32bdce9d72ad0bf8824341d4f889db9","isMergeCommit":false,"messageTitle":"Fix filter UG","messageBody":"","fileTypesAndContributionMap":{"docs":{"insertions":5,"deletions":6}}},{"hash":"c91bbdfeb7442c7492e7bf41e85235ecf14838c6","isMergeCommit":true,"messageTitle":"Merge pull request #224 from zechary28/add-command-charlimit","messageBody":"Fix filter UG","fileTypesAndContributionMap":{}}]}]},"authorFileTypeContributionMap":{"wenruu":{"docs":299,"functional-code":16,"test-code":0},"alexandtheoh":{"docs":134,"functional-code":101,"test-code":1},"angjozee":{"docs":0,"functional-code":0,"test-code":0},"nanditaselvaraju":{"docs":0,"functional-code":0,"test-code":0},"zechary28":{"docs":16,"functional-code":49,"test-code":17}},"authorContributionVariance":{"wenruu":45632.5,"alexandtheoh":8949.1875,"angjozee":0.0,"nanditaselvaraju":0.0,"zechary28":738.5},"authorDisplayNameMap":{"wenruu":"CS2103T-T14-2 ZHAO..NRUI","alexandtheoh":"CS2103T-T14-2 OH Z..NDER","angjozee":"CS2103T-T14-2 ANG .. ZEE","nanditaselvaraju":"CS2103T-T14-2 SELV..DITA","zechary28":"CS2103T-T14-2 CHUA..HARY"}}
