{"authorDailyContributionsMap":{"LeeJiaWei23":[],"Hackari":[{"date":"2025-04-05","commitResults":[{"hash":"0d28d943d8b8d6bb557e2fcf2594cf8587de00b3","isMergeCommit":false,"messageTitle":"Clarify error messages, modify phone and name regex","messageBody":"","fileTypesAndContributionMap":{"functional-code":{"insertions":12,"deletions":10},"test-code":{"insertions":24,"deletions":5}}},{"hash":"e2449e9f233a937d5248a10c5c72553682195e6c","isMergeCommit":false,"messageTitle":"Add test cases for new possible names","messageBody":"","fileTypesAndContributionMap":{"test-code":{"insertions":9,"deletions":2}}},{"hash":"83b8456ec3e96c473f3f85d6299f6a06dfe7c45f","isMergeCommit":false,"messageTitle":"Update inconsistency in phone test case","messageBody":"","fileTypesAndContributionMap":{"test-code":{"insertions":6,"deletions":6}}},{"hash":"e4d8faeb5ec649035b1797b6adb3ea36c54b7ce5","isMergeCommit":false,"messageTitle":"Update UG based on comments from PE-D","messageBody":"","fileTypesAndContributionMap":{"docs":{"insertions":58,"deletions":41}}},{"hash":"c18b92c62f53b7ba255dd053361b612abfe64656","isMergeCommit":true,"messageTitle":"Merge pull request #362 from Hackari/branch-updateErrorMessages","messageBody":"Branch update error messages","fileTypesAndContributionMap":{}},{"hash":"01095c02b2fddf5976eeb2dd45cc374a8a4e48fe","isMergeCommit":true,"messageTitle":"Merge pull request #363 from Hackari/branch-updateUserGuideFromComments","messageBody":"Update UG based on comments from PE-D","fileTypesAndContributionMap":{}},{"hash":"8b80b805bceb29d659255c890f0803491fd65a5b","isMergeCommit":false,"messageTitle":"Update guides based on comments from practical dry run","messageBody":"","fileTypesAndContributionMap":{"docs":{"insertions":258,"deletions":69}}}]}],"yjunyeu":[{"date":"2025-04-06","commitResults":[{"hash":"ec07b733d79a05273417dff91a3cba5c6437a8a7","isMergeCommit":true,"messageTitle":"Merge pull request #364 from Hackari/branch-updateDevGuideFromComments","messageBody":"Update guides based on comments from practical dry run","fileTypesAndContributionMap":{}}]}],"javentankangle":[],"feconi1024":[]},"authorFileTypeContributionMap":{"LeeJiaWei23":{"docs":0,"functional-code":0,"test-code":0},"Hackari":{"docs":293,"functional-code":12,"test-code":32},"yjunyeu":{"docs":0,"functional-code":0,"test-code":0},"javentankangle":{"docs":0,"functional-code":0,"test-code":0},"feconi1024":{"docs":0,"functional-code":0,"test-code":0}},"authorContributionVariance":{"LeeJiaWei23":0.0,"Hackari":62500.0,"yjunyeu":0.0,"javentankangle":0.0,"feconi1024":0.0},"authorDisplayNameMap":{"LeeJiaWei23":"CS2103T-T16-1 LEE .. WEI","Hackari":"CS2103T-T16-1 SIM ..RYAN","yjunyeu":"CS2103T-T16-1 YAP .. YEU","javentankangle":"CS2103T-T16-1 JAVE..G LE","feconi1024":"CS2103T-T16-1 HE H..ORUI"}}
