{"authorDailyContributionsMap":{"Jensen188":[{"date":"2025-04-06","commitResults":[{"hash":"28d4a7b7381364b4f687014e9b3a8df1217c81dd","isMergeCommit":true,"messageTitle":"Merge pull request #204 from SanShaoQian/debugging-PE-D","messageBody":"Update UG and DG","fileTypesAndContributionMap":{}},{"hash":"428af8dd3e62e4b67f47ec5f65c06df5d324fb4b","isMergeCommit":false,"messageTitle":"Improve UserGuide.md","messageBody":"","fileTypesAndContributionMap":{"docs":{"insertions":13,"deletions":14}}},{"hash":"f267bb6b48a1ac75425a6daf8f5ccdd7ca2c45af","isMergeCommit":false,"messageTitle":"Fix sample data and UserGuide.md","messageBody":"","fileTypesAndContributionMap":{"functional-code":{"insertions":4,"deletions":4},"docs":{"insertions":1,"deletions":1}}}]},{"date":"2025-04-07","commitResults":[{"hash":"03e792cc70df84a222074d9f6201e8e1287a5786","isMergeCommit":true,"messageTitle":"Merge pull request #211 from ziliangstanley/add-callout-boxes","messageBody":"Add callout boxes to the rest of the commands","fileTypesAndContributionMap":{}},{"hash":"7828dcd4eaffc36c52f9405c90af51564b2a6455","isMergeCommit":true,"messageTitle":"Merge pull request #209 from SanShaoQian/debugging-PE-D","messageBody":"Update Ui image","fileTypesAndContributionMap":{}},{"hash":"4bbb7cd205849d6e0d98147a7b57dbb21f90d7da","isMergeCommit":false,"messageTitle":"Fix DeveloperGuide.md","messageBody":"","fileTypesAndContributionMap":{"docs":{"insertions":14,"deletions":12}}},{"hash":"5896c29a6d8cbb25ede57ba757d06fbeb3ec6007","isMergeCommit":false,"messageTitle":"Add planned enhancements","messageBody":"","fileTypesAndContributionMap":{"docs":{"insertions":3,"deletions":2}}},{"hash":"5bc29c9716064838f66be14f3c899d5473f4cc3a","isMergeCommit":true,"messageTitle":"Merge branch \u0027master\u0027 of https://github.com/AY2425S2-CS2103T-T08-1/tp into fix-docs","messageBody":"","fileTypesAndContributionMap":{}},{"hash":"728166d6a6f61ecb9804efad4be680de2e2a2c57","isMergeCommit":false,"messageTitle":"Fix UserGuide.md","messageBody":"","fileTypesAndContributionMap":{"docs":{"insertions":2,"deletions":2}}},{"hash":"3d92654cd6a350dad43bc2ca5e210836e381ec72","isMergeCommit":false,"messageTitle":"Add more planned enhancements","messageBody":"","fileTypesAndContributionMap":{"docs":{"insertions":5,"deletions":2}}}]},{"date":"2025-04-08","commitResults":[{"hash":"835c53135f5a17aa29ff6d96591806474745430b","isMergeCommit":true,"messageTitle":"Merge branch \u0027master\u0027 into fix-docs","messageBody":"","fileTypesAndContributionMap":{}},{"hash":"fd6d654fd24bb6966164ae70588dbb06db906a3b","isMergeCommit":false,"messageTitle":"Fix typo","messageBody":"","fileTypesAndContributionMap":{"docs":{"insertions":2,"deletions":0}}}]}],"SanShaoQian":[{"date":"2025-04-05","commitResults":[{"hash":"4d6de0b1d8075a56d4dad725f17607ad6b9e08be","isMergeCommit":true,"messageTitle":"Merge pull request #203 from Clifong/updated-add-abit","messageBody":"Update add","fileTypesAndContributionMap":{}}]},{"date":"2025-04-06","commitResults":[{"hash":"cfebcbfda9ad0e5bfecb9919402056f3a19434d0","isMergeCommit":false,"messageTitle":"Update UG and DG","messageBody":"Edit code, UG and DG to fix bugs from PE-dry run\n- update UI after savePreference\n- prevent addition of repetitive tags\n","fileTypesAndContributionMap":{"functional-code":{"insertions":10,"deletions":3},"docs":{"insertions":44,"deletions":51}}},{"hash":"f722d732ee94a80d1c300091db193fac02c2d58e","isMergeCommit":false,"messageTitle":"Fix code style","messageBody":"","fileTypesAndContributionMap":{"functional-code":{"insertions":3,"deletions":0},"docs":{"insertions":2,"deletions":1}}},{"hash":"4370a8b3796bb89dbe9498bcea085b8369730d76","isMergeCommit":false,"messageTitle":"Fix codestyle","messageBody":"","fileTypesAndContributionMap":{"docs":{"insertions":0,"deletions":1}}},{"hash":"89f5900c498c86ad0cb8d2bf56daecf16ac0bfa6","isMergeCommit":false,"messageTitle":"Add test code","messageBody":"","fileTypesAndContributionMap":{"test-code":{"insertions":9,"deletions":0}}},{"hash":"b64648cdbe69eea3ab800e485cd0133fbd372a03","isMergeCommit":true,"messageTitle":"Merge pull request #206 from sivaramjeychand/Debugging-PE-D","messageBody":"Debug PE-D","fileTypesAndContributionMap":{}},{"hash":"b2a6ba0b775483cc334e73e6a1ca0c38787da8e6","isMergeCommit":true,"messageTitle":"Merge pull request #207 from Jensen188/fix-PE-D","messageBody":"Fix UserGuide.md and sample data","fileTypesAndContributionMap":{}}]},{"date":"2025-04-07","commitResults":[{"hash":"c2b476e4b07acf58d86041a3842f590e3105e27c","isMergeCommit":false,"messageTitle":"Update Ui image","messageBody":"","fileTypesAndContributionMap":{"docs":{"insertions":2,"deletions":2}}}]}],"ziliangstanley":[{"date":"2025-04-06","commitResults":[{"hash":"e1e54226809d424b7fbd52ce6b1674837b021411","isMergeCommit":false,"messageTitle":"Normalise preferences for add command","messageBody":"","fileTypesAndContributionMap":{"functional-code":{"insertions":1,"deletions":1}}},{"hash":"38fce2adc5be969a3042a1fd9b6176b398bd15bc","isMergeCommit":false,"messageTitle":"Update documentation","messageBody":"","fileTypesAndContributionMap":{"docs":{"insertions":109,"deletions":37}}}]},{"date":"2025-04-07","commitResults":[{"hash":"0358a2d23d35fa6719d87e8b47776b0efa4fa799","isMergeCommit":false,"messageTitle":"Add callout boxes to the rest of the commands","messageBody":"","fileTypesAndContributionMap":{"docs":{"insertions":60,"deletions":39}}},{"hash":"02d8ca31dc7f628f1989d2d396420383bbab0827","isMergeCommit":false,"messageTitle":"Update DG","messageBody":"","fileTypesAndContributionMap":{"docs":{"insertions":8,"deletions":7}}},{"hash":"a4591cad9ffe91ce047940295b1df1cca956999f","isMergeCommit":true,"messageTitle":"Merge pull request #213 from sivaramjeychand/UG-Last-Updates","messageBody":"Update UG","fileTypesAndContributionMap":{}},{"hash":"f6888ed6fbdbcf233ca09597b6ec1ba57f89e731","isMergeCommit":true,"messageTitle":"Merge pull request #214 from sivaramjeychand/UG-Last-Updates","messageBody":"Update DG","fileTypesAndContributionMap":{}},{"hash":"365d6f69d05e9ba5ff54659483e142b1163a056f","isMergeCommit":true,"messageTitle":"Merge pull request #215 from Jensen188/fix-docs","messageBody":"Fix DeveloperGuide.md","fileTypesAndContributionMap":{}},{"hash":"7494d878e83fbd7ed3ac501e92d77e306066023e","isMergeCommit":true,"messageTitle":"Merge pull request #216 from sivaramjeychand/UG-Last-Updates","messageBody":"Final edits","fileTypesAndContributionMap":{}},{"hash":"83697857d102402a80e6dd1497e835897fb92809","isMergeCommit":true,"messageTitle":"Merge pull request #217 from Clifong/updated-usecase","messageBody":"Update usecase","fileTypesAndContributionMap":{}},{"hash":"896d506f3ca4203320ab1371781c46efc1f54fc4","isMergeCommit":true,"messageTitle":"Merge pull request #218 from Clifong/add-tba-feature","messageBody":"Add tba feature","fileTypesAndContributionMap":{}}]},{"date":"2025-04-08","commitResults":[{"hash":"22d33e5e8604714f09ef0b6b4eaab87b413d5fe6","isMergeCommit":true,"messageTitle":"Merge pull request #219 from Jensen188/fix-docs","messageBody":"Fix docs","fileTypesAndContributionMap":{}},{"hash":"118ee958a2a2548d10869f45950f3dbc0a3148e1","isMergeCommit":true,"messageTitle":"Merge pull request #220 from Clifong/indentation-fix","messageBody":"Indentation fix","tags":["v1.6"],"fileTypesAndContributionMap":{}}]}],"Clifong":[{"date":"2025-04-05","commitResults":[{"hash":"02d4baaddfc3f746a8c0ff7fc140848fd6965a4a","isMergeCommit":false,"messageTitle":"Update add","messageBody":"Updated add command to be slightly more relaxed.\nUpdated the user guide too\n","fileTypesAndContributionMap":{"functional-code":{"insertions":1,"deletions":4},"docs":{"insertions":4,"deletions":0}}}]},{"date":"2025-04-07","commitResults":[{"hash":"821562b6722573525791e801688d79738cbc91ff","isMergeCommit":true,"messageTitle":"Merge pull request #212 from ziliangstanley/update-DG","messageBody":"Update DG","fileTypesAndContributionMap":{}},{"hash":"3b866d6c7ab2b3b99f05aaf0ff907d2fa232bc28","isMergeCommit":false,"messageTitle":"Update usecase","messageBody":"Updated use case by adding all stuff that is in our project\n","fileTypesAndContributionMap":{"docs":{"insertions":144,"deletions":0}}},{"hash":"38e8a55bc7ec065bcc48cd7920c03c9eecc76b04","isMergeCommit":false,"messageTitle":"Add tba feature","messageBody":"Add features that will be done in the future\n","fileTypesAndContributionMap":{"docs":{"insertions":11,"deletions":12}}},{"hash":"e5c71179b2862ff7604f52a2ee195dfadb857435","isMergeCommit":false,"messageTitle":"tweak","messageBody":"tweak\n","fileTypesAndContributionMap":{"docs":{"insertions":1,"deletions":1}}}]},{"date":"2025-04-08","commitResults":[{"hash":"5c533a50915adff60b7853888a1c724b9eb59e5c","isMergeCommit":false,"messageTitle":"Fix indentation","messageBody":"Fix idnenttion\n","fileTypesAndContributionMap":{"docs":{"insertions":3,"deletions":33}}},{"hash":"3e6d4b3762b7bd8a26d429798d87fe9393d3d559","isMergeCommit":false,"messageTitle":"Tweak","messageBody":"Tweak\n","fileTypesAndContributionMap":{"docs":{"insertions":1,"deletions":2}}}]}],"sivaramjeychand":[{"date":"2025-04-06","commitResults":[{"hash":"992247e99d951b83548d6f953e148cbb81b197d5","isMergeCommit":true,"messageTitle":"Merge pull request #205 from ziliangstanley/debug-add-command","messageBody":"Debug add command and update documentation","fileTypesAndContributionMap":{}},{"hash":"58789cb9baee5f7a2cdb61ef695d4b8261960d49","isMergeCommit":false,"messageTitle":"Debug PE-D Some UG changes and fix bug in savePreference Command.","messageBody":"","fileTypesAndContributionMap":{"functional-code":{"insertions":24,"deletions":6},"other":{"insertions":2,"deletions":2}}},{"hash":"c3feb27b417e4ffcd09adb35e899f535577ddbeb","isMergeCommit":false,"messageTitle":"Bug fix","messageBody":"","fileTypesAndContributionMap":{"functional-code":{"insertions":0,"deletions":6}}},{"hash":"f335d6a851eb632edb9855981cc82bee76d3d501","isMergeCommit":false,"messageTitle":"Minor fix","messageBody":"","fileTypesAndContributionMap":{"functional-code":{"insertions":0,"deletions":2}}},{"hash":"73ceff2a7fffe3ab2fc29249e750b31306c71e80","isMergeCommit":false,"messageTitle":"Fix UG Bugs","messageBody":"","fileTypesAndContributionMap":{"docs":{"insertions":3,"deletions":2}}},{"hash":"ff143e20909f644e9da0d954983d1ae976365d4b","isMergeCommit":true,"messageTitle":"Merge branch \u0027master\u0027 into Debugging-PE-D","messageBody":"","fileTypesAndContributionMap":{}}]},{"date":"2025-04-07","commitResults":[{"hash":"703dbda08ece3861ba9fa40ec0f8ee06b6f13b75","isMergeCommit":false,"messageTitle":"Update UG Add final touches","messageBody":"","fileTypesAndContributionMap":{"other":{"insertions":1,"deletions":1},"docs":{"insertions":17,"deletions":8}}},{"hash":"04eb429e2afee8a6739b524471fcc43299e84fe2","isMergeCommit":false,"messageTitle":"Update DG FInal touches","messageBody":"","fileTypesAndContributionMap":{"docs":{"insertions":100,"deletions":9}}},{"hash":"91295c23100a74775d52126606e2a2bcf4814547","isMergeCommit":false,"messageTitle":"Final edits","messageBody":"","fileTypesAndContributionMap":{"docs":{"insertions":16,"deletions":9}}}]}]},"authorFileTypeContributionMap":{"Jensen188":{"docs":35,"functional-code":4,"test-code":0},"SanShaoQian":{"docs":21,"functional-code":11,"test-code":9},"ziliangstanley":{"docs":142,"functional-code":1,"test-code":0},"Clifong":{"docs":107,"functional-code":1,"test-code":0},"sivaramjeychand":{"docs":123,"functional-code":17,"test-code":0,"other":3}},"authorContributionVariance":{"Jensen188":374.1875,"SanShaoQian":2824.0,"ziliangstanley":4434.75,"Clifong":4597.6875,"sivaramjeychand":4328.5},"authorDisplayNameMap":{"Jensen188":"CS2103T-T08-1 TEO ..NSEN","SanShaoQian":"CS2103T-T08-1 SAN ..QIAN","ziliangstanley":"CS2103T-T08-1 BEH ..NLEY","Clifong":"CS2103T-T08-1 ONG ..CLIF","sivaramjeychand":"CS2103T-T08-1 SARA..HAND"}}
