{"authorDailyContributionsMap":{"Jensen188":[],"SanShaoQian":[],"ziliangstanley":[],"Clifong":[],"sivaramjeychand":[]},"authorFileTypeContributionMap":{"Jensen188":{"docs":0,"functional-code":0,"test-code":0},"SanShaoQian":{"docs":0,"functional-code":0,"test-code":0},"ziliangstanley":{"docs":0,"functional-code":0,"test-code":0},"Clifong":{"docs":0,"functional-code":0,"test-code":0},"sivaramjeychand":{"docs":0,"functional-code":0,"test-code":0}},"authorContributionVariance":{"Jensen188":0.0,"SanShaoQian":0.0,"ziliangstanley":0.0,"Clifong":0.0,"sivaramjeychand":0.0},"authorDisplayNameMap":{"Jensen188":"CS2103T-T08-1 TEO ..NSEN","SanShaoQian":"CS2103T-T08-1 SAN ..QIAN","ziliangstanley":"CS2103T-T08-1 BEH ..NLEY","Clifong":"CS2103T-T08-1 ONG ..CLIF","sivaramjeychand":"CS2103T-T08-1 SARA..HAND"}}
