{"authorDailyContributionsMap":{"LsmnBmnc":[],"bryantjandra":[{"date":"2025-04-05","commitResults":[{"hash":"075c619c4d1ff88581293dd87e4b2bf00ab19288","isMergeCommit":true,"messageTitle":"Merge pull request #201 from hzk-lab/FIx-interview-command-bug-Branch","messageBody":"Fix minor bugs","fileTypesAndContributionMap":{}}]},{"date":"2025-04-06","commitResults":[{"hash":"7031b720003b4859790027443f526d217ba34e4c","isMergeCommit":false,"messageTitle":"Fix several ug bugs","messageBody":"","fileTypesAndContributionMap":{"docs":{"insertions":11,"deletions":5}}},{"hash":"8a5a8dc1239bf3b22b9d1a9bed09f4cce116f7f8","isMergeCommit":true,"messageTitle":"Merge pull request #203 from hzk-lab/FIx-Duration-Branch","messageBody":"Add constraint to Duration","fileTypesAndContributionMap":{}},{"hash":"698dae6c6211674ed7251f01f9dc337d2470260f","isMergeCommit":true,"messageTitle":"Merge pull request #204 from bryantjandra/fix-ped-ug-bugs","messageBody":"Fix several ug bugs","fileTypesAndContributionMap":{}},{"hash":"c2f516e36ce4d68d3f5677d5704cc985bca1cdcd","isMergeCommit":false,"messageTitle":"Fix classify and tag bugs","messageBody":"","fileTypesAndContributionMap":{"functional-code":{"insertions":33,"deletions":12},"docs":{"insertions":15,"deletions":15},"test-code":{"insertions":66,"deletions":22}}},{"hash":"0566887f4748196dde9ebba968e55ae1f7c7da61","isMergeCommit":true,"messageTitle":"Merge pull request #205 from bryantjandra/fix-multiple-commands","messageBody":"Fix classify and tag bugs","fileTypesAndContributionMap":{}},{"hash":"68b23ff30cb35ea1442cf3393ae01267198ea048","isMergeCommit":false,"messageTitle":"Fix ped bugs","messageBody":"","fileTypesAndContributionMap":{"functional-code":{"insertions":14,"deletions":5},"docs":{"insertions":5,"deletions":13},"test-code":{"insertions":12,"deletions":0}}},{"hash":"9714d663feffe3209a3b3907fdc72e79823bb37b","isMergeCommit":false,"messageTitle":"Fix minor bug","messageBody":"","fileTypesAndContributionMap":{"functional-code":{"insertions":1,"deletions":1}}},{"hash":"d6d87806041051aba8a7f7b6036c1251127f982e","isMergeCommit":true,"messageTitle":"Merge pull request #207 from bryantjandra/fix-ped-bugs-bryan","messageBody":"Fix ped bugs","fileTypesAndContributionMap":{}}]},{"date":"2025-04-07","commitResults":[{"hash":"26069a3d956de301c892128267e4c0c3c3c54df4","isMergeCommit":false,"messageTitle":"Fix addressbook terminologies","messageBody":"","fileTypesAndContributionMap":{"functional-code":{"insertions":2,"deletions":2},"docs":{"insertions":2,"deletions":2}}},{"hash":"1ff1a20d3cba6d955540bf32e7acc477ed99ff7d","isMergeCommit":false,"messageTitle":"Fix terminologies in test files","messageBody":"","fileTypesAndContributionMap":{"test-code":{"insertions":2,"deletions":2}}},{"hash":"278736346514e96a6480e100c9e3dc23f2642fe7","isMergeCommit":true,"messageTitle":"Merge pull request #209 from bryantjandra/fix-ped-bugs-bryan-ii","messageBody":"Fix addressbook terminologies","fileTypesAndContributionMap":{}}]}],"hzk-lab":[{"date":"2025-04-05","commitResults":[{"hash":"59a431f1707ac9575b94ddafad268c73a72b14d1","isMergeCommit":false,"messageTitle":"Fix minor bugs","messageBody":"","fileTypesAndContributionMap":{"functional-code":{"insertions":5,"deletions":0}}}]},{"date":"2025-04-06","commitResults":[{"hash":"24aa37b5cdba8410ed850f9439377b26a0940f9e","isMergeCommit":false,"messageTitle":"Add constraint to Duration","messageBody":"","fileTypesAndContributionMap":{"functional-code":{"insertions":4,"deletions":2}}},{"hash":"dcf63ccc179346e96dc41e1b64eba74343415f2e","isMergeCommit":false,"messageTitle":"Update UG","messageBody":"","fileTypesAndContributionMap":{"functional-code":{"insertions":27,"deletions":4},"docs":{"insertions":1,"deletions":4}}},{"hash":"ac05f77130536d1e9b8fa5094746beea3e8dd79a","isMergeCommit":false,"messageTitle":"Update UG","messageBody":"","fileTypesAndContributionMap":{"docs":{"insertions":3,"deletions":0}}},{"hash":"a3e2818bcae8f3d9fa9e97a078e75bbea14716bf","isMergeCommit":false,"messageTitle":"Update UG","messageBody":"","fileTypesAndContributionMap":{"docs":{"insertions":1,"deletions":1}}},{"hash":"3c9c5928e27801dae796b36fc20c2f8202d00b22","isMergeCommit":false,"messageTitle":"Update UG","messageBody":"","fileTypesAndContributionMap":{"functional-code":{"insertions":1,"deletions":7}}},{"hash":"3740d311dd9ab28121f40bb9db5aca9900b3818c","isMergeCommit":false,"messageTitle":"Update UG","messageBody":"","fileTypesAndContributionMap":{"functional-code":{"insertions":5,"deletions":22}}},{"hash":"434b4568594c9c709380bf40cde21d95c8853b50","isMergeCommit":false,"messageTitle":"Update UG","messageBody":"","fileTypesAndContributionMap":{"functional-code":{"insertions":1,"deletions":1}}},{"hash":"5904aaf58f2d696be627028c94b09f79e0786dcf","isMergeCommit":true,"messageTitle":"Merge pull request #206 from hzk-lab/Update-UserGuide-Branch","messageBody":"Update UG","fileTypesAndContributionMap":{}}]}],"Prog-Neuro-Com":[{"date":"2025-04-07","commitResults":[{"hash":"eeb3cd7bd503055b299da5d26a8afc47351ecc0b","isMergeCommit":false,"messageTitle":"Update developer guide","messageBody":"","fileTypesAndContributionMap":{"docs":{"insertions":86,"deletions":49}}},{"hash":"53fbfb56dd531ccfc532fa56c456769c8d0dc22e","isMergeCommit":true,"messageTitle":"Merge pull request #208 from Prog-Neuro-Com/developer-guide","messageBody":"Update developer guide","fileTypesAndContributionMap":{}}]}]},"authorFileTypeContributionMap":{"LsmnBmnc":{"docs":0,"functional-code":0,"test-code":0},"bryantjandra":{"docs":31,"functional-code":49,"test-code":80,"other":1},"hzk-lab":{"docs":1,"functional-code":9,"test-code":0},"Prog-Neuro-Com":{"docs":74,"functional-code":0,"test-code":0}},"authorContributionVariance":{"LsmnBmnc":0.0,"bryantjandra":11174.223,"hzk-lab":1480.2222,"Prog-Neuro-Com":4050.0},"authorDisplayNameMap":{"LsmnBmnc":"CS2103T-F14-3 GONG..ZHEN","bryantjandra":"CS2103T-F14-3 BENE..NDRA","hzk-lab":"CS2103T-F14-3 HUAN..EKAI","Prog-Neuro-Com":"CS2103T-F14-3 LI D..OXIN"}}
