{"authorDailyContributionsMap":{"LsmnBmnc":[],"bryantjandra":[{"date":"2025-04-05","commitResults":[{"hash":"075c619c4d1ff88581293dd87e4b2bf00ab19288","isMergeCommit":true,"messageTitle":"Merge pull request #201 from hzk-lab/FIx-interview-command-bug-Branch","messageBody":"Fix minor bugs","fileTypesAndContributionMap":{}}]}],"hzk-lab":[{"date":"2025-04-05","commitResults":[{"hash":"59a431f1707ac9575b94ddafad268c73a72b14d1","isMergeCommit":false,"messageTitle":"Fix minor bugs","messageBody":"","fileTypesAndContributionMap":{"functional-code":{"insertions":5,"deletions":0}}}]}],"Prog-Neuro-Com":[]},"authorFileTypeContributionMap":{"LsmnBmnc":{"docs":0,"functional-code":0,"test-code":0},"bryantjandra":{"docs":0,"functional-code":0,"test-code":0,"other":1},"hzk-lab":{"docs":0,"functional-code":5,"test-code":0},"Prog-Neuro-Com":{"docs":0,"functional-code":0,"test-code":0}},"authorContributionVariance":{"LsmnBmnc":0.0,"bryantjandra":0.0,"hzk-lab":0.0,"Prog-Neuro-Com":0.0},"authorDisplayNameMap":{"LsmnBmnc":"CS2103T-F14-3 GONG..ZHEN","bryantjandra":"CS2103T-F14-3 BENE..NDRA","hzk-lab":"CS2103T-F14-3 HUAN..EKAI","Prog-Neuro-Com":"CS2103T-F14-3 LI D..OXIN"}}
