{"authorDailyContributionsMap":{"LsmnBmnc":[],"bryantjandra":[{"date":"2025-04-05","commitResults":[{"hash":"075c619c4d1ff88581293dd87e4b2bf00ab19288","isMergeCommit":true,"messageTitle":"Merge pull request #201 from hzk-lab/FIx-interview-command-bug-Branch","messageBody":"Fix minor bugs","fileTypesAndContributionMap":{}}]},{"date":"2025-04-06","commitResults":[{"hash":"7031b720003b4859790027443f526d217ba34e4c","isMergeCommit":false,"messageTitle":"Fix several ug bugs","messageBody":"","fileTypesAndContributionMap":{"docs":{"insertions":11,"deletions":5}}},{"hash":"8a5a8dc1239bf3b22b9d1a9bed09f4cce116f7f8","isMergeCommit":true,"messageTitle":"Merge pull request #203 from hzk-lab/FIx-Duration-Branch","messageBody":"Add constraint to Duration","fileTypesAndContributionMap":{}},{"hash":"698dae6c6211674ed7251f01f9dc337d2470260f","isMergeCommit":true,"messageTitle":"Merge pull request #204 from bryantjandra/fix-ped-ug-bugs","messageBody":"Fix several ug bugs","fileTypesAndContributionMap":{}},{"hash":"c2f516e36ce4d68d3f5677d5704cc985bca1cdcd","isMergeCommit":false,"messageTitle":"Fix classify and tag bugs","messageBody":"","fileTypesAndContributionMap":{"functional-code":{"insertions":33,"deletions":12},"docs":{"insertions":15,"deletions":15},"test-code":{"insertions":66,"deletions":22}}},{"hash":"0566887f4748196dde9ebba968e55ae1f7c7da61","isMergeCommit":true,"messageTitle":"Merge pull request #205 from bryantjandra/fix-multiple-commands","messageBody":"Fix classify and tag bugs","fileTypesAndContributionMap":{}}]}],"hzk-lab":[{"date":"2025-04-05","commitResults":[{"hash":"59a431f1707ac9575b94ddafad268c73a72b14d1","isMergeCommit":false,"messageTitle":"Fix minor bugs","messageBody":"","fileTypesAndContributionMap":{"functional-code":{"insertions":5,"deletions":0}}}]},{"date":"2025-04-06","commitResults":[{"hash":"24aa37b5cdba8410ed850f9439377b26a0940f9e","isMergeCommit":false,"messageTitle":"Add constraint to Duration","messageBody":"","fileTypesAndContributionMap":{"functional-code":{"insertions":4,"deletions":2}}}]}],"Prog-Neuro-Com":[]},"authorFileTypeContributionMap":{"LsmnBmnc":{"docs":0,"functional-code":0,"test-code":0},"bryantjandra":{"docs":24,"functional-code":33,"test-code":66,"other":1},"hzk-lab":{"docs":0,"functional-code":9,"test-code":0},"Prog-Neuro-Com":{"docs":0,"functional-code":0,"test-code":0}},"authorContributionVariance":{"LsmnBmnc":0.0,"bryantjandra":8010.25,"hzk-lab":0.25,"Prog-Neuro-Com":0.0},"authorDisplayNameMap":{"LsmnBmnc":"CS2103T-F14-3 GONG..ZHEN","bryantjandra":"CS2103T-F14-3 BENE..NDRA","hzk-lab":"CS2103T-F14-3 HUAN..EKAI","Prog-Neuro-Com":"CS2103T-F14-3 LI D..OXIN"}}
