{"authorDailyContributionsMap":{"kararei":[],"SuspectBlue":[{"date":"2025-04-06","commitResults":[{"hash":"839b08a8cbfe2844095e04f0eac4e1bee50d717e","isMergeCommit":false,"messageTitle":"Fix some bugs from PE-D","messageBody":"","fileTypesAndContributionMap":{"functional-code":{"insertions":11,"deletions":9},"docs":{"insertions":11,"deletions":15}}},{"hash":"5113d9af4272654cdacf0550ef394136ccfa7451","isMergeCommit":false,"messageTitle":"Add parameter table to UG","messageBody":"","fileTypesAndContributionMap":{"docs":{"insertions":29,"deletions":3}}},{"hash":"6413ba7839eae5b2c04358f9b95582ea6da07b7b","isMergeCommit":true,"messageTitle":"Merge pull request #288 from SuspectBlue/ped-bug-fix","messageBody":"Fix some bugs from PE-D","fileTypesAndContributionMap":{}},{"hash":"0e122595a7e7550d0af5cd5fea4420af8c8449b5","isMergeCommit":false,"messageTitle":"Fix error message for list and add contact","messageBody":"","fileTypesAndContributionMap":{"functional-code":{"insertions":8,"deletions":2}}},{"hash":"27e562d47a02b0790e94ab676b63bcd002bb7df2","isMergeCommit":false,"messageTitle":"Fix testcase error","messageBody":"","fileTypesAndContributionMap":{"test-code":{"insertions":1,"deletions":1}}},{"hash":"8e86677282014f119fb65fa02fb5d3c88102c095","isMergeCommit":false,"messageTitle":"Fix testcase checkstyles","messageBody":"","fileTypesAndContributionMap":{"test-code":{"insertions":2,"deletions":1}}}]},{"date":"2025-04-07","commitResults":[{"hash":"560459b60ba1c51b53ad20325a37c5a1cd0733d8","isMergeCommit":false,"messageTitle":"Update UG with unique fields","messageBody":"","fileTypesAndContributionMap":{"docs":{"insertions":9,"deletions":9}}},{"hash":"43e5c2e242503735d8978b2764edfaf26567b1c8","isMergeCommit":false,"messageTitle":"Update contacts sample data","messageBody":"","fileTypesAndContributionMap":{"functional-code":{"insertions":10,"deletions":9}}},{"hash":"a253211207ecb24eac1f68149fb9ae5cbc42de0b","isMergeCommit":true,"messageTitle":"Merge pull request #289 from SuspectBlue/ped-bug-fix","messageBody":"Bug Fixes for UG, addContact, listContact, unique parameters, sample data","fileTypesAndContributionMap":{}}]}],"zyonwee":[],"adwinang":[],"dexterleng":[]},"authorFileTypeContributionMap":{"kararei":{"docs":0,"functional-code":0,"test-code":0},"SuspectBlue":{"docs":47,"functional-code":28,"test-code":2},"zyonwee":{"docs":0,"functional-code":0,"test-code":0},"adwinang":{"docs":0,"functional-code":0,"test-code":0},"dexterleng":{"docs":0,"functional-code":0,"test-code":0}},"authorContributionVariance":{"kararei":0.0,"SuspectBlue":1461.5557,"zyonwee":0.0,"adwinang":0.0,"dexterleng":0.0},"authorDisplayNameMap":{"kararei":"CS2103-F09-1 KARA..ANGE","SuspectBlue":"CS2103-F09-1 JOVA..IHAO","zyonwee":"CS2103-F09-1 ZYON.. WEI","adwinang":"CS2103-F09-1 ANG ..DWIN","dexterleng":"CS2103-F09-1 DEXT.. HAO"}}
