{"authorDailyContributionsMap":{"kararei":[],"SuspectBlue":[{"date":"2025-04-06","commitResults":[{"hash":"839b08a8cbfe2844095e04f0eac4e1bee50d717e","isMergeCommit":false,"messageTitle":"Fix some bugs from PE-D","messageBody":"","fileTypesAndContributionMap":{"functional-code":{"insertions":11,"deletions":9},"docs":{"insertions":11,"deletions":15}}},{"hash":"5113d9af4272654cdacf0550ef394136ccfa7451","isMergeCommit":false,"messageTitle":"Add parameter table to UG","messageBody":"","fileTypesAndContributionMap":{"docs":{"insertions":29,"deletions":3}}},{"hash":"6413ba7839eae5b2c04358f9b95582ea6da07b7b","isMergeCommit":true,"messageTitle":"Merge pull request #288 from SuspectBlue/ped-bug-fix","messageBody":"Fix some bugs from PE-D","fileTypesAndContributionMap":{}}]}],"zyonwee":[],"adwinang":[],"dexterleng":[]},"authorFileTypeContributionMap":{"kararei":{"docs":0,"functional-code":0,"test-code":0},"SuspectBlue":{"docs":39,"functional-code":10,"test-code":0},"zyonwee":{"docs":0,"functional-code":0,"test-code":0},"adwinang":{"docs":0,"functional-code":0,"test-code":0},"dexterleng":{"docs":0,"functional-code":0,"test-code":0}},"authorContributionVariance":{"kararei":0.0,"SuspectBlue":1521.0,"zyonwee":0.0,"adwinang":0.0,"dexterleng":0.0},"authorDisplayNameMap":{"kararei":"CS2103-F09-1 KARA..ANGE","SuspectBlue":"CS2103-F09-1 JOVA..IHAO","zyonwee":"CS2103-F09-1 ZYON.. WEI","adwinang":"CS2103-F09-1 ANG ..DWIN","dexterleng":"CS2103-F09-1 DEXT.. HAO"}}
