{"authorDailyContributionsMap":{"LonelyFort":[{"date":"2025-04-07","commitResults":[{"hash":"21886e75cbbcc52d2a3d99dca61fb3165854ac7a","isMergeCommit":true,"messageTitle":"Merge branch \u0027master\u0027 of https://github.com/LonelyFort/tp","messageBody":"","fileTypesAndContributionMap":{}},{"hash":"eed3d96cf4e99f3e3a5170de887ee6aeaa8e859b","isMergeCommit":false,"messageTitle":"Update DeveloperGuide","messageBody":"","fileTypesAndContributionMap":{"docs":{"insertions":24,"deletions":22}}},{"hash":"9639ba8c3b91925cf29975e914b96fab44d3038e","isMergeCommit":true,"messageTitle":"Merge branch \u0027AY2425S2-CS2103T-T17-4:master\u0027 into master","messageBody":"","fileTypesAndContributionMap":{}},{"hash":"ef0da936cb46f87e83b24ae9a9f52ba1e9340918","isMergeCommit":true,"messageTitle":"Merge branch \u0027AY2425S2-CS2103T-T17-4:master\u0027 into fix-dev-guide","messageBody":"","fileTypesAndContributionMap":{}},{"hash":"699befa84ad171962d948aaaabcb75fd80bc6dcc","isMergeCommit":true,"messageTitle":"Merge branch \u0027AY2425S2-CS2103T-T17-4:master\u0027 into master","messageBody":"","fileTypesAndContributionMap":{}},{"hash":"ed752d0d206cc742f560f6116e9cb6cc014b8ea9","isMergeCommit":false,"messageTitle":"Update DeveloperGuide.md","messageBody":"","fileTypesAndContributionMap":{"docs":{"insertions":9,"deletions":7}}},{"hash":"dadfbddca90e0dc9ad8f6a216f57f13bf38e42f0","isMergeCommit":true,"messageTitle":"Merge branch \u0027master\u0027 into fix-dev-guide","messageBody":"","fileTypesAndContributionMap":{}},{"hash":"83b9cffb201b0bd44d7233f71b375d084ca35ce8","isMergeCommit":false,"messageTitle":"Update user stories","messageBody":"","fileTypesAndContributionMap":{"docs":{"insertions":2,"deletions":1}}},{"hash":"327ed72a786bbcd96fa8f5bd44b38039ae0e2c1b","isMergeCommit":true,"messageTitle":"Merge branch \u0027AY2425S2-CS2103T-T17-4:master\u0027 into master","messageBody":"","fileTypesAndContributionMap":{}},{"hash":"b7aa5763a34c7615d7dc291850a8c66f9d908a0f","isMergeCommit":false,"messageTitle":"Fix ped feature issues","messageBody":"","fileTypesAndContributionMap":{"functional-code":{"insertions":5,"deletions":1},"docs":{"insertions":2,"deletions":1}}}]},{"date":"2025-04-08","commitResults":[{"hash":"4f8fb7a2c150b8eea75630f600728123e557efff","isMergeCommit":true,"messageTitle":"Merge pull request #257 from TeaMakesMePee/update-developer-guide","messageBody":"Update developer guide","fileTypesAndContributionMap":{}},{"hash":"bd4f5ab17a19ecd59a761c21c007d3b321cc2cee","isMergeCommit":false,"messageTitle":"Fix issue regarding listCommand","messageBody":"","fileTypesAndContributionMap":{"functional-code":{"insertions":25,"deletions":2},"test-code":{"insertions":30,"deletions":3}}},{"hash":"ff22b22b2dd17c487360688d0a333313f2ad109c","isMergeCommit":true,"messageTitle":"Merge branch \u0027AY2425S2-CS2103T-T17-4:master\u0027 into fix-ped-feature-issues","messageBody":"","fileTypesAndContributionMap":{}},{"hash":"1ea5495626395f66e4ce6315d2cebe2831871353","isMergeCommit":false,"messageTitle":"Revert \"Fix issue regarding listCommand\"","messageBody":"This reverts commit bd4f5ab17a19ecd59a761c21c007d3b321cc2cee.\n","fileTypesAndContributionMap":{"functional-code":{"insertions":2,"deletions":10},"test-code":{"insertions":3,"deletions":30}}},{"hash":"c23ca6122d49dea1bd14193ae925575d3437a7bf","isMergeCommit":true,"messageTitle":"Merge branch \u0027fix-ped-feature-issues\u0027 of https://github.com/LonelyFort/tp into fix-ped-feature-issues","messageBody":"","fileTypesAndContributionMap":{}},{"hash":"15d6346c75a8efb619fa6c555ed3d599246de294","isMergeCommit":true,"messageTitle":"Merge branch \u0027AY2425S2-CS2103T-T17-4:master\u0027 into fix-ped-feature-issues","messageBody":"","fileTypesAndContributionMap":{}},{"hash":"f15d4bef7d8e7e30615edfb81f123dcabb3d8f6e","isMergeCommit":true,"messageTitle":"Merge branch \u0027fix-ped-feature-issues\u0027 of https://github.com/LonelyFort/tp into fix-ped-feature-issues","messageBody":"","fileTypesAndContributionMap":{}},{"hash":"812a243d732df65422b694384b9560f0b20710a2","isMergeCommit":true,"messageTitle":"Merge branch \u0027AY2425S2-CS2103T-T17-4:master\u0027 into fix-ped-feature-issues","messageBody":"","fileTypesAndContributionMap":{}},{"hash":"3acb1eaec4c24fe5880a92a7eb5a093f79f760ce","isMergeCommit":true,"messageTitle":"Merge branch \u0027AY2425S2-CS2103T-T17-4:master\u0027 into master","messageBody":"","fileTypesAndContributionMap":{}},{"hash":"814c6b68bae681158ef3c12fb6a49b61ee40d40f","isMergeCommit":false,"messageTitle":"Update UserGuide.md","messageBody":"","fileTypesAndContributionMap":{"docs":{"insertions":3,"deletions":3}}},{"hash":"8da43fa78a91aef7f000cc7799e3dbb86d119c12","isMergeCommit":false,"messageTitle":"Update UserGuide.md","messageBody":"","fileTypesAndContributionMap":{"docs":{"insertions":7,"deletions":2}}},{"hash":"9e58b7749b73f3c976e5cee0222c138ef7892a99","isMergeCommit":true,"messageTitle":"Merge branch \u0027make-some-changes\u0027","messageBody":"","fileTypesAndContributionMap":{}}]}],"darrenchooji":[{"date":"2025-04-06","commitResults":[{"hash":"266b2324f4e9be9d14cd632fb89e30baedbbed00","isMergeCommit":false,"messageTitle":"Main classes: Added input validation for phone for all commands. Test classes: Added corresponding test cases for new validation.","messageBody":"","fileTypesAndContributionMap":{"functional-code":{"insertions":6,"deletions":4},"test-code":{"insertions":30,"deletions":15}}},{"hash":"27fe0289bd682034c4b5dcb7f3ab120fe05b0501","isMergeCommit":false,"messageTitle":"Update UserGuide.md","messageBody":"Added fav command to the command summary. Addressed grammatical issues. Refurbished prefix table and prefix matching details. Addressed misleading format for add command in prefix table.\n","fileTypesAndContributionMap":{"docs":{"insertions":35,"deletions":37}}}]},{"date":"2025-04-07","commitResults":[{"hash":"81004d76cfc1df50e9dcfafe64911d12eeb98e7a","isMergeCommit":false,"messageTitle":"Update DeveloperGuide.md","messageBody":"","fileTypesAndContributionMap":{"docs":{"insertions":2,"deletions":1}}},{"hash":"5bdf842a044886a9cf6efb548660180ecdd0d748","isMergeCommit":false,"messageTitle":"Update DeveloperGuide.md","messageBody":"","fileTypesAndContributionMap":{"docs":{"insertions":1,"deletions":0}}},{"hash":"4ffd50d9e8cb4865d1add1076c0fcbb84648c7cd","isMergeCommit":true,"messageTitle":"Merge pull request #244 from wallacepck/fix-docs","messageBody":"Change DG UML, proposals, and improve UG","fileTypesAndContributionMap":{}},{"hash":"a5f6db2eff7b6c38aedd764723ba3f4ba0c4f94a","isMergeCommit":true,"messageTitle":"Merge branch \u0027AY2425S2-CS2103T-T17-4:master\u0027 into branch-1.6-UGDG","messageBody":"","fileTypesAndContributionMap":{}},{"hash":"ec0d73319e1922d40e7a2563455a5265e3159e20","isMergeCommit":true,"messageTitle":"Merge remote-tracking branch \u0027origin/branch-1.6-UGDG\u0027 into branch-1.6-UGDG","messageBody":"","fileTypesAndContributionMap":{}},{"hash":"6b8d6ff54e3b6efe529af4d34e01fb7735a8b481","isMergeCommit":false,"messageTitle":"Update UserGuide and DeveloperGuide","messageBody":"","fileTypesAndContributionMap":{"docs":{"insertions":214,"deletions":61}}},{"hash":"a48aa20af56f4d92393e8b34d67df85922a0abdd","isMergeCommit":true,"messageTitle":"Merge pull request #243 from SAN-MUYUN/branch-Edit-UG","messageBody":"update UG fixing back to top inconsistency and 3 other issues","fileTypesAndContributionMap":{}},{"hash":"603fb7659005b98adeff55656ad00b75b56eac67","isMergeCommit":true,"messageTitle":"Merge pull request #252 from SAN-MUYUN/branch-Edit-UseCases","messageBody":"Add Use cases","fileTypesAndContributionMap":{}},{"hash":"f37df4f77935a8b23f294fa004b79997f9ece2fa","isMergeCommit":false,"messageTitle":"Update UserGuide","messageBody":"","fileTypesAndContributionMap":{"docs":{"insertions":13,"deletions":12}}},{"hash":"26ec45c5184ffcc5fa43974228a8222259b53f34","isMergeCommit":false,"messageTitle":"Update UserGuide","messageBody":"","fileTypesAndContributionMap":{"docs":{"insertions":1,"deletions":1}}},{"hash":"6f97be47a3198630fbace002a7191ccaea5cfb46","isMergeCommit":false,"messageTitle":"Update DeveloperGuide","messageBody":"","fileTypesAndContributionMap":{"docs":{"insertions":109,"deletions":8}}},{"hash":"fc0999f58a7436b4ec9f0056f2f29659deed07b5","isMergeCommit":true,"messageTitle":"Merge branch \u0027AY2425S2-CS2103T-T17-4:master\u0027 into branch-1.6-UGDG","messageBody":"","fileTypesAndContributionMap":{}},{"hash":"a2a26838b07ef6cedf88fb0bb84a581aa353ac33","isMergeCommit":false,"messageTitle":"Update DeveloperGuide","messageBody":"","fileTypesAndContributionMap":{"docs":{"insertions":4,"deletions":4}}},{"hash":"d453f232f01230ae6f1bbe879a99d54d64b99871","isMergeCommit":true,"messageTitle":"Merge remote-tracking branch \u0027origin/branch-1.6-UGDG\u0027 into branch-1.6-UGDG","messageBody":"","fileTypesAndContributionMap":{}},{"hash":"601594ccdd1cd93d79e0529298a6c335f6269c40","isMergeCommit":false,"messageTitle":"Update DeveloperGuide","messageBody":"","fileTypesAndContributionMap":{"docs":{"insertions":10,"deletions":4}}},{"hash":"20bfb71658ada1a5d642134cf92b5dc3d60c2ba2","isMergeCommit":false,"messageTitle":"Update ParserUtil.java and FindCommandParserTest.java","messageBody":"","fileTypesAndContributionMap":{"functional-code":{"insertions":3,"deletions":2},"test-code":{"insertions":6,"deletions":10}}},{"hash":"6799951e4a037e44c0e658988e73b018bec6b1ef","isMergeCommit":true,"messageTitle":"Merge pull request #242 from wallacepck/fix-function","messageBody":"Fix delete not updating list, edit duplicate check fail","fileTypesAndContributionMap":{}},{"hash":"cb65151d05166ff3b9f5cadf8533887aa66344ba","isMergeCommit":true,"messageTitle":"Merge pull request #241 from wallacepck/fix-messages","messageBody":"Fix cmd, log messages","fileTypesAndContributionMap":{}},{"hash":"1cb90ceac827a97da0321b0af35beb208254a0c6","isMergeCommit":true,"messageTitle":"Merge pull request #251 from LonelyFort/fix-dev-guide","messageBody":"Update dev guide to match AcademySource specification","fileTypesAndContributionMap":{}},{"hash":"8e3be5dda84c5c295e3d6581f1006e10ca5dc8c6","isMergeCommit":true,"messageTitle":"Merge pull request #246 from TeaMakesMePee/update-developer-guide","messageBody":"Update developer guide","fileTypesAndContributionMap":{}},{"hash":"4cbf0eef799e270312783d06950a09544fb9692c","isMergeCommit":false,"messageTitle":"Update DeveloperGuide.md","messageBody":"Delete redo/undo features.\n","fileTypesAndContributionMap":{"docs":{"insertions":0,"deletions":84}}},{"hash":"7e9607ef4797ba9ef3c6fa112d037efec0338ec8","isMergeCommit":false,"messageTitle":"Update DeveloperGuide.md","messageBody":"","fileTypesAndContributionMap":{"docs":{"insertions":4,"deletions":4}}}]},{"date":"2025-04-08","commitResults":[{"hash":"3327ea7389c801743e419375abc842ee49151b6f","isMergeCommit":true,"messageTitle":"Merge pull request #259 from TeaMakesMePee/update-developer-guide","messageBody":"Update DeveloperGuide.md","fileTypesAndContributionMap":{}},{"hash":"6ee6b755985bef2862e3a570e4ffda168aae54c0","isMergeCommit":false,"messageTitle":"Update PersonContainsKeywordsPredicate.java","messageBody":"","fileTypesAndContributionMap":{"functional-code":{"insertions":3,"deletions":4}}},{"hash":"0706377749ac15df6d521983ab5db98a8364f098","isMergeCommit":true,"messageTitle":"Merge pull request #263 from LonelyFort/fix-ped-feature-issues","messageBody":"Fix ped feature issues","fileTypesAndContributionMap":{}},{"hash":"3822d5ca83a91a22741b6b90d918665347b1295b","isMergeCommit":true,"messageTitle":"Merge pull request #267 from LonelyFort/make-some-changes","messageBody":"Update UserGuide.md","fileTypesAndContributionMap":{}},{"hash":"d87ad11e33bef2a18aadb646401a89b2f85c00a4","isMergeCommit":true,"messageTitle":"Merge pull request #268 from LonelyFort/master","messageBody":"Some UG tweaks","tags":["v1.6"],"fileTypesAndContributionMap":{}}]}],"SAN-MUYUN":[{"date":"2025-04-06","commitResults":[{"hash":"70e22e4f7bdba42bc94c81fbca5dfcf5d2099a5c","isMergeCommit":false,"messageTitle":"update UG fixing back to top inconsistency and other issues","messageBody":"","fileTypesAndContributionMap":{"docs":{"insertions":12,"deletions":23}}},{"hash":"f6c270a598d8d473f62377330ab4be5e71c8b603","isMergeCommit":false,"messageTitle":"Update UG model class diagram","messageBody":"","fileTypesAndContributionMap":{"docs":{"insertions":10,"deletions":4}}}]},{"date":"2025-04-07","commitResults":[{"hash":"a84fbc4cd01f29e6e6dce1cba0fb477709dac6bf","isMergeCommit":false,"messageTitle":"Fix multiple spaces between numbers not recognized and 2 other issues","messageBody":"","fileTypesAndContributionMap":{"functional-code":{"insertions":2,"deletions":2}}},{"hash":"cc997ec6798a8b2cb4c102b43c72820b25677364","isMergeCommit":true,"messageTitle":"Merge pull request #248 from darrenchooji/branch-1.6-UGDG","messageBody":"Update UserGuide.md","fileTypesAndContributionMap":{}},{"hash":"567620bdaa849c7d2e063fb8dd7b9b2704817616","isMergeCommit":true,"messageTitle":"Merge branch","messageBody":"","fileTypesAndContributionMap":{}},{"hash":"9fec8d5b42c19a8e0d4b8ad74e5d48380b65eb30","isMergeCommit":true,"messageTitle":"Merge pull request #250 from darrenchooji/branch-1.6-UGDG","messageBody":"Updated UserGuide and DeveloperGuide","fileTypesAndContributionMap":{}},{"hash":"f8dbcee8a5002adf89231e3306a6234c1c0cf3ad","isMergeCommit":false,"messageTitle":"Update UG","messageBody":"","fileTypesAndContributionMap":{"docs":{"insertions":21,"deletions":20}}},{"hash":"0d93368c4b05d8db2ac0d9ae1c28a2cc258c7606","isMergeCommit":true,"messageTitle":"Merge branch","messageBody":"","fileTypesAndContributionMap":{}},{"hash":"e29277e9b153c6dfb24dd3fbcb510b61ad0b1276","isMergeCommit":false,"messageTitle":"Add Use cases","messageBody":"","fileTypesAndContributionMap":{"docs":{"insertions":19,"deletions":1}}},{"hash":"cb6c48607ada9703d61411d4c1566bf943762b87","isMergeCommit":true,"messageTitle":"Merge pull request #253 from darrenchooji/branch-1.6-UGDG","messageBody":"Update UserGuide","fileTypesAndContributionMap":{}},{"hash":"ee7092a571d5f911a2dd9c1d8105f644736049a2","isMergeCommit":false,"messageTitle":"Add ModuleRegistry image and edit manual testing for saving data","messageBody":"","fileTypesAndContributionMap":{"docs":{"insertions":28,"deletions":3}}},{"hash":"dbede2d27b2b31ea0f18a6632e777fb6829175b5","isMergeCommit":false,"messageTitle":"Add keybinds to table of content with navigation links","messageBody":"","fileTypesAndContributionMap":{"docs":{"insertions":9,"deletions":8}}},{"hash":"633675b354ca52296cef3f15805b909900b941ac","isMergeCommit":false,"messageTitle":"Remove trailing white spaces","messageBody":"","fileTypesAndContributionMap":{"docs":{"insertions":4,"deletions":4}}},{"hash":"e449b999fe36bcfa09c037855da6545a93453699","isMergeCommit":true,"messageTitle":"Merge pull request #254 from darrenchooji/branch-1.6-UGDG","messageBody":"Updated DG with test cases for system testing","fileTypesAndContributionMap":{}}]},{"date":"2025-04-08","commitResults":[{"hash":"47e11a5d0b3f5bb2347d2f141ee2ba8f18386995","isMergeCommit":true,"messageTitle":"Merge pull request #261 from darrenchooji/branch-1.6-find","messageBody":"Update PersonContainsKeywordsPredicate.java","fileTypesAndContributionMap":{}}]}],"TeaMakesMePee":[{"date":"2025-04-05","commitResults":[{"hash":"03d1bb0656d6d32bc90b9411359c5cff05905817","isMergeCommit":false,"messageTitle":"Add GUI to glossary","messageBody":"","fileTypesAndContributionMap":{"docs":{"insertions":15,"deletions":14}}}]},{"date":"2025-04-06","commitResults":[{"hash":"0c26de403469c4429ad81c24c45e7b058dd36aa3","isMergeCommit":false,"messageTitle":"Update UserGuide.md","messageBody":"","fileTypesAndContributionMap":{"docs":{"insertions":51,"deletions":51}}},{"hash":"eac4da6ed49e1d2c93d4a82e8d912c136b6f3667","isMergeCommit":false,"messageTitle":"Fix punctuation in UG","messageBody":"","fileTypesAndContributionMap":{"docs":{"insertions":12,"deletions":12}}},{"hash":"364b912f37b5630cd73d43971863c0bb3d68ca89","isMergeCommit":false,"messageTitle":"Add future module implementation","messageBody":"","fileTypesAndContributionMap":{"docs":{"insertions":43,"deletions":0}}},{"hash":"eec57ce5317ad6369187b421be45a1c7338d9bdd","isMergeCommit":true,"messageTitle":"Merge branch \u0027master\u0027 into update-developer-guide","messageBody":"","fileTypesAndContributionMap":{}},{"hash":"e4836c24bc7903f6d4ad0e53a19fa88f1075c149","isMergeCommit":false,"messageTitle":"Update DeveloperGuide.md","messageBody":"","fileTypesAndContributionMap":{"docs":{"insertions":1,"deletions":1}}}]},{"date":"2025-04-07","commitResults":[{"hash":"7be01ffddf4c7c48e1e99c2088b94b31be1dff50","isMergeCommit":false,"messageTitle":"Update DeveloperGuide.md","messageBody":"","fileTypesAndContributionMap":{"docs":{"insertions":0,"deletions":3}}},{"hash":"eeecda97c7a0cec9cbe12ba18f98289948508354","isMergeCommit":false,"messageTitle":"Update UserGuide.md","messageBody":"","fileTypesAndContributionMap":{"docs":{"insertions":1,"deletions":0}}},{"hash":"d216e969de075c393668ee254cf1ce0bb18616dc","isMergeCommit":false,"messageTitle":"Update UserGuide.md","messageBody":"","fileTypesAndContributionMap":{"docs":{"insertions":1,"deletions":1}}},{"hash":"e3296aee24c0b1916b0dbf71b9347dc6bd2ba24d","isMergeCommit":true,"messageTitle":"Merge branch \u0027master\u0027 into update-user-guide","messageBody":"","fileTypesAndContributionMap":{}},{"hash":"09de53cc38a20d45344852e7b13491cdc6516390","isMergeCommit":false,"messageTitle":"Update UserGuide.md","messageBody":"","fileTypesAndContributionMap":{"docs":{"insertions":20,"deletions":22}}},{"hash":"c706d92a9388a1572de58ed421b9794c696a401d","isMergeCommit":true,"messageTitle":"Merge pull request #245 from TeaMakesMePee/update-user-guide","messageBody":"Update user guide","fileTypesAndContributionMap":{}},{"hash":"3d1680e517240797263c7c95972a3d2f112d8835","isMergeCommit":true,"messageTitle":"Merge branch \u0027master\u0027 into branch-DG-Implementation","messageBody":"","fileTypesAndContributionMap":{}},{"hash":"15f752ccec9e78a224eef51ce1f0f3b7e2baf4f0","isMergeCommit":true,"messageTitle":"Merge pull request #255 from SAN-MUYUN/branch-DG-Implementation","messageBody":"Add ModuleRegistry image and edit manual testing for saving data","fileTypesAndContributionMap":{}},{"hash":"304b8e8a5ab22987f789cfb23c5511905627d9df","isMergeCommit":true,"messageTitle":"Merge pull request #256 from darrenchooji/branch-1.6-test","messageBody":"Update DeveloperGuide.md","fileTypesAndContributionMap":{}},{"hash":"b852394b213e25b6d1a8ae84e3a2ee73783ec974","isMergeCommit":false,"messageTitle":"Update DeveloperGuide.md","messageBody":"","fileTypesAndContributionMap":{"docs":{"insertions":0,"deletions":4}}},{"hash":"0b82c20557049504400f8d5e7c287dc222326314","isMergeCommit":false,"messageTitle":"Update DeveloperGuide.md","messageBody":"","fileTypesAndContributionMap":{"docs":{"insertions":1,"deletions":1}}}]},{"date":"2025-04-08","commitResults":[{"hash":"4cb59838a8ba42ad1b518688ce2f8f228745af7b","isMergeCommit":false,"messageTitle":"Update UserGuide.md","messageBody":"","fileTypesAndContributionMap":{"docs":{"insertions":1,"deletions":1}}},{"hash":"b60f17e3db10f53a6afab9479011f74e89730581","isMergeCommit":true,"messageTitle":"Merge pull request #258 from LonelyFort/fix-ped-feature-issues","messageBody":"Fix ped feature issues","fileTypesAndContributionMap":{}},{"hash":"273ee982fe7a0fe7b924f705794b4ce2196a399d","isMergeCommit":false,"messageTitle":"Update DeveloperGuide.md","messageBody":"","fileTypesAndContributionMap":{"docs":{"insertions":1,"deletions":1}}},{"hash":"4de92518505f08ec68480007a0d5fd2047ecf818","isMergeCommit":false,"messageTitle":"Update UserGuide.md","messageBody":"","fileTypesAndContributionMap":{"docs":{"insertions":2,"deletions":4}}},{"hash":"1b0b3208bdcdcfc477e37f4307c77b19dcc2da17","isMergeCommit":true,"messageTitle":"Merge pull request #260 from TeaMakesMePee/update-user-guide","messageBody":"Update UserGuide.md","fileTypesAndContributionMap":{}},{"hash":"0747afeb82b525740bce56e052b53e70c8aeb095","isMergeCommit":false,"messageTitle":"Update UserGuide.md","messageBody":"","fileTypesAndContributionMap":{"docs":{"insertions":5,"deletions":4}}},{"hash":"a923838d44ec5f64e6d15bda8f8cb6cc44c59691","isMergeCommit":true,"messageTitle":"Merge pull request #262 from TeaMakesMePee/update-user-guide","messageBody":"Update UserGuide.md","fileTypesAndContributionMap":{}},{"hash":"cbbf1261d579d028f12f168f4885e400ac1bff54","isMergeCommit":false,"messageTitle":"Update UserGuide.md","messageBody":"","fileTypesAndContributionMap":{"docs":{"insertions":7,"deletions":5}}},{"hash":"2fd659c2c83ce9d97e8852ec329ff90c27a6c17b","isMergeCommit":true,"messageTitle":"Merge pull request #264 from TeaMakesMePee/update-user-guide","messageBody":"Update UserGuide.md","fileTypesAndContributionMap":{}},{"hash":"c44ac717ee01fbbcdf6bf8d98485fd270dc35560","isMergeCommit":false,"messageTitle":"Update UserGuide.md","messageBody":"","fileTypesAndContributionMap":{"docs":{"insertions":1,"deletions":15}}},{"hash":"2de8e850b98552f24abc4a4c21ce426796dc34bc","isMergeCommit":true,"messageTitle":"Merge pull request #265 from TeaMakesMePee/update-user-guide","messageBody":"Update UserGuide.md","fileTypesAndContributionMap":{}},{"hash":"77a308b54f0f3bdc3aefe68ce2a935fb3bdf9761","isMergeCommit":false,"messageTitle":"Update UserGuide.md","messageBody":"To keep bullet point formatting consistent\n","fileTypesAndContributionMap":{"docs":{"insertions":0,"deletions":3}}},{"hash":"f68daddf4ca3410ec5d2a32b2fe6adc85e2098ee","isMergeCommit":true,"messageTitle":"Merge pull request #266 from TeaMakesMePee/update-user-guide","messageBody":"Update UserGuide.md","fileTypesAndContributionMap":{}}]}],"wallacepck":[{"date":"2025-04-05","commitResults":[{"hash":"f1050567604aaaffac9d35f49d60b5023c6c0b71","isMergeCommit":false,"messageTitle":"Fix delete not updating list, edit duplicate check fail","messageBody":"","fileTypesAndContributionMap":{"functional-code":{"insertions":3,"deletions":1}}},{"hash":"a5e4da5af3722ac0d71629f992156bb3728ef5e6","isMergeCommit":false,"messageTitle":"Fix cmd, log messages","messageBody":"","fileTypesAndContributionMap":{"functional-code":{"insertions":12,"deletions":12}}},{"hash":"c548bad507e6ada3e1e14526d08674615c8ef087","isMergeCommit":false,"messageTitle":"Update model, parser, logic uml; Update readme links","messageBody":"","fileTypesAndContributionMap":{"docs":{"insertions":29,"deletions":20}}},{"hash":"4165bd6bf49b37e5e1b745b01d910ead96ba019f","isMergeCommit":false,"messageTitle":"Change delete command test to reflect functionality","messageBody":"","fileTypesAndContributionMap":{"test-code":{"insertions":0,"deletions":1}}}]},{"date":"2025-04-06","commitResults":[{"hash":"1fd6203a6d44d380df9ab8e12ed6388ebb807c0d","isMergeCommit":false,"messageTitle":"Remove devguide proposal for undo/redo","messageBody":"","fileTypesAndContributionMap":{"docs":{"insertions":0,"deletions":82}}},{"hash":"01dbf8a084d51c2784b08f3a36a4a46c145858f9","isMergeCommit":false,"messageTitle":"Reword cmd nav guide, Add note for module page","messageBody":"","fileTypesAndContributionMap":{"docs":{"insertions":10,"deletions":2}}}]},{"date":"2025-04-07","commitResults":[{"hash":"67c48bda71910fd56f6a99bd112f76649f9b7a62","isMergeCommit":true,"messageTitle":"Merge pull request #249 from SAN-MUYUN/branch-Update-Telegram-Issue","messageBody":"Fix multiple spaces between numbers not recognized and 2 other issues","fileTypesAndContributionMap":{}},{"hash":"185f177c94744261e5db476ab78c7f25835af720","isMergeCommit":true,"messageTitle":"Merge branch \u0027master\u0027 into fix-messages","messageBody":"","fileTypesAndContributionMap":{}},{"hash":"4a0ae757cb1e2e436389f42c4efe871a13ca55a5","isMergeCommit":true,"messageTitle":"Merge pull request #247 from darrenchooji/branch-1.6-phoneValidation","messageBody":"Phone Input Validation","fileTypesAndContributionMap":{}}]}]},"authorFileTypeContributionMap":{"LonelyFort":{"docs":19,"functional-code":22,"test-code":0},"darrenchooji":{"docs":204,"functional-code":10,"test-code":26},"SAN-MUYUN":{"docs":79,"functional-code":1,"test-code":0},"TeaMakesMePee":{"docs":97,"functional-code":0,"test-code":0},"wallacepck":{"docs":33,"functional-code":15,"test-code":0}},"authorContributionVariance":{"LonelyFort":2616.75,"darrenchooji":51956.5,"SAN-MUYUN":2454.25,"TeaMakesMePee":3098.5,"wallacepck":1881.0},"authorDisplayNameMap":{"LonelyFort":"CS2103T-T17-4 LIU ..-WEI","darrenchooji":"CS2103T-T17-4 CHOO..RREN","SAN-MUYUN":"CS2103T-T17-4 SAN ..UYUN","TeaMakesMePee":"CS2103T-T17-4 MOHA..DEEN","wallacepck":"CS2103T-T17-4 WALL.. YEE"}}
