{"authorDailyContributionsMap":{"teesha902":[{"date":"2025-04-05","commitResults":[{"hash":"36c2fce7e268f638105ac29917e54c16253649eb","isMergeCommit":true,"messageTitle":"Merge pull request #232 from FabianHeng/branch-bug-fix","messageBody":"Fix bugs discovered by PE-D","fileTypesAndContributionMap":{}}]},{"date":"2025-04-06","commitResults":[{"hash":"f8f314a85f674164615ddbde01569fb0a16a3fe8","isMergeCommit":false,"messageTitle":"Fix issue about accepting invalid birthdays, e.g. year 0001. Now, update to only accepting years after 1900.","messageBody":"","fileTypesAndContributionMap":{"functional-code":{"insertions":6,"deletions":2},"test-code":{"insertions":5,"deletions":2}}},{"hash":"e3011f2437328276eefc644c8b9f176fc33a7709","isMergeCommit":false,"messageTitle":"Fix issue with task manager printing incorrect error for \u0027agenda\u0027 command","messageBody":"","fileTypesAndContributionMap":{"functional-code":{"insertions":39,"deletions":43},"test-code":{"insertions":3,"deletions":2}}},{"hash":"f3deb9bee196c59cfc0475b77110b166a90d5c86","isMergeCommit":false,"messageTitle":"Update UG to reflect changes in field validation, etc","messageBody":"","fileTypesAndContributionMap":{"docs":{"insertions":102,"deletions":63}}}]}],"FabianHeng":[{"date":"2025-04-05","commitResults":[{"hash":"9ffb63d2fecf0340b0678b1a9f593a60f5b30d3f","isMergeCommit":false,"messageTitle":"Fix table column resizing for Premiums List","messageBody":"","fileTypesAndContributionMap":{"functional-code":{"insertions":2,"deletions":0}}},{"hash":"cfd82a9687d5920d4224f6c404b153a6d5c97fcb","isMergeCommit":false,"messageTitle":"Fix UI issue for policy panel","messageBody":"","fileTypesAndContributionMap":{"functional-code":{"insertions":3,"deletions":3}}},{"hash":"34082ceee57c0d639db352caabe703277d1ab388","isMergeCommit":false,"messageTitle":"Fix UI extending out of screen for certain devices","messageBody":"","fileTypesAndContributionMap":{"functional-code":{"insertions":1,"deletions":1}}},{"hash":"084643b6b3494ceb300b26827e86f616564f1583","isMergeCommit":false,"messageTitle":"Fix UG error for Profile Section","messageBody":"","fileTypesAndContributionMap":{"docs":{"insertions":1,"deletions":1}}},{"hash":"787d906ce5a56d9b8e0d94c259929fc8a2d94849","isMergeCommit":false,"messageTitle":"Fix command history to display blank when clicking the down arrow","messageBody":"","fileTypesAndContributionMap":{"functional-code":{"insertions":8,"deletions":4}}},{"hash":"34a248655c6324fcece3730d2adfd257666c2d19","isMergeCommit":false,"messageTitle":"Add character limits for Name, Phone, and Email fields","messageBody":"","fileTypesAndContributionMap":{"functional-code":{"insertions":20,"deletions":14},"test-code":{"insertions":3,"deletions":3}}},{"hash":"db655e01c53446ef9839da7a9181b6bbb291b6d4","isMergeCommit":false,"messageTitle":"Fix bug where user cannot add two of the same client names with different attributes","messageBody":"","fileTypesAndContributionMap":{"functional-code":{"insertions":6,"deletions":2},"test-code":{"insertions":9,"deletions":6}}},{"hash":"ff134a38d43bf6b60b5718a13a0e86ed36afad3a","isMergeCommit":false,"messageTitle":"Fix issue of having multiple clients having same name with different casing","messageBody":"","fileTypesAndContributionMap":{"functional-code":{"insertions":3,"deletions":3},"test-code":{"insertions":2,"deletions":2}}},{"hash":"dde038dcf3002b5ffd456d09e881873489a07a42","isMergeCommit":false,"messageTitle":"Add test cases for different Email case and Birthday","messageBody":"","fileTypesAndContributionMap":{"test-code":{"insertions":6,"deletions":1}}},{"hash":"8ff50728ee7c6a1c0418d27f680e5ab0fcd752b4","isMergeCommit":false,"messageTitle":"Update Help link to match current UG link","messageBody":"","fileTypesAndContributionMap":{"functional-code":{"insertions":1,"deletions":1}}},{"hash":"09deebba0dd3941da10541efb1579bb29c78258f","isMergeCommit":true,"messageTitle":"Merge pull request #231 from leedeen01/branch-DryPE","messageBody":"Fix Issues found during dry run PE","fileTypesAndContributionMap":{}}]},{"date":"2025-04-06","commitResults":[{"hash":"d2423f19ec96853baf6bff008e72aedeeb861730","isMergeCommit":true,"messageTitle":"Merge pull request #234 from teesha902/PE-D-issues","messageBody":"PE-Dry run issues","fileTypesAndContributionMap":{}},{"hash":"5eb60f7828cbfba45f8ad77555476fd2f26e91cf","isMergeCommit":false,"messageTitle":"Add default values for address and policy book","messageBody":"","fileTypesAndContributionMap":{"functional-code":{"insertions":183,"deletions":2},"test-code":{"insertions":9,"deletions":7}}},{"hash":"d20912c3c39cb7f64f7a2a7a0a17c77905a43df3","isMergeCommit":false,"messageTitle":"Add test cases for default book creations","messageBody":"","fileTypesAndContributionMap":{"functional-code":{"insertions":8,"deletions":6},"test-code":{"insertions":93,"deletions":1}}},{"hash":"bde1e6c5d3048c76c8cebed11e6e8f8fb9ce5597","isMergeCommit":true,"messageTitle":"Merge pull request #238 from FabianHeng/branch-bug-fix","messageBody":"Add test cases for default book creations","fileTypesAndContributionMap":{}},{"hash":"cc878a6ffed76e1f4f6234547b0688dfba94e852","isMergeCommit":true,"messageTitle":"Merge pull request #236 from leedeen01/branch-DryPE","messageBody":"Set limit on the inputs of policy","fileTypesAndContributionMap":{}},{"hash":"109100fddb464a42e3346290f2e1d0213cb3658c","isMergeCommit":false,"messageTitle":"Update UG to include known issues for UI display","messageBody":"","fileTypesAndContributionMap":{"docs":{"insertions":8,"deletions":4}}},{"hash":"327a64d1eae7a7c6071c6dede40fbd21286038b8","isMergeCommit":false,"messageTitle":"Add wrap text for better readability","messageBody":"","fileTypesAndContributionMap":{"functional-code":{"insertions":29,"deletions":19}}},{"hash":"c50c3ac4a49b2e7d06d6bfab38a7683f8ba75e10","isMergeCommit":false,"messageTitle":"Update AboutUs page","messageBody":"","fileTypesAndContributionMap":{"docs":{"insertions":55,"deletions":27}}},{"hash":"1015a2195762ca74f86fd1472b785abf6f7cd704","isMergeCommit":true,"messageTitle":"Merge pull request #240 from FabianHeng/branch-user-guide","messageBody":"Update User Guide and fix UI styling issues","fileTypesAndContributionMap":{}},{"hash":"3cf06071a2ff257e8a6736b480fcc462a5f81cde","isMergeCommit":false,"messageTitle":"Update AboutUs page","messageBody":"","fileTypesAndContributionMap":{"docs":{"insertions":0,"deletions":19}}},{"hash":"acff7d723e3c9fcca6120a4266104f91cd37a5b5","isMergeCommit":true,"messageTitle":"Merge pull request #241 from FabianHeng/branch-user-guide","messageBody":"Update AboutUs page","fileTypesAndContributionMap":{}},{"hash":"806976dc2bbb657afc1a4844f0fa39efabf5cba0","isMergeCommit":false,"messageTitle":"Update product website","messageBody":"","fileTypesAndContributionMap":{"docs":{"insertions":35,"deletions":53}}},{"hash":"c6c0893fa8562c242f870a4005421ba2608ee660","isMergeCommit":true,"messageTitle":"Merge pull request #242 from FabianHeng/branch-user-guide","messageBody":"Update product website","fileTypesAndContributionMap":{}},{"hash":"7112764cf878a829867d55f8a3a27d9b44a6b65e","isMergeCommit":false,"messageTitle":"Fix product website bugs","messageBody":"","fileTypesAndContributionMap":{"docs":{"insertions":2,"deletions":4}}},{"hash":"0fdc68c6fcd69c3c91867f34f1dc955051b20f75","isMergeCommit":true,"messageTitle":"Merge pull request #243 from FabianHeng/branch-user-guide","messageBody":"Fix product website bugs","fileTypesAndContributionMap":{}},{"hash":"f12527c7ee69b09d900b16175f255e1309343e93","isMergeCommit":false,"messageTitle":"Add ClientNest Heading","messageBody":"","fileTypesAndContributionMap":{"docs":{"insertions":2,"deletions":0}}},{"hash":"9000aa47d8474ed33dd95fcee83a7d5c2313182f","isMergeCommit":true,"messageTitle":"Merge pull request #244 from FabianHeng/branch-user-guide","messageBody":"Add ClientNest Heading","fileTypesAndContributionMap":{}},{"hash":"b7c36a744036a39b387f58e638e69933d6a4e2b2","isMergeCommit":false,"messageTitle":"Update index.md","messageBody":"","fileTypesAndContributionMap":{"docs":{"insertions":1,"deletions":1}}},{"hash":"506af4564b5999d162f405021469dad301f03b2e","isMergeCommit":false,"messageTitle":"Update index.md","messageBody":"","fileTypesAndContributionMap":{"docs":{"insertions":0,"deletions":2}}},{"hash":"4231b0f86e9651ebac81f4751f45ef5e67c18845","isMergeCommit":true,"messageTitle":"Merge branch \u0027master\u0027 of https://github.com/FabianHeng/tp into branch-user-guide","messageBody":"","fileTypesAndContributionMap":{}},{"hash":"a11d4a759b0e8e902d900e51eaebec3bd33749ba","isMergeCommit":true,"messageTitle":"Merge branch \u0027master\u0027 of https://github.com/FabianHeng/tp into branch-user-guide","messageBody":"","fileTypesAndContributionMap":{}},{"hash":"4df2a892c6aa1d71373348469ff70a44640749cd","isMergeCommit":false,"messageTitle":"Update team portfolio page","messageBody":"","fileTypesAndContributionMap":{"docs":{"insertions":33,"deletions":29}}},{"hash":"785ebb7425103a94e0d01f8f78ff38574d425754","isMergeCommit":false,"messageTitle":"Update team portfolio page","messageBody":"","fileTypesAndContributionMap":{"docs":{"insertions":2,"deletions":2}}}]}],"NightlyAffair":[],"leedeen01":[{"date":"2025-04-05","commitResults":[{"hash":"c0b8a1c544cb837444d5b0a968e732f466e44ec7","isMergeCommit":false,"messageTitle":"Fix issues raised in dry run PE","messageBody":"","fileTypesAndContributionMap":{"functional-code":{"insertions":1,"deletions":1},"other":{"insertions":1373,"deletions":0},"docs":{"insertions":43,"deletions":41}}},{"hash":"d2c02c3b72ab77f4c7f1705b0a82954bf3ee0b17","isMergeCommit":false,"messageTitle":"Remove bin","messageBody":"","fileTypesAndContributionMap":{"other":{"insertions":0,"deletions":1373}}}]},{"date":"2025-04-06","commitResults":[{"hash":"8a53b67c399cd61522b23cc7dad3aef721fce9ab","isMergeCommit":false,"messageTitle":"Prevent \" \" as input for address in add command","messageBody":"","fileTypesAndContributionMap":{"functional-code":{"insertions":4,"deletions":2},"other":{"insertions":1373,"deletions":0}}},{"hash":"eb2e96ca40743b2b27e7298905f361aac03a0a5a","isMergeCommit":false,"messageTitle":"Remove bin","messageBody":"","fileTypesAndContributionMap":{"other":{"insertions":0,"deletions":1373}}},{"hash":"12a1d8925631064e74c91ff7f30e1aef544f55dc","isMergeCommit":false,"messageTitle":"Set limit on the inputs of policy","messageBody":"","fileTypesAndContributionMap":{"functional-code":{"insertions":10,"deletions":6},"docs":{"insertions":18,"deletions":19}}},{"hash":"047f9aafc108337fd67e5b84b2769bd8bf16f182","isMergeCommit":true,"messageTitle":"Merge branch \u0027master\u0027 into branch-DryPE","messageBody":"","fileTypesAndContributionMap":{}},{"hash":"85ab674c156611e6dfa37a360f4a54e30acc6f68","isMergeCommit":false,"messageTitle":"Delete bin","messageBody":"","fileTypesAndContributionMap":{"other":{"insertions":0,"deletions":1373}}},{"hash":"2dba6e70b6ee68a003a355df7cb9eee4c84fb973","isMergeCommit":false,"messageTitle":"Fix failing tests","messageBody":"","fileTypesAndContributionMap":{"functional-code":{"insertions":1,"deletions":1},"docs":{"insertions":4,"deletions":3},"test-code":{"insertions":1,"deletions":3}}},{"hash":"9ea703a69eba1fd955792d5f90087bcc6fd52045","isMergeCommit":true,"messageTitle":"Merge pull request #235 from FabianHeng/branch-bug-fix","messageBody":"Add default values for address and policy book","fileTypesAndContributionMap":{}},{"hash":"53248ca2870a6aafd16c9e5531fcfd9b7d9173ec","isMergeCommit":true,"messageTitle":"Merge pull request #245 from FabianHeng/branch-user-guide","messageBody":"Update team portfolio pages","fileTypesAndContributionMap":{}}]}]},"authorFileTypeContributionMap":{"teesha902":{"docs":97,"functional-code":44,"test-code":8},"FabianHeng":{"docs":111,"functional-code":250,"test-code":116},"NightlyAffair":{"docs":0,"functional-code":0,"test-code":0},"leedeen01":{"docs":47,"functional-code":15,"test-code":1}},"authorContributionVariance":{"teesha902":17822.25,"FabianHeng":70225.0,"NightlyAffair":0.0,"leedeen01":461720.25},"authorDisplayNameMap":{"teesha902":"CS2103-F10-2 ATRE..ASAK","FabianHeng":"CS2103-F10-2 HENG..BIAN","NightlyAffair":"CS2103-F10-2 NITH..HNAN","leedeen01":"CS2103-F10-2 LEE ..E EN"}}
