{"authorDailyContributionsMap":{"teesha902":[{"date":"2025-04-05","commitResults":[{"hash":"36c2fce7e268f638105ac29917e54c16253649eb","isMergeCommit":true,"messageTitle":"Merge pull request #232 from FabianHeng/branch-bug-fix","messageBody":"Fix bugs discovered by PE-D","fileTypesAndContributionMap":{}}]},{"date":"2025-04-06","commitResults":[{"hash":"f8f314a85f674164615ddbde01569fb0a16a3fe8","isMergeCommit":false,"messageTitle":"Fix issue about accepting invalid birthdays, e.g. year 0001. Now, update to only accepting years after 1900.","messageBody":"","fileTypesAndContributionMap":{"functional-code":{"insertions":6,"deletions":2},"test-code":{"insertions":5,"deletions":2}}},{"hash":"e3011f2437328276eefc644c8b9f176fc33a7709","isMergeCommit":false,"messageTitle":"Fix issue with task manager printing incorrect error for \u0027agenda\u0027 command","messageBody":"","fileTypesAndContributionMap":{"functional-code":{"insertions":39,"deletions":43},"test-code":{"insertions":3,"deletions":2}}},{"hash":"f3deb9bee196c59cfc0475b77110b166a90d5c86","isMergeCommit":false,"messageTitle":"Update UG to reflect changes in field validation, etc","messageBody":"","fileTypesAndContributionMap":{"docs":{"insertions":102,"deletions":63}}}]},{"date":"2025-04-07","commitResults":[{"hash":"85f5c5a4f418d3655c92e7a1bb08977d9d476b7f","isMergeCommit":true,"messageTitle":"Merge pull request #249 from NightlyAffair/U-FixPRCommandIssues","messageBody":"Fix premium command issues","fileTypesAndContributionMap":{}},{"hash":"b64c864fa17ceb21bafe75e1661a989b79cfb3f1","isMergeCommit":true,"messageTitle":"Merge pull request #248 from leedeen01/branch-DryPE","messageBody":"Add Planned Enhancement into DG","fileTypesAndContributionMap":{}},{"hash":"410257d104f1c2dc4cea1502c52890d3dc92a191","isMergeCommit":true,"messageTitle":"Merge branch \u0027master\u0027 into PE-D-issues","messageBody":"* master: (26 commits)\n  Add Coverage\n  Add Coverage\n  Fix tests\n  Invalid command handling\n  Update portfolio page\n  Fix bug\n  Fix #226\n  Add Planned Enhancement into DG\n  Update team portfolio page\n  Update team portfolio page\n  Update index.md\n  Update index.md\n  Add ClientNest Heading\n  Fix product website bugs\n  Update product website\n  Update AboutUs page\n  Update AboutUs page\n  Add wrap text for better readability\n  Update UG to include known issues for UI display\n  Add test cases for default book creations\n  ...\n","fileTypesAndContributionMap":{}},{"hash":"c5bd28ce6ac0febc81ec38f9b169365a714cb3bc","isMergeCommit":false,"messageTitle":"Update Teesha profile section","messageBody":"","fileTypesAndContributionMap":{"docs":{"insertions":31,"deletions":23}}},{"hash":"ee52e0ec1fc0f5f7f5f6b4a0bd291258ed870c04","isMergeCommit":false,"messageTitle":"Standardize app description for all profiles","messageBody":"","fileTypesAndContributionMap":{"docs":{"insertions":4,"deletions":4}}},{"hash":"1680b2e02dc6bc862836553ed9de13934a817466","isMergeCommit":false,"messageTitle":"Minor changes to UG","messageBody":"","fileTypesAndContributionMap":{"docs":{"insertions":1,"deletions":2}}}]}],"FabianHeng":[{"date":"2025-04-05","commitResults":[{"hash":"9ffb63d2fecf0340b0678b1a9f593a60f5b30d3f","isMergeCommit":false,"messageTitle":"Fix table column resizing for Premiums List","messageBody":"","fileTypesAndContributionMap":{"functional-code":{"insertions":2,"deletions":0}}},{"hash":"cfd82a9687d5920d4224f6c404b153a6d5c97fcb","isMergeCommit":false,"messageTitle":"Fix UI issue for policy panel","messageBody":"","fileTypesAndContributionMap":{"functional-code":{"insertions":3,"deletions":3}}},{"hash":"34082ceee57c0d639db352caabe703277d1ab388","isMergeCommit":false,"messageTitle":"Fix UI extending out of screen for certain devices","messageBody":"","fileTypesAndContributionMap":{"functional-code":{"insertions":1,"deletions":1}}},{"hash":"084643b6b3494ceb300b26827e86f616564f1583","isMergeCommit":false,"messageTitle":"Fix UG error for Profile Section","messageBody":"","fileTypesAndContributionMap":{"docs":{"insertions":1,"deletions":1}}},{"hash":"787d906ce5a56d9b8e0d94c259929fc8a2d94849","isMergeCommit":false,"messageTitle":"Fix command history to display blank when clicking the down arrow","messageBody":"","fileTypesAndContributionMap":{"functional-code":{"insertions":8,"deletions":4}}},{"hash":"34a248655c6324fcece3730d2adfd257666c2d19","isMergeCommit":false,"messageTitle":"Add character limits for Name, Phone, and Email fields","messageBody":"","fileTypesAndContributionMap":{"functional-code":{"insertions":20,"deletions":14},"test-code":{"insertions":3,"deletions":3}}},{"hash":"db655e01c53446ef9839da7a9181b6bbb291b6d4","isMergeCommit":false,"messageTitle":"Fix bug where user cannot add two of the same client names with different attributes","messageBody":"","fileTypesAndContributionMap":{"functional-code":{"insertions":6,"deletions":2},"test-code":{"insertions":9,"deletions":6}}},{"hash":"ff134a38d43bf6b60b5718a13a0e86ed36afad3a","isMergeCommit":false,"messageTitle":"Fix issue of having multiple clients having same name with different casing","messageBody":"","fileTypesAndContributionMap":{"functional-code":{"insertions":3,"deletions":3},"test-code":{"insertions":2,"deletions":2}}},{"hash":"dde038dcf3002b5ffd456d09e881873489a07a42","isMergeCommit":false,"messageTitle":"Add test cases for different Email case and Birthday","messageBody":"","fileTypesAndContributionMap":{"test-code":{"insertions":6,"deletions":1}}},{"hash":"8ff50728ee7c6a1c0418d27f680e5ab0fcd752b4","isMergeCommit":false,"messageTitle":"Update Help link to match current UG link","messageBody":"","fileTypesAndContributionMap":{"functional-code":{"insertions":1,"deletions":1}}},{"hash":"09deebba0dd3941da10541efb1579bb29c78258f","isMergeCommit":true,"messageTitle":"Merge pull request #231 from leedeen01/branch-DryPE","messageBody":"Fix Issues found during dry run PE","fileTypesAndContributionMap":{}}]},{"date":"2025-04-06","commitResults":[{"hash":"d2423f19ec96853baf6bff008e72aedeeb861730","isMergeCommit":true,"messageTitle":"Merge pull request #234 from teesha902/PE-D-issues","messageBody":"PE-Dry run issues","fileTypesAndContributionMap":{}},{"hash":"5eb60f7828cbfba45f8ad77555476fd2f26e91cf","isMergeCommit":false,"messageTitle":"Add default values for address and policy book","messageBody":"","fileTypesAndContributionMap":{"functional-code":{"insertions":183,"deletions":2},"test-code":{"insertions":9,"deletions":7}}},{"hash":"d20912c3c39cb7f64f7a2a7a0a17c77905a43df3","isMergeCommit":false,"messageTitle":"Add test cases for default book creations","messageBody":"","fileTypesAndContributionMap":{"functional-code":{"insertions":8,"deletions":6},"test-code":{"insertions":93,"deletions":1}}},{"hash":"bde1e6c5d3048c76c8cebed11e6e8f8fb9ce5597","isMergeCommit":true,"messageTitle":"Merge pull request #238 from FabianHeng/branch-bug-fix","messageBody":"Add test cases for default book creations","fileTypesAndContributionMap":{}},{"hash":"cc878a6ffed76e1f4f6234547b0688dfba94e852","isMergeCommit":true,"messageTitle":"Merge pull request #236 from leedeen01/branch-DryPE","messageBody":"Set limit on the inputs of policy","fileTypesAndContributionMap":{}},{"hash":"109100fddb464a42e3346290f2e1d0213cb3658c","isMergeCommit":false,"messageTitle":"Update UG to include known issues for UI display","messageBody":"","fileTypesAndContributionMap":{"docs":{"insertions":8,"deletions":4}}},{"hash":"327a64d1eae7a7c6071c6dede40fbd21286038b8","isMergeCommit":false,"messageTitle":"Add wrap text for better readability","messageBody":"","fileTypesAndContributionMap":{"functional-code":{"insertions":29,"deletions":19}}},{"hash":"c50c3ac4a49b2e7d06d6bfab38a7683f8ba75e10","isMergeCommit":false,"messageTitle":"Update AboutUs page","messageBody":"","fileTypesAndContributionMap":{"docs":{"insertions":55,"deletions":27}}},{"hash":"1015a2195762ca74f86fd1472b785abf6f7cd704","isMergeCommit":true,"messageTitle":"Merge pull request #240 from FabianHeng/branch-user-guide","messageBody":"Update User Guide and fix UI styling issues","fileTypesAndContributionMap":{}},{"hash":"3cf06071a2ff257e8a6736b480fcc462a5f81cde","isMergeCommit":false,"messageTitle":"Update AboutUs page","messageBody":"","fileTypesAndContributionMap":{"docs":{"insertions":0,"deletions":19}}},{"hash":"acff7d723e3c9fcca6120a4266104f91cd37a5b5","isMergeCommit":true,"messageTitle":"Merge pull request #241 from FabianHeng/branch-user-guide","messageBody":"Update AboutUs page","fileTypesAndContributionMap":{}},{"hash":"806976dc2bbb657afc1a4844f0fa39efabf5cba0","isMergeCommit":false,"messageTitle":"Update product website","messageBody":"","fileTypesAndContributionMap":{"docs":{"insertions":35,"deletions":53}}},{"hash":"c6c0893fa8562c242f870a4005421ba2608ee660","isMergeCommit":true,"messageTitle":"Merge pull request #242 from FabianHeng/branch-user-guide","messageBody":"Update product website","fileTypesAndContributionMap":{}},{"hash":"7112764cf878a829867d55f8a3a27d9b44a6b65e","isMergeCommit":false,"messageTitle":"Fix product website bugs","messageBody":"","fileTypesAndContributionMap":{"docs":{"insertions":2,"deletions":4}}},{"hash":"0fdc68c6fcd69c3c91867f34f1dc955051b20f75","isMergeCommit":true,"messageTitle":"Merge pull request #243 from FabianHeng/branch-user-guide","messageBody":"Fix product website bugs","fileTypesAndContributionMap":{}},{"hash":"f12527c7ee69b09d900b16175f255e1309343e93","isMergeCommit":false,"messageTitle":"Add ClientNest Heading","messageBody":"","fileTypesAndContributionMap":{"docs":{"insertions":2,"deletions":0}}},{"hash":"9000aa47d8474ed33dd95fcee83a7d5c2313182f","isMergeCommit":true,"messageTitle":"Merge pull request #244 from FabianHeng/branch-user-guide","messageBody":"Add ClientNest Heading","fileTypesAndContributionMap":{}},{"hash":"b7c36a744036a39b387f58e638e69933d6a4e2b2","isMergeCommit":false,"messageTitle":"Update index.md","messageBody":"","fileTypesAndContributionMap":{"docs":{"insertions":1,"deletions":1}}},{"hash":"506af4564b5999d162f405021469dad301f03b2e","isMergeCommit":false,"messageTitle":"Update index.md","messageBody":"","fileTypesAndContributionMap":{"docs":{"insertions":0,"deletions":2}}},{"hash":"4231b0f86e9651ebac81f4751f45ef5e67c18845","isMergeCommit":true,"messageTitle":"Merge branch \u0027master\u0027 of https://github.com/FabianHeng/tp into branch-user-guide","messageBody":"","fileTypesAndContributionMap":{}},{"hash":"a11d4a759b0e8e902d900e51eaebec3bd33749ba","isMergeCommit":true,"messageTitle":"Merge branch \u0027master\u0027 of https://github.com/FabianHeng/tp into branch-user-guide","messageBody":"","fileTypesAndContributionMap":{}},{"hash":"4df2a892c6aa1d71373348469ff70a44640749cd","isMergeCommit":false,"messageTitle":"Update team portfolio page","messageBody":"","fileTypesAndContributionMap":{"docs":{"insertions":33,"deletions":29}}},{"hash":"785ebb7425103a94e0d01f8f78ff38574d425754","isMergeCommit":false,"messageTitle":"Update team portfolio page","messageBody":"","fileTypesAndContributionMap":{"docs":{"insertions":2,"deletions":2}}}]},{"date":"2025-04-07","commitResults":[{"hash":"88b4842a8b3374a6873947126b855843b51568f7","isMergeCommit":false,"messageTitle":"Add newline in UG","messageBody":"","fileTypesAndContributionMap":{"docs":{"insertions":1,"deletions":0}}},{"hash":"4082647d3524ef2400f3883ee5b36c4e9be93478","isMergeCommit":true,"messageTitle":"Merge pull request #251 from leedeen01/branch-DryPE","messageBody":"Update UserGuide","fileTypesAndContributionMap":{}},{"hash":"b07c5a955d3bedc13b3e9e7bbeb9211512336aa3","isMergeCommit":true,"messageTitle":"Merge pull request #252 from FabianHeng/master","messageBody":"Add newline in UG","fileTypesAndContributionMap":{}},{"hash":"570f6525dd514c098913aa0c6f3d7c55d696ba2b","isMergeCommit":true,"messageTitle":"Merge pull request #253 from leedeen01/branch-DryPE","messageBody":"Update DeveloperGuide","fileTypesAndContributionMap":{}},{"hash":"5ebcc94664a013c6db58929c0b5cc86317cde9b4","isMergeCommit":false,"messageTitle":"Fix styling issues in UG","messageBody":"","fileTypesAndContributionMap":{"docs":{"insertions":1,"deletions":1}}}]},{"date":"2025-04-08","commitResults":[{"hash":"e4805e53b4cfae7c22ca6867bfe76284977d277f","isMergeCommit":true,"messageTitle":"Merge pull request #256 from leedeen01/branch-DryPE","messageBody":"Branch UserGuide","fileTypesAndContributionMap":{}},{"hash":"1c90765364e987bf379da8cbd6cccb70d5a2934a","isMergeCommit":false,"messageTitle":"Add known issue for status bar","messageBody":"","fileTypesAndContributionMap":{"docs":{"insertions":3,"deletions":1}}},{"hash":"76965b8abd7f18d01f1cd3a566385bc7763af56d","isMergeCommit":false,"messageTitle":"Remove extra newline","messageBody":"","fileTypesAndContributionMap":{"docs":{"insertions":0,"deletions":1}}},{"hash":"e1117139261beec27e4e54dfaf59367879affd4a","isMergeCommit":false,"messageTitle":"Rearrange priority for user stories","messageBody":"","fileTypesAndContributionMap":{"docs":{"insertions":32,"deletions":32}}},{"hash":"d8f47a990acd45cd141f948386f0b0062a56b269","isMergeCommit":false,"messageTitle":"Add known issue for wrong cli syntax","messageBody":"","fileTypesAndContributionMap":{"docs":{"insertions":2,"deletions":0}}},{"hash":"3c66df0f4778e58ff6355eae82049c2131080380","isMergeCommit":true,"messageTitle":"Merge pull request #259 from NightlyAffair/U-DeveloperGuideManualTesting","messageBody":"Update developer guide manual testing","fileTypesAndContributionMap":{}},{"hash":"eb437aa6da5b8a4e9777185dac04085b83d3c4ba","isMergeCommit":false,"messageTitle":"Update README.md to match ClientNest product website link","messageBody":"","fileTypesAndContributionMap":{"docs":{"insertions":1,"deletions":1}}},{"hash":"db62115ef4c1acd59c47e0f4b3a55676c8862ce4","isMergeCommit":false,"messageTitle":"Move Planned Enhancements to Appendix in DG","messageBody":"","fileTypesAndContributionMap":{"docs":{"insertions":50,"deletions":50}}},{"hash":"853140112968b3f731279623b483c7704532dad6","isMergeCommit":true,"messageTitle":"Merge pull request #261 from FabianHeng/master","messageBody":"Move Planned Enhancements to Appendix in DG","fileTypesAndContributionMap":{}},{"hash":"f5cbc624b66e573d3d353f51cfd73da97aa76ecd","isMergeCommit":false,"messageTitle":"Fix DG table of contents","messageBody":"","fileTypesAndContributionMap":{"docs":{"insertions":10,"deletions":10}}},{"hash":"73abb264b2541365605470a37bd37a68baee578f","isMergeCommit":true,"messageTitle":"Merge pull request #262 from FabianHeng/master","messageBody":"Fix DG table of contents","fileTypesAndContributionMap":{}},{"hash":"7cdf031222da1765e23508ec7290641d9374b0c4","isMergeCommit":false,"messageTitle":"Update DeveloperGuide.md","messageBody":"","fileTypesAndContributionMap":{"docs":{"insertions":1,"deletions":1}}},{"hash":"3983483209b5e586c8803e50dc70e5b9d8689cde","isMergeCommit":true,"messageTitle":"Merge pull request #263 from leedeen01/branch-DryPE","messageBody":"Add photos for release note","fileTypesAndContributionMap":{}},{"hash":"23b83ca4f2ddb4f23968158cfdb5adfc8dc62d9e","isMergeCommit":false,"messageTitle":"Update fabianheng.md","messageBody":"","tags":["1.6"],"fileTypesAndContributionMap":{"docs":{"insertions":1,"deletions":7}}},{"hash":"75321ec488438fcf0c856de7f70d22e34267ff98","isMergeCommit":true,"messageTitle":"Merge pull request #264 from leedeen01/branch-DryPE","messageBody":"Add more photo for release note","fileTypesAndContributionMap":{}}]}],"NightlyAffair":[{"date":"2025-04-07","commitResults":[{"hash":"71283d3cb18fedd2633154d17a11f3ba5e1ca97c","isMergeCommit":false,"messageTitle":"Fix #226","messageBody":"","fileTypesAndContributionMap":{"functional-code":{"insertions":9,"deletions":1}}},{"hash":"b12acfa61a45e9ce1624789838271be69dc0c675","isMergeCommit":false,"messageTitle":"Fix bug","messageBody":"","fileTypesAndContributionMap":{"functional-code":{"insertions":1,"deletions":1}}},{"hash":"9d26914244747de2b961327baeb0b0d4371544e7","isMergeCommit":false,"messageTitle":"Invalid command handling","messageBody":"","fileTypesAndContributionMap":{"functional-code":{"insertions":8,"deletions":4}}},{"hash":"9a47e7e4586d3dbd64de469b28aded312ad3569a","isMergeCommit":false,"messageTitle":"Fix tests","messageBody":"","fileTypesAndContributionMap":{"functional-code":{"insertions":1,"deletions":1},"test-code":{"insertions":1,"deletions":1}}},{"hash":"799facf43152c3ce907728e5dc6c9a19ed25a356","isMergeCommit":false,"messageTitle":"Add Coverage","messageBody":"","fileTypesAndContributionMap":{"functional-code":{"insertions":0,"deletions":1},"test-code":{"insertions":26,"deletions":0}}},{"hash":"4864d1f61002d95f35df1b5023d288530d2f2477","isMergeCommit":false,"messageTitle":"Add Coverage","messageBody":"","fileTypesAndContributionMap":{"test-code":{"insertions":20,"deletions":2}}},{"hash":"21bef0367107696c339671cddf52ae092d79691f","isMergeCommit":false,"messageTitle":"Add documentation of add command","messageBody":"","fileTypesAndContributionMap":{"docs":{"insertions":4,"deletions":3}}}]},{"date":"2025-04-08","commitResults":[{"hash":"56a1e8435ff6832c8fdd77470654bde1ea9c2d8b","isMergeCommit":false,"messageTitle":"Bulletprrof input reading and add further documentation","messageBody":"","fileTypesAndContributionMap":{"functional-code":{"insertions":15,"deletions":5},"docs":{"insertions":7,"deletions":4}}},{"hash":"153c3af25b6ea28cd6228d0423d5e54b0ee6d402","isMergeCommit":false,"messageTitle":"Add test coverage","messageBody":"","fileTypesAndContributionMap":{"test-code":{"insertions":53,"deletions":0}}},{"hash":"9b28472343f7a3ab1d4586b3791e7bcfcf78ca03","isMergeCommit":true,"messageTitle":"Merge pull request #254 from FabianHeng/branch-user-guide","messageBody":"Fix styling issues in UG","fileTypesAndContributionMap":{}},{"hash":"1fb49ecc129077390b8e3cb625330db4a808fe35","isMergeCommit":false,"messageTitle":"Update team profile","messageBody":"","fileTypesAndContributionMap":{"docs":{"insertions":12,"deletions":101}}},{"hash":"de8522f3423c6ad4dc2d94f06ab6bd146f0d8737","isMergeCommit":false,"messageTitle":"Fix DG","messageBody":"","fileTypesAndContributionMap":{"docs":{"insertions":10,"deletions":9}}},{"hash":"ab33a4b8ab841f69943a9f4513cb47809eb5104b","isMergeCommit":false,"messageTitle":"remove extra lines","messageBody":"","fileTypesAndContributionMap":{"docs":{"insertions":2,"deletions":89}}},{"hash":"a1a2c89340b3e669bc1e58b92833c043ece950af","isMergeCommit":true,"messageTitle":"Merge pull request #258 from FabianHeng/branch-user-guide","messageBody":"Add Status Bar Footer known issue in UG","fileTypesAndContributionMap":{}}]}],"leedeen01":[{"date":"2025-04-05","commitResults":[{"hash":"c0b8a1c544cb837444d5b0a968e732f466e44ec7","isMergeCommit":false,"messageTitle":"Fix issues raised in dry run PE","messageBody":"","fileTypesAndContributionMap":{"functional-code":{"insertions":1,"deletions":1},"other":{"insertions":1373,"deletions":0},"docs":{"insertions":43,"deletions":41}}},{"hash":"d2c02c3b72ab77f4c7f1705b0a82954bf3ee0b17","isMergeCommit":false,"messageTitle":"Remove bin","messageBody":"","fileTypesAndContributionMap":{"other":{"insertions":0,"deletions":1373}}}]},{"date":"2025-04-06","commitResults":[{"hash":"8a53b67c399cd61522b23cc7dad3aef721fce9ab","isMergeCommit":false,"messageTitle":"Prevent \" \" as input for address in add command","messageBody":"","fileTypesAndContributionMap":{"functional-code":{"insertions":4,"deletions":2},"other":{"insertions":1373,"deletions":0}}},{"hash":"eb2e96ca40743b2b27e7298905f361aac03a0a5a","isMergeCommit":false,"messageTitle":"Remove bin","messageBody":"","fileTypesAndContributionMap":{"other":{"insertions":0,"deletions":1373}}},{"hash":"12a1d8925631064e74c91ff7f30e1aef544f55dc","isMergeCommit":false,"messageTitle":"Set limit on the inputs of policy","messageBody":"","fileTypesAndContributionMap":{"functional-code":{"insertions":10,"deletions":6},"docs":{"insertions":18,"deletions":19}}},{"hash":"047f9aafc108337fd67e5b84b2769bd8bf16f182","isMergeCommit":true,"messageTitle":"Merge branch \u0027master\u0027 into branch-DryPE","messageBody":"","fileTypesAndContributionMap":{}},{"hash":"85ab674c156611e6dfa37a360f4a54e30acc6f68","isMergeCommit":false,"messageTitle":"Delete bin","messageBody":"","fileTypesAndContributionMap":{"other":{"insertions":0,"deletions":1373}}},{"hash":"2dba6e70b6ee68a003a355df7cb9eee4c84fb973","isMergeCommit":false,"messageTitle":"Fix failing tests","messageBody":"","fileTypesAndContributionMap":{"functional-code":{"insertions":1,"deletions":1},"docs":{"insertions":4,"deletions":3},"test-code":{"insertions":1,"deletions":3}}},{"hash":"9ea703a69eba1fd955792d5f90087bcc6fd52045","isMergeCommit":true,"messageTitle":"Merge pull request #235 from FabianHeng/branch-bug-fix","messageBody":"Add default values for address and policy book","fileTypesAndContributionMap":{}},{"hash":"53248ca2870a6aafd16c9e5531fcfd9b7d9173ec","isMergeCommit":true,"messageTitle":"Merge pull request #245 from FabianHeng/branch-user-guide","messageBody":"Update team portfolio pages","fileTypesAndContributionMap":{}}]},{"date":"2025-04-07","commitResults":[{"hash":"90de31c9e11c549296a1312e19af66f94579a916","isMergeCommit":false,"messageTitle":"Add Planned Enhancement into DG","messageBody":"","fileTypesAndContributionMap":{"docs":{"insertions":20,"deletions":3}}},{"hash":"ad12f2189c1e3ad82d1495eb2dec480c122da12b","isMergeCommit":false,"messageTitle":"Update portfolio page","messageBody":"","fileTypesAndContributionMap":{"docs":{"insertions":6,"deletions":10}}},{"hash":"7411b0b6d18036fd83c738d96af2db949b1388b0","isMergeCommit":true,"messageTitle":"Merge pull request #250 from teesha902/PE-D-issues","messageBody":"Update UG and Profile section ","fileTypesAndContributionMap":{}},{"hash":"c6fb1e19b23e5a7f00e10f9bf1fb9dbf4a33b9a1","isMergeCommit":false,"messageTitle":"Update UserGuide Format","messageBody":"","fileTypesAndContributionMap":{"docs":{"insertions":90,"deletions":92}}},{"hash":"205e2f3c69988ac5e7166177a3a7fb094f1d8fe4","isMergeCommit":false,"messageTitle":"Add table of content to UserGuide","messageBody":"","fileTypesAndContributionMap":{"docs":{"insertions":31,"deletions":26}}},{"hash":"3c992c4e67a9eb91c78cdd8b358a3746d765973c","isMergeCommit":false,"messageTitle":"Add table for policy in UserGuide","messageBody":"","fileTypesAndContributionMap":{"docs":{"insertions":9,"deletions":7}}},{"hash":"001a37cec23c96e026059ab6ec971f85594ee8ea","isMergeCommit":false,"messageTitle":"Bold the header of each command in feature","messageBody":"","fileTypesAndContributionMap":{"docs":{"insertions":24,"deletions":24}}},{"hash":"25cf255f147b469e0bab766513278e2f855fd7ab","isMergeCommit":false,"messageTitle":"Add underline on all command header in feature","messageBody":"","fileTypesAndContributionMap":{"docs":{"insertions":21,"deletions":21}}},{"hash":"da7caedc3579f91ffe5cf04ce82cfae760542ac8","isMergeCommit":false,"messageTitle":"Remove bold and underline","messageBody":"","fileTypesAndContributionMap":{"docs":{"insertions":24,"deletions":24}}},{"hash":"2772975c5ab3d7a75556e6d2c886c622244d15a1","isMergeCommit":false,"messageTitle":"Capitalize the command header","messageBody":"","fileTypesAndContributionMap":{"docs":{"insertions":21,"deletions":21}}},{"hash":"4ee9849d4ca3b9e2cb4ccded9e7d864dc68dee2b","isMergeCommit":false,"messageTitle":"Capitalize the content page","messageBody":"","fileTypesAndContributionMap":{"docs":{"insertions":16,"deletions":16}}},{"hash":"5c4d0546644558652c51ab127ce0dc98eed42b14","isMergeCommit":false,"messageTitle":"Update UserGuide","messageBody":"","fileTypesAndContributionMap":{"docs":{"insertions":1,"deletions":1}}},{"hash":"700091bfee1fe507ac25d146732f59da7827cd2b","isMergeCommit":false,"messageTitle":"Add Content Table to DeveloperGuide","messageBody":"","fileTypesAndContributionMap":{"functional-code":{"insertions":2,"deletions":2},"docs":{"insertions":129,"deletions":65}}},{"hash":"54313e4b7dcb7b89264d226c98c0160e0387a37d","isMergeCommit":false,"messageTitle":"Fix bug","messageBody":"","fileTypesAndContributionMap":{"functional-code":{"insertions":2,"deletions":2},"other":{"insertions":91,"deletions":0}}}]},{"date":"2025-04-08","commitResults":[{"hash":"4a08fe97f440e919f2c9440f62d316a70d975bb6","isMergeCommit":true,"messageTitle":"Merge pull request #255 from NightlyAffair/U-UpdateUserGuideForPremium","messageBody":"Update user guide for premium","fileTypesAndContributionMap":{}},{"hash":"253c3602a15e54198c4fe1ed2a3595478d615484","isMergeCommit":false,"messageTitle":"Update UserGuide","messageBody":"","fileTypesAndContributionMap":{"other":{"insertions":1282,"deletions":0},"docs":{"insertions":0,"deletions":17}}},{"hash":"c34c2422f405c877dbf8ed8d973b2657f8cdd4ba","isMergeCommit":false,"messageTitle":"Remove bin","messageBody":"","fileTypesAndContributionMap":{"other":{"insertions":0,"deletions":1373}}},{"hash":"3a2dfbdd3d86d33e9492de5cf33bfc28751f85f7","isMergeCommit":true,"messageTitle":"Merge pull request #257 from NightlyAffair/U-Portfolio","messageBody":"Update team profile for NightlyAffair","fileTypesAndContributionMap":{}},{"hash":"50c14418344984c27b3abd00181b51ead8a9a477","isMergeCommit":true,"messageTitle":"Merge pull request #260 from FabianHeng/branch-user-guide","messageBody":"Add known issue for wrong cli syntax","fileTypesAndContributionMap":{}}]}]},"authorFileTypeContributionMap":{"teesha902":{"docs":79,"functional-code":44,"test-code":8},"FabianHeng":{"docs":159,"functional-code":250,"test-code":116},"NightlyAffair":{"docs":32,"functional-code":26,"test-code":95},"leedeen01":{"docs":150,"functional-code":15,"test-code":1}},"authorContributionVariance":{"teesha902":11989.5,"FabianHeng":58068.5,"NightlyAffair":15771.1875,"leedeen01":1456096.5},"authorDisplayNameMap":{"teesha902":"CS2103-F10-2 ATRE..ASAK","FabianHeng":"CS2103-F10-2 HENG..BIAN","NightlyAffair":"CS2103-F10-2 NITH..HNAN","leedeen01":"CS2103-F10-2 LEE ..E EN"}}
