{"authorDailyContributionsMap":{"thegrimbee":[{"date":"2025-04-07","commitResults":[{"hash":"2c933f5265a6936602557b2a954369753017a5a5","isMergeCommit":false,"messageTitle":"Update isSamePerson","messageBody":"","fileTypesAndContributionMap":{"functional-code":{"insertions":6,"deletions":3},"test-code":{"insertions":22,"deletions":41}}},{"hash":"6b054b758594afd4ba7d6a2e3399ccdcae7544b1","isMergeCommit":false,"messageTitle":"fix UG and DG","messageBody":"","fileTypesAndContributionMap":{"docs":{"insertions":44,"deletions":51}}},{"hash":"a8c227704564548846c3a420325f42096be24a52","isMergeCommit":false,"messageTitle":"fix inconsistencies","messageBody":"","fileTypesAndContributionMap":{"docs":{"insertions":80,"deletions":80}}},{"hash":"97a5cc9a452e274bbf0cc1afd5b3a581349cb6f2","isMergeCommit":false,"messageTitle":"Fix more inconsistencies","messageBody":"","fileTypesAndContributionMap":{"docs":{"insertions":14,"deletions":14}}},{"hash":"b9d96202879d5894297693c922ab3e8d384066ea","isMergeCommit":false,"messageTitle":"Fix duplicate message","messageBody":"","fileTypesAndContributionMap":{"functional-code":{"insertions":1,"deletions":1}}},{"hash":"d44f18e4540baacb80af29cf441a3b27b791fa12","isMergeCommit":true,"messageTitle":"Merge pull request #222 from thegrimbee/fix-typos","messageBody":"fix UG and DG","fileTypesAndContributionMap":{}},{"hash":"abb87216e2e15c8531a2d37fff8f6b49335c0e90","isMergeCommit":true,"messageTitle":"Merge pull request #221 from thegrimbee/fix-duplicate-phone-email","messageBody":"Update isSamePerson","fileTypesAndContributionMap":{}},{"hash":"1a0ea6dedcf796551cfa140c75849cf140ab1ba3","isMergeCommit":true,"messageTitle":"Merge commit \u0027refs/pull/175/head\u0027 of https://github.com/AY2425S2-CS2103T-T09-4/tp","messageBody":"","fileTypesAndContributionMap":{}},{"hash":"6072950eccf8bdcd52c4645274509628ade9fae6","isMergeCommit":true,"messageTitle":"Merge commit \u0027refs/pull/175/head\u0027 of https://github.com/AY2425S2-CS2103T-T09-4/tp","messageBody":"","fileTypesAndContributionMap":{}},{"hash":"b641901e79b3ec90ff8d763b57f4cf7d0f9c26bd","isMergeCommit":true,"messageTitle":"Merge branch \u0027master\u0027 of https://github.com/AY2425S2-CS2103T-T09-4/tp","messageBody":"","fileTypesAndContributionMap":{}}]},{"date":"2025-04-08","commitResults":[{"hash":"a86010f0f4ba3c9a9ada630de4c123eb699b34b7","isMergeCommit":false,"messageTitle":"Improve ug","messageBody":"","fileTypesAndContributionMap":{"functional-code":{"insertions":11,"deletions":7},"docs":{"insertions":25,"deletions":5}}}]}],"waylonggggg":[{"date":"2025-04-08","commitResults":[{"hash":"da3988ab3ab51c8c9052b8f640e5313fd9ed01fd","isMergeCommit":true,"messageTitle":"Merge pull request #226 from thegrimbee/ug-command-details","messageBody":"Add UG command details and improved onboarding","fileTypesAndContributionMap":{}}]}],"Nova1729":[{"date":"2025-04-07","commitResults":[{"hash":"acd1e52cd9d229157b925d94ed16d97744bdd336","isMergeCommit":false,"messageTitle":"Enable text wrapping for attendance list in personcard","messageBody":"","fileTypesAndContributionMap":{"functional-code":{"insertions":1,"deletions":0}}},{"hash":"6b9e47963f516e1240b1d83970424abfcfd0dbe3","isMergeCommit":false,"messageTitle":"change \"Total number of sessions: \" to \"Total sessions: \"","messageBody":"","fileTypesAndContributionMap":{"functional-code":{"insertions":1,"deletions":1}}},{"hash":"0735731209e45eccbcd75600ecb278f37d219127","isMergeCommit":false,"messageTitle":"set minimum width for app","messageBody":"","fileTypesAndContributionMap":{"functional-code":{"insertions":1,"deletions":0}}},{"hash":"f0dd3c64e5d8399cc358a3362d232860f59dc897","isMergeCommit":false,"messageTitle":"enable test wrapping for Total sessions in cca card","messageBody":"","fileTypesAndContributionMap":{"functional-code":{"insertions":1,"deletions":1}}}]}],"Judy1x4":[{"date":"2025-04-06","commitResults":[{"hash":"08978077edc517ed17b6a3096f42b03e04455878","isMergeCommit":false,"messageTitle":"Fix the wording in message","messageBody":"","fileTypesAndContributionMap":{"functional-code":{"insertions":1,"deletions":1}}},{"hash":"37c4ef3219c135feee7e16484101c0596b4f6a50","isMergeCommit":false,"messageTitle":"Fix parse Exception to show the cause","messageBody":"","fileTypesAndContributionMap":{"functional-code":{"insertions":58,"deletions":17},"docs":{"insertions":10,"deletions":10}}},{"hash":"ed881e16872b4072865f0f1008cdb96e81def26e","isMergeCommit":false,"messageTitle":"Fix checkstyle","messageBody":"","fileTypesAndContributionMap":{"functional-code":{"insertions":2,"deletions":2}}},{"hash":"c85f69344b96d5eebe1f55a5156827b47105ada9","isMergeCommit":false,"messageTitle":"Remove Message Missing Field","messageBody":"","fileTypesAndContributionMap":{"functional-code":{"insertions":88,"deletions":120},"test-code":{"insertions":73,"deletions":40}}}]},{"date":"2025-04-07","commitResults":[{"hash":"75e1b4bf327e955638b0822a2aa54b0fa7adfd0b","isMergeCommit":false,"messageTitle":"Remove unnecessary try-catch ParseException","messageBody":"","fileTypesAndContributionMap":{"functional-code":{"insertions":65,"deletions":72},"test-code":{"insertions":39,"deletions":63}}},{"hash":"880e62cf6664c685e1b32ff24e786bd8d67f6ee3","isMergeCommit":false,"messageTitle":"Fix indentation","messageBody":"","fileTypesAndContributionMap":{"functional-code":{"insertions":1,"deletions":1}}},{"hash":"effab14df1cbee887ad378b89d6ef7fe48e5700e","isMergeCommit":true,"messageTitle":"Merge pull request #223 from Nova1729/text-wrapping-for-cca","messageBody":"Text wrapping for cca","fileTypesAndContributionMap":{}},{"hash":"a597ad10c1e0628f5a9e0cc6533f8aaddffb3b27","isMergeCommit":false,"messageTitle":"Fix issues from reviews and add planned enhancements","messageBody":"","fileTypesAndContributionMap":{"functional-code":{"insertions":1,"deletions":0},"docs":{"insertions":14,"deletions":25},"test-code":{"insertions":0,"deletions":1}}},{"hash":"d7d249b49eb6066dfbe0caa13a74a952575c03d6","isMergeCommit":true,"messageTitle":"Merge branch \u0027master\u0027 into fix-developer-guide","messageBody":"","fileTypesAndContributionMap":{}},{"hash":"bca40e9f047ccd6caa7f7a7302e58b2efe338f0e","isMergeCommit":false,"messageTitle":"Fix checkstyle in dg","messageBody":"","fileTypesAndContributionMap":{"docs":{"insertions":1,"deletions":1}}},{"hash":"c814d2bf2b2f11e4df04b864c55e00ef4ea20f0c","isMergeCommit":false,"messageTitle":"Remove redundant \u003cbox\u003e label","messageBody":"","fileTypesAndContributionMap":{"docs":{"insertions":1,"deletions":1}}},{"hash":"b1562fbfc82019d27876c82d722757c2f017a14a","isMergeCommit":true,"messageTitle":"Merge pull request #175 from Judy1x4/fix-developer-guide","messageBody":"Fix DG and revise bugs to match the UG","fileTypesAndContributionMap":{}}]}]},"authorFileTypeContributionMap":{"thegrimbee":{"docs":115,"functional-code":17,"test-code":22},"waylonggggg":{"docs":0,"functional-code":0,"test-code":0},"Nova1729":{"docs":0,"functional-code":4,"test-code":0},"Judy1x4":{"docs":21,"functional-code":43,"test-code":41}},"authorContributionVariance":{"thegrimbee":22186.688,"waylonggggg":0.0,"Nova1729":6.75,"Judy1x4":33641.0},"authorDisplayNameMap":{"thegrimbee":"CS2103T-T09-4 GABR..UTRA","waylonggggg":"CS2103T-T09-4 WAYL.. TAN","Nova1729":"CS2103T-T09-4 CAI ..ENZE","Judy1x4":"CS2103T-T09-4 PARK..OUNG"}}
