{"authorDailyContributionsMap":{"thegrimbee":[],"waylonggggg":[],"Nova1729":[],"Judy1x4":[]},"authorFileTypeContributionMap":{"thegrimbee":{"docs":0,"functional-code":0,"test-code":0},"waylonggggg":{"docs":0,"functional-code":0,"test-code":0},"Nova1729":{"docs":0,"functional-code":0,"test-code":0},"Judy1x4":{"docs":0,"functional-code":0,"test-code":0}},"authorContributionVariance":{"thegrimbee":0.0,"waylonggggg":0.0,"Nova1729":0.0,"Judy1x4":0.0},"authorDisplayNameMap":{"thegrimbee":"CS2103T-T09-4 GABR..UTRA","waylonggggg":"CS2103T-T09-4 WAYL.. TAN","Nova1729":"CS2103T-T09-4 CAI ..ENZE","Judy1x4":"CS2103T-T09-4 PARK..OUNG"}}
