{"authorDailyContributionsMap":{"geeliette":[{"date":"2025-04-05","commitResults":[{"hash":"a7c28420580cd8a3c766599bb97ab48f1dfdbe8c","isMergeCommit":false,"messageTitle":"Output error message when invalid parameter","messageBody":"","fileTypesAndContributionMap":{"functional-code":{"insertions":2,"deletions":1}}},{"hash":"04bb6de95571c2a6b54ccd79912961d938810a75","isMergeCommit":false,"messageTitle":"Fix error message","messageBody":"","fileTypesAndContributionMap":{"functional-code":{"insertions":5,"deletions":1}}},{"hash":"5b86e088201439cde0900036e118aab13816ae35","isMergeCommit":false,"messageTitle":"Fix bug regarding overnight reservations","messageBody":"","fileTypesAndContributionMap":{"functional-code":{"insertions":5,"deletions":0}}}]},{"date":"2025-04-06","commitResults":[{"hash":"b4841e9a2cba079ba5e41c623adad002dad532e0","isMergeCommit":false,"messageTitle":"Change endTime","messageBody":"","fileTypesAndContributionMap":{"functional-code":{"insertions":1,"deletions":1}}}]}],"caroline1233456":[],"CVincent0907":[{"date":"2025-04-05","commitResults":[{"hash":"16514282c297b3f8f3266ff090f2fec5d8ea2ba3","isMergeCommit":false,"messageTitle":"Update UG","messageBody":"","fileTypesAndContributionMap":{"docs":{"insertions":139,"deletions":71}}},{"hash":"7bd5368abe7696cc54177c5d49108f43959989ce","isMergeCommit":true,"messageTitle":"Merge branch \u0027master\u0027 of https://github.com/AY2425S2-CS2103T-T09-3/tp into branch-update-UG","messageBody":"","fileTypesAndContributionMap":{}}]},{"date":"2025-04-06","commitResults":[{"hash":"48f3921d18f845acad800beaa3a97ffd19e8d32d","isMergeCommit":false,"messageTitle":"Update UG","messageBody":"","fileTypesAndContributionMap":{"docs":{"insertions":95,"deletions":53}}},{"hash":"055859996497af6b5d2bd450e523846da062ad01","isMergeCommit":true,"messageTitle":"Merge pull request #348 from CVincent0907/branch-update-UG","messageBody":"Branch update ug","fileTypesAndContributionMap":{}},{"hash":"fa304ef007dea6243cab092aa1e69b6e6b3bd004","isMergeCommit":false,"messageTitle":"Update path in UG","messageBody":"","fileTypesAndContributionMap":{"docs":{"insertions":3,"deletions":3}}},{"hash":"0d1eeef2ad92c7b13d5f8b5c737e7c3bcaa9e3ef","isMergeCommit":true,"messageTitle":"Merge pull request #349 from CVincent0907/branch-update-UG","messageBody":"Update path in UG","fileTypesAndContributionMap":{}},{"hash":"05a215fbb34a8ae1f7c400441e1a28cd25a94884","isMergeCommit":true,"messageTitle":"Merge pull request #341 from geeliette/branch-FixFindtParam","messageBody":"Fix output message for invalid findt param","fileTypesAndContributionMap":{}},{"hash":"32ba00354d364725a551a577b13fb5de26a46b0c","isMergeCommit":true,"messageTitle":"Merge pull request #342 from geeliette/branch-FixFindtBug","messageBody":"Fix findt bug regarding overnight reservations","fileTypesAndContributionMap":{}},{"hash":"0d5cab6a1c937385bfd0f9657b61571c17cf570f","isMergeCommit":false,"messageTitle":"Update DG","messageBody":"","fileTypesAndContributionMap":{"docs":{"insertions":23,"deletions":10}}},{"hash":"f78079b256993b97ca3c8f1116e6f992be4cabd2","isMergeCommit":true,"messageTitle":"Merge pull request #350 from CVincent0907/branch-update-UG","messageBody":"Branch update ug","fileTypesAndContributionMap":{}},{"hash":"b926ba0ce2075f6c6923be9da94d2973c71df2e9","isMergeCommit":false,"messageTitle":"Update naming for storage from address book to gastrobook","messageBody":"","fileTypesAndContributionMap":{"functional-code":{"insertions":55,"deletions":55}}},{"hash":"9c4c41134359741a6bc0a1ab056fd36509c192a8","isMergeCommit":false,"messageTitle":"Update UG","messageBody":"","fileTypesAndContributionMap":{"docs":{"insertions":15,"deletions":4}}},{"hash":"b114ddc2d482b4fc4d60ed62989a918252cbeb59","isMergeCommit":true,"messageTitle":"Merge pull request #354 from CVincent0907/branch-update-UG","messageBody":"Branch update ug","fileTypesAndContributionMap":{}},{"hash":"96a835d90561e3cdba258112a4ea03f40a2b9c87","isMergeCommit":false,"messageTitle":"Update UserGuide.md","messageBody":"","fileTypesAndContributionMap":{"docs":{"insertions":1,"deletions":1}}},{"hash":"408d63b34e331ed7f1185855a7c97787e2e521ac","isMergeCommit":false,"messageTitle":"Update UG","messageBody":"","fileTypesAndContributionMap":{"docs":{"insertions":2,"deletions":0}}},{"hash":"a984b383bc98be22a64115299ce4bddd8152d8a9","isMergeCommit":true,"messageTitle":"Merge pull request #355 from CVincent0907/branch-update-UG","messageBody":"Update UG","fileTypesAndContributionMap":{}},{"hash":"437d93a20cde8363b13e790efc3026a6c708de22","isMergeCommit":false,"messageTitle":"Update UG quick satrt","messageBody":"","fileTypesAndContributionMap":{"docs":{"insertions":79,"deletions":17}}},{"hash":"052c6f3eb3c1e3510473ffc65e8d40df99d3b369","isMergeCommit":true,"messageTitle":"Merge pull request #357 from CVincent0907/branch-update-UG","messageBody":"Update UG quick start","fileTypesAndContributionMap":{}},{"hash":"b220baa94380a047ab248639b9aff599970ef40d","isMergeCommit":false,"messageTitle":"Update UserGuide.md","messageBody":"","fileTypesAndContributionMap":{"docs":{"insertions":1,"deletions":1}}},{"hash":"836d7f648b759dfb621b3f87bfd99d5cd062f333","isMergeCommit":false,"messageTitle":"Update UserGuide.md","messageBody":"","fileTypesAndContributionMap":{"docs":{"insertions":1,"deletions":1}}},{"hash":"7c6f2d1f61c8c7d47c1dabdb33803521db8397e0","isMergeCommit":false,"messageTitle":"Update _config.yml","messageBody":"","fileTypesAndContributionMap":{"other":{"insertions":1,"deletions":1}}}]}],"Jasonzhou97":[{"date":"2025-04-06","commitResults":[{"hash":"c912646d49b9e122b4af1f6a4e6654d4c44c4674","isMergeCommit":true,"messageTitle":"Merge pull request #353 from CVincent0907/branch-update-Naming","messageBody":"Update naming for storage from address book to gastrobook","fileTypesAndContributionMap":{}}]}],"Frozennfishh":[]},"authorFileTypeContributionMap":{"geeliette":{"docs":0,"functional-code":10,"test-code":0},"caroline1233456":{"docs":0,"functional-code":0,"test-code":0},"CVincent0907":{"docs":296,"functional-code":55,"test-code":0,"other":2},"Jasonzhou97":{"docs":0,"functional-code":0,"test-code":0},"Frozennfishh":{"docs":0,"functional-code":0,"test-code":0}},"authorContributionVariance":{"geeliette":36.0,"caroline1233456":0.0,"CVincent0907":11236.0,"Jasonzhou97":0.0,"Frozennfishh":0.0},"authorDisplayNameMap":{"geeliette":"CS2103T-T09-3 LIAO..ETTE","caroline1233456":"CS2103T-T09-3 YANG..NGRU","CVincent0907":"CS2103T-T09-3 CHOO..HENG","Jasonzhou97":"CS2103T-T09-3 ZHOU..YANG","Frozennfishh":"CS2103T-T09-3 ONG ..NARD"}}
