{"authorDailyContributionsMap":{"ChinZJ":[],"aquaimpact":[],"hhlh27":[],"hsinyilow":[],"xuxuezhou":[],"philbertshea":[]},"authorFileTypeContributionMap":{"ChinZJ":{"docs":0,"functional-code":0,"test-code":0},"aquaimpact":{"docs":0,"functional-code":0,"test-code":0},"hhlh27":{"docs":0,"functional-code":0,"test-code":0},"hsinyilow":{"docs":0,"functional-code":0,"test-code":0},"xuxuezhou":{"docs":0,"functional-code":0,"test-code":0},"philbertshea":{"docs":0,"functional-code":0,"test-code":0}},"authorContributionVariance":{"ChinZJ":0.0,"aquaimpact":0.0,"hhlh27":0.0,"hsinyilow":0.0,"xuxuezhou":0.0,"philbertshea":0.0},"authorDisplayNameMap":{"ChinZJ":"CS2103-F15-4 CHIN.. JIE","aquaimpact":"CS2103-F15-4 ONG ..I EN","hhlh27":"CS2103-F15-4 LOH ..NNAH","hsinyilow":"CS2103-F15-4 LOW ..N YI","xuxuezhou":"CS2103-F15-4 XU X..ZHOU","philbertshea":"CS2103-F15-4 SHEA..BERT"}}
