{"authorDailyContributionsMap":{"ChinZJ":[],"aquaimpact":[],"hhlh27":[],"hsinyilow":[],"xuxuezhou":[{"date":"2025-04-06","commitResults":[{"hash":"7932cf6a1716c73fdc1c04581605d3adea3d1342","isMergeCommit":false,"messageTitle":"Update DeveloperGuide","messageBody":"","fileTypesAndContributionMap":{"docs":{"insertions":11,"deletions":9}}}]},{"date":"2025-04-07","commitResults":[{"hash":"85559f43659234016ab9e4053137fd721e801620","isMergeCommit":false,"messageTitle":"Update DG and UG","messageBody":"","fileTypesAndContributionMap":{"docs":{"insertions":18,"deletions":15}}},{"hash":"46f8495a504932472ce9d76a46c596df2f2ed2a3","isMergeCommit":true,"messageTitle":"Merge pull request #344 from philbertshea/add-att-testing","messageBody":"Improve testing of MarkAttendanceCommand","fileTypesAndContributionMap":{}},{"hash":"fb147d428c02efd07d3b072152fa524d3142ad40","isMergeCommit":true,"messageTitle":"Merge pull request #337 from philbertshea/improve-att-docs","messageBody":"Improve MarkAttendanceCommand documentation","fileTypesAndContributionMap":{}}]}],"philbertshea":[{"date":"2025-04-05","commitResults":[{"hash":"2527a5ec2a309b9c22747a3002ea112f99b6cc43","isMergeCommit":false,"messageTitle":"Update Developer Guide and User Guide","messageBody":"DevGuide and UserGuide could be improved regarding the Attendance\nmarking.\n\nLet\u0027s\n* Update these docs to support better documentation\n","fileTypesAndContributionMap":{"docs":{"insertions":101,"deletions":17}}},{"hash":"adfb00bff08749b2332f66ef56eb1702da800406","isMergeCommit":false,"messageTitle":"Update User Guide","messageBody":"Bugs were flagged in the User Guide.\n\nLet\u0027s\n* Update these to resolve the issues\n","fileTypesAndContributionMap":{"docs":{"insertions":26,"deletions":4}}},{"hash":"2634bcbe49a808d0dcf007d96802bee8b0f67c38","isMergeCommit":false,"messageTitle":"Update User Guide to clarify brackets","messageBody":"Brackets in User Guide have different meanings for the\nMarkAttendanceCommand.\n\nLet\u0027s\n* Update the User Guide to clarify these.\n","fileTypesAndContributionMap":{"docs":{"insertions":2,"deletions":0}}},{"hash":"2b332dbdd229f1fd56be7362cd9dd44d9776f6a3","isMergeCommit":false,"messageTitle":"Update Developer Guide test cases","messageBody":"Developer Guide is not descriptive enough and has some errors,\nrelating to Marking of Attendance.\n\nLet\u0027s\n* Update DG to resolve this\n","fileTypesAndContributionMap":{"docs":{"insertions":3,"deletions":3}}},{"hash":"0c01017b12012c11458149b1c251a7ead0d7f268","isMergeCommit":false,"messageTitle":"Update User Guide","messageBody":"User Guide comment could be offensive.\n\nLet\u0027s\n* Remove that comment\n","fileTypesAndContributionMap":{"docs":{"insertions":1,"deletions":5}}}]},{"date":"2025-04-06","commitResults":[{"hash":"08235d6464e1ed5252238a29c1a1d416e98cb981","isMergeCommit":false,"messageTitle":"Update AttendanceTest and AttendanceListTest","messageBody":"The test cases for both files are not comprehensive enough.\n\nLet\u0027s\n* Update these test cases to make them more comprehensive\n","fileTypesAndContributionMap":{"test-code":{"insertions":101,"deletions":31}}},{"hash":"aba54d97d58d3690101e2a665a6cb58e852465bf","isMergeCommit":false,"messageTitle":"Update MarkAttendanceCommandTest","messageBody":"Tests in MarkAttendanceCommand are not explained well.\n\nLet\u0027s\n* Add explanations for the helper function\n","fileTypesAndContributionMap":{"test-code":{"insertions":16,"deletions":4}}},{"hash":"a8f9e861b1f72109e96fdf96afae09128dd072f4","isMergeCommit":false,"messageTitle":"Update MarkAttendanceCommandTest and ParserUtilTest","messageBody":"MarkAttendanceCommandTest and ParserUtilTest\nfiles are not comprehensive enough.\n\nLet\u0027s\n* Update these files to add testing\n","fileTypesAndContributionMap":{"test-code":{"insertions":1164,"deletions":111}}},{"hash":"8772e2e383eef2660c4bcbc55ac4d91102d19c5c","isMergeCommit":false,"messageTitle":"Update UserGuide for tutorial group handling","messageBody":"Tutorial group can be two characters too.\n\nLet\u0027s\n* Update the UserGuide to show this behaviour\n","fileTypesAndContributionMap":{"docs":{"insertions":8,"deletions":8}}}]},{"date":"2025-04-07","commitResults":[{"hash":"a4f474be96c35e2bb0dc358e22e21c15e10c9706","isMergeCommit":true,"messageTitle":"Merge pull request #345 from xuxuezhou/pe-d-load","messageBody":"There are some bugs regarding the documentation inaccuracies and insufficiencies for Load Command.\n\nLet\u0027s\n* Update the documentation and UML diagrams to resolve these","fileTypesAndContributionMap":{}}]}]},"authorFileTypeContributionMap":{"ChinZJ":{"docs":0,"functional-code":0,"test-code":0},"aquaimpact":{"docs":0,"functional-code":0,"test-code":0},"hhlh27":{"docs":0,"functional-code":0,"test-code":0},"hsinyilow":{"docs":0,"functional-code":0,"test-code":0},"xuxuezhou":{"docs":28,"functional-code":0,"test-code":0},"philbertshea":{"docs":126,"functional-code":0,"test-code":1259}},"authorContributionVariance":{"ChinZJ":0.0,"aquaimpact":0.0,"hhlh27":0.0,"hsinyilow":0.0,"xuxuezhou":184.22223,"philbertshea":416606.0},"authorDisplayNameMap":{"ChinZJ":"CS2103-F15-4 CHIN.. JIE","aquaimpact":"CS2103-F15-4 ONG ..I EN","hhlh27":"CS2103-F15-4 LOH ..NNAH","hsinyilow":"CS2103-F15-4 LOW ..N YI","xuxuezhou":"CS2103-F15-4 XU X..ZHOU","philbertshea":"CS2103-F15-4 SHEA..BERT"}}
