{"authorDailyContributionsMap":{"hrishikeshsathyian":[{"date":"2025-04-07","commitResults":[{"hash":"14dc1709e431e34c57db8ba3300ba0b6486d083e","isMergeCommit":true,"messageTitle":"Merge pull request #210 from soonami69/fixBetaBugs","messageBody":"Fix bugs","fileTypesAndContributionMap":{}},{"hash":"d0b84ce6ba3665755621baf9073fb76f28a51b36","isMergeCommit":false,"messageTitle":"Add more specific error message for new wedding command","messageBody":"","fileTypesAndContributionMap":{"functional-code":{"insertions":10,"deletions":3},"test-code":{"insertions":1,"deletions":5}}},{"hash":"abd60f878c92264847e361e0afdc7e94162e2d55","isMergeCommit":false,"messageTitle":"Fix error message for invalid index for delete and remove commands","messageBody":"","fileTypesAndContributionMap":{"functional-code":{"insertions":22,"deletions":9}}},{"hash":"e383c8eb5bc8a399bbf32308ac46fbb852559901","isMergeCommit":false,"messageTitle":"Fix UG inconsistency bug","messageBody":"","fileTypesAndContributionMap":{"docs":{"insertions":1,"deletions":1}}},{"hash":"88026ceef68635fd484c129c46e0f2902977a4dc","isMergeCommit":false,"messageTitle":"Refine UG","messageBody":"","fileTypesAndContributionMap":{"docs":{"insertions":1,"deletions":1}}},{"hash":"c2067d4581a905e547f5a743b55b8671b31969cf","isMergeCommit":false,"messageTitle":"Change clearallweddings to caw and update UG accordingly","messageBody":"","fileTypesAndContributionMap":{"functional-code":{"insertions":1,"deletions":1},"docs":{"insertions":19,"deletions":18}}},{"hash":"c9c4478398404fe91486f02a201702b95cbf035e","isMergeCommit":false,"messageTitle":"Change caw to ca","messageBody":"","fileTypesAndContributionMap":{"functional-code":{"insertions":1,"deletions":1},"docs":{"insertions":5,"deletions":5}}},{"hash":"e23e94bc85731ae4addb0d0873de20bc2b2cdf25","isMergeCommit":false,"messageTitle":"Update variable name to maintain consistency","messageBody":"","fileTypesAndContributionMap":{"functional-code":{"insertions":2,"deletions":2}}}]}],"Rae2480":[],"zedonggg":[],"soonami69":[{"date":"2025-04-06","commitResults":[{"hash":"757e63959e7e9db94c6a1dda3cb27cf2f15f6092","isMergeCommit":false,"messageTitle":"Fix bug where find command was still being parsed.","messageBody":"","fileTypesAndContributionMap":{"functional-code":{"insertions":1,"deletions":4}}},{"hash":"41c36c3ce9cd0c0d6f276acf0ea398e3f45ccffc","isMergeCommit":false,"messageTitle":"Fix bug where I lowercased the entire command by accident","messageBody":"","fileTypesAndContributionMap":{"functional-code":{"insertions":2,"deletions":3}}},{"hash":"5f8f6d07ada4a30fe8b4a13d35d15c482889a4fe","isMergeCommit":false,"messageTitle":"Fix inconsistent error message in find command","messageBody":"","fileTypesAndContributionMap":{"functional-code":{"insertions":2,"deletions":1},"test-code":{"insertions":0,"deletions":8}}}]},{"date":"2025-04-07","commitResults":[{"hash":"04cca1961e17f32bca906ce9f4a262cb0837d6d4","isMergeCommit":false,"messageTitle":"Remove unused import in tests","messageBody":"","fileTypesAndContributionMap":{"test-code":{"insertions":0,"deletions":6}}}]}],"Xzh119":[{"date":"2025-04-07","commitResults":[{"hash":"ab31ac2b3a866f87175e48a09550f92f953bfbbf","isMergeCommit":true,"messageTitle":"Merge pull request #212 from hrishikeshsathyian/Fix-PED-Bugs","messageBody":"Add more specific error message for new wedding command","fileTypesAndContributionMap":{}}]}]},"authorFileTypeContributionMap":{"hrishikeshsathyian":{"docs":8,"functional-code":27,"test-code":1},"Rae2480":{"docs":0,"functional-code":0,"test-code":0},"zedonggg":{"docs":0,"functional-code":0,"test-code":0},"soonami69":{"docs":0,"functional-code":1,"test-code":0},"Xzh119":{"docs":0,"functional-code":0,"test-code":0}},"authorContributionVariance":{"hrishikeshsathyian":2640.2224,"Rae2480":0.0,"zedonggg":0.0,"soonami69":78.0,"Xzh119":0.0},"authorDisplayNameMap":{"hrishikeshsathyian":"CS2103T-W09-4 HRIS..YIAN","Rae2480":"CS2103T-W09-4 RAEE..SAIN","zedonggg":"CS2103T-W09-4 SUN ..DONG","soonami69":"CS2103T-W09-4 SOON..OTHY","Xzh119":"CS2103T-W09-4 XU Z..EHAO"}}
