{"authorDailyContributionsMap":{"hrishikeshsathyian":[{"date":"2025-04-07","commitResults":[{"hash":"14dc1709e431e34c57db8ba3300ba0b6486d083e","isMergeCommit":true,"messageTitle":"Merge pull request #210 from soonami69/fixBetaBugs","messageBody":"Fix bugs","fileTypesAndContributionMap":{}},{"hash":"d0b84ce6ba3665755621baf9073fb76f28a51b36","isMergeCommit":false,"messageTitle":"Add more specific error message for new wedding command","messageBody":"","fileTypesAndContributionMap":{"functional-code":{"insertions":10,"deletions":3},"test-code":{"insertions":1,"deletions":5}}},{"hash":"abd60f878c92264847e361e0afdc7e94162e2d55","isMergeCommit":false,"messageTitle":"Fix error message for invalid index for delete and remove commands","messageBody":"","fileTypesAndContributionMap":{"functional-code":{"insertions":22,"deletions":9}}},{"hash":"e383c8eb5bc8a399bbf32308ac46fbb852559901","isMergeCommit":false,"messageTitle":"Fix UG inconsistency bug","messageBody":"","fileTypesAndContributionMap":{"docs":{"insertions":1,"deletions":1}}},{"hash":"88026ceef68635fd484c129c46e0f2902977a4dc","isMergeCommit":false,"messageTitle":"Refine UG","messageBody":"","fileTypesAndContributionMap":{"docs":{"insertions":1,"deletions":1}}},{"hash":"c2067d4581a905e547f5a743b55b8671b31969cf","isMergeCommit":false,"messageTitle":"Change clearallweddings to caw and update UG accordingly","messageBody":"","fileTypesAndContributionMap":{"functional-code":{"insertions":1,"deletions":1},"docs":{"insertions":19,"deletions":18}}},{"hash":"c9c4478398404fe91486f02a201702b95cbf035e","isMergeCommit":false,"messageTitle":"Change caw to ca","messageBody":"","fileTypesAndContributionMap":{"functional-code":{"insertions":1,"deletions":1},"docs":{"insertions":5,"deletions":5}}},{"hash":"e23e94bc85731ae4addb0d0873de20bc2b2cdf25","isMergeCommit":false,"messageTitle":"Update variable name to maintain consistency","messageBody":"","fileTypesAndContributionMap":{"functional-code":{"insertions":2,"deletions":2}}}]}],"Rae2480":[{"date":"2025-04-07","commitResults":[{"hash":"1d7d4de5bd5f8fe6e70e7f4b682c3a1cb43b63b6","isMergeCommit":false,"messageTitle":"Remove undo/redo implementation","messageBody":"","fileTypesAndContributionMap":{"docs":{"insertions":3,"deletions":3}}}]},{"date":"2025-04-08","commitResults":[{"hash":"f67a921ac5d45614df7296d656c63cfba425457e","isMergeCommit":false,"messageTitle":"Update manual testing appendix","messageBody":"","fileTypesAndContributionMap":{"docs":{"insertions":172,"deletions":26}}},{"hash":"b848327c447dfd93f530cec7ebf3574faeabaa78","isMergeCommit":false,"messageTitle":"Fix typo","messageBody":"","fileTypesAndContributionMap":{"docs":{"insertions":1,"deletions":1}}},{"hash":"b6a85da2b9068f9258e04cf4534a00cef710c86d","isMergeCommit":true,"messageTitle":"Merge pull request #219 from Xzh119/Branch-Fix-somebugs","messageBody":"Fix the bug of not closing after deleting","fileTypesAndContributionMap":{}},{"hash":"0b1405b8331d7f3437eb44b657944ef5554eeffa","isMergeCommit":false,"messageTitle":"Remedy inconsistent model naming","messageBody":"","fileTypesAndContributionMap":{"docs":{"insertions":3,"deletions":3}}},{"hash":"abff4af8ddd5da61456301e6838c754598708340","isMergeCommit":false,"messageTitle":"Correct storage naming in UML","messageBody":"","fileTypesAndContributionMap":{"docs":{"insertions":5,"deletions":5}}},{"hash":"5ca4eee640225fbb93aa2a3b5868994139b3b108","isMergeCommit":false,"messageTitle":"Improve formatting","messageBody":"","fileTypesAndContributionMap":{"docs":{"insertions":4,"deletions":4}}},{"hash":"305a7d9779e42b911d0dfdca17e763c3620e2162","isMergeCommit":true,"messageTitle":"Merge pull request #220 from Rae2480/fix-dg-bugs","messageBody":"Fix remaining DG bugs","fileTypesAndContributionMap":{}}]}],"zedonggg":[{"date":"2025-04-07","commitResults":[{"hash":"d5e7d1d7819794a12e89199e2189ec7e8e20900b","isMergeCommit":false,"messageTitle":"Fix new wedding command","messageBody":"","fileTypesAndContributionMap":{"functional-code":{"insertions":105,"deletions":21}}},{"hash":"7186e8bf350737196ab5dcc27d9592776f3171eb","isMergeCommit":false,"messageTitle":"fix some testcases","messageBody":"","fileTypesAndContributionMap":{"test-code":{"insertions":38,"deletions":31}}},{"hash":"36d00af0485822db4a11ede93b9b67ec216ee1b7","isMergeCommit":true,"messageTitle":"Merge pull request #2 from soonami69/fixZedongBranch","messageBody":"Fix zedong branch","fileTypesAndContributionMap":{}}]},{"date":"2025-04-08","commitResults":[{"hash":"854708a59c4736a47cdaca58c462ee27adb97633","isMergeCommit":true,"messageTitle":"Merge pull request #217 from Rae2480/fix-dg-bugs","messageBody":"Update DG","fileTypesAndContributionMap":{}},{"hash":"a94a2c7944561edf69f09cf5a5fda746598c6710","isMergeCommit":true,"messageTitle":"Merge pull request #218 from Xzh119/Branch-Fix-PEbugs","messageBody":"Branch fix PEbugs","fileTypesAndContributionMap":{}}]}],"soonami69":[{"date":"2025-04-06","commitResults":[{"hash":"757e63959e7e9db94c6a1dda3cb27cf2f15f6092","isMergeCommit":false,"messageTitle":"Fix bug where find command was still being parsed.","messageBody":"","fileTypesAndContributionMap":{"functional-code":{"insertions":1,"deletions":4}}},{"hash":"41c36c3ce9cd0c0d6f276acf0ea398e3f45ccffc","isMergeCommit":false,"messageTitle":"Fix bug where I lowercased the entire command by accident","messageBody":"","fileTypesAndContributionMap":{"functional-code":{"insertions":2,"deletions":3}}},{"hash":"5f8f6d07ada4a30fe8b4a13d35d15c482889a4fe","isMergeCommit":false,"messageTitle":"Fix inconsistent error message in find command","messageBody":"","fileTypesAndContributionMap":{"functional-code":{"insertions":2,"deletions":1},"test-code":{"insertions":0,"deletions":8}}}]},{"date":"2025-04-07","commitResults":[{"hash":"04cca1961e17f32bca906ce9f4a262cb0837d6d4","isMergeCommit":false,"messageTitle":"Remove unused import in tests","messageBody":"","fileTypesAndContributionMap":{"test-code":{"insertions":0,"deletions":6}}},{"hash":"67ab5886db0fe0f205397e65384f018e8c0fd9cc","isMergeCommit":false,"messageTitle":"Update UG and UI","messageBody":"","fileTypesAndContributionMap":{"functional-code":{"insertions":34,"deletions":37},"docs":{"insertions":324,"deletions":223}}},{"hash":"3abdf0be86ea3d6335d5563702321e0ba56b1a60","isMergeCommit":false,"messageTitle":"Update UG again","messageBody":"","fileTypesAndContributionMap":{"docs":{"insertions":13,"deletions":10}}},{"hash":"c0b289d3273724c0831e8a52fab80e53f8fea608","isMergeCommit":false,"messageTitle":"Update UG again","messageBody":"","fileTypesAndContributionMap":{"docs":{"insertions":4,"deletions":3}}},{"hash":"e60f5ab8261cc587bfeaf329f55817600c8c03a9","isMergeCommit":false,"messageTitle":"Update UG again","messageBody":"","fileTypesAndContributionMap":{"docs":{"insertions":4,"deletions":0}}},{"hash":"1428a2d302ba6fa531911d79cf6f9d927bef9e1c","isMergeCommit":true,"messageTitle":"Merge branch \u0027master\u0027 into fixBetaBugs","messageBody":"","fileTypesAndContributionMap":{}},{"hash":"d102392a438544ac15e0b986d3036bd4a681b45a","isMergeCommit":true,"messageTitle":"Merge branch \u0027branch-fix-addwedding-zd\u0027 of https://github.com/zedonggg/tp into fixZedongBranch","messageBody":"","fileTypesAndContributionMap":{}},{"hash":"7bc8b12a27d49f58b66dd65882d72efec74b04f0","isMergeCommit":false,"messageTitle":"Fix test and abstracted boolean check for better code style","messageBody":"","fileTypesAndContributionMap":{"functional-code":{"insertions":7,"deletions":2},"test-code":{"insertions":12,"deletions":10}}},{"hash":"07ed71a0f06f6ff019bf199d47ccfef9781713d4","isMergeCommit":false,"messageTitle":"Fix formatting issue in UG","messageBody":"","fileTypesAndContributionMap":{"docs":{"insertions":8,"deletions":13}}},{"hash":"b8becba07bb0355bd825011d8f2ae94699f68e2d","isMergeCommit":true,"messageTitle":"Merge pull request #215 from soonami69/fixBetaBugs","messageBody":"Fix formatting issue in UG","fileTypesAndContributionMap":{}},{"hash":"c9146ee197b221a6fcb12d4e29f31d961099e7e2","isMergeCommit":false,"messageTitle":"Change icon","messageBody":"","fileTypesAndContributionMap":{"functional-code":{"insertions":3,"deletions":3},"docs":{"insertions":1,"deletions":1},"test-code":{"insertions":1,"deletions":1}}},{"hash":"18cb0233000e15c26b1e4953a5b2b771adc2a770","isMergeCommit":false,"messageTitle":"Update UG again","messageBody":"","fileTypesAndContributionMap":{"docs":{"insertions":2,"deletions":2}}},{"hash":"4126aca3b1dafcdae7a6cfd58731da42ed8777a0","isMergeCommit":true,"messageTitle":"Merge pull request #213 from zedonggg/branch-fix-addwedding-zd","messageBody":"Fix new wedding command","fileTypesAndContributionMap":{}}]}],"Xzh119":[{"date":"2025-04-07","commitResults":[{"hash":"ab31ac2b3a866f87175e48a09550f92f953bfbbf","isMergeCommit":true,"messageTitle":"Merge pull request #212 from hrishikeshsathyian/Fix-PED-Bugs","messageBody":"Add more specific error message for new wedding command","fileTypesAndContributionMap":{}},{"hash":"d9e3afa40f68ec9095e2a980a551aca20192d32f","isMergeCommit":true,"messageTitle":"Merge pull request #214 from soonami69/fixBetaBugs","messageBody":"Update UG and UI","fileTypesAndContributionMap":{}},{"hash":"4e114c028a493d9055aa0e903d5c047721253c26","isMergeCommit":false,"messageTitle":"Enhance name functionality","messageBody":"","fileTypesAndContributionMap":{"functional-code":{"insertions":3,"deletions":2}}},{"hash":"0ca750d6898c3807ba64927fb5965f7008119bbd","isMergeCommit":false,"messageTitle":"Update UG","messageBody":"","fileTypesAndContributionMap":{"docs":{"insertions":101,"deletions":95}}},{"hash":"be06b3f40f1dfbce279ea2fe1dc098fabb921298","isMergeCommit":false,"messageTitle":"Enhance name functionality","messageBody":"","fileTypesAndContributionMap":{"functional-code":{"insertions":1,"deletions":1}}},{"hash":"b93c384f2bd90c0fc422e611931411f79fb7acbe","isMergeCommit":false,"messageTitle":"Change command words","messageBody":"","fileTypesAndContributionMap":{"functional-code":{"insertions":4,"deletions":3}}},{"hash":"be1cddae5988963ee3b6acc4c579b78be46dc99b","isMergeCommit":true,"messageTitle":"Merge pull request #216 from soonami69/fixBetaBugs","messageBody":"Fix beta bugs","fileTypesAndContributionMap":{}},{"hash":"4fa42b26968641bee3322011e9776de3c2b83312","isMergeCommit":true,"messageTitle":"Merge branch \u0027master\u0027 into Branch-Fix-PEbugs","messageBody":"","fileTypesAndContributionMap":{}},{"hash":"bb6e380cf7944929507ee44a755704c2d5fc8966","isMergeCommit":false,"messageTitle":"Update clear command words","messageBody":"","fileTypesAndContributionMap":{"functional-code":{"insertions":1,"deletions":1},"docs":{"insertions":20,"deletions":20}}},{"hash":"71105a268984720c4ceb125ec2e6babff217bf52","isMergeCommit":false,"messageTitle":"Fix check style","messageBody":"","fileTypesAndContributionMap":{"functional-code":{"insertions":0,"deletions":4}}},{"hash":"3c11a5e83f7da30332b74a2777ef139aec663045","isMergeCommit":false,"messageTitle":"Fix check style","messageBody":"","fileTypesAndContributionMap":{"test-code":{"insertions":0,"deletions":6}}},{"hash":"a43cad7961e7d9230a1e9f9f9ddd3bf95b225549","isMergeCommit":false,"messageTitle":"Fix checkstyle","messageBody":"","fileTypesAndContributionMap":{"test-code":{"insertions":0,"deletions":1}}}]},{"date":"2025-04-08","commitResults":[{"hash":"1893ccabd722998e6f51e241d4b0b424be250518","isMergeCommit":false,"messageTitle":"Fix the bug of not closing after deleting","messageBody":"","fileTypesAndContributionMap":{"functional-code":{"insertions":5,"deletions":0},"docs":{"insertions":1,"deletions":1}}}]}]},"authorFileTypeContributionMap":{"hrishikeshsathyian":{"docs":1,"functional-code":26,"test-code":1},"Rae2480":{"docs":168,"functional-code":0,"test-code":0},"zedonggg":{"docs":0,"functional-code":102,"test-code":29},"soonami69":{"docs":234,"functional-code":37,"test-code":9},"Xzh119":{"docs":83,"functional-code":13,"test-code":0}},"authorContributionVariance":{"hrishikeshsathyian":2227.6875,"Rae2480":9246.75,"zedonggg":7129.6875,"soonami69":96465.19,"Xzh119":12748.25},"authorDisplayNameMap":{"hrishikeshsathyian":"CS2103T-W09-4 HRIS..YIAN","Rae2480":"CS2103T-W09-4 RAEE..SAIN","zedonggg":"CS2103T-W09-4 SUN ..DONG","soonami69":"CS2103T-W09-4 SOON..OTHY","Xzh119":"CS2103T-W09-4 XU Z..EHAO"}}
