{"authorDailyContributionsMap":{"matthanfoo":[{"date":"2025-04-07","commitResults":[{"hash":"692e94c704fe397931515a4daa35c3d409a37615","isMergeCommit":false,"messageTitle":"Fix error message in Tag","messageBody":"","fileTypesAndContributionMap":{"functional-code":{"insertions":1,"deletions":1}}},{"hash":"fe18082433c0f8cce9192a3060ad8f89f6b984e4","isMergeCommit":false,"messageTitle":"Reconfigure duplicate Person logic to now factor in phone number as well, allowing for people with the same name but different phone numbers to be added to the list of contacts","messageBody":"","fileTypesAndContributionMap":{"functional-code":{"insertions":2,"deletions":1},"docs":{"insertions":1,"deletions":1},"test-code":{"insertions":2,"deletions":2}}},{"hash":"162c0c1d52d828648bd3c3d6968339a4c9ba486b","isMergeCommit":true,"messageTitle":"Merge branch \u0027master\u0027 into fix-AddCommand","messageBody":"","fileTypesAndContributionMap":{}},{"hash":"f0b3864519146a5c3b12df96387121930bd8befd","isMergeCommit":false,"messageTitle":"Reconfigure accepted input for Name to allow symbols (effectively all possible input)","messageBody":"","fileTypesAndContributionMap":{"functional-code":{"insertions":3,"deletions":3},"docs":{"insertions":1,"deletions":0},"test-code":{"insertions":8,"deletions":45}}},{"hash":"e8efefb438d9903674d9e95418a1c30d638a9e39","isMergeCommit":true,"messageTitle":"Merge branch \u0027fix-AddCommand\u0027 of https://github.com/matthanfoo/tp into fix-AddCommand","messageBody":"# Conflicts:\n#\tdocs/UserGuide.md\n","fileTypesAndContributionMap":{}}]}],"JuhromeAlexander":[{"date":"2025-04-07","commitResults":[{"hash":"ca4e643da672d84314b1ec90c442c9589e1aa4c5","isMergeCommit":false,"messageTitle":"fix: fix unintended behaviour with multiple company fields for Find","messageBody":"","fileTypesAndContributionMap":{"functional-code":{"insertions":3,"deletions":0}}},{"hash":"94627c454c74bab3698b9a26c3da0df50d61021c","isMergeCommit":false,"messageTitle":"docs: update docs with fixed Find Command implementation","messageBody":"","fileTypesAndContributionMap":{"docs":{"insertions":2,"deletions":1}}},{"hash":"b7c593748deb61322f90653999dfb99207c96d28","isMergeCommit":false,"messageTitle":"fix: fix datetime parser issue for invalid dates","messageBody":"","fileTypesAndContributionMap":{"functional-code":{"insertions":21,"deletions":15}}},{"hash":"fa256c7613225d88737ac65e2303655009c8231a","isMergeCommit":true,"messageTitle":"Merge pull request #235 from zephaniahong/documentation-bugs","messageBody":"Documentation bugs","fileTypesAndContributionMap":{}},{"hash":"67d6fd7782153a72456d9f6b76906a174d28d7e1","isMergeCommit":false,"messageTitle":"fix: standardise display of Importance Field with rest of Contact Fields","messageBody":"","fileTypesAndContributionMap":{"functional-code":{"insertions":10,"deletions":2}}},{"hash":"40fb5de26c75a590986315b6f49c6d628a7cca6b","isMergeCommit":false,"messageTitle":"docs: update documentation for fixes to Importance display","messageBody":"","fileTypesAndContributionMap":{"docs":{"insertions":1,"deletions":1}}},{"hash":"0a4df1ad8b0e043c40289441f2b9ef3526ebd407","isMergeCommit":false,"messageTitle":"fix: fix error message that stated wrong sort parameters","messageBody":"","fileTypesAndContributionMap":{"functional-code":{"insertions":2,"deletions":2}}},{"hash":"90d1fabe82f281a06a6381c14af11aee239b47be","isMergeCommit":false,"messageTitle":"docs: minor UG and DG updates","messageBody":"","fileTypesAndContributionMap":{"docs":{"insertions":44,"deletions":41}}},{"hash":"a1149b118a9096f72c3e6019290b5fdf3fe47e7f","isMergeCommit":true,"messageTitle":"Merge branch \u0027master\u0027 into fix-AddCommand","messageBody":"","fileTypesAndContributionMap":{}},{"hash":"c6f5176fd3e71cf0ae1470a5f7e47441c0a6a235","isMergeCommit":true,"messageTitle":"Merge pull request #233 from matthanfoo/fix-AddCommand","messageBody":"Fix error message in Tag","fileTypesAndContributionMap":{}},{"hash":"5d8564f19998e8b1727d6fe2cf350a6b25896127","isMergeCommit":true,"messageTitle":"Merge pull request #239 from gn07/user-guide","messageBody":"bug: fix addmeeting command examples","fileTypesAndContributionMap":{}},{"hash":"f59082f0c44e6a74520110a5c5f2beb35d05feee","isMergeCommit":true,"messageTitle":"Merge pull request #241 from gn07/addmeeting-bugs","messageBody":"bug: fix add meeting empty mp error message","fileTypesAndContributionMap":{}},{"hash":"6027127aaf38dc95f1d17f3e0d4578ff66885dbf","isMergeCommit":true,"messageTitle":"Merge pull request #243 from matthanfoo/fix-AddCommand","messageBody":"Fix add command","fileTypesAndContributionMap":{}}]},{"date":"2025-04-08","commitResults":[{"hash":"106f7ac36d8b2c3c6942185b8683fab27e49b952","isMergeCommit":true,"messageTitle":"Merge pull request #242 from gn07/addmeeting-bugs","messageBody":"fix add meeting with same person at same time","fileTypesAndContributionMap":{}},{"hash":"a67dee934a9e3d7e9d5b194cf3fb1ecaf5ea81f7","isMergeCommit":true,"messageTitle":"Merge pull request #244 from gn07/help-command","messageBody":"bug: reduce help window default size","fileTypesAndContributionMap":{}},{"hash":"808afeec9c4977093e62c1a0f322f6f52745ffe2","isMergeCommit":true,"messageTitle":"Merge pull request #245 from gn07/delete-meeting","messageBody":"bug: update error message for delete and edit for person and meetings","fileTypesAndContributionMap":{}}]}],"zephaniahong":[{"date":"2025-04-07","commitResults":[{"hash":"157994bf96c9797a18ecbe0723961758ec414c47","isMergeCommit":false,"messageTitle":"Fix duplicated NFR","messageBody":"","fileTypesAndContributionMap":{"docs":{"insertions":8,"deletions":19}}},{"hash":"3868516f0c11292d7865505d91ca9591c4b71a0d","isMergeCommit":false,"messageTitle":"Fix typo","messageBody":"","fileTypesAndContributionMap":{"docs":{"insertions":4,"deletions":3}}},{"hash":"114c5d6c1186fff01641e7f251ae9ba0c201a456","isMergeCommit":false,"messageTitle":"Add target audience in UG","messageBody":"","fileTypesAndContributionMap":{"docs":{"insertions":1,"deletions":1}}},{"hash":"2dc52e16192abafba414cd1cf3f172c63f6a8665","isMergeCommit":false,"messageTitle":"Change title of app to InternHive","messageBody":"","fileTypesAndContributionMap":{"functional-code":{"insertions":1,"deletions":1}}},{"hash":"3cf88e0655fdeb81e8114a4210db63f2022e35eb","isMergeCommit":false,"messageTitle":"Make command messages for readable by adding new lines","messageBody":"","fileTypesAndContributionMap":{"functional-code":{"insertions":3,"deletions":1}}},{"hash":"03f739142b3291a2202cb70703ad4b52700c12e0","isMergeCommit":false,"messageTitle":"Remove redundant statements","messageBody":"","fileTypesAndContributionMap":{"docs":{"insertions":1,"deletions":7}}},{"hash":"5ead8ded480d1d8695890d4c22d2fc7bde51f5f0","isMergeCommit":false,"messageTitle":"Fix long name exceeding box size","messageBody":"","fileTypesAndContributionMap":{"functional-code":{"insertions":8,"deletions":1}}},{"hash":"42a69dabddb4448f5ae469e3c00c540b7366575e","isMergeCommit":false,"messageTitle":"Clarify use case of listing meetings","messageBody":"","fileTypesAndContributionMap":{"docs":{"insertions":1,"deletions":1}}},{"hash":"0e7b17ded2929e18f3847b04e052a2abe3ad9ad4","isMergeCommit":false,"messageTitle":"Fix typo for delete meeting header","messageBody":"","fileTypesAndContributionMap":{"docs":{"insertions":1,"deletions":1}}},{"hash":"00b7f549787f7333487aef8f0579ef962b465f54","isMergeCommit":false,"messageTitle":"Fix typo","messageBody":"","fileTypesAndContributionMap":{"docs":{"insertions":1,"deletions":1}}},{"hash":"532fbcb85c0c514979f6c7e701b2a83962f65ba0","isMergeCommit":false,"messageTitle":"Specify that extraneous parameters for list command will be ignored","messageBody":"","fileTypesAndContributionMap":{"docs":{"insertions":2,"deletions":0}}},{"hash":"2008b29a08bdd83d11d24016e6a65a78de4de506","isMergeCommit":false,"messageTitle":"Clarify prerequisits when deleting a contact","messageBody":"","fileTypesAndContributionMap":{"docs":{"insertions":6,"deletions":1}}},{"hash":"dac73afc824352c7ae58fba3b469f13f3a62e560","isMergeCommit":false,"messageTitle":"Fix typo","messageBody":"","fileTypesAndContributionMap":{"docs":{"insertions":1,"deletions":1}}},{"hash":"5f57042ec5c4333abb4ccbd9e4eb2da290dbff15","isMergeCommit":false,"messageTitle":"Fix checks","messageBody":"","fileTypesAndContributionMap":{"docs":{"insertions":5,"deletions":5}}},{"hash":"add3ea97dc3276e951f15f10a80efd353ad03523","isMergeCommit":true,"messageTitle":"Merge pull request #234 from JuhromeAlexander/Fix-Find-Multiple-Params","messageBody":"Fix Find Command unintended behaviour","fileTypesAndContributionMap":{}},{"hash":"33d86183c36fd424ea23ef288b27a63c2ad64388","isMergeCommit":true,"messageTitle":"Merge pull request #236 from JuhromeAlexander/Fix-Errors-For-Invalid-Date","messageBody":"Fix datetime parser issue for invalid dates","fileTypesAndContributionMap":{}}]}],"gn07":[{"date":"2025-04-07","commitResults":[{"hash":"2159c731a9da0a3026c8f0b4900fc6693d837803","isMergeCommit":true,"messageTitle":"Merge pull request #237 from JuhromeAlexander/Fix-Importance-Display-Error","messageBody":"Fix importance display error","fileTypesAndContributionMap":{}},{"hash":"d5699dd73d0f286596199a668293128d85fe1d45","isMergeCommit":true,"messageTitle":"Merge pull request #238 from JuhromeAlexander/Fix-Sort-Error-Message-Display","messageBody":"Fix error message that stated wrong sort parameters","fileTypesAndContributionMap":{}},{"hash":"6e3a3a6f13dbe0046eea576af4cf80ae623dfded","isMergeCommit":false,"messageTitle":"bug: fix addmeeting command examples","messageBody":"","fileTypesAndContributionMap":{"docs":{"insertions":2,"deletions":2}}},{"hash":"8d91aff36140fe5d00d939cc4ba7b5f9615ab1ab","isMergeCommit":false,"messageTitle":"bug: update addmeeting command to be more specific","messageBody":"","fileTypesAndContributionMap":{"functional-code":{"insertions":1,"deletions":1}}},{"hash":"a3c0c153472615f371ac44a50fcf129544ab8c1e","isMergeCommit":false,"messageTitle":"style: fix checkstyle error","messageBody":"","fileTypesAndContributionMap":{"functional-code":{"insertions":2,"deletions":1}}},{"hash":"e2c3b39bf1e3cdb5d51b8ffe82047ec8a00b0cd1","isMergeCommit":true,"messageTitle":"Merge pull request #240 from JuhromeAlexander/Fix-UG-Command-Summary","messageBody":"Update UG and DG with fixed command implementations","fileTypesAndContributionMap":{}},{"hash":"dbb47d4e8b3690396a5b166b4dc22eb4e4ebc94b","isMergeCommit":false,"messageTitle":"bug: fix meeting creation with same person at same time","messageBody":"","fileTypesAndContributionMap":{"functional-code":{"insertions":27,"deletions":16},"test-code":{"insertions":1,"deletions":1}}},{"hash":"56c8db053344e612a69098324a1d74d9f14f4871","isMergeCommit":true,"messageTitle":"Merge branch \u0027master\u0027 into addmeeting-bugs","messageBody":"","fileTypesAndContributionMap":{}},{"hash":"6bebdd7af0366d848196b95985933f9ff739ca9b","isMergeCommit":false,"messageTitle":"style: fix check style errors","messageBody":"","fileTypesAndContributionMap":{"functional-code":{"insertions":4,"deletions":3}}},{"hash":"e5cccde367494acb4aefc516a801bec11119ae4f","isMergeCommit":false,"messageTitle":"test: fix test fails","messageBody":"","fileTypesAndContributionMap":{"test-code":{"insertions":1,"deletions":1}}},{"hash":"53808bb12653c0477142e764d822af4476a5fe86","isMergeCommit":false,"messageTitle":"bug: reduce help window default size","messageBody":"","fileTypesAndContributionMap":{"functional-code":{"insertions":1,"deletions":1}}},{"hash":"a13ccd60df7c15c785be34eef67106aee6eb5e5e","isMergeCommit":false,"messageTitle":"bug: help window cannot render special characters","messageBody":"","fileTypesAndContributionMap":{"functional-code":{"insertions":1,"deletions":1}}},{"hash":"aaab444a4ed37745d8a7c2d32eb7345488e17b01","isMergeCommit":false,"messageTitle":"bug: update error message for delete and edit","messageBody":"","fileTypesAndContributionMap":{"functional-code":{"insertions":55,"deletions":7},"test-code":{"insertions":8,"deletions":6}}},{"hash":"32f2c8ffc6e69cef420673bd4ee7aa0ad49503cc","isMergeCommit":true,"messageTitle":"Merge branch \u0027master\u0027 into delete-meeting","messageBody":"","fileTypesAndContributionMap":{}}]}]},"authorFileTypeContributionMap":{"matthanfoo":{"docs":2,"functional-code":6,"test-code":10},"JuhromeAlexander":{"docs":47,"functional-code":35,"test-code":0},"zephaniahong":{"docs":20,"functional-code":4,"test-code":0,"other":1},"gn07":{"docs":2,"functional-code":87,"test-code":10}},"authorContributionVariance":{"matthanfoo":945.1875,"JuhromeAlexander":3942.1875,"zephaniahong":1386.75,"gn07":3834.1875},"authorDisplayNameMap":{"matthanfoo":"CS2103-W11-2 MATT..IANG","JuhromeAlexander":"CS2103-W11-2 MUHA..INYI","zephaniahong":"CS2103-W11-2 ONG ..NIAH","gn07":"CS2103-W11-2 GRAC..E NG"}}
