{"authorDailyContributionsMap":{"matthanfoo":[],"JuhromeAlexander":[],"zephaniahong":[],"gn07":[]},"authorFileTypeContributionMap":{"matthanfoo":{"docs":0,"functional-code":0,"test-code":0},"JuhromeAlexander":{"docs":0,"functional-code":0,"test-code":0},"zephaniahong":{"docs":0,"functional-code":0,"test-code":0},"gn07":{"docs":0,"functional-code":0,"test-code":0}},"authorContributionVariance":{"matthanfoo":0.0,"JuhromeAlexander":0.0,"zephaniahong":0.0,"gn07":0.0},"authorDisplayNameMap":{"matthanfoo":"CS2103-W11-2 MATT..IANG","JuhromeAlexander":"CS2103-W11-2 MUHA..INYI","zephaniahong":"CS2103-W11-2 ONG ..NIAH","gn07":"CS2103-W11-2 GRAC..E NG"}}
