{"authorDailyContributionsMap":{"liy722":[],"Seethevon":[{"date":"2025-04-05","commitResults":[{"hash":"6d89c38a5ced707a62c801925536d6796ecd7aac","isMergeCommit":false,"messageTitle":"Change addressbook.json to classhive.json","messageBody":"","fileTypesAndContributionMap":{"functional-code":{"insertions":1,"deletions":1},"other":{"insertions":1,"deletions":1},"test-code":{"insertions":2,"deletions":2}}},{"hash":"7f90f809c7bdecfc5b32e80c997709b1b815b67b","isMergeCommit":false,"messageTitle":"Correct find phone number example","messageBody":"","fileTypesAndContributionMap":{"docs":{"insertions":1,"deletions":1}}},{"hash":"8b480f4735bbf484b05a26b00bf591d3a26044be","isMergeCommit":false,"messageTitle":"Update error message for find feature","messageBody":"","fileTypesAndContributionMap":{"functional-code":{"insertions":2,"deletions":1}}},{"hash":"43aab7248329f57938f4af72710eb1c7938c1a64","isMergeCommit":false,"messageTitle":"Fix favourite success message","messageBody":"","fileTypesAndContributionMap":{"functional-code":{"insertions":3,"deletions":2}}},{"hash":"35f6c3acde742fdd6a1ab66ba75bc2073d33bdb2","isMergeCommit":false,"messageTitle":"Adhere to checkstyle","messageBody":"","fileTypesAndContributionMap":{"functional-code":{"insertions":2,"deletions":2}}},{"hash":"eeb5c5a680277b1b37bce611c2bb844bfc0881a5","isMergeCommit":false,"messageTitle":"Fix test cases","messageBody":"","fileTypesAndContributionMap":{"test-code":{"insertions":4,"deletions":3}}}]},{"date":"2025-04-07","commitResults":[{"hash":"834ffb227b2199e6b7d66fcd53f5bfe40a5a43d7","isMergeCommit":true,"messageTitle":"Merge pull request #202 from ambertan77/edit-name-restrictions","messageBody":"Modify Name restrictions","fileTypesAndContributionMap":{}},{"hash":"e4fe29b17bb1ec3c81601aa9ce5d6cc6c3bb15cf","isMergeCommit":true,"messageTitle":"Merge pull request #203 from ambertan77/edit-phone-restrictions","messageBody":"Modify Phone restrictions","fileTypesAndContributionMap":{}},{"hash":"2d34dd5c1187b0702eae40866fb95e62d0792a6a","isMergeCommit":true,"messageTitle":"Merge pull request #206 from minnibb/update-lastfixes-7apr","messageBody":"Add date added field into UI","fileTypesAndContributionMap":{}}]}],"ambertan77":[{"date":"2025-04-06","commitResults":[{"hash":"9d0421cab1921e8f128c48e38e9753820d41a0d5","isMergeCommit":true,"messageTitle":"Merge pull request #198 from Seethevon/branch-fix-favourite-success-message","messageBody":"Fix favourite success message","fileTypesAndContributionMap":{}},{"hash":"3a594fec3c3e1c06ae5a8a44402024b1f8833f1b","isMergeCommit":true,"messageTitle":"Merge pull request #197 from Seethevon/branch-find-feature-error-message","messageBody":"Update error message for find feature","fileTypesAndContributionMap":{}},{"hash":"fb8aa92bf523ce887f566c925196789d312aa744","isMergeCommit":true,"messageTitle":"Merge pull request #196 from Seethevon/branch-fix-ug-find-example","messageBody":"Correct find phone number example","fileTypesAndContributionMap":{}},{"hash":"5c86d58bd297c8d05c0cb04d97393f0e56c1b0c3","isMergeCommit":true,"messageTitle":"Merge pull request #194 from Seethevon/branch-change-addressbook-to-classhive","messageBody":"Change addressbook.json to classhive.json","fileTypesAndContributionMap":{}}]},{"date":"2025-04-07","commitResults":[{"hash":"1d37c0b0d45e411dabc27f10231c7f6186b716d4","isMergeCommit":false,"messageTitle":"Name.java: Allow special characters in the Name of a Person","messageBody":"","fileTypesAndContributionMap":{"functional-code":{"insertions":1,"deletions":1}}},{"hash":"ae63b00cbeed9a4bc79b5846f4f1b44529751a86","isMergeCommit":false,"messageTitle":"Add a limit to the length of valid name","messageBody":"","fileTypesAndContributionMap":{"functional-code":{"insertions":1,"deletions":1}}},{"hash":"d8d79be0f01d122f24c170507db394c919dd7a56","isMergeCommit":false,"messageTitle":"Name.java: Modify equals() method","messageBody":"","fileTypesAndContributionMap":{"functional-code":{"insertions":7,"deletions":1}}},{"hash":"6daf48af0429e91b74490fabe7c7c7cb98e2bff0","isMergeCommit":false,"messageTitle":"Modify test cases to test new restrictions on Name","messageBody":"","fileTypesAndContributionMap":{"test-code":{"insertions":11,"deletions":3}}},{"hash":"ef2b886c04cff175c545b99477be9af4f386d151","isMergeCommit":false,"messageTitle":"Modify test cases","messageBody":"","fileTypesAndContributionMap":{"test-code":{"insertions":8,"deletions":8}}},{"hash":"8356ea4f1f02dfd1f9c8802568ba14ff5a9d06df","isMergeCommit":false,"messageTitle":"Name.java: Edit constraints message","messageBody":"","fileTypesAndContributionMap":{"functional-code":{"insertions":1,"deletions":1}}},{"hash":"7f509a7558c0d1c3c1290c48d8dc6553c70c11bf","isMergeCommit":false,"messageTitle":"Add acknowledgements for code reuse in Developer Guide","messageBody":"","fileTypesAndContributionMap":{"docs":{"insertions":2,"deletions":1}}},{"hash":"c468bd1a70b832359db0a10064a3be0da6d8a923","isMergeCommit":false,"messageTitle":"Modify validation rules for Phone","messageBody":"","fileTypesAndContributionMap":{"functional-code":{"insertions":2,"deletions":2}}},{"hash":"0e8a746ceffde4675c095e3b91069b39ce624a55","isMergeCommit":false,"messageTitle":"TypicalPersons.java: Edit phone numbers","messageBody":"","fileTypesAndContributionMap":{"test-code":{"insertions":6,"deletions":6}}},{"hash":"3f6427f665b7e963e9d31fdfac8dfde53d0ecd9f","isMergeCommit":false,"messageTitle":"Modify test cases","messageBody":"","fileTypesAndContributionMap":{"test-code":{"insertions":16,"deletions":17}}}]}],"minnibb":[{"date":"2025-04-07","commitResults":[{"hash":"e36995a6bbf583190536a66a8ec80124b7edac85","isMergeCommit":false,"messageTitle":"Add date added field into UI","messageBody":"","fileTypesAndContributionMap":{"functional-code":{"insertions":12,"deletions":1}}},{"hash":"e80afea1450059009b2b9c0bfa9ed4dc60881dec","isMergeCommit":false,"messageTitle":"fixed minor errors","messageBody":"","fileTypesAndContributionMap":{"functional-code":{"insertions":0,"deletions":1}}},{"hash":"c404e2755325cdad4b21c86f5bea7e50f260a012","isMergeCommit":false,"messageTitle":"Fixed minor errors","messageBody":"","fileTypesAndContributionMap":{"functional-code":{"insertions":1,"deletions":2}}},{"hash":"cc44852abbcdec780e527ac5e0c547a75628be4d","isMergeCommit":false,"messageTitle":"Fixed minor errors","messageBody":"","fileTypesAndContributionMap":{"functional-code":{"insertions":1,"deletions":1}}},{"hash":"cf735b204a888544db63e87b5350e952c0d443ec","isMergeCommit":false,"messageTitle":"add test case for UI date field","messageBody":"","fileTypesAndContributionMap":{"test-code":{"insertions":6,"deletions":0}}},{"hash":"07b4d9581dedbfe119b49b48ba05980292ded0a8","isMergeCommit":false,"messageTitle":"remove white spaces","messageBody":"","fileTypesAndContributionMap":{"test-code":{"insertions":1,"deletions":2}}},{"hash":"d803adb3a5b62d19b3b7107846cd99ef60f11d76","isMergeCommit":false,"messageTitle":"remove white spaces","messageBody":"","fileTypesAndContributionMap":{"test-code":{"insertions":0,"deletions":1}}},{"hash":"be24c7df370508f528f5ebed700269bf0cd1ab4e","isMergeCommit":false,"messageTitle":"Fixed test case","messageBody":"","fileTypesAndContributionMap":{"test-code":{"insertions":15,"deletions":3}}},{"hash":"c273d31055cdb9bd74824e3db7188a58fdc3f68c","isMergeCommit":false,"messageTitle":"Fixed test case issues","messageBody":"","fileTypesAndContributionMap":{"test-code":{"insertions":1,"deletions":0}}},{"hash":"2dad1be3c19721d067f42fcdd56b7a216a6c9b6a","isMergeCommit":false,"messageTitle":"Trying to fix test case","messageBody":"","fileTypesAndContributionMap":{"test-code":{"insertions":2,"deletions":2}}},{"hash":"997a41a02f8082d02921edcb34e0726f4d64d47e","isMergeCommit":false,"messageTitle":"Change text information and remove test cases","messageBody":"","fileTypesAndContributionMap":{"functional-code":{"insertions":1,"deletions":1},"test-code":{"insertions":0,"deletions":18}}}]}]},"authorFileTypeContributionMap":{"liy722":{"docs":0,"functional-code":0,"test-code":0},"Seethevon":{"docs":1,"functional-code":5,"test-code":6,"other":1},"ambertan77":{"docs":2,"functional-code":6,"test-code":41},"minnibb":{"docs":0,"functional-code":10,"test-code":0}},"authorContributionVariance":{"liy722":0.0,"Seethevon":186.88887,"ambertan77":2048.0,"minnibb":1152.0},"authorDisplayNameMap":{"liy722":"CS2103T-F13-4 LI Y..ANER","Seethevon":"CS2103T-F13-4 SEEV..FUNG","ambertan77":"CS2103T-F13-4 AMBE..NING","minnibb":"CS2103T-F13-4 GOH ..RIAN"}}
