{"authorDailyContributionsMap":{"jamesberyl":[{"date":"2025-04-05","commitResults":[{"hash":"6bc2e7d0d3289c1655e8299568b303c368d76b69","isMergeCommit":false,"messageTitle":"add parseWeddingId check","messageBody":"","fileTypesAndContributionMap":{"functional-code":{"insertions":18,"deletions":34}}},{"hash":"c66d5a3302b7746f0494ad31517f713c9270137d","isMergeCommit":false,"messageTitle":"Update tests for invalid wedding id","messageBody":"","fileTypesAndContributionMap":{"test-code":{"insertions":14,"deletions":7}}},{"hash":"168c586ed99bdc7c03f017eb86c1e1866099f659","isMergeCommit":false,"messageTitle":"fix checkstyle","messageBody":"","fileTypesAndContributionMap":{"functional-code":{"insertions":0,"deletions":1}}}]},{"date":"2025-04-06","commitResults":[{"hash":"f1ddde992f069df65d7ca8c3bb15999fa7ce379e","isMergeCommit":false,"messageTitle":"fix message usage to include square brackets to indicate optional fields","messageBody":"","fileTypesAndContributionMap":{"functional-code":{"insertions":3,"deletions":3}}},{"hash":"59007470a7b65dbb21dccc014cb81107ab4aff32","isMergeCommit":true,"messageTitle":"Merge pull request #267 from jamesberyl/fix-bugs-PE","messageBody":"Fix invalid wedding id error bugs - pe dry run","fileTypesAndContributionMap":{}},{"hash":"d6a1c62d5c6d24b09285332252ed4b1d5accb062","isMergeCommit":false,"messageTitle":"Add role field","messageBody":"","fileTypesAndContributionMap":{"docs":{"insertions":1,"deletions":0}}},{"hash":"9d94a98f44873ba11d712e9c155a0cf4f9ad8b3d","isMergeCommit":false,"messageTitle":"Fix grammatical error","messageBody":"","fileTypesAndContributionMap":{"docs":{"insertions":1,"deletions":1}}},{"hash":"cc9d43885e10399028926036f5d82fd5425831f5","isMergeCommit":false,"messageTitle":"Make user stories clearer","messageBody":"","fileTypesAndContributionMap":{"docs":{"insertions":19,"deletions":19}}}]}],"GrassHeadd":[{"date":"2025-04-05","commitResults":[{"hash":"a5bc2f1595955069056e4836ced8e39149eb48cf","isMergeCommit":false,"messageTitle":"Update Name.java","messageBody":"","fileTypesAndContributionMap":{"functional-code":{"insertions":2,"deletions":2}}},{"hash":"3c751b90ad0b709746eab24300cccad2b8ad6ec7","isMergeCommit":false,"messageTitle":"Update Name.java","messageBody":"","fileTypesAndContributionMap":{"functional-code":{"insertions":2,"deletions":2}}},{"hash":"46806611eccc9a4f9575f4f8ca0343eabb44e8e7","isMergeCommit":false,"messageTitle":"fix tests","messageBody":"","fileTypesAndContributionMap":{"test-code":{"insertions":3,"deletions":2}}}]},{"date":"2025-04-06","commitResults":[{"hash":"1a0aab53297b23c7d41d8e00bfa326b26eeb34bc","isMergeCommit":false,"messageTitle":"update all invalid example dates","messageBody":"","fileTypesAndContributionMap":{"functional-code":{"insertions":2,"deletions":2},"docs":{"insertions":9,"deletions":9}}},{"hash":"424f46256b0a88ef2d1b6479283efbf32d4a208e","isMergeCommit":false,"messageTitle":"edit in feature now consistent with actual feature","messageBody":"","fileTypesAndContributionMap":{"docs":{"insertions":1,"deletions":1}}},{"hash":"0acef843989be186f948c378edb4f2f1e2b59897","isMergeCommit":false,"messageTitle":"multiple fixes","messageBody":"1. fix filter command not specially displaying error message for filtering negative index\n2. fix no description for API for the components hyperlink in API\n3.\n","fileTypesAndContributionMap":{"functional-code":{"insertions":9,"deletions":1},"docs":{"insertions":6,"deletions":4}}},{"hash":"3a425a9ca0179e1bcb55464829461253d10885ce","isMergeCommit":false,"messageTitle":"fix tests of editWedding and weddingId","messageBody":"","fileTypesAndContributionMap":{"functional-code":{"insertions":3,"deletions":10},"test-code":{"insertions":128,"deletions":24}}},{"hash":"f73c97d88c244f4bd8325366da90387aa347f63d","isMergeCommit":false,"messageTitle":"Update FilterCommandParserTest.java","messageBody":"","fileTypesAndContributionMap":{"test-code":{"insertions":4,"deletions":0}}},{"hash":"5fa1e47f4e1c18bf5489d46c0e365e1085377625","isMergeCommit":false,"messageTitle":"Update FilterCommandParserTest.java","messageBody":"","fileTypesAndContributionMap":{"test-code":{"insertions":13,"deletions":0}}},{"hash":"1fe36d654d68565494f6e4baed81cfec968b0d3b","isMergeCommit":false,"messageTitle":"Update FilterCommandParserTest.java","messageBody":"","fileTypesAndContributionMap":{"test-code":{"insertions":2,"deletions":4}}},{"hash":"cd6676c6822cb5a35d7948317948bb0c54d0f959","isMergeCommit":false,"messageTitle":"Update WeddingIdTest.java","messageBody":"","fileTypesAndContributionMap":{"test-code":{"insertions":6,"deletions":2}}},{"hash":"1c87dbd0d48937b4c3fa78593bd1a8d92760c5ab","isMergeCommit":false,"messageTitle":"Update EditWeddingCommandParserTest.java","messageBody":"","fileTypesAndContributionMap":{"test-code":{"insertions":0,"deletions":2}}},{"hash":"4396164290432256320b08cab7235b0b63836d4b","isMergeCommit":false,"messageTitle":"change edit, filter and tag command to detect negative","messageBody":"","fileTypesAndContributionMap":{"functional-code":{"insertions":12,"deletions":10},"test-code":{"insertions":6,"deletions":7}}},{"hash":"452fe9acf067117fe45e9e3b36cbee522b3bd37a","isMergeCommit":true,"messageTitle":"Merge pull request #265 from GrassHeadd/fix-spaces-twice-in-invalid-name-error","messageBody":"Fix bugs","fileTypesAndContributionMap":{}}]}],"weiyanminoo":[{"date":"2025-04-06","commitResults":[{"hash":"11ff781da024f5991d21b7046cdd4f8f33df0838","isMergeCommit":true,"messageTitle":"Merge pull request #271 from jamesberyl/fix-documentation-bugs","messageBody":"Fix documentation bugs (beryl)","fileTypesAndContributionMap":{}}]}],"glennliew":[{"date":"2025-04-06","commitResults":[{"hash":"1812f77775ad7ae3773b44833aa48b541e262afd","isMergeCommit":false,"messageTitle":"Fix grammar in DG","messageBody":"","fileTypesAndContributionMap":{"docs":{"insertions":1,"deletions":1}}},{"hash":"b3179c637e534b9851ab2b28e3d30b7392df5c71","isMergeCommit":false,"messageTitle":"Add more constraints for phone number","messageBody":"","fileTypesAndContributionMap":{"functional-code":{"insertions":4,"deletions":4}}},{"hash":"f7cb4d344f4a65033fca901030e742e299721d5a","isMergeCommit":false,"messageTitle":"Fix constraints","messageBody":"","fileTypesAndContributionMap":{"functional-code":{"insertions":18,"deletions":3}}},{"hash":"0d4b1d189b42234c823a2df44179535a53d4546a","isMergeCommit":false,"messageTitle":"Fix checkstyle","messageBody":"","fileTypesAndContributionMap":{"functional-code":{"insertions":2,"deletions":1}}},{"hash":"ae55ffa7c234035e165ddee6b7eddeb3d2bedb94","isMergeCommit":false,"messageTitle":"Add constraints for spaces","messageBody":"","fileTypesAndContributionMap":{"functional-code":{"insertions":8,"deletions":1},"test-code":{"insertions":23,"deletions":19}}},{"hash":"f058eb4a8acf1a35d1d5ff6f893531f982fccdf3","isMergeCommit":false,"messageTitle":"Fix checkstyle","messageBody":"","fileTypesAndContributionMap":{"test-code":{"insertions":1,"deletions":1}}},{"hash":"ac1b24f8986082552a2982a17b6972fe8a603e0e","isMergeCommit":false,"messageTitle":"Fix checkstyle","messageBody":"","fileTypesAndContributionMap":{"test-code":{"insertions":3,"deletions":3}}},{"hash":"229308a2b8f9f1db05ed647ffc6090e07e9e2e51","isMergeCommit":true,"messageTitle":"Merge branch \u0027master\u0027 into fix-phonenumberlimit","messageBody":"","fileTypesAndContributionMap":{}},{"hash":"616baa7cbe7a2c7dfc777f5302d6a9fc4e44866c","isMergeCommit":false,"messageTitle":"Resolve conflicts","messageBody":"","fileTypesAndContributionMap":{"test-code":{"insertions":17,"deletions":17}}},{"hash":"b04fb669a2b8ebd57aef60852d86807f341d63bd","isMergeCommit":false,"messageTitle":"Fix tests","messageBody":"","fileTypesAndContributionMap":{"test-code":{"insertions":2,"deletions":2}}},{"hash":"6e5138f86e9bca9e987691e9fda27bc3dd332e33","isMergeCommit":true,"messageTitle":"Merge pull request #270 from glennliew/fix-phonenumberlimit","messageBody":"Add phone number constraints and support for country codes","fileTypesAndContributionMap":{}}]}],"gengyudong":[]},"authorFileTypeContributionMap":{"jamesberyl":{"docs":5,"functional-code":9,"test-code":14},"GrassHeadd":{"docs":16,"functional-code":15,"test-code":144},"weiyanminoo":{"docs":0,"functional-code":0,"test-code":0},"glennliew":{"docs":0,"functional-code":26,"test-code":11},"gengyudong":{"docs":0,"functional-code":0,"test-code":0}},"authorContributionVariance":{"jamesberyl":182.25,"GrassHeadd":17424.0,"weiyanminoo":0.0,"glennliew":4290.25,"gengyudong":0.0},"authorDisplayNameMap":{"jamesberyl":"CS2103T-F12-2 ARUL..ERYL","GrassHeadd":"CS2103T-F12-2 HU J..NJIE","weiyanminoo":"CS2103T-F12-2 WEI ..N OO","glennliew":"CS2103T-F12-2 GLEN..I YI","gengyudong":"CS2103T-F12-2 GENG..DONG"}}
