{"authorDailyContributionsMap":{"jamesberyl":[{"date":"2025-04-05","commitResults":[{"hash":"6bc2e7d0d3289c1655e8299568b303c368d76b69","isMergeCommit":false,"messageTitle":"add parseWeddingId check","messageBody":"","fileTypesAndContributionMap":{"functional-code":{"insertions":18,"deletions":34}}},{"hash":"c66d5a3302b7746f0494ad31517f713c9270137d","isMergeCommit":false,"messageTitle":"Update tests for invalid wedding id","messageBody":"","fileTypesAndContributionMap":{"test-code":{"insertions":14,"deletions":7}}},{"hash":"168c586ed99bdc7c03f017eb86c1e1866099f659","isMergeCommit":false,"messageTitle":"fix checkstyle","messageBody":"","fileTypesAndContributionMap":{"functional-code":{"insertions":0,"deletions":1}}}]},{"date":"2025-04-06","commitResults":[{"hash":"f1ddde992f069df65d7ca8c3bb15999fa7ce379e","isMergeCommit":false,"messageTitle":"fix message usage to include square brackets to indicate optional fields","messageBody":"","fileTypesAndContributionMap":{"functional-code":{"insertions":3,"deletions":3}}},{"hash":"59007470a7b65dbb21dccc014cb81107ab4aff32","isMergeCommit":true,"messageTitle":"Merge pull request #267 from jamesberyl/fix-bugs-PE","messageBody":"Fix invalid wedding id error bugs - pe dry run","fileTypesAndContributionMap":{}},{"hash":"d6a1c62d5c6d24b09285332252ed4b1d5accb062","isMergeCommit":false,"messageTitle":"Add role field","messageBody":"","fileTypesAndContributionMap":{"docs":{"insertions":1,"deletions":0}}},{"hash":"9d94a98f44873ba11d712e9c155a0cf4f9ad8b3d","isMergeCommit":false,"messageTitle":"Fix grammatical error","messageBody":"","fileTypesAndContributionMap":{"docs":{"insertions":1,"deletions":1}}},{"hash":"cc9d43885e10399028926036f5d82fd5425831f5","isMergeCommit":false,"messageTitle":"Make user stories clearer","messageBody":"","fileTypesAndContributionMap":{"docs":{"insertions":19,"deletions":19}}}]},{"date":"2025-04-08","commitResults":[{"hash":"9ac9ae1cd38fe26b880901a795b78800aa6f3395","isMergeCommit":false,"messageTitle":"Remove model stub since it is abstracted out","messageBody":"","fileTypesAndContributionMap":{"test-code":{"insertions":0,"deletions":149}}},{"hash":"5c484f12ed022b6ef77b2f033d177cee5463b931","isMergeCommit":false,"messageTitle":"Add tests","messageBody":"","fileTypesAndContributionMap":{"test-code":{"insertions":21,"deletions":0}}},{"hash":"70c50bb7a71000d6744c57abdcdcc7d7a5f5b799","isMergeCommit":false,"messageTitle":"Fix checkstyle","messageBody":"","fileTypesAndContributionMap":{"test-code":{"insertions":0,"deletions":8}}},{"hash":"dbe2faac7250e8b8136687dfcf6c40948612a240","isMergeCommit":false,"messageTitle":"Fix examples","messageBody":"","fileTypesAndContributionMap":{"docs":{"insertions":20,"deletions":10}}},{"hash":"2003674a56eff5080c37423e8ee981ee63628c90","isMergeCommit":false,"messageTitle":"Fix examples","messageBody":"","fileTypesAndContributionMap":{"docs":{"insertions":4,"deletions":2}}},{"hash":"45434634694baa1b82c5f700e2c1c2bb14ce7a3b","isMergeCommit":false,"messageTitle":"Add line breaks","messageBody":"","fileTypesAndContributionMap":{"docs":{"insertions":5,"deletions":1}}},{"hash":"e0d71ac92bdc561ed168e0a02924b79414f899de","isMergeCommit":false,"messageTitle":"Remove line","messageBody":"","fileTypesAndContributionMap":{"docs":{"insertions":0,"deletions":1}}},{"hash":"635343f8c3f7573c92408bf21a26d98090b20b7f","isMergeCommit":true,"messageTitle":"merge master into update-UG","messageBody":"# Conflicts:\n#\tdocs/UserGuide.md\n","fileTypesAndContributionMap":{}},{"hash":"82e7c5bcdf558fe2f1b46fb57c308e46d66a8b14","isMergeCommit":false,"messageTitle":"Remove line","messageBody":"","fileTypesAndContributionMap":{"docs":{"insertions":0,"deletions":1}}},{"hash":"fb7464eafb2489acd7f16a0e5cfd7a7884266dbb","isMergeCommit":false,"messageTitle":"Update planned enhancements","messageBody":"","fileTypesAndContributionMap":{"docs":{"insertions":18,"deletions":0}}},{"hash":"afa1b9f75edb3aea94ea481e409ef77243f71fdc","isMergeCommit":false,"messageTitle":"Fix checkstyle","messageBody":"","fileTypesAndContributionMap":{"docs":{"insertions":1,"deletions":1}}},{"hash":"6be2445ac5d9bf911d4b622a2103adb98d009e2b","isMergeCommit":false,"messageTitle":"Add enhancements","messageBody":"","fileTypesAndContributionMap":{"docs":{"insertions":11,"deletions":0}}},{"hash":"05397e584a239a000341a8bf1bc61283ad1a9845","isMergeCommit":false,"messageTitle":"Fix checkstyle","messageBody":"","fileTypesAndContributionMap":{"docs":{"insertions":0,"deletions":1}}},{"hash":"a39508c24a6db483c5fcdbe974867068af72f2e3","isMergeCommit":true,"messageTitle":"Merge pull request #289 from jamesberyl/add-DG","messageBody":"Update planned enhancements","fileTypesAndContributionMap":{}},{"hash":"c7ff353de31cfd720fed61ec3e7bd7b8695d9043","isMergeCommit":false,"messageTitle":"Add enhancement","messageBody":"","fileTypesAndContributionMap":{"docs":{"insertions":5,"deletions":0}}},{"hash":"a97d4b8e7ec4a79b367a3a2dc610f63e14deae0d","isMergeCommit":true,"messageTitle":"Merge pull request #293 from jamesberyl/add-enhancements","messageBody":"Add enhancement","fileTypesAndContributionMap":{}}]}],"GrassHeadd":[{"date":"2025-04-05","commitResults":[{"hash":"a5bc2f1595955069056e4836ced8e39149eb48cf","isMergeCommit":false,"messageTitle":"Update Name.java","messageBody":"","fileTypesAndContributionMap":{"functional-code":{"insertions":2,"deletions":2}}},{"hash":"3c751b90ad0b709746eab24300cccad2b8ad6ec7","isMergeCommit":false,"messageTitle":"Update Name.java","messageBody":"","fileTypesAndContributionMap":{"functional-code":{"insertions":2,"deletions":2}}},{"hash":"46806611eccc9a4f9575f4f8ca0343eabb44e8e7","isMergeCommit":false,"messageTitle":"fix tests","messageBody":"","fileTypesAndContributionMap":{"test-code":{"insertions":3,"deletions":2}}}]},{"date":"2025-04-06","commitResults":[{"hash":"1a0aab53297b23c7d41d8e00bfa326b26eeb34bc","isMergeCommit":false,"messageTitle":"update all invalid example dates","messageBody":"","fileTypesAndContributionMap":{"functional-code":{"insertions":2,"deletions":2},"docs":{"insertions":9,"deletions":9}}},{"hash":"424f46256b0a88ef2d1b6479283efbf32d4a208e","isMergeCommit":false,"messageTitle":"edit in feature now consistent with actual feature","messageBody":"","fileTypesAndContributionMap":{"docs":{"insertions":1,"deletions":1}}},{"hash":"0acef843989be186f948c378edb4f2f1e2b59897","isMergeCommit":false,"messageTitle":"multiple fixes","messageBody":"1. fix filter command not specially displaying error message for filtering negative index\n2. fix no description for API for the components hyperlink in API\n3.\n","fileTypesAndContributionMap":{"functional-code":{"insertions":9,"deletions":1},"docs":{"insertions":6,"deletions":4}}},{"hash":"3a425a9ca0179e1bcb55464829461253d10885ce","isMergeCommit":false,"messageTitle":"fix tests of editWedding and weddingId","messageBody":"","fileTypesAndContributionMap":{"functional-code":{"insertions":3,"deletions":10},"test-code":{"insertions":128,"deletions":24}}},{"hash":"f73c97d88c244f4bd8325366da90387aa347f63d","isMergeCommit":false,"messageTitle":"Update FilterCommandParserTest.java","messageBody":"","fileTypesAndContributionMap":{"test-code":{"insertions":4,"deletions":0}}},{"hash":"5fa1e47f4e1c18bf5489d46c0e365e1085377625","isMergeCommit":false,"messageTitle":"Update FilterCommandParserTest.java","messageBody":"","fileTypesAndContributionMap":{"test-code":{"insertions":13,"deletions":0}}},{"hash":"1fe36d654d68565494f6e4baed81cfec968b0d3b","isMergeCommit":false,"messageTitle":"Update FilterCommandParserTest.java","messageBody":"","fileTypesAndContributionMap":{"test-code":{"insertions":2,"deletions":4}}},{"hash":"cd6676c6822cb5a35d7948317948bb0c54d0f959","isMergeCommit":false,"messageTitle":"Update WeddingIdTest.java","messageBody":"","fileTypesAndContributionMap":{"test-code":{"insertions":6,"deletions":2}}},{"hash":"1c87dbd0d48937b4c3fa78593bd1a8d92760c5ab","isMergeCommit":false,"messageTitle":"Update EditWeddingCommandParserTest.java","messageBody":"","fileTypesAndContributionMap":{"test-code":{"insertions":0,"deletions":2}}},{"hash":"4396164290432256320b08cab7235b0b63836d4b","isMergeCommit":false,"messageTitle":"change edit, filter and tag command to detect negative","messageBody":"","fileTypesAndContributionMap":{"functional-code":{"insertions":12,"deletions":10},"test-code":{"insertions":6,"deletions":7}}},{"hash":"452fe9acf067117fe45e9e3b36cbee522b3bd37a","isMergeCommit":true,"messageTitle":"Merge pull request #265 from GrassHeadd/fix-spaces-twice-in-invalid-name-error","messageBody":"Fix bugs","fileTypesAndContributionMap":{}}]},{"date":"2025-04-08","commitResults":[{"hash":"710f2ddec3ab164805c20992b62b1221faeb0895","isMergeCommit":true,"messageTitle":"Merge pull request #278 from weiyanminoo/branch-Fix-Bugs","messageBody":"Modify formatting for examples","fileTypesAndContributionMap":{}},{"hash":"c599b040f89eb9f4faf382c142ea1b5f1eccfe6e","isMergeCommit":true,"messageTitle":"Merge pull request #281 from glennliew/edit-screenshots","messageBody":"Fix layout","fileTypesAndContributionMap":{}},{"hash":"ad32c95bd8f6fdd0df5c766ed787b9d77d7b767f","isMergeCommit":true,"messageTitle":"Merge pull request #280 from jamesberyl/fix-tests","messageBody":"Fix tests","fileTypesAndContributionMap":{}},{"hash":"2616cca9d288e6ebada1f63480abcc7cc379b742","isMergeCommit":false,"messageTitle":"Update DeveloperGuide.md","messageBody":"","fileTypesAndContributionMap":{"docs":{"insertions":31,"deletions":0}}},{"hash":"c77d1a3e23a51b4c1f61a48153bf4313a6341c8b","isMergeCommit":false,"messageTitle":"Update DeveloperGuide.md","messageBody":"","fileTypesAndContributionMap":{"docs":{"insertions":64,"deletions":1}}},{"hash":"5fc617d07d51fbba6a1c45abcf9a3e83dee244d3","isMergeCommit":true,"messageTitle":"Merge pull request #288 from GrassHeadd/update-DG-with-effort","messageBody":"Update DeveloperGuide.md with effort","fileTypesAndContributionMap":{}},{"hash":"8cb108015b5a121550b91065507573108acf4f50","isMergeCommit":false,"messageTitle":"Update DeveloperGuide.md","messageBody":"","fileTypesAndContributionMap":{"docs":{"insertions":51,"deletions":45}}},{"hash":"1d4892c53a2989932be2854b6ae8c8f284b02372","isMergeCommit":true,"messageTitle":"Merge pull request #291 from GrassHeadd/update-DG-with-effort","messageBody":"Update DeveloperGuide.md","fileTypesAndContributionMap":{}},{"hash":"82593636a6bcf53bf5a93b8c7f6052db113f19b2","isMergeCommit":false,"messageTitle":"Update DeveloperGuide.md","messageBody":"","fileTypesAndContributionMap":{"docs":{"insertions":49,"deletions":77}}},{"hash":"8d8c674fd529b916e90db652104bd93efedbb2c1","isMergeCommit":true,"messageTitle":"Merge pull request #295 from GrassHeadd/update-DG-with-effort","messageBody":"Update DeveloperGuide.md","tags":["v1.6"],"fileTypesAndContributionMap":{}}]}],"weiyanminoo":[{"date":"2025-04-05","commitResults":[{"hash":"f88747e01a5f6e9d36b2b2efc27b1c657cac6be0","isMergeCommit":true,"messageTitle":"Merge branch \u0027master\u0027 into branch-Fix-Bugs","messageBody":"","fileTypesAndContributionMap":{}},{"hash":"c882981fca6fa949990ecde7cf0863c3a443cfad","isMergeCommit":false,"messageTitle":"Modify DeleteWeddingCommand.java to fix bug in list being displayed","messageBody":"","fileTypesAndContributionMap":{"functional-code":{"insertions":12,"deletions":3}}},{"hash":"d18f1bab95e9f19f6497957102816be2c33c84e1","isMergeCommit":false,"messageTitle":"Update DeleteWeddingCommand.java to reduce lines of code","messageBody":"","fileTypesAndContributionMap":{"functional-code":{"insertions":1,"deletions":2}}}]},{"date":"2025-04-06","commitResults":[{"hash":"1cd9480ba218c80062928a6b28db2e4ac63ac24e","isMergeCommit":false,"messageTitle":"Update DeleteWeddingCommand.java to reduce LOC","messageBody":"","fileTypesAndContributionMap":{"functional-code":{"insertions":1,"deletions":2}}},{"hash":"6f5fa43bd32479d1eba3060b61fd4b929348184d","isMergeCommit":false,"messageTitle":"Update DeleteWeddingCommandTest.java","messageBody":"","fileTypesAndContributionMap":{"test-code":{"insertions":44,"deletions":2}}},{"hash":"26dbab9ba37426a6dc1a9f544b842b341ed44096","isMergeCommit":false,"messageTitle":"Update DeleteWeddingCommandTest.java","messageBody":"","fileTypesAndContributionMap":{"test-code":{"insertions":36,"deletions":24}}},{"hash":"582e05a36ef9526e9809b6b2f2c0c85eed795772","isMergeCommit":false,"messageTitle":"Update UntagCommand.java to show filtered lists if filter is applied before untag and full lists otherwise","messageBody":"","fileTypesAndContributionMap":{"functional-code":{"insertions":8,"deletions":2}}},{"hash":"dee14b293bc211f53b98d8796156a18e0a231d01","isMergeCommit":false,"messageTitle":"Update UntagCommandTest.java","messageBody":"","fileTypesAndContributionMap":{"test-code":{"insertions":61,"deletions":19}}},{"hash":"906feb8cd602f7e8058fdd9ae7912f8e19182478","isMergeCommit":false,"messageTitle":"Modify LogicManager.java to remove instance of pending confirmation command after next command is called","messageBody":"","fileTypesAndContributionMap":{"functional-code":{"insertions":7,"deletions":0}}},{"hash":"11ff781da024f5991d21b7046cdd4f8f33df0838","isMergeCommit":true,"messageTitle":"Merge pull request #271 from jamesberyl/fix-documentation-bugs","messageBody":"Fix documentation bugs (beryl)","fileTypesAndContributionMap":{}},{"hash":"ac40e2a53245f94c6cb5cf3f68e1bc0570a962e5","isMergeCommit":true,"messageTitle":"Merge branch \u0027master\u0027 of https://github.com/AY2425S2-CS2103T-F12-2/tp","messageBody":"","fileTypesAndContributionMap":{}},{"hash":"38ffe5393730fa287a3caed3f91cee47fb9a712d","isMergeCommit":true,"messageTitle":"Merge branch \u0027master\u0027 into branch-Fix-Bugs","messageBody":"","fileTypesAndContributionMap":{}},{"hash":"1c0375fd21ea20c18b9f5fcadbd936c1dd7bf24f","isMergeCommit":true,"messageTitle":"Merge pull request #266 from weiyanminoo/branch-Fix-Bugs","messageBody":"Fix Assigned Bugs (WY)","fileTypesAndContributionMap":{}}]},{"date":"2025-04-07","commitResults":[{"hash":"da057827fd89f8e7db531b336497a71b3df2fa86","isMergeCommit":true,"messageTitle":"Merge branch \u0027master\u0027 of https://github.com/AY2425S2-CS2103T-F12-2/tp","messageBody":"","fileTypesAndContributionMap":{}},{"hash":"8b27aa3f3291655f75d55503735bbdfc82632a9e","isMergeCommit":true,"messageTitle":"Merge branch \u0027master\u0027 into branch-Fix-Bugs","messageBody":"","fileTypesAndContributionMap":{}},{"hash":"13b3eb97461d39d6df43eb9ece6f12d9e4ea9829","isMergeCommit":false,"messageTitle":"Modify example in addWedding and EditWedding","messageBody":"","fileTypesAndContributionMap":{"functional-code":{"insertions":2,"deletions":2}}},{"hash":"399c4b81fee76dce24298ce805af587bc854433a","isMergeCommit":false,"messageTitle":"Update Quick Start in UG","messageBody":"","fileTypesAndContributionMap":{"docs":{"insertions":8,"deletions":4}}},{"hash":"25eafd2b0a12de2f70772eeb180e4ce9c868c91d","isMergeCommit":false,"messageTitle":"Modify formatting and grammar mistakes","messageBody":"","fileTypesAndContributionMap":{"docs":{"insertions":13,"deletions":9}}},{"hash":"f7dcc72cbc35bc26049fe583120c324bbdb7ee89","isMergeCommit":false,"messageTitle":"Edit Table of Contents","messageBody":"","fileTypesAndContributionMap":{"docs":{"insertions":2,"deletions":2}}}]},{"date":"2025-04-08","commitResults":[{"hash":"7d7dfb0fb7807179e9ecfd400d41d4c2297322f9","isMergeCommit":false,"messageTitle":"Update FAQs in UG","messageBody":"","fileTypesAndContributionMap":{"docs":{"insertions":53,"deletions":20}}},{"hash":"394850adbf07ada4785e2bdab07ceee09e7eadf7","isMergeCommit":true,"messageTitle":"Merge pull request #276 from gengyudong/edit-UG\u0026DG","messageBody":"Edit UG","fileTypesAndContributionMap":{}},{"hash":"c81483a4dc6379e643bd522f8a8f6924e0f904c6","isMergeCommit":true,"messageTitle":"Merge branch \u0027master\u0027 of https://github.com/AY2425S2-CS2103T-F12-2/tp","messageBody":"","fileTypesAndContributionMap":{}},{"hash":"41bf039dbd88e8da92976953c31f3cbfabac5d08","isMergeCommit":true,"messageTitle":"Merge branch \u0027master\u0027 into branch-Fix-Bugs","messageBody":"# Conflicts:\n#\tdocs/UserGuide.md\n","fileTypesAndContributionMap":{}},{"hash":"2507cfec67f742ca82968f9aba763f10f9acf23c","isMergeCommit":false,"messageTitle":"Update list command in UG","messageBody":"","fileTypesAndContributionMap":{"docs":{"insertions":5,"deletions":0}}},{"hash":"4db35bca9cd1b0099178d1c689a3339fc448b382","isMergeCommit":true,"messageTitle":"Merge pull request #275 from weiyanminoo/branch-Fix-Bugs","messageBody":"Fix Bugs Again","fileTypesAndContributionMap":{}},{"hash":"cf75f9746b7e1c63a304c52a18fc93c5af9b37d5","isMergeCommit":false,"messageTitle":"Add emoji to examples section","messageBody":"","fileTypesAndContributionMap":{"docs":{"insertions":6,"deletions":1}}},{"hash":"18d254acac379aef591f2c9d79dfadc5e1e75263","isMergeCommit":false,"messageTitle":"Modify formatting for examples","messageBody":"","fileTypesAndContributionMap":{"docs":{"insertions":52,"deletions":10}}},{"hash":"2a46219b92f98cd72827daadf3fb923dbd6a0755","isMergeCommit":true,"messageTitle":"Merge branch \u0027master\u0027 of https://github.com/AY2425S2-CS2103T-F12-2/tp","messageBody":"","fileTypesAndContributionMap":{}},{"hash":"e53661d51c40b580145cf3b92deac8bf6bbbb202","isMergeCommit":true,"messageTitle":"Merge pull request #282 from gengyudong/edit-UG\u0026DG","messageBody":"Edit ug","fileTypesAndContributionMap":{}},{"hash":"f5bd948d13ba0fab36bc049bad903765af2115dd","isMergeCommit":true,"messageTitle":"Merge branch \u0027master\u0027 of https://github.com/AY2425S2-CS2103T-F12-2/tp","messageBody":"","fileTypesAndContributionMap":{}},{"hash":"c4dcd54e406311d6eca8a4041168fd3fdbab83e3","isMergeCommit":true,"messageTitle":"Merge branch \u0027master\u0027 into branch-Fix-Bugs","messageBody":"","fileTypesAndContributionMap":{}},{"hash":"ef850726f4b1963de19b1bb0c3611e98e4814c3c","isMergeCommit":false,"messageTitle":"Add new format for examples","messageBody":"","fileTypesAndContributionMap":{"docs":{"insertions":26,"deletions":11}}},{"hash":"e29d7b39f8654c9400d92c9c6b91c9a8942c2749","isMergeCommit":true,"messageTitle":"Merge pull request #283 from gengyudong/edit-UG\u0026DG","messageBody":"edit UG","fileTypesAndContributionMap":{}},{"hash":"06f01f0f28e6e312cb0c879b9151c024415e9f88","isMergeCommit":true,"messageTitle":"Merge pull request #285 from weiyanminoo/branch-Fix-Bugs","messageBody":"Branch fix bugs","fileTypesAndContributionMap":{}},{"hash":"8123e2912f6c0ab9fec140d4eb7ad65a8ef1ca67","isMergeCommit":true,"messageTitle":"Merge pull request #286 from jamesberyl/update-UG","messageBody":"Update ug","fileTypesAndContributionMap":{}},{"hash":"3a171307bc9a10ab203798fe685275cbad1111a8","isMergeCommit":true,"messageTitle":"Merge branch \u0027master\u0027 of https://github.com/AY2425S2-CS2103T-F12-2/tp","messageBody":"","fileTypesAndContributionMap":{}},{"hash":"e0b2851cd63aa466adf76637307251bb2d7be123","isMergeCommit":true,"messageTitle":"Merge branch \u0027master\u0027 into branch-Fix-Bugs","messageBody":"","fileTypesAndContributionMap":{}},{"hash":"cd706742451126402edc2ee1656d8513a90e9ac1","isMergeCommit":false,"messageTitle":"Modify UG","messageBody":"","fileTypesAndContributionMap":{"docs":{"insertions":22,"deletions":13}}},{"hash":"fded2971f73b0567784aab74cd2bef4fb83ebe43","isMergeCommit":true,"messageTitle":"Merge pull request #290 from gengyudong/edit-UG\u0026DG","messageBody":"edit UG","fileTypesAndContributionMap":{}},{"hash":"7071a7c0bb8aeb66625eb11a157259d8604fb00e","isMergeCommit":false,"messageTitle":"Add page breaks in UG","messageBody":"","fileTypesAndContributionMap":{"docs":{"insertions":15,"deletions":37}}},{"hash":"d5aebd9358d5a977434986769824af02a31d42cc","isMergeCommit":true,"messageTitle":"Merge branch \u0027master\u0027 of https://github.com/AY2425S2-CS2103T-F12-2/tp","messageBody":"","fileTypesAndContributionMap":{}},{"hash":"71e0981bf228d585e5eea9eecd1cb3fa696f39b3","isMergeCommit":true,"messageTitle":"Merge branch \u0027master\u0027 into branch-Fix-Bugs","messageBody":"","fileTypesAndContributionMap":{}},{"hash":"e389e7eeef1fb2bcacc97abaed6018cda3a67841","isMergeCommit":true,"messageTitle":"Merge pull request #292 from weiyanminoo/branch-Fix-Bugs","messageBody":"fix bugs","fileTypesAndContributionMap":{}},{"hash":"f42178fa5a4eab316abf1106e306f30c0dabf2d4","isMergeCommit":false,"messageTitle":"Change page breaks for UG","messageBody":"","fileTypesAndContributionMap":{"docs":{"insertions":9,"deletions":7}}},{"hash":"d1048454eb065d462a5e581323d2801938babd32","isMergeCommit":true,"messageTitle":"Merge pull request #294 from weiyanminoo/branch-Fix-Bugs","messageBody":"Change page breaks for UG","fileTypesAndContributionMap":{}},{"hash":"c15891d36b156bca430e7f9861054435f388955d","isMergeCommit":false,"messageTitle":"Make last change to UG","messageBody":"","fileTypesAndContributionMap":{"docs":{"insertions":5,"deletions":6}}},{"hash":"c24450cde2ad841c05c20e69483468e4d33ba602","isMergeCommit":true,"messageTitle":"Merge pull request #296 from weiyanminoo/branch-Fix-Bugs","messageBody":"Make last change to UG","fileTypesAndContributionMap":{}}]}],"glennliew":[{"date":"2025-04-06","commitResults":[{"hash":"1812f77775ad7ae3773b44833aa48b541e262afd","isMergeCommit":false,"messageTitle":"Fix grammar in DG","messageBody":"","fileTypesAndContributionMap":{"docs":{"insertions":1,"deletions":1}}},{"hash":"b3179c637e534b9851ab2b28e3d30b7392df5c71","isMergeCommit":false,"messageTitle":"Add more constraints for phone number","messageBody":"","fileTypesAndContributionMap":{"functional-code":{"insertions":4,"deletions":4}}},{"hash":"f7cb4d344f4a65033fca901030e742e299721d5a","isMergeCommit":false,"messageTitle":"Fix constraints","messageBody":"","fileTypesAndContributionMap":{"functional-code":{"insertions":18,"deletions":3}}},{"hash":"0d4b1d189b42234c823a2df44179535a53d4546a","isMergeCommit":false,"messageTitle":"Fix checkstyle","messageBody":"","fileTypesAndContributionMap":{"functional-code":{"insertions":2,"deletions":1}}},{"hash":"ae55ffa7c234035e165ddee6b7eddeb3d2bedb94","isMergeCommit":false,"messageTitle":"Add constraints for spaces","messageBody":"","fileTypesAndContributionMap":{"functional-code":{"insertions":8,"deletions":1},"test-code":{"insertions":23,"deletions":19}}},{"hash":"f058eb4a8acf1a35d1d5ff6f893531f982fccdf3","isMergeCommit":false,"messageTitle":"Fix checkstyle","messageBody":"","fileTypesAndContributionMap":{"test-code":{"insertions":1,"deletions":1}}},{"hash":"ac1b24f8986082552a2982a17b6972fe8a603e0e","isMergeCommit":false,"messageTitle":"Fix checkstyle","messageBody":"","fileTypesAndContributionMap":{"test-code":{"insertions":3,"deletions":3}}},{"hash":"229308a2b8f9f1db05ed647ffc6090e07e9e2e51","isMergeCommit":true,"messageTitle":"Merge branch \u0027master\u0027 into fix-phonenumberlimit","messageBody":"","fileTypesAndContributionMap":{}},{"hash":"616baa7cbe7a2c7dfc777f5302d6a9fc4e44866c","isMergeCommit":false,"messageTitle":"Resolve conflicts","messageBody":"","fileTypesAndContributionMap":{"test-code":{"insertions":17,"deletions":17}}},{"hash":"b04fb669a2b8ebd57aef60852d86807f341d63bd","isMergeCommit":false,"messageTitle":"Fix tests","messageBody":"","fileTypesAndContributionMap":{"test-code":{"insertions":2,"deletions":2}}},{"hash":"6e5138f86e9bca9e987691e9fda27bc3dd332e33","isMergeCommit":true,"messageTitle":"Merge pull request #270 from glennliew/fix-phonenumberlimit","messageBody":"Add phone number constraints and support for country codes","fileTypesAndContributionMap":{}}]},{"date":"2025-04-07","commitResults":[{"hash":"fee7b9abfdfac4af0f6a20367ee48d64a10a74d9","isMergeCommit":false,"messageTitle":"Add Implementation to DG","messageBody":"","fileTypesAndContributionMap":{"docs":{"insertions":454,"deletions":294}}},{"hash":"c822ac9c8a4087c873a34e6c74e8369846ecdbea","isMergeCommit":true,"messageTitle":"Merge pull request #273 from glennliew/fix-tasks-bugs","messageBody":"Add Implementation to DG\nFix unfinished manual testing","fileTypesAndContributionMap":{}},{"hash":"d56337977b748f4a310171eb3170cdfe1fac59f1","isMergeCommit":false,"messageTitle":"Fix formatting","messageBody":"","fileTypesAndContributionMap":{"docs":{"insertions":15,"deletions":13}}},{"hash":"dcb76b46fee13dabfaca95f6f89c64c45500904e","isMergeCommit":true,"messageTitle":"Merge pull request #274 from glennliew/fix-tasks-bugs","messageBody":"Fix formatting","fileTypesAndContributionMap":{}}]},{"date":"2025-04-08","commitResults":[{"hash":"f8dd82c2814512af157521a7dcc913b3146b0a41","isMergeCommit":false,"messageTitle":"Add annotation to Layout screenshot","messageBody":"","fileTypesAndContributionMap":{"docs":{"insertions":20,"deletions":0}}},{"hash":"8885ec1464f26d77d750e3c7e44f184736fa4534","isMergeCommit":false,"messageTitle":"Fix formatting","messageBody":"","fileTypesAndContributionMap":{"docs":{"insertions":8,"deletions":0}}},{"hash":"9155d6d7b6f1355b95fe6dbfc184f43986ffec29","isMergeCommit":false,"messageTitle":"Fix table of contents","messageBody":"","fileTypesAndContributionMap":{"docs":{"insertions":1,"deletions":1}}},{"hash":"0ff872a5bf000b1799864a1dfa6e04641b3dde90","isMergeCommit":false,"messageTitle":"Fix layout","messageBody":"","fileTypesAndContributionMap":{"docs":{"insertions":1,"deletions":1}}}]}],"gengyudong":[{"date":"2025-04-06","commitResults":[{"hash":"700ee9a005b00e4857bdf3e5cd309d0305cba6ce","isMergeCommit":false,"messageTitle":"Edit bugs for email, date, help button","messageBody":"","fileTypesAndContributionMap":{"functional-code":{"insertions":24,"deletions":4},"docs":{"insertions":1,"deletions":0},"test-code":{"insertions":6,"deletions":6}}},{"hash":"d8d7567d0348271a351be0a5f20f21bbccfdd2c2","isMergeCommit":false,"messageTitle":"Edit Email","messageBody":"","fileTypesAndContributionMap":{"functional-code":{"insertions":2,"deletions":2}}},{"hash":"b1880d16f3488c340e36835fb693df7f253aea35","isMergeCommit":false,"messageTitle":"Add test cases for wedding date","messageBody":"","fileTypesAndContributionMap":{"test-code":{"insertions":7,"deletions":0}}},{"hash":"168c4523f5c8716d9acb567afdd5e3be70777279","isMergeCommit":true,"messageTitle":"Merge pull request #272 from gengyudong/bugFix-WeddingDate","messageBody":"Edit bugs for email, date, help button","fileTypesAndContributionMap":{}}]},{"date":"2025-04-07","commitResults":[{"hash":"e1f2408c62b225452b020695541a41b6b0c542dd","isMergeCommit":false,"messageTitle":"Edit UG","messageBody":"","fileTypesAndContributionMap":{"docs":{"insertions":21,"deletions":18}}},{"hash":"44d3133f544bd42c959182db9b4a709ee7bee603","isMergeCommit":false,"messageTitle":"Edit UG","messageBody":"","fileTypesAndContributionMap":{"docs":{"insertions":1,"deletions":1}}}]},{"date":"2025-04-08","commitResults":[{"hash":"c7bd514ac85659a6bff9bea61c3b3c10457392a3","isMergeCommit":false,"messageTitle":"Edit UG","messageBody":"","fileTypesAndContributionMap":{"docs":{"insertions":3,"deletions":0}}},{"hash":"a157b9e669466ca3076bbb3eaec72c67da85f294","isMergeCommit":true,"messageTitle":"Merge pull request #277 from weiyanminoo/branch-Fix-Bugs","messageBody":"Update UG","fileTypesAndContributionMap":{}},{"hash":"940893f74b831b0034a79a1efddd0e3ca7568d5f","isMergeCommit":true,"messageTitle":"Merge pull request #279 from glennliew/edit-screenshots","messageBody":"Add annotations to screenshots","fileTypesAndContributionMap":{}},{"hash":"40961c8d8e3a093a918e999de6db90326dcfe98e","isMergeCommit":false,"messageTitle":"edit UG","messageBody":"","fileTypesAndContributionMap":{"docs":{"insertions":28,"deletions":15}}},{"hash":"c27b4ae9286aaab086ad12f39a8d53893c120b95","isMergeCommit":true,"messageTitle":"Merge branch \u0027master\u0027 into edit-UG\u0026DG","messageBody":"","fileTypesAndContributionMap":{}},{"hash":"1397a0427adbc8bd62dcfd55580b2caa4dfe3788","isMergeCommit":false,"messageTitle":"edit dg","messageBody":"","fileTypesAndContributionMap":{"docs":{"insertions":1,"deletions":1}}},{"hash":"aa31b59bbd8bf757092ee3de0b3fc0acd6db4f75","isMergeCommit":false,"messageTitle":"edit UG","messageBody":"","fileTypesAndContributionMap":{"docs":{"insertions":54,"deletions":17}}},{"hash":"031c76aa70534b8a89048935ff2b1e3268c6b130","isMergeCommit":true,"messageTitle":"Merge pull request #287 from weiyanminoo/branch-Fix-Bugs","messageBody":"Branch fix bugs","fileTypesAndContributionMap":{}},{"hash":"addb8cd33d2a3de95c2a95a0de7693b5136e3876","isMergeCommit":false,"messageTitle":"edit UG","messageBody":"","fileTypesAndContributionMap":{"docs":{"insertions":5,"deletions":2}}}]}]},"authorFileTypeContributionMap":{"jamesberyl":{"docs":60,"functional-code":9,"test-code":35},"GrassHeadd":{"docs":80,"functional-code":15,"test-code":144},"weiyanminoo":{"docs":169,"functional-code":25,"test-code":117},"glennliew":{"docs":420,"functional-code":26,"test-code":11},"gengyudong":{"docs":74,"functional-code":23,"test-code":13}},"authorContributionVariance":{"jamesberyl":9666.5,"GrassHeadd":21401.5,"weiyanminoo":13451.0,"glennliew":99982.69,"gengyudong":2067.6875},"authorDisplayNameMap":{"jamesberyl":"CS2103T-F12-2 ARUL..ERYL","GrassHeadd":"CS2103T-F12-2 HU J..NJIE","weiyanminoo":"CS2103T-F12-2 WEI ..N OO","glennliew":"CS2103T-F12-2 GLEN..I YI","gengyudong":"CS2103T-F12-2 GENG..DONG"}}
