{"authorDailyContributionsMap":{"caxewhy":[{"date":"2025-04-07","commitResults":[{"hash":"a07e70bd65c335524dfccd720cb667b895f2e431","isMergeCommit":true,"messageTitle":"Merge branch \u0027master\u0027 of https://github.com/AY2425S2-CS2103-F08-3/tp","messageBody":"","fileTypesAndContributionMap":{}},{"hash":"37d1fa0b1fd647261257fef432b0216e3a97151e","isMergeCommit":false,"messageTitle":"Update UG documentation","messageBody":"","fileTypesAndContributionMap":{"docs":{"insertions":57,"deletions":35}}},{"hash":"c67835328effe25decde32236b78069ae13444f2","isMergeCommit":false,"messageTitle":"Update UG documentation","messageBody":"","fileTypesAndContributionMap":{"docs":{"insertions":1,"deletions":1}}},{"hash":"9f7531808aa881e986ff7944130e74d5b5d309cd","isMergeCommit":false,"messageTitle":"Update documentation","messageBody":"","fileTypesAndContributionMap":{"docs":{"insertions":1,"deletions":1}}}]},{"date":"2025-04-08","commitResults":[{"hash":"84af765fed8bbbb5327bfb777a8589c94f85e2a0","isMergeCommit":true,"messageTitle":"Merge pull request #490 from lesterlimjj/488-updateUGJar","messageBody":"Update UG jar name","fileTypesAndContributionMap":{}}]}],"jiancheng37":[{"date":"2025-04-07","commitResults":[{"hash":"b5e50a3596e9e6316daf364324e9debe008fcafd","isMergeCommit":false,"messageTitle":"Add more example commands to user guide","messageBody":"","fileTypesAndContributionMap":{"docs":{"insertions":108,"deletions":381}}},{"hash":"9fb56450a4f771bf20a64e8b8b491fbef48ca255","isMergeCommit":true,"messageTitle":"Merge branch \u0027master\u0027 into add-example-commands","messageBody":"","fileTypesAndContributionMap":{}},{"hash":"742de7a6994f2edb7e2f9e1893633637fa1cf016","isMergeCommit":false,"messageTitle":"Add example commands to UG","messageBody":"","fileTypesAndContributionMap":{"docs":{"insertions":235,"deletions":173}}},{"hash":"c243a0ce70956026f4673c203f15db288da5d017","isMergeCommit":false,"messageTitle":"Fix some changes in UG","messageBody":"","fileTypesAndContributionMap":{"docs":{"insertions":21,"deletions":22}}},{"hash":"d547fe42ceb3f19b2b549077b65889ea9df57a12","isMergeCommit":false,"messageTitle":"Fix typo error","messageBody":"","fileTypesAndContributionMap":{"docs":{"insertions":1,"deletions":1}}},{"hash":"8c03246aadd1f8a8ecf6a700d421e693f3c86ed9","isMergeCommit":false,"messageTitle":"Make some changes","messageBody":"","fileTypesAndContributionMap":{"docs":{"insertions":2,"deletions":1}}}]},{"date":"2025-04-08","commitResults":[{"hash":"3e1e9f10a75c60a6ea9fd3f110e7d977b7d84087","isMergeCommit":false,"messageTitle":"Make some standardisation","messageBody":"","fileTypesAndContributionMap":{"docs":{"insertions":17,"deletions":15}}}]}],"lesterlimjj":[{"date":"2025-04-07","commitResults":[{"hash":"c7dff53e4c8f3bf40f49274ef06183d0ae0eb40f","isMergeCommit":true,"messageTitle":"Merge branch \u0027master\u0027 of https://github.com/AY2425S2-CS2103-F08-3/tp","messageBody":"","fileTypesAndContributionMap":{}},{"hash":"cfb35dc1c2e39d8e72a26cbaa4ade3230fa82265","isMergeCommit":false,"messageTitle":"Update regex for property name","messageBody":"","fileTypesAndContributionMap":{"functional-code":{"insertions":1,"deletions":1}}},{"hash":"715b046c0909d3ede1ff7a160996915af7089e62","isMergeCommit":false,"messageTitle":"Update house number regex","messageBody":"","fileTypesAndContributionMap":{"functional-code":{"insertions":3,"deletions":2}}},{"hash":"bba5c6a77f72a47912949538508dbc5fb6324511","isMergeCommit":false,"messageTitle":"Update price regex","messageBody":"","fileTypesAndContributionMap":{"functional-code":{"insertions":3,"deletions":2}}},{"hash":"211f89c805aabd9061cd7a336fe317fda107179b","isMergeCommit":false,"messageTitle":"Update name regex","messageBody":"","fileTypesAndContributionMap":{"functional-code":{"insertions":2,"deletions":2}}},{"hash":"08964df819c4215e8bdb2f2ab053c333c2dc3a88","isMergeCommit":false,"messageTitle":"Update phone regex","messageBody":"","fileTypesAndContributionMap":{"functional-code":{"insertions":2,"deletions":2}}},{"hash":"0b116b3382c6bfe5f84e19695d8fcaac0b5ed96d","isMergeCommit":true,"messageTitle":"Merge branch \u0027master\u0027 of https://github.com/AY2425S2-CS2103-F08-3/tp","messageBody":"","fileTypesAndContributionMap":{}},{"hash":"ce1370a276fb9a3f39e8deb883fa1d7a6b68e77b","isMergeCommit":true,"messageTitle":"Merge branch \u0027master\u0027 of https://github.com/AY2425S2-CS2103-F08-3/tp","messageBody":"","fileTypesAndContributionMap":{}},{"hash":"5e76f8561089c2bca9d33af669a88fe4cbdff746","isMergeCommit":true,"messageTitle":"Merge pull request #466 from Ryuse/465-fix-ui-price-range-collapsing","messageBody":"Fix Price Range collapsing in UI","fileTypesAndContributionMap":{}},{"hash":"40b38351b086bcfb35834b58b9f62cc94151e4de","isMergeCommit":false,"messageTitle":"Update email regex","messageBody":"","fileTypesAndContributionMap":{"functional-code":{"insertions":10,"deletions":3}}},{"hash":"20e0b363ead4de39faf8bf3a0d9d8f9937b47490","isMergeCommit":false,"messageTitle":"Update email regex validation","messageBody":"","fileTypesAndContributionMap":{"functional-code":{"insertions":1,"deletions":1}}},{"hash":"91d5e57daed0d579fa57d6713178fcf4be488596","isMergeCommit":false,"messageTitle":"Update user guide","messageBody":"","fileTypesAndContributionMap":{"docs":{"insertions":60,"deletions":9}}},{"hash":"a66ed168ab7adb29cb313618c46391b04860c34f","isMergeCommit":false,"messageTitle":"Fix checkstyle issues","messageBody":"","fileTypesAndContributionMap":{"functional-code":{"insertions":0,"deletions":3}}},{"hash":"60056d27679de4cba1e39e35c839e54dcf801f9c","isMergeCommit":false,"messageTitle":"Fix checkstyle issues","messageBody":"","fileTypesAndContributionMap":{"functional-code":{"insertions":4,"deletions":1},"docs":{"insertions":2,"deletions":0}}},{"hash":"241eb84678084d57b784cd28e9ce177848c7c695","isMergeCommit":false,"messageTitle":"Update UG","messageBody":"","fileTypesAndContributionMap":{"functional-code":{"insertions":2,"deletions":2},"docs":{"insertions":25,"deletions":29}}},{"hash":"98172ec5e29c70b1fe5ab2c36abd0109893e0201","isMergeCommit":true,"messageTitle":"Merge branch \u0027master\u0027 of https://github.com/AY2425S2-CS2103-F08-3/tp","messageBody":"","fileTypesAndContributionMap":{}},{"hash":"389564c0e90185033047c8df00cdaf7650d0b186","isMergeCommit":false,"messageTitle":"Add EditPreferenceSequenceDiagram","messageBody":"","fileTypesAndContributionMap":{"docs":{"insertions":144,"deletions":0}}},{"hash":"4f2a1788c092dd215167aa49bfa45f4683e2a0ab","isMergeCommit":true,"messageTitle":"Merge branch \u0027master\u0027 of https://github.com/AY2425S2-CS2103-F08-3/tp into 480-addEditPreferenceSequenceDiagram","messageBody":"","fileTypesAndContributionMap":{}},{"hash":"9acfd1266281dd117c23e68d5cbe38518ab8f845","isMergeCommit":true,"messageTitle":"Merge pull request #479 from Ryuse/478-fix-dg-use-case-extension-","messageBody":"Fix use case extension repetition in developer guide","fileTypesAndContributionMap":{}},{"hash":"0386e800ab16c63e8dd3cd9d36087762d73b2625","isMergeCommit":false,"messageTitle":"Update DG","messageBody":"","fileTypesAndContributionMap":{"docs":{"insertions":8,"deletions":0}}},{"hash":"453bad956b638ba927505888ad63d1f3695bc38f","isMergeCommit":false,"messageTitle":"Update DG","messageBody":"","fileTypesAndContributionMap":{"docs":{"insertions":3,"deletions":0}}},{"hash":"ca6c0e1fdb942ec01a42f2b17048d781e1a50aaf","isMergeCommit":false,"messageTitle":"Update DG","messageBody":"","fileTypesAndContributionMap":{"docs":{"insertions":2,"deletions":2}}},{"hash":"26c7a4a13a26e198ae8da27bf837b394d7ea1a82","isMergeCommit":true,"messageTitle":"Merge pull request #483 from Ryuse/482-fix-tag-scroll","messageBody":"Fix tag list scroll when many tags","fileTypesAndContributionMap":{}}]},{"date":"2025-04-08","commitResults":[{"hash":"81f757738c01aa4a08441ce5aa7b4160d98962c2","isMergeCommit":true,"messageTitle":"Merge pull request #470 from jiancheng37/add-example-commands","messageBody":"Add more example commands to user guide","tags":["v1.6"],"fileTypesAndContributionMap":{}},{"hash":"2aec59cef7a7f8a33dfc7ef2f05e7d0e37c94662","isMergeCommit":true,"messageTitle":"Merge branch \u0027master\u0027 of https://github.com/AY2425S2-CS2103-F08-3/tp","messageBody":"","fileTypesAndContributionMap":{}},{"hash":"3435a740bee0fab6d206efe767952a432307a0f7","isMergeCommit":false,"messageTitle":"Update UG","messageBody":"","fileTypesAndContributionMap":{"docs":{"insertions":12,"deletions":12}}},{"hash":"8c8497728efe1a95c77e94a91a09b163e4abb49f","isMergeCommit":true,"messageTitle":"Merge branch \u0027master\u0027 of https://github.com/AY2425S2-CS2103-F08-3/tp","messageBody":"","fileTypesAndContributionMap":{}},{"hash":"0b84daf97651cf5ff7583f367d11b1cae043e87d","isMergeCommit":false,"messageTitle":"Update UG","messageBody":"","fileTypesAndContributionMap":{"docs":{"insertions":2,"deletions":2}}}]}],"Ryuse":[{"date":"2025-04-07","commitResults":[{"hash":"1583d2b0c31a8a4961deb2c010075f3a6217635f","isMergeCommit":true,"messageTitle":"Merge branch \u0027master\u0027 of https://github.com/AY2425S2-CS2103-F08-3/tp","messageBody":"","fileTypesAndContributionMap":{}},{"hash":"01fe40d3ef7dbe14ef23ad616ebed23a129cccdd","isMergeCommit":false,"messageTitle":"Fix price range collapsing in UI","messageBody":"","fileTypesAndContributionMap":{"functional-code":{"insertions":4,"deletions":0}}},{"hash":"b385752d92051d125a4ff1cf87bad3a69669fe22","isMergeCommit":true,"messageTitle":"Merge branch \u0027master\u0027 of https://github.com/AY2425S2-CS2103-F08-3/tp","messageBody":"","fileTypesAndContributionMap":{}},{"hash":"df1cc1e0a79f304b67e2674c281d58d12e516fbd","isMergeCommit":false,"messageTitle":"Disconnect listTag command","messageBody":"","fileTypesAndContributionMap":{"functional-code":{"insertions":0,"deletions":6}}},{"hash":"91db389a616dba3237a78d696c805cd1c5d52c57","isMergeCommit":true,"messageTitle":"Merge pull request #474 from ToxOptimism/473-add-consideration-developer-guide","messageBody":"Add consideration section to DG","fileTypesAndContributionMap":{}},{"hash":"6a38c9a39a8896ee261e02f29e273430ad3e0baa","isMergeCommit":true,"messageTitle":"Merge branch \u0027master\u0027 of https://github.com/AY2425S2-CS2103-F08-3/tp","messageBody":"","fileTypesAndContributionMap":{}},{"hash":"2a1e23ac3122990868aa29505b64bd9d72cf164d","isMergeCommit":false,"messageTitle":"Update use cases in DG","messageBody":"","fileTypesAndContributionMap":{"docs":{"insertions":27,"deletions":36}}},{"hash":"048569bb1951f3a4145a5eaa60f54b99e99acb77","isMergeCommit":true,"messageTitle":"Merge pull request #475 from lesterlimjj/472-updateUGBriefDescription","messageBody":"Update UG application brief description","fileTypesAndContributionMap":{}},{"hash":"3e86ddb618bfaffdf33bb6b2949708241a21b7cd","isMergeCommit":true,"messageTitle":"Merge branch \u0027master\u0027 of https://github.com/AY2425S2-CS2103-F08-3/tp into 478-fix-dg-use-case-extension-","messageBody":"","fileTypesAndContributionMap":{}},{"hash":"b3ed20c9f5e61ba22afaa96603bc747bd20c3414","isMergeCommit":false,"messageTitle":"Fix extension number","messageBody":"","fileTypesAndContributionMap":{"docs":{"insertions":1,"deletions":1}}},{"hash":"2226551ca19f27b21c82ea8fc00ee823360483d9","isMergeCommit":false,"messageTitle":"Fix tag scroll","messageBody":"","fileTypesAndContributionMap":{"functional-code":{"insertions":20,"deletions":6}}},{"hash":"25d15cea7f76f9054b078ca5c7590bd692c79b52","isMergeCommit":false,"messageTitle":"Fix checkstyle issues","messageBody":"","fileTypesAndContributionMap":{"functional-code":{"insertions":1,"deletions":1}}},{"hash":"6062a5ef9e01cfc3ecdfad841f109e0eb1c164c4","isMergeCommit":false,"messageTitle":"Add tag filtering consideration in DG","messageBody":"","fileTypesAndContributionMap":{"docs":{"insertions":20,"deletions":1}}}]}],"ToxOptimism":[{"date":"2025-04-07","commitResults":[{"hash":"0a7783390a24711054c393200c83456cf92cf3b9","isMergeCommit":true,"messageTitle":"Merge branch \u0027master\u0027 of https://github.com/AY2425S2-CS2103-F08-3/tp","messageBody":"","fileTypesAndContributionMap":{}},{"hash":"6d3d55116e90cd19cb3099f341ec193d21bad5db","isMergeCommit":true,"messageTitle":"Merge pull request #471 from caxewhy/Fix-UG-Bugs","messageBody":"Fix UG bugs","fileTypesAndContributionMap":{}},{"hash":"a8ad32fc64731cd5855c8d1cd5f50847aa72248c","isMergeCommit":true,"messageTitle":"Merge branch \u0027master\u0027 of https://github.com/AY2425S2-CS2103-F08-3/tp","messageBody":"","fileTypesAndContributionMap":{}},{"hash":"199671f86bf356509ed714cabc13da4566028b7b","isMergeCommit":true,"messageTitle":"Merge pull request #467 from lesterlimjj/464-fixRegexReportedBugs","messageBody":"Fix regex reported bugs","fileTypesAndContributionMap":{}},{"hash":"cc64466f465a3339080a54e9caf845bba053421e","isMergeCommit":true,"messageTitle":"Merge branch \u0027master\u0027 of https://github.com/AY2425S2-CS2103-F08-3/tp","messageBody":"","fileTypesAndContributionMap":{}},{"hash":"cbe662014221e0bb4b2e2026d7fe98c332360323","isMergeCommit":false,"messageTitle":"Add consideration section to developer guide","messageBody":"","fileTypesAndContributionMap":{"docs":{"insertions":73,"deletions":2}}},{"hash":"0b03afeb2d1883b9e3b49edd2a6fd514a2c3fceb","isMergeCommit":true,"messageTitle":"Merge pull request #477 from Ryuse/476-disconnect-tagList-command","messageBody":"Disconnect tagList command","fileTypesAndContributionMap":{}},{"hash":"5c343134e46e0b75b4e36480891121752d4f84f4","isMergeCommit":false,"messageTitle":"Fix clarity of searchPersonName","messageBody":"","fileTypesAndContributionMap":{"docs":{"insertions":2,"deletions":2}}},{"hash":"36d32e604b2ec7c028f400aa763a6020d3f9147d","isMergeCommit":false,"messageTitle":"Fix clarity of searchPersonName","messageBody":"","fileTypesAndContributionMap":{"docs":{"insertions":1,"deletions":1}}},{"hash":"f2c0d40f415a2077225343e1635188479c0a9d52","isMergeCommit":true,"messageTitle":"Merge pull request #481 from lesterlimjj/480-addEditPreferenceSequenceDiagram","messageBody":"add editPreferenceSequenceDiagram","fileTypesAndContributionMap":{}},{"hash":"b15932a2d9da5afad2e41ce1ffb0a64193d57fc9","isMergeCommit":true,"messageTitle":"Merge pull request #485 from Ryuse/484-add-tag-filtering-consideration","messageBody":"Add tag filtering consideration in DG","fileTypesAndContributionMap":{}}]},{"date":"2025-04-08","commitResults":[{"hash":"4d9036dae546fdb11debfb293103e2e1d5886698","isMergeCommit":true,"messageTitle":"Merge pull request #487 from lesterlimjj/486-updateUGImage","messageBody":"Update UG image for help command","fileTypesAndContributionMap":{}}]}]},"authorFileTypeContributionMap":{"caxewhy":{"docs":41,"functional-code":0,"test-code":0},"jiancheng37":{"docs":52,"functional-code":0,"test-code":0},"lesterlimjj":{"docs":240,"functional-code":24,"test-code":0},"Ryuse":{"docs":48,"functional-code":19,"test-code":0},"ToxOptimism":{"docs":72,"functional-code":0,"test-code":0}},"authorContributionVariance":{"caxewhy":1728.0,"jiancheng37":163854.19,"lesterlimjj":19531.188,"Ryuse":2883.0,"ToxOptimism":1230.1875},"authorDisplayNameMap":{"caxewhy":"CS2103-F08-3 CHAN..YONG","jiancheng37":"CS2103-F08-3 LOW ..HENG","lesterlimjj":"CS2103-F08-3 LEST.. JUN","Ryuse":"CS2103-F08-3 CENS..LEJO","ToxOptimism":"CS2103-F08-3 YAP ..O YI"}}
