{"authorDailyContributionsMap":{"caxewhy":[{"date":"2025-04-07","commitResults":[{"hash":"a07e70bd65c335524dfccd720cb667b895f2e431","isMergeCommit":true,"messageTitle":"Merge branch \u0027master\u0027 of https://github.com/AY2425S2-CS2103-F08-3/tp","messageBody":"","fileTypesAndContributionMap":{}},{"hash":"37d1fa0b1fd647261257fef432b0216e3a97151e","isMergeCommit":false,"messageTitle":"Update UG documentation","messageBody":"","fileTypesAndContributionMap":{"docs":{"insertions":57,"deletions":35}}},{"hash":"c67835328effe25decde32236b78069ae13444f2","isMergeCommit":false,"messageTitle":"Update UG documentation","messageBody":"","fileTypesAndContributionMap":{"docs":{"insertions":1,"deletions":1}}},{"hash":"9f7531808aa881e986ff7944130e74d5b5d309cd","isMergeCommit":false,"messageTitle":"Update documentation","messageBody":"","fileTypesAndContributionMap":{"docs":{"insertions":1,"deletions":1}}}]}],"jiancheng37":[],"lesterlimjj":[{"date":"2025-04-07","commitResults":[{"hash":"c7dff53e4c8f3bf40f49274ef06183d0ae0eb40f","isMergeCommit":true,"messageTitle":"Merge branch \u0027master\u0027 of https://github.com/AY2425S2-CS2103-F08-3/tp","messageBody":"","fileTypesAndContributionMap":{}},{"hash":"cfb35dc1c2e39d8e72a26cbaa4ade3230fa82265","isMergeCommit":false,"messageTitle":"Update regex for property name","messageBody":"","fileTypesAndContributionMap":{"functional-code":{"insertions":1,"deletions":1}}},{"hash":"715b046c0909d3ede1ff7a160996915af7089e62","isMergeCommit":false,"messageTitle":"Update house number regex","messageBody":"","fileTypesAndContributionMap":{"functional-code":{"insertions":3,"deletions":2}}},{"hash":"bba5c6a77f72a47912949538508dbc5fb6324511","isMergeCommit":false,"messageTitle":"Update price regex","messageBody":"","fileTypesAndContributionMap":{"functional-code":{"insertions":3,"deletions":2}}},{"hash":"211f89c805aabd9061cd7a336fe317fda107179b","isMergeCommit":false,"messageTitle":"Update name regex","messageBody":"","fileTypesAndContributionMap":{"functional-code":{"insertions":2,"deletions":2}}},{"hash":"08964df819c4215e8bdb2f2ab053c333c2dc3a88","isMergeCommit":false,"messageTitle":"Update phone regex","messageBody":"","fileTypesAndContributionMap":{"functional-code":{"insertions":2,"deletions":2}}},{"hash":"0b116b3382c6bfe5f84e19695d8fcaac0b5ed96d","isMergeCommit":true,"messageTitle":"Merge branch \u0027master\u0027 of https://github.com/AY2425S2-CS2103-F08-3/tp","messageBody":"","fileTypesAndContributionMap":{}},{"hash":"ce1370a276fb9a3f39e8deb883fa1d7a6b68e77b","isMergeCommit":true,"messageTitle":"Merge branch \u0027master\u0027 of https://github.com/AY2425S2-CS2103-F08-3/tp","messageBody":"","fileTypesAndContributionMap":{}},{"hash":"5e76f8561089c2bca9d33af669a88fe4cbdff746","isMergeCommit":true,"messageTitle":"Merge pull request #466 from Ryuse/465-fix-ui-price-range-collapsing","messageBody":"Fix Price Range collapsing in UI","fileTypesAndContributionMap":{}},{"hash":"40b38351b086bcfb35834b58b9f62cc94151e4de","isMergeCommit":false,"messageTitle":"Update email regex","messageBody":"","fileTypesAndContributionMap":{"functional-code":{"insertions":10,"deletions":3}}},{"hash":"20e0b363ead4de39faf8bf3a0d9d8f9937b47490","isMergeCommit":false,"messageTitle":"Update email regex validation","messageBody":"","fileTypesAndContributionMap":{"functional-code":{"insertions":1,"deletions":1}}},{"hash":"91d5e57daed0d579fa57d6713178fcf4be488596","isMergeCommit":false,"messageTitle":"Update user guide","messageBody":"","fileTypesAndContributionMap":{"docs":{"insertions":60,"deletions":9}}},{"hash":"a66ed168ab7adb29cb313618c46391b04860c34f","isMergeCommit":false,"messageTitle":"Fix checkstyle issues","messageBody":"","fileTypesAndContributionMap":{"functional-code":{"insertions":0,"deletions":3}}},{"hash":"60056d27679de4cba1e39e35c839e54dcf801f9c","isMergeCommit":false,"messageTitle":"Fix checkstyle issues","messageBody":"","fileTypesAndContributionMap":{"functional-code":{"insertions":4,"deletions":1},"docs":{"insertions":2,"deletions":0}}},{"hash":"241eb84678084d57b784cd28e9ce177848c7c695","isMergeCommit":false,"messageTitle":"Update UG","messageBody":"","fileTypesAndContributionMap":{"functional-code":{"insertions":2,"deletions":2},"docs":{"insertions":25,"deletions":29}}},{"hash":"9acfd1266281dd117c23e68d5cbe38518ab8f845","isMergeCommit":true,"messageTitle":"Merge pull request #479 from Ryuse/478-fix-dg-use-case-extension-","messageBody":"Fix use case extension repetition in developer guide","fileTypesAndContributionMap":{}}]}],"Ryuse":[{"date":"2025-04-07","commitResults":[{"hash":"1583d2b0c31a8a4961deb2c010075f3a6217635f","isMergeCommit":true,"messageTitle":"Merge branch \u0027master\u0027 of https://github.com/AY2425S2-CS2103-F08-3/tp","messageBody":"","fileTypesAndContributionMap":{}},{"hash":"01fe40d3ef7dbe14ef23ad616ebed23a129cccdd","isMergeCommit":false,"messageTitle":"Fix price range collapsing in UI","messageBody":"","fileTypesAndContributionMap":{"functional-code":{"insertions":4,"deletions":0}}},{"hash":"b385752d92051d125a4ff1cf87bad3a69669fe22","isMergeCommit":true,"messageTitle":"Merge branch \u0027master\u0027 of https://github.com/AY2425S2-CS2103-F08-3/tp","messageBody":"","fileTypesAndContributionMap":{}},{"hash":"df1cc1e0a79f304b67e2674c281d58d12e516fbd","isMergeCommit":false,"messageTitle":"Disconnect listTag command","messageBody":"","fileTypesAndContributionMap":{"functional-code":{"insertions":0,"deletions":6}}},{"hash":"91db389a616dba3237a78d696c805cd1c5d52c57","isMergeCommit":true,"messageTitle":"Merge pull request #474 from ToxOptimism/473-add-consideration-developer-guide","messageBody":"Add consideration section to DG","fileTypesAndContributionMap":{}},{"hash":"6a38c9a39a8896ee261e02f29e273430ad3e0baa","isMergeCommit":true,"messageTitle":"Merge branch \u0027master\u0027 of https://github.com/AY2425S2-CS2103-F08-3/tp","messageBody":"","fileTypesAndContributionMap":{}},{"hash":"2a1e23ac3122990868aa29505b64bd9d72cf164d","isMergeCommit":false,"messageTitle":"Update use cases in DG","messageBody":"","fileTypesAndContributionMap":{"docs":{"insertions":27,"deletions":36}}},{"hash":"048569bb1951f3a4145a5eaa60f54b99e99acb77","isMergeCommit":true,"messageTitle":"Merge pull request #475 from lesterlimjj/472-updateUGBriefDescription","messageBody":"Update UG application brief description","fileTypesAndContributionMap":{}},{"hash":"3e86ddb618bfaffdf33bb6b2949708241a21b7cd","isMergeCommit":true,"messageTitle":"Merge branch \u0027master\u0027 of https://github.com/AY2425S2-CS2103-F08-3/tp into 478-fix-dg-use-case-extension-","messageBody":"","fileTypesAndContributionMap":{}},{"hash":"b3ed20c9f5e61ba22afaa96603bc747bd20c3414","isMergeCommit":false,"messageTitle":"Fix extension number","messageBody":"","fileTypesAndContributionMap":{"docs":{"insertions":1,"deletions":1}}}]}],"ToxOptimism":[{"date":"2025-04-07","commitResults":[{"hash":"0a7783390a24711054c393200c83456cf92cf3b9","isMergeCommit":true,"messageTitle":"Merge branch \u0027master\u0027 of https://github.com/AY2425S2-CS2103-F08-3/tp","messageBody":"","fileTypesAndContributionMap":{}},{"hash":"6d3d55116e90cd19cb3099f341ec193d21bad5db","isMergeCommit":true,"messageTitle":"Merge pull request #471 from caxewhy/Fix-UG-Bugs","messageBody":"Fix UG bugs","fileTypesAndContributionMap":{}},{"hash":"a8ad32fc64731cd5855c8d1cd5f50847aa72248c","isMergeCommit":true,"messageTitle":"Merge branch \u0027master\u0027 of https://github.com/AY2425S2-CS2103-F08-3/tp","messageBody":"","fileTypesAndContributionMap":{}},{"hash":"199671f86bf356509ed714cabc13da4566028b7b","isMergeCommit":true,"messageTitle":"Merge pull request #467 from lesterlimjj/464-fixRegexReportedBugs","messageBody":"Fix regex reported bugs","fileTypesAndContributionMap":{}},{"hash":"cc64466f465a3339080a54e9caf845bba053421e","isMergeCommit":true,"messageTitle":"Merge branch \u0027master\u0027 of https://github.com/AY2425S2-CS2103-F08-3/tp","messageBody":"","fileTypesAndContributionMap":{}},{"hash":"cbe662014221e0bb4b2e2026d7fe98c332360323","isMergeCommit":false,"messageTitle":"Add consideration section to developer guide","messageBody":"","fileTypesAndContributionMap":{"docs":{"insertions":73,"deletions":2}}},{"hash":"0b03afeb2d1883b9e3b49edd2a6fd514a2c3fceb","isMergeCommit":true,"messageTitle":"Merge pull request #477 from Ryuse/476-disconnect-tagList-command","messageBody":"Disconnect tagList command","fileTypesAndContributionMap":{}},{"hash":"5c343134e46e0b75b4e36480891121752d4f84f4","isMergeCommit":false,"messageTitle":"Fix clarity of searchPersonName","messageBody":"","fileTypesAndContributionMap":{"docs":{"insertions":2,"deletions":2}}},{"hash":"36d32e604b2ec7c028f400aa763a6020d3f9147d","isMergeCommit":false,"messageTitle":"Fix clarity of searchPersonName","messageBody":"","fileTypesAndContributionMap":{"docs":{"insertions":1,"deletions":1}}}]}]},"authorFileTypeContributionMap":{"caxewhy":{"docs":51,"functional-code":0,"test-code":0},"jiancheng37":{"docs":0,"functional-code":0,"test-code":0},"lesterlimjj":{"docs":72,"functional-code":24,"test-code":0},"Ryuse":{"docs":28,"functional-code":4,"test-code":0},"ToxOptimism":{"docs":73,"functional-code":0,"test-code":0}},"authorContributionVariance":{"caxewhy":2048.0,"jiancheng37":0.0,"lesterlimjj":6574.2227,"Ryuse":1250.0,"ToxOptimism":1458.0},"authorDisplayNameMap":{"caxewhy":"CS2103-F08-3 CHAN..YONG","jiancheng37":"CS2103-F08-3 LOW ..HENG","lesterlimjj":"CS2103-F08-3 LEST.. JUN","Ryuse":"CS2103-F08-3 CENS..LEJO","ToxOptimism":"CS2103-F08-3 YAP ..O YI"}}
