{"authorDailyContributionsMap":{"caxewhy":[{"date":"2025-04-07","commitResults":[{"hash":"a07e70bd65c335524dfccd720cb667b895f2e431","isMergeCommit":true,"messageTitle":"Merge branch \u0027master\u0027 of https://github.com/AY2425S2-CS2103-F08-3/tp","messageBody":"","fileTypesAndContributionMap":{}},{"hash":"37d1fa0b1fd647261257fef432b0216e3a97151e","isMergeCommit":false,"messageTitle":"Update UG documentation","messageBody":"","fileTypesAndContributionMap":{"docs":{"insertions":57,"deletions":35}}},{"hash":"c67835328effe25decde32236b78069ae13444f2","isMergeCommit":false,"messageTitle":"Update UG documentation","messageBody":"","fileTypesAndContributionMap":{"docs":{"insertions":1,"deletions":1}}},{"hash":"9f7531808aa881e986ff7944130e74d5b5d309cd","isMergeCommit":false,"messageTitle":"Update documentation","messageBody":"","fileTypesAndContributionMap":{"docs":{"insertions":1,"deletions":1}}}]}],"jiancheng37":[],"lesterlimjj":[{"date":"2025-04-07","commitResults":[{"hash":"c7dff53e4c8f3bf40f49274ef06183d0ae0eb40f","isMergeCommit":true,"messageTitle":"Merge branch \u0027master\u0027 of https://github.com/AY2425S2-CS2103-F08-3/tp","messageBody":"","fileTypesAndContributionMap":{}},{"hash":"cfb35dc1c2e39d8e72a26cbaa4ade3230fa82265","isMergeCommit":false,"messageTitle":"Update regex for property name","messageBody":"","fileTypesAndContributionMap":{"functional-code":{"insertions":1,"deletions":1}}},{"hash":"715b046c0909d3ede1ff7a160996915af7089e62","isMergeCommit":false,"messageTitle":"Update house number regex","messageBody":"","fileTypesAndContributionMap":{"functional-code":{"insertions":3,"deletions":2}}},{"hash":"bba5c6a77f72a47912949538508dbc5fb6324511","isMergeCommit":false,"messageTitle":"Update price regex","messageBody":"","fileTypesAndContributionMap":{"functional-code":{"insertions":3,"deletions":2}}},{"hash":"211f89c805aabd9061cd7a336fe317fda107179b","isMergeCommit":false,"messageTitle":"Update name regex","messageBody":"","fileTypesAndContributionMap":{"functional-code":{"insertions":2,"deletions":2}}},{"hash":"08964df819c4215e8bdb2f2ab053c333c2dc3a88","isMergeCommit":false,"messageTitle":"Update phone regex","messageBody":"","fileTypesAndContributionMap":{"functional-code":{"insertions":2,"deletions":2}}},{"hash":"5e76f8561089c2bca9d33af669a88fe4cbdff746","isMergeCommit":true,"messageTitle":"Merge pull request #466 from Ryuse/465-fix-ui-price-range-collapsing","messageBody":"Fix Price Range collapsing in UI","fileTypesAndContributionMap":{}}]}],"Ryuse":[{"date":"2025-04-07","commitResults":[{"hash":"1583d2b0c31a8a4961deb2c010075f3a6217635f","isMergeCommit":true,"messageTitle":"Merge branch \u0027master\u0027 of https://github.com/AY2425S2-CS2103-F08-3/tp","messageBody":"","fileTypesAndContributionMap":{}},{"hash":"01fe40d3ef7dbe14ef23ad616ebed23a129cccdd","isMergeCommit":false,"messageTitle":"Fix price range collapsing in UI","messageBody":"","fileTypesAndContributionMap":{"functional-code":{"insertions":4,"deletions":0}}}]}],"ToxOptimism":[{"date":"2025-04-07","commitResults":[{"hash":"6d3d55116e90cd19cb3099f341ec193d21bad5db","isMergeCommit":true,"messageTitle":"Merge pull request #471 from caxewhy/Fix-UG-Bugs","messageBody":"Fix UG bugs","fileTypesAndContributionMap":{}},{"hash":"199671f86bf356509ed714cabc13da4566028b7b","isMergeCommit":true,"messageTitle":"Merge pull request #467 from lesterlimjj/464-fixRegexReportedBugs","messageBody":"Fix regex reported bugs","fileTypesAndContributionMap":{}}]}]},"authorFileTypeContributionMap":{"caxewhy":{"docs":58,"functional-code":0,"test-code":0},"jiancheng37":{"docs":0,"functional-code":0,"test-code":0},"lesterlimjj":{"docs":0,"functional-code":11,"test-code":0},"Ryuse":{"docs":0,"functional-code":4,"test-code":0},"ToxOptimism":{"docs":0,"functional-code":0,"test-code":0}},"authorContributionVariance":{"caxewhy":2048.0,"jiancheng37":0.0,"lesterlimjj":88.88889,"Ryuse":3.5555553,"ToxOptimism":0.0},"authorDisplayNameMap":{"caxewhy":"CS2103-F08-3 CHAN..YONG","jiancheng37":"CS2103-F08-3 LOW ..HENG","lesterlimjj":"CS2103-F08-3 LEST.. JUN","Ryuse":"CS2103-F08-3 CENS..LEJO","ToxOptimism":"CS2103-F08-3 YAP ..O YI"}}
