{"authorDailyContributionsMap":{"gohlucas":[{"date":"2025-04-05","commitResults":[{"hash":"b11ba108607cf799879a0181a939716823503695","isMergeCommit":false,"messageTitle":"fix toc hyperlinks","messageBody":"","fileTypesAndContributionMap":{"docs":{"insertions":16,"deletions":16}}},{"hash":"e0d8ee692e4a9bc903fb6305c15244d2f1ffe724","isMergeCommit":false,"messageTitle":"Fix deletesport validation and Bugs in UG","messageBody":"","fileTypesAndContributionMap":{"functional-code":{"insertions":12,"deletions":3},"docs":{"insertions":20,"deletions":18}}},{"hash":"c37efbeba35b3164e8585b6002bd7f5cf7fff4d1","isMergeCommit":false,"messageTitle":"Fix Bugs","messageBody":"","fileTypesAndContributionMap":{"functional-code":{"insertions":14,"deletions":8},"docs":{"insertions":42,"deletions":12}}},{"hash":"6083bbf0c2239070118df58afbef645458db6f01","isMergeCommit":false,"messageTitle":"Fix test","messageBody":"","fileTypesAndContributionMap":{"test-code":{"insertions":1,"deletions":1}}},{"hash":"52d79a85d3bfc89c54bde8c7d85773d15c0080aa","isMergeCommit":false,"messageTitle":"Fix checkstyle","messageBody":"","fileTypesAndContributionMap":{"test-code":{"insertions":2,"deletions":1}}},{"hash":"fed9ac27fccc04030173c9d06d198382d8a9a05c","isMergeCommit":true,"messageTitle":"Merge pull request #244 from gohlucas/Guides-BugFix","messageBody":"Bug Fix and remedy for Addsport/Deletesport issues ","fileTypesAndContributionMap":{}},{"hash":"0a0c862c6456df2814902e56bae2dbce68ae2b28","isMergeCommit":false,"messageTitle":"Polish commands for deletesport","messageBody":"","fileTypesAndContributionMap":{"functional-code":{"insertions":5,"deletions":5}}},{"hash":"cef043420492df1edf51e687824508c5f3d18cb0","isMergeCommit":true,"messageTitle":"Merge pull request #245 from gohlucas/Guides-BugFix","messageBody":"Guides bug fix","fileTypesAndContributionMap":{}},{"hash":"6180136b4f8b2c803c366de31e5ab9befcf7d0d3","isMergeCommit":false,"messageTitle":"Add personal .md file","messageBody":"","fileTypesAndContributionMap":{"docs":{"insertions":34,"deletions":25}}},{"hash":"62afa8ab931a806694cd95c144f6685e125906b8","isMergeCommit":false,"messageTitle":"Update Name of md files to match tP requirements","messageBody":"","fileTypesAndContributionMap":{"docs":{"insertions":3,"deletions":3}}},{"hash":"4dec2760ed50fa5562693020dffcafe30e38e1e0","isMergeCommit":true,"messageTitle":"Merge pull request #246 from gohlucas/mdFile","messageBody":"Add personal .md file","fileTypesAndContributionMap":{}},{"hash":"cebc61b08a3d96ec1592dc13f63f2d9873615657","isMergeCommit":false,"messageTitle":"Save changes","messageBody":"","fileTypesAndContributionMap":{"docs":{"insertions":197,"deletions":30}}}]},{"date":"2025-04-06","commitResults":[{"hash":"1f2b100a115a5d67602ec427b6884e65aca056a9","isMergeCommit":false,"messageTitle":"Fix DG","messageBody":"","fileTypesAndContributionMap":{"functional-code":{"insertions":6,"deletions":16},"docs":{"insertions":242,"deletions":42},"test-code":{"insertions":11,"deletions":1}}},{"hash":"38bc7e68ec16fe8b4a0111efa221e3ae09c03882","isMergeCommit":false,"messageTitle":"Fix checkstyle","messageBody":"","fileTypesAndContributionMap":{"functional-code":{"insertions":0,"deletions":2}}},{"hash":"6f42b9455a776e2a8ab8a2d9c46add52239aa04f","isMergeCommit":false,"messageTitle":"Fix checkstyle","messageBody":"","fileTypesAndContributionMap":{"docs":{"insertions":8,"deletions":12}}},{"hash":"09f50c1a8106a9581b9b52b8a665e2204c8beda5","isMergeCommit":false,"messageTitle":"Fix Checkstyle","messageBody":"","fileTypesAndContributionMap":{"docs":{"insertions":46,"deletions":41}}},{"hash":"c8cfa6c53ac1822f5d748148a0da1c1638d459b7","isMergeCommit":false,"messageTitle":"Fix checkstyle","messageBody":"","fileTypesAndContributionMap":{"docs":{"insertions":4,"deletions":5}}},{"hash":"b5b862949ed06d4734cf33da6126b5bd6ddb6af5","isMergeCommit":true,"messageTitle":"Merge branch \u0027master\u0027 into DG-reinsert-glossary-and-others","messageBody":"","fileTypesAndContributionMap":{}},{"hash":"fc6e14bf0b35ad48dbe845ae6418956c4b3c5f1e","isMergeCommit":true,"messageTitle":"Merge pull request #248 from gohlucas/DG-reinsert-glossary-and-others","messageBody":"Update DG to reflect previously deleted stuff","fileTypesAndContributionMap":{}},{"hash":"9cdcbe51523b83c61612342b68a2904cd0bcc58c","isMergeCommit":true,"messageTitle":"Merge pull request #169 from gohlucas/Testcase","messageBody":"Testing","fileTypesAndContributionMap":{}}]}],"isaacchua0309":[],"darHH":[{"date":"2025-04-06","commitResults":[{"hash":"be932ac71e376ddfb5129ae4472d097786da91d2","isMergeCommit":false,"messageTitle":"Fixed bugs for deletemembercommand and editgamelocation command","messageBody":"","fileTypesAndContributionMap":{"functional-code":{"insertions":101,"deletions":19}}},{"hash":"c5b47dea179f4426313e31155579d371776e31d0","isMergeCommit":true,"messageTitle":"Merge pull request #254 from darHH/v1.6-Bug-Fixes-Darren","messageBody":"Fixed bugs for deletemembercommand and editgamelocation command","fileTypesAndContributionMap":{}}]}],"noahang":[],"SomneelSaha2004":[{"date":"2025-04-05","commitResults":[{"hash":"91523692a54a275fe78d40a4e0648217c685b763","isMergeCommit":false,"messageTitle":"Fix [PE-D][Tester C] Some example commands in the UG do not work","messageBody":"","fileTypesAndContributionMap":{"functional-code":{"insertions":2,"deletions":2},"docs":{"insertions":38,"deletions":38}}},{"hash":"125e03c5fc1e810acfa749c4bcca9fd01606e71b","isMergeCommit":false,"messageTitle":"Fix UG links","messageBody":"","fileTypesAndContributionMap":{"docs":{"insertions":11,"deletions":11}}},{"hash":"9cce70c0a73815d4da267fb0a2be7aceb45750d8","isMergeCommit":false,"messageTitle":"Fix UG links","messageBody":"","fileTypesAndContributionMap":{"docs":{"insertions":14,"deletions":14}}},{"hash":"bc1ff73e8c4db3e5bcc306252cc247d354956de2","isMergeCommit":false,"messageTitle":"Fix UG links","messageBody":"","fileTypesAndContributionMap":{"docs":{"insertions":30,"deletions":44}}}]},{"date":"2025-04-06","commitResults":[{"hash":"268a4ed7e54d2ef94de1f858cf52d3d17aa4a328","isMergeCommit":true,"messageTitle":"Merge branch \u0027master\u0027 into master","messageBody":"","fileTypesAndContributionMap":{}},{"hash":"51cb05451bb0bf34bbb30ddea8b75d82eed6cabd","isMergeCommit":true,"messageTitle":"Merge pull request #249 from SomneelSaha2004/master","messageBody":"Fix issues related to UG and HelpWindow","fileTypesAndContributionMap":{}},{"hash":"00fd2da6033d0ba44896e0ac639e8f29ff3e1ca4","isMergeCommit":false,"messageTitle":"Add sports with space to createsport","messageBody":"","fileTypesAndContributionMap":{"functional-code":{"insertions":2,"deletions":2},"docs":{"insertions":0,"deletions":3}}},{"hash":"4de8925610b37d3acfe08d78b284beafb1d3cb83","isMergeCommit":false,"messageTitle":"checkstyle","messageBody":"","fileTypesAndContributionMap":{"functional-code":{"insertions":1,"deletions":1}}},{"hash":"0cf893082326c1e2fbddb7fcde52fd8de7a43b2d","isMergeCommit":true,"messageTitle":"Merge pull request #250 from SomneelSaha2004/BugFixes","messageBody":"Add sports with space to createsport closes #227","fileTypesAndContributionMap":{}},{"hash":"29d145734a816fa41bfc6f2acec181c3addd5e97","isMergeCommit":false,"messageTitle":"multi space sports allowed","messageBody":"","fileTypesAndContributionMap":{"functional-code":{"insertions":6,"deletions":2}}},{"hash":"6c53d55420033dabefa4b08be032a7e17c661c24","isMergeCommit":true,"messageTitle":"Merge branch \u0027AY2425S2-CS2103T-F12-1:master\u0027 into BugFixes","messageBody":"","fileTypesAndContributionMap":{}},{"hash":"9056550e21325b0c9ec23399efde3d92615809c3","isMergeCommit":true,"messageTitle":"Merge pull request #251 from SomneelSaha2004/BugFixes","messageBody":"Bug fixes","fileTypesAndContributionMap":{}},{"hash":"c9fb3d3671b85e8b5a06263d1fe2a5b83023a9e3","isMergeCommit":false,"messageTitle":"Fixed issues related to data corruption","messageBody":"","fileTypesAndContributionMap":{"functional-code":{"insertions":21,"deletions":4}}},{"hash":"2e452a9025eb16b342c5cddf46dce10360c7da8c","isMergeCommit":true,"messageTitle":"Merge remote-tracking branch \u0027origin/BugFixes\u0027 into BugFixes","messageBody":"","fileTypesAndContributionMap":{}},{"hash":"d4f3b6e95c5b0e945b71c5d398c94cec4492077d","isMergeCommit":true,"messageTitle":"Merge pull request #252 from SomneelSaha2004/BugFixes","messageBody":"Fixed bugs related to data corruption closes #236","fileTypesAndContributionMap":{}},{"hash":"11a46ff58438cb01b2aca9d87029842ef454e791","isMergeCommit":false,"messageTitle":"Bug fixes","messageBody":"","fileTypesAndContributionMap":{"functional-code":{"insertions":5,"deletions":2},"docs":{"insertions":2,"deletions":2}}},{"hash":"ea95a15425e7b9c2baf688c4d6be9939b1c1b418","isMergeCommit":false,"messageTitle":"Bug fixes","messageBody":"","fileTypesAndContributionMap":{"functional-code":{"insertions":4,"deletions":3}}},{"hash":"d102eadc10e77c5c1b4868d1b9f38cfe49d3f6ec","isMergeCommit":false,"messageTitle":"Bug fixes","messageBody":"","fileTypesAndContributionMap":{"test-code":{"insertions":1,"deletions":25}}},{"hash":"d5eed77b8c2a0f18d3188fc7b31137fb3cb449fc","isMergeCommit":false,"messageTitle":"Bug fixes","messageBody":"","fileTypesAndContributionMap":{"test-code":{"insertions":2,"deletions":3}}},{"hash":"470590c4eaab791d477864479629f5c1fb76f9ac","isMergeCommit":true,"messageTitle":"Merge pull request #253 from SomneelSaha2004/BugFixes","messageBody":"Bug fixes closes #206","fileTypesAndContributionMap":{}}]}]},"authorFileTypeContributionMap":{"gohlucas":{"docs":475,"functional-code":32,"test-code":13},"isaacchua0309":{"docs":0,"functional-code":0,"test-code":0},"darHH":{"docs":0,"functional-code":101,"test-code":0},"noahang":{"docs":0,"functional-code":0,"test-code":0},"SomneelSaha2004":{"docs":23,"functional-code":34,"test-code":2}},"authorContributionVariance":{"gohlucas":256.0,"isaacchua0309":0.0,"darHH":3600.0,"noahang":0.0,"SomneelSaha2004":3192.25},"authorDisplayNameMap":{"gohlucas":"CS2103T-F12-1 GOH ..UCAS","isaacchua0309":"CS2103T-F12-1 ISAA..IANG","darHH":"CS2103T-F12-1 DARR..HONG","noahang":"CS2103T-F12-1 NOAH..HERN","SomneelSaha2004":"CS2103T-F12-1 SAHA..UMAR"}}
