{"authorDailyContributionsMap":{"CXl0l0":[{"date":"2025-04-06","commitResults":[{"hash":"3a79be9dd96c2b0c56fbe149e45c9d7658319b1d","isMergeCommit":false,"messageTitle":"Fix application crashing bug","messageBody":"Program crashes when invalid date is edited in .json file for Duty.\n\nThe program couldn\u0027t handle the error gracefully and the application\ncouldn\u0027t start.\n\nJsonAdaptedPerson.java toModelType() function is modified to handle\nthe issue gracefully. The function checks for the validity of the\ndates and throws exception if the dates are invalid.\n","fileTypesAndContributionMap":{"functional-code":{"insertions":9,"deletions":1}}},{"hash":"468f695e3abcf19628dbdd618ce99926b7178d71","isMergeCommit":false,"messageTitle":"Fix checkstyle","messageBody":"","fileTypesAndContributionMap":{"functional-code":{"insertions":2,"deletions":2}}},{"hash":"a309c274dc1552d2e109056531c427ce81fa5b70","isMergeCommit":false,"messageTitle":"Add test code for JsonAdaptedPerson","messageBody":"","fileTypesAndContributionMap":{"test-code":{"insertions":24,"deletions":0}}},{"hash":"e7d0102aafde950e644d6a914aabbdc7614b1329","isMergeCommit":false,"messageTitle":"Make NRIC error message more comprehensive","messageBody":"","fileTypesAndContributionMap":{"functional-code":{"insertions":3,"deletions":2}}}]},{"date":"2025-04-07","commitResults":[{"hash":"44c4ad84962b44e31d0f3155fc407c35e3d4341a","isMergeCommit":false,"messageTitle":"Fix Filter Command\u0027s class diagram","messageBody":"","fileTypesAndContributionMap":{"docs":{"insertions":8,"deletions":7}}},{"hash":"4db2f739dbc4649bf11736585d4d2f72c4fb3fb1","isMergeCommit":false,"messageTitle":"Modify UC3 in DG","messageBody":"","fileTypesAndContributionMap":{"docs":{"insertions":3,"deletions":18}}},{"hash":"c0c8d45f552c767b94d283b85a96629c122d83b1","isMergeCommit":false,"messageTitle":"Fix rank field bugs","messageBody":"Rank only accepts 3 alphanumerical capital letters\n\nSome ranks contains only 2 or 4 letters\n\nWhat changed:\n1) Requirements for the rank field is changed\n2) Error message is updated to be more comprehensive\n","fileTypesAndContributionMap":{"functional-code":{"insertions":3,"deletions":3},"test-code":{"insertions":5,"deletions":3}}},{"hash":"a752ab1a336e6179ca28d3b05ebbbd83a52d36d0","isMergeCommit":false,"messageTitle":"Fix DG","messageBody":"","fileTypesAndContributionMap":{"docs":{"insertions":7,"deletions":7}}},{"hash":"6b6a36921e2e5082e925b982b24b7f01e65de3ff","isMergeCommit":true,"messageTitle":"Merge branch \u0027master\u0027 of https://github.com/AY2425S2-CS2103T-T15-1a/tp into branch-DG-fix","messageBody":"# Conflicts:\n#\tdocs/DeveloperGuide.md\n","fileTypesAndContributionMap":{}},{"hash":"27965d29fe8ab098b467caf506e2164d5e339dbd","isMergeCommit":true,"messageTitle":"Merge pull request #206 from CXl0l0/branch-rank-field-fix","messageBody":"Fix rank field bugs","fileTypesAndContributionMap":{}}]}],"zihung20":[{"date":"2025-04-06","commitResults":[{"hash":"ea66ba3f78aeca36fefc4b8dbae2192db544e39f","isMergeCommit":false,"messageTitle":"Fix bugs in Developer Guide","messageBody":"","fileTypesAndContributionMap":{"docs":{"insertions":6,"deletions":7}}},{"hash":"24bea7804973c5c241bfef286dcb4cd3f2cd3d3b","isMergeCommit":false,"messageTitle":"Fix bugs in developer guide, use cases, and user stories","messageBody":"","fileTypesAndContributionMap":{"docs":{"insertions":32,"deletions":33}}},{"hash":"e609d0217d06502f7eddab5a68d4c3d0d452385f","isMergeCommit":false,"messageTitle":"Fix broken links in DG","messageBody":"","fileTypesAndContributionMap":{"docs":{"insertions":5,"deletions":5}}},{"hash":"c76b51fed9cbecb55608ad18a040d089331b8c1c","isMergeCommit":false,"messageTitle":"Add acknowledgement section in DG","messageBody":"","fileTypesAndContributionMap":{"docs":{"insertions":5,"deletions":0}}},{"hash":"df15184d80cfe735cadfe1671ecf6a857dafbec0","isMergeCommit":false,"messageTitle":"Fix address validation rule","messageBody":"","fileTypesAndContributionMap":{"functional-code":{"insertions":5,"deletions":5},"test-code":{"insertions":30,"deletions":9}}},{"hash":"7e9c4911677546dc205166d6cf6361ed39e14fab","isMergeCommit":false,"messageTitle":"Fix address message constraint","messageBody":"","fileTypesAndContributionMap":{"functional-code":{"insertions":3,"deletions":1},"test-code":{"insertions":8,"deletions":6}}},{"hash":"0555cda877aad351a4cee2f92e734ffc1ca32a27","isMergeCommit":false,"messageTitle":"Fix additional space issue in DG","messageBody":"","fileTypesAndContributionMap":{"docs":{"insertions":0,"deletions":2}}},{"hash":"e579704ec200ef8738f51bd8ffda0167f3acca2d","isMergeCommit":true,"messageTitle":"Merge pull request #199 from zihung20/branch-fix-bug","messageBody":"Fix bugs in Developer Guide","fileTypesAndContributionMap":{}},{"hash":"29a705230dc8dc10d37154a2b3a760053f9cf82a","isMergeCommit":false,"messageTitle":"Fix use case for deleting a personnel","messageBody":"","fileTypesAndContributionMap":{"docs":{"insertions":7,"deletions":30}}},{"hash":"c81fa2ed32097831f221d074feebacf7f8aa3d34","isMergeCommit":false,"messageTitle":"Fix use case for adding personnel","messageBody":"","fileTypesAndContributionMap":{"docs":{"insertions":1,"deletions":1}}},{"hash":"a7819dc462e0ed87339595bad7ee5dc0a86e2f67","isMergeCommit":false,"messageTitle":"Add glossary entry to explain the term \u0027INET\u0027","messageBody":"","fileTypesAndContributionMap":{"docs":{"insertions":1,"deletions":1}}},{"hash":"2ef43ae2a90987948a5d44577ca73ce6ac2fce61","isMergeCommit":false,"messageTitle":"Update unrealistic NFR to a more feasible one","messageBody":"","fileTypesAndContributionMap":{"docs":{"insertions":3,"deletions":4}}}]},{"date":"2025-04-07","commitResults":[{"hash":"e3080cea911a0036f969c0b937fa0e39f523a394","isMergeCommit":false,"messageTitle":"Update project portfolio page","messageBody":"","fileTypesAndContributionMap":{"docs":{"insertions":56,"deletions":8}}},{"hash":"bcd83280b186ea50cf5b93707217a6caf7a48bd9","isMergeCommit":false,"messageTitle":"Add missing period in glossary","messageBody":"","fileTypesAndContributionMap":{"docs":{"insertions":1,"deletions":1}}},{"hash":"414230f47cc29f2ad3367e62cf4a872de2473977","isMergeCommit":true,"messageTitle":"Merge pull request #203 from zihung20/branch-fix-bug","messageBody":"Fix use case for deleting a personnel","fileTypesAndContributionMap":{}},{"hash":"dd2d5e40e8b164b74a7be8c2278a71b6f3021259","isMergeCommit":true,"messageTitle":"Merge branch \u0027master\u0027 into branch-fix-feature-bug","messageBody":"","fileTypesAndContributionMap":{}},{"hash":"53cc3b748095f3965de97a1f2facd434ff0a661e","isMergeCommit":false,"messageTitle":"Fix the phone number validation bugs","messageBody":"","fileTypesAndContributionMap":{"functional-code":{"insertions":2,"deletions":2},"test-code":{"insertions":32,"deletions":23}}},{"hash":"35f59acf4034827ce74ec0cc71c3237363017b76","isMergeCommit":false,"messageTitle":"Fix markdown styling issue","messageBody":"","fileTypesAndContributionMap":{"docs":{"insertions":1,"deletions":0}}},{"hash":"e4d89112afc8bd21d2f44015c3d93632b59ff4f3","isMergeCommit":true,"messageTitle":"Merge pull request #207 from zihung20/branch-project-portfolio-page","messageBody":"Update project portfolio page","fileTypesAndContributionMap":{}},{"hash":"88c7b159694b6ad7ba73e7bf2a84997422658a78","isMergeCommit":true,"messageTitle":"Merge pull request #201 from CXl0l0/branch-nric-error-msg-fix","messageBody":"Make NRIC error message more comprehensive","fileTypesAndContributionMap":{}},{"hash":"535e3280dd7fcae4f4cbabfdd653144158e54a26","isMergeCommit":true,"messageTitle":"Merge pull request #200 from CXl0l0/branch-bug-fixes","messageBody":"Fix application crashing bug","fileTypesAndContributionMap":{}},{"hash":"29b5098892971f073a50ae32e79319e606f9a33d","isMergeCommit":false,"messageTitle":"Fix test case to use consistent person information","messageBody":"","fileTypesAndContributionMap":{"test-code":{"insertions":2,"deletions":2}}}]},{"date":"2025-04-08","commitResults":[{"hash":"9dc48a7b8d666a3132a5a0bc45e9f48d0f4e542f","isMergeCommit":true,"messageTitle":"Merge pull request #202 from zihung20/branch-fix-feature-bug","messageBody":"Fix address and phone number validation rule","fileTypesAndContributionMap":{}},{"hash":"9f62c0a107fdc2233682715080b6c0dd088d818b","isMergeCommit":true,"messageTitle":"Merge pull request #205 from CXl0l0/branch-DG-fix","messageBody":"More DG Fixes","fileTypesAndContributionMap":{}},{"hash":"11411ec3b7f342b9e4c511d7b25e45afaf1fa627","isMergeCommit":false,"messageTitle":"Fix message clarity","messageBody":"","fileTypesAndContributionMap":{"functional-code":{"insertions":1,"deletions":1}}},{"hash":"a268e1d24e944606635005135584674767f0d18c","isMergeCommit":true,"messageTitle":"Merge pull request #213 from zihung20/branch-fix-feature-bug","messageBody":"Fix message clarity","fileTypesAndContributionMap":{}}]}],"Junixm":[{"date":"2025-04-07","commitResults":[{"hash":"eee27d8c301a2860fb8aeeb315d09cbf2711d40b","isMergeCommit":false,"messageTitle":"Fix name validation","messageBody":"","fileTypesAndContributionMap":{"functional-code":{"insertions":6,"deletions":8}}},{"hash":"15fb6077f86e0c27485840035e8c9175d2c443e0","isMergeCommit":false,"messageTitle":"Fix bug","messageBody":"","fileTypesAndContributionMap":{"functional-code":{"insertions":14,"deletions":5}}},{"hash":"8a1c6909d51a25de9a74aa8408d1dd4767964e37","isMergeCommit":false,"messageTitle":"Fix checkstyle","messageBody":"","fileTypesAndContributionMap":{"functional-code":{"insertions":1,"deletions":1}}},{"hash":"f52a4021a6f58e8a175919f24807a7ee78073e9a","isMergeCommit":true,"messageTitle":"Merge branch \u0027master\u0027 into Branch-fix-name-issues","messageBody":"* master:\n  Fix rank field bugs\n  Make NRIC error message more comprehensive\n  Add test code for JsonAdaptedPerson\n  Fix checkstyle\n  Fix application crashing bug\n","fileTypesAndContributionMap":{}},{"hash":"708daf6c04739bc01ab2aacb7f8d69fa472e1d2b","isMergeCommit":false,"messageTitle":"Fix bug","messageBody":"","fileTypesAndContributionMap":{"functional-code":{"insertions":3,"deletions":4},"test-code":{"insertions":5,"deletions":5}}}]},{"date":"2025-04-08","commitResults":[{"hash":"fdd66972bd7d2918848eb3129650f915b21df0a5","isMergeCommit":false,"messageTitle":"undo prefix","messageBody":"","fileTypesAndContributionMap":{"functional-code":{"insertions":4,"deletions":13},"test-code":{"insertions":2,"deletions":2}}},{"hash":"4362c1715722826ed46c5cc416eedf22c4f9e207","isMergeCommit":true,"messageTitle":"Merge pull request #211 from Junixm/Branch-fix-name-issues","messageBody":"Branch fix name issues","fileTypesAndContributionMap":{}}]}],"CoreySiah":[{"date":"2025-04-07","commitResults":[{"hash":"c1e4f8be416afec874d3ce95556056293e222b0b","isMergeCommit":false,"messageTitle":"Fix issue #195","messageBody":"","fileTypesAndContributionMap":{"docs":{"insertions":1,"deletions":0}}},{"hash":"f0f5407dd5984555baa7df2afa7ace0a975fef56","isMergeCommit":false,"messageTitle":"Fix issue #166","messageBody":"","fileTypesAndContributionMap":{"functional-code":{"insertions":4,"deletions":1},"docs":{"insertions":3,"deletions":2}}},{"hash":"3c5c6889093ea6c6ac39b324a442ea707d573c6f","isMergeCommit":false,"messageTitle":"Fix issues","messageBody":"","fileTypesAndContributionMap":{"docs":{"insertions":22,"deletions":22}}},{"hash":"edca61ff84ef58a0fef662bcbe1a0f812d0f4545","isMergeCommit":false,"messageTitle":"Fix issues","messageBody":"","fileTypesAndContributionMap":{"functional-code":{"insertions":3,"deletions":3},"docs":{"insertions":9,"deletions":6}}},{"hash":"b126daf60cbb804a7f677174dea375b8a2a24c41","isMergeCommit":false,"messageTitle":"Fix issues","messageBody":"","fileTypesAndContributionMap":{"docs":{"insertions":1,"deletions":1}}},{"hash":"cbf8a1053cb5aacc39c438016cdbaefcfe27add2","isMergeCommit":true,"messageTitle":"Merge branch \u0027master\u0027 into fix-ug-documentation","messageBody":"","fileTypesAndContributionMap":{}},{"hash":"ad13c7e89b7a2e9f2613619c3815253464fb2d37","isMergeCommit":false,"messageTitle":"Fix unused import","messageBody":"","fileTypesAndContributionMap":{"functional-code":{"insertions":0,"deletions":1}}},{"hash":"b6bd8d76536708c245a09e81274147901dc23cce","isMergeCommit":false,"messageTitle":"Update CompanyContainsKeywordsPredicate.java","messageBody":"","fileTypesAndContributionMap":{"functional-code":{"insertions":0,"deletions":1}}},{"hash":"32c535698736a14c69666ca7993247dbb70effdf","isMergeCommit":false,"messageTitle":"Update Rank.java","messageBody":"","fileTypesAndContributionMap":{"functional-code":{"insertions":1,"deletions":1}}},{"hash":"13bd06b59b6ddc12cce32b7f500dad9ee93863ea","isMergeCommit":false,"messageTitle":"Fix issues","messageBody":"","fileTypesAndContributionMap":{"functional-code":{"insertions":1,"deletions":1},"docs":{"insertions":1,"deletions":1}}}]},{"date":"2025-04-08","commitResults":[{"hash":"e2eaca289b2fe17fb1dccc98f449a429b66048b7","isMergeCommit":false,"messageTitle":"Update UserGuide.md","messageBody":"","fileTypesAndContributionMap":{"docs":{"insertions":1,"deletions":1}}},{"hash":"aa6f084d01593ee2b374d2af514a29aa0313bf2d","isMergeCommit":true,"messageTitle":"Merge branch \u0027fix-ug-documentation\u0027 of https://github.com/CoreySiah/tp into fix-ug-documentation","messageBody":"# Conflicts:\n#\tsrc/main/java/seedu/address/model/person/Rank.java\n","fileTypesAndContributionMap":{}},{"hash":"fad03cb7ea53a060c7212e0aee44de5372b130a3","isMergeCommit":false,"messageTitle":"Fix issues","messageBody":"","fileTypesAndContributionMap":{"functional-code":{"insertions":1,"deletions":6}}},{"hash":"b20d59c8ee2bbb4abec941bb610558c912739101","isMergeCommit":true,"messageTitle":"Merge pull request #210 from CoreySiah/fix-ug-documentation","messageBody":"Fix UG issues","fileTypesAndContributionMap":{}},{"hash":"7d6429ba578aeb5ff6f60fa8f7104b62ef825b2c","isMergeCommit":false,"messageTitle":"Update duty date UG","messageBody":"","fileTypesAndContributionMap":{"docs":{"insertions":2,"deletions":1}}},{"hash":"a9cf760eee333288e38981ecdab0ec7fe5b283aa","isMergeCommit":true,"messageTitle":"Merge pull request #212 from CoreySiah/fix-ug-documentation","messageBody":"Update duty date UG","fileTypesAndContributionMap":{}},{"hash":"f6289a3fd955431166718bfb3abc95185e1d9fe8","isMergeCommit":false,"messageTitle":"Fix UG","messageBody":"","fileTypesAndContributionMap":{"docs":{"insertions":2,"deletions":2}}},{"hash":"85b05f7ee6b5c26a7d226fee6bbf6addefaa95af","isMergeCommit":false,"messageTitle":"Update version","messageBody":"","fileTypesAndContributionMap":{"docs":{"insertions":1,"deletions":1}}},{"hash":"98d2121bfadea259c41b951375d7eab6713baf0a","isMergeCommit":true,"messageTitle":"Merge pull request #216 from CoreySiah/fix-ug-documentation","messageBody":"Fix UG","tags":["V1.6"],"fileTypesAndContributionMap":{}}]}]},"authorFileTypeContributionMap":{"CXl0l0":{"docs":14,"functional-code":10,"test-code":29},"zihung20":{"docs":102,"functional-code":11,"test-code":66},"Junixm":{"docs":0,"functional-code":2,"test-code":3},"CoreySiah":{"docs":25,"functional-code":7,"test-code":0}},"authorContributionVariance":{"CXl0l0":770.6875,"zihung20":7940.75,"Junixm":453.1875,"CoreySiah":1254.0},"authorDisplayNameMap":{"CXl0l0":"CS2103T-T15-1 LEE ..XUAN","zihung20":"CS2103T-T15-1 KONG..HUNG","Junixm":"CS2103T-T15-1 LEE ..HENG","CoreySiah":"CS2103T-T15-1 CORE..RONG"}}
