{"authorDailyContributionsMap":{"CXl0l0":[],"zihung20":[{"date":"2025-04-06","commitResults":[{"hash":"ea66ba3f78aeca36fefc4b8dbae2192db544e39f","isMergeCommit":false,"messageTitle":"Fix bugs in Developer Guide","messageBody":"","fileTypesAndContributionMap":{"docs":{"insertions":6,"deletions":7}}},{"hash":"24bea7804973c5c241bfef286dcb4cd3f2cd3d3b","isMergeCommit":false,"messageTitle":"Fix bugs in developer guide, use cases, and user stories","messageBody":"","fileTypesAndContributionMap":{"docs":{"insertions":32,"deletions":33}}},{"hash":"e609d0217d06502f7eddab5a68d4c3d0d452385f","isMergeCommit":false,"messageTitle":"Fix broken links in DG","messageBody":"","fileTypesAndContributionMap":{"docs":{"insertions":5,"deletions":5}}},{"hash":"c76b51fed9cbecb55608ad18a040d089331b8c1c","isMergeCommit":false,"messageTitle":"Add acknowledgement section in DG","messageBody":"","fileTypesAndContributionMap":{"docs":{"insertions":5,"deletions":0}}},{"hash":"0555cda877aad351a4cee2f92e734ffc1ca32a27","isMergeCommit":false,"messageTitle":"Fix additional space issue in DG","messageBody":"","fileTypesAndContributionMap":{"docs":{"insertions":0,"deletions":2}}},{"hash":"e579704ec200ef8738f51bd8ffda0167f3acca2d","isMergeCommit":true,"messageTitle":"Merge pull request #199 from zihung20/branch-fix-bug","messageBody":"Fix bugs in Developer Guide","fileTypesAndContributionMap":{}},{"hash":"29a705230dc8dc10d37154a2b3a760053f9cf82a","isMergeCommit":false,"messageTitle":"Fix use case for deleting a personnel","messageBody":"","fileTypesAndContributionMap":{"docs":{"insertions":7,"deletions":30}}},{"hash":"c81fa2ed32097831f221d074feebacf7f8aa3d34","isMergeCommit":false,"messageTitle":"Fix use case for adding personnel","messageBody":"","fileTypesAndContributionMap":{"docs":{"insertions":1,"deletions":1}}},{"hash":"a7819dc462e0ed87339595bad7ee5dc0a86e2f67","isMergeCommit":false,"messageTitle":"Add glossary entry to explain the term \u0027INET\u0027","messageBody":"","fileTypesAndContributionMap":{"docs":{"insertions":1,"deletions":1}}},{"hash":"2ef43ae2a90987948a5d44577ca73ce6ac2fce61","isMergeCommit":false,"messageTitle":"Update unrealistic NFR to a more feasible one","messageBody":"","fileTypesAndContributionMap":{"docs":{"insertions":3,"deletions":4}}}]},{"date":"2025-04-07","commitResults":[{"hash":"bcd83280b186ea50cf5b93707217a6caf7a48bd9","isMergeCommit":false,"messageTitle":"Add missing period in glossary","messageBody":"","fileTypesAndContributionMap":{"docs":{"insertions":1,"deletions":1}}},{"hash":"414230f47cc29f2ad3367e62cf4a872de2473977","isMergeCommit":true,"messageTitle":"Merge pull request #203 from zihung20/branch-fix-bug","messageBody":"Fix use case for deleting a personnel","fileTypesAndContributionMap":{}}]}],"Junixm":[],"CoreySiah":[]},"authorFileTypeContributionMap":{"CXl0l0":{"docs":0,"functional-code":0,"test-code":0},"zihung20":{"docs":46,"functional-code":0,"test-code":0},"Junixm":{"docs":0,"functional-code":0,"test-code":0},"CoreySiah":{"docs":0,"functional-code":0,"test-code":0}},"authorContributionVariance":{"CXl0l0":0.0,"zihung20":4481.5557,"Junixm":0.0,"CoreySiah":0.0},"authorDisplayNameMap":{"CXl0l0":"CS2103T-T15-1 LEE ..XUAN","zihung20":"CS2103T-T15-1 KONG..HUNG","Junixm":"CS2103T-T15-1 LEE ..HENG","CoreySiah":"CS2103T-T15-1 CORE..RONG"}}
