{"authorDailyContributionsMap":{"reuben-thomas":[{"date":"2025-04-05","commitResults":[{"hash":"8d615a5ff9f0350c675bc42c3e5ff3180b556d9e","isMergeCommit":true,"messageTitle":"Merge remote-tracking branch \u0027upstream/master\u0027","messageBody":"","fileTypesAndContributionMap":{}}]},{"date":"2025-04-06","commitResults":[{"hash":"5f46dbc528cd5bcf0209eb6d1b2e7f105718bf6b","isMergeCommit":false,"messageTitle":"Add maximum width for PersonCard","messageBody":"","fileTypesAndContributionMap":{"functional-code":{"insertions":1,"deletions":1}}},{"hash":"1d8300dc10615397ff1698f3c8c58cf0323f3b60","isMergeCommit":false,"messageTitle":"Add restriction for logout commands","messageBody":"","fileTypesAndContributionMap":{"functional-code":{"insertions":57,"deletions":14},"test-code":{"insertions":1,"deletions":1}}},{"hash":"cdb7285085d1d570201093555dbf534957ac5c6c","isMergeCommit":false,"messageTitle":"Update test","messageBody":"","fileTypesAndContributionMap":{"functional-code":{"insertions":0,"deletions":1},"test-code":{"insertions":5,"deletions":0}}},{"hash":"1aba6471fc8acc3a13aeff0e2671f31d68771819","isMergeCommit":false,"messageTitle":"Update command exception priority","messageBody":"","fileTypesAndContributionMap":{"functional-code":{"insertions":7,"deletions":7}}},{"hash":"f2f22c4298a997c37082503cae53134f7b246cf7","isMergeCommit":false,"messageTitle":"Remove redundant branch","messageBody":"","fileTypesAndContributionMap":{"functional-code":{"insertions":0,"deletions":4}}},{"hash":"93ed8a8d4dbbbe14281d84715960be64bba6d3e0","isMergeCommit":false,"messageTitle":"Remove unused import","messageBody":"","fileTypesAndContributionMap":{"functional-code":{"insertions":0,"deletions":1}}},{"hash":"6745d29f4387866bad65efb9ab3ffbcbd132e860","isMergeCommit":true,"messageTitle":"Merge remote-tracking branch \u0027upstream/master\u0027","messageBody":"","fileTypesAndContributionMap":{}},{"hash":"909bd7c0ad443083a22bca35e107f182e2b0cee3","isMergeCommit":true,"messageTitle":"Merge branch \u0027master\u0027 into ui-sizing-fix","messageBody":"","fileTypesAndContributionMap":{}},{"hash":"571db45fea856f99777bb91f5d6b7630fbc2959e","isMergeCommit":true,"messageTitle":"Merge branch \u0027master\u0027 into ui-sizing-fix","messageBody":"","fileTypesAndContributionMap":{}},{"hash":"2a6dd2c1fa11787739581e93cfe0397ab394c5f6","isMergeCommit":true,"messageTitle":"Merge pull request #237 from reuben-thomas/ui-sizing-fix","messageBody":"Ui: Formatting long attribute values","fileTypesAndContributionMap":{}},{"hash":"6595f3787bee24ecdc62672ae19c48016accf18e","isMergeCommit":true,"messageTitle":"Merge remote-tracking branch \u0027upstream/master\u0027","messageBody":"","fileTypesAndContributionMap":{}}]},{"date":"2025-04-07","commitResults":[{"hash":"a6f0ec4177a21103310945bde066fd44d0409867","isMergeCommit":true,"messageTitle":"Merge remote-tracking branch \u0027upstream/master\u0027","messageBody":"","fileTypesAndContributionMap":{}},{"hash":"71aded66c582e6aaa8ecbdec1cd62b343c69fbb0","isMergeCommit":false,"messageTitle":"Update tooltip spelling","messageBody":"","fileTypesAndContributionMap":{"functional-code":{"insertions":1,"deletions":1}}},{"hash":"6bd53fec1eb5fc7c099b4e3a5f0a5f3404b50101","isMergeCommit":true,"messageTitle":"Merge pull request #244 from reuben-thomas/fix-tooltip","messageBody":"Ui: Fix tooltip typo","fileTypesAndContributionMap":{}},{"hash":"63666e5000f8411558a92ca159d244b03cdf62d0","isMergeCommit":false,"messageTitle":"Add whitespace handling to syntax highlighter","messageBody":"","fileTypesAndContributionMap":{"functional-code":{"insertions":39,"deletions":14}}},{"hash":"a598c046db7097a7861f41a73f77c94efe07f39f","isMergeCommit":true,"messageTitle":"Merge remote-tracking branch \u0027upstream/master\u0027","messageBody":"","fileTypesAndContributionMap":{}},{"hash":"3414b69fbe2b35068f81b15de84dbff4ddbe9e14","isMergeCommit":false,"messageTitle":"Update findby usage","messageBody":"","fileTypesAndContributionMap":{"functional-code":{"insertions":2,"deletions":2}}},{"hash":"385f756f0c953cfd554cd4490370547c0d58c121","isMergeCommit":true,"messageTitle":"Merge remote-tracking branch \u0027upstream/master\u0027","messageBody":"","fileTypesAndContributionMap":{}},{"hash":"61115b92dd474b7b4688284f155c946f3e42b566","isMergeCommit":false,"messageTitle":"Update findby and table of contents","messageBody":"","fileTypesAndContributionMap":{"docs":{"insertions":21,"deletions":31}}},{"hash":"7d5dd07b1f056261b4df0c25659e74d9c300ae5e","isMergeCommit":false,"messageTitle":"Update saved file name","messageBody":"","fileTypesAndContributionMap":{"docs":{"insertions":1,"deletions":1}}},{"hash":"8fa9612d5cab1a08cce9b2fcd5deb896f069c628","isMergeCommit":false,"messageTitle":"Update quick start","messageBody":"","fileTypesAndContributionMap":{"docs":{"insertions":47,"deletions":27}}},{"hash":"de410a62e6340d96a881104c1d8974779256b5f4","isMergeCommit":false,"messageTitle":"Fix toc render","messageBody":"","fileTypesAndContributionMap":{"docs":{"insertions":3,"deletions":4}}},{"hash":"33174ccc788eb59e331e5fcb7f537b904adaac9d","isMergeCommit":false,"messageTitle":"Update known issues","messageBody":"","fileTypesAndContributionMap":{"docs":{"insertions":8,"deletions":11}}},{"hash":"32b61e0095c460fc96906587bde39c9e109d56c1","isMergeCommit":false,"messageTitle":"Update findby instructions","messageBody":"","fileTypesAndContributionMap":{"docs":{"insertions":19,"deletions":49}}},{"hash":"61469a5324f3f82a3e4d16791a0c052f2716d202","isMergeCommit":true,"messageTitle":"Merge pull request #248 from reuben-thomas/ug-iter","messageBody":"UserGuide: Addressing PE-D bugs","fileTypesAndContributionMap":{}}]}],"gajinkee":[{"date":"2025-04-07","commitResults":[{"hash":"1b885bbc2f9541b4279caf772b38ca250c1ab07e","isMergeCommit":false,"messageTitle":"Update: DG and UG","messageBody":"","fileTypesAndContributionMap":{"docs":{"insertions":395,"deletions":104}}},{"hash":"3bcc396c916bd5ff62b3fa8b01d870845372d6b7","isMergeCommit":false,"messageTitle":"DG: Future implementations","messageBody":"","fileTypesAndContributionMap":{"docs":{"insertions":11,"deletions":6}}},{"hash":"c277abd8878ac22d2e2547c200cb3fc3f4b9774d","isMergeCommit":false,"messageTitle":"Fix: typo in UG","messageBody":"","fileTypesAndContributionMap":{"docs":{"insertions":15,"deletions":15}}},{"hash":"a6285e6f09d3d7d880ad6edd1306e4183287698e","isMergeCommit":true,"messageTitle":"Merge branch \u0027master\u0027 into update-guides-final","messageBody":"","fileTypesAndContributionMap":{}},{"hash":"0e46cc61c756620b66ab64eed42657a634e9f696","isMergeCommit":false,"messageTitle":"Checkstyle: fix","messageBody":"","fileTypesAndContributionMap":{"docs":{"insertions":130,"deletions":65}}},{"hash":"a1ea3307c5ee36562fed0f8d9f18314edf690a55","isMergeCommit":false,"messageTitle":"UG: Update register","messageBody":"","fileTypesAndContributionMap":{"docs":{"insertions":50,"deletions":47}}},{"hash":"d761978c9a9271d055afb92d356adab3c02c78c8","isMergeCommit":true,"messageTitle":"Merge pull request #246 from reuben-thomas/fix-findby-description","messageBody":"Findby: Update usage message","fileTypesAndContributionMap":{}},{"hash":"58fff1d64c237bbb1d6051601e5158161af48d14","isMergeCommit":true,"messageTitle":"Merge branch \u0027master\u0027 into update-guides-final","messageBody":"","fileTypesAndContributionMap":{}},{"hash":"40905a465084e3642136e9c59887a4f743d09c01","isMergeCommit":true,"messageTitle":"Merge branch \u0027master\u0027 into register-test","messageBody":"","fileTypesAndContributionMap":{}},{"hash":"d1d2c1d7efa79a49629222e2da31cc2afbb331bf","isMergeCommit":true,"messageTitle":"Merge pull request #243 from jonaturn/register-test","messageBody":"Add Tests","fileTypesAndContributionMap":{}},{"hash":"8c612aa8ad29d3f5a955e82f3e5483f1b805b8c7","isMergeCommit":true,"messageTitle":"Merge branch \u0027master\u0027 into syntax-highlight-fix","messageBody":"","fileTypesAndContributionMap":{}},{"hash":"3aa2d5d11ff334ba87cfb361e39b485010cc2691","isMergeCommit":true,"messageTitle":"Merge pull request #245 from reuben-thomas/syntax-highlight-fix","messageBody":"SyntaxHighlighter: Handle white-space before commands gracefully","fileTypesAndContributionMap":{}},{"hash":"57d6b447075b45a66026ec7bebb8dab9ff82e8d3","isMergeCommit":true,"messageTitle":"Merge branch \u0027master\u0027 into update-guides-final","messageBody":"","fileTypesAndContributionMap":{}},{"hash":"37bbd67fc3f46bf6d21797718ddc9b3a089c098d","isMergeCommit":true,"messageTitle":"Merge pull request #242 from gajinkee/update-guides-final","messageBody":"Update Guides","fileTypesAndContributionMap":{}},{"hash":"82cd49009b56c56d0f85a4f6925eabca2b868f12","isMergeCommit":false,"messageTitle":"DG: prio format","messageBody":"","fileTypesAndContributionMap":{"docs":{"insertions":35,"deletions":35}}},{"hash":"be4f719a692798b149abb9b2187a2e2b9be12f90","isMergeCommit":false,"messageTitle":"Test: nbsp","messageBody":"","fileTypesAndContributionMap":{"docs":{"insertions":35,"deletions":35}}},{"hash":"c12f9d4921fb548c3b12d4d6be6ab00a83fc55b0","isMergeCommit":false,"messageTitle":"Test2: help","messageBody":"","fileTypesAndContributionMap":{"docs":{"insertions":24,"deletions":35}}},{"hash":"6e96a12b4d9685874cd9aae1470c4bfccf04cd4d","isMergeCommit":false,"messageTitle":"Test3: DG","messageBody":"","fileTypesAndContributionMap":{"docs":{"insertions":24,"deletions":24}}},{"hash":"a7178306baa624e5988b150659a79b29ccc1e0b2","isMergeCommit":false,"messageTitle":"Test4: DG","messageBody":"","fileTypesAndContributionMap":{"docs":{"insertions":1,"deletions":1}}},{"hash":"749a9941c8b01a0fdddf987322b57236f5ba398f","isMergeCommit":false,"messageTitle":"DG: Please work","messageBody":"","fileTypesAndContributionMap":{"docs":{"insertions":3,"deletions":7}}}]}],"jonaturn":[{"date":"2025-04-06","commitResults":[{"hash":"dd2c3ab2a7ff2509d7b5ada6c0739598e4e9c54e","isMergeCommit":false,"messageTitle":"Change register to one account","messageBody":"","fileTypesAndContributionMap":{"functional-code":{"insertions":27,"deletions":27},"test-code":{"insertions":20,"deletions":9}}},{"hash":"b604bbb678ca8853c187e22225b0f48b310c18d8","isMergeCommit":false,"messageTitle":"Add handle corrupted accounts file","messageBody":"","fileTypesAndContributionMap":{"functional-code":{"insertions":3,"deletions":0}}},{"hash":"34a3208224970e4fe1e5cd97c2fb32cf154b0db6","isMergeCommit":true,"messageTitle":"Merge pull request #239 from reuben-thomas/auth-login-fix","messageBody":"Authentication: Restrict access to commands after logout","fileTypesAndContributionMap":{}},{"hash":"98e9fa95ae212f0f42feb2b9c49b31bb1dfd36e1","isMergeCommit":true,"messageTitle":"Resolve merge conflicts","messageBody":"","fileTypesAndContributionMap":{}},{"hash":"7f326645ef426387d5a322305cbe809d2f5fe0c5","isMergeCommit":false,"messageTitle":"Fix register to fit one account constraint","messageBody":"","fileTypesAndContributionMap":{"functional-code":{"insertions":5,"deletions":1}}},{"hash":"1dcdf8f47cd4db033be28e4d1468547c7fa679ae","isMergeCommit":false,"messageTitle":"Add tweaks to register flow","messageBody":"","fileTypesAndContributionMap":{"functional-code":{"insertions":13,"deletions":3}}},{"hash":"92242d7b0909910e59639fee933e9ad0f8021348","isMergeCommit":false,"messageTitle":"Add disable login if no account","messageBody":"","fileTypesAndContributionMap":{"functional-code":{"insertions":7,"deletions":10},"test-code":{"insertions":2,"deletions":0}}}]},{"date":"2025-04-07","commitResults":[{"hash":"958942d56f208c83c5799bb1992dcc1084209d2d","isMergeCommit":false,"messageTitle":"Remove magic string","messageBody":"","fileTypesAndContributionMap":{"functional-code":{"insertions":2,"deletions":1}}},{"hash":"a7cef3bf92aa8214ee42c2298ab3502b557466e0","isMergeCommit":true,"messageTitle":"Merge branch \u0027master\u0027 into Register","messageBody":"","fileTypesAndContributionMap":{}},{"hash":"0fd9be41ac05d17439bbcbd69b5b8dcca92e8969","isMergeCommit":true,"messageTitle":"Merge pull request #236 from jonaturn/Register","messageBody":"Change register to fit tp constraints","fileTypesAndContributionMap":{}},{"hash":"87c493f2af4c0e1960628f6de7861f687f85429a","isMergeCommit":false,"messageTitle":"Add Tests","messageBody":"","fileTypesAndContributionMap":{"test-code":{"insertions":436,"deletions":0}}},{"hash":"7d3f3d532b16ec3aaa0866870b6e92f6211ea0bb","isMergeCommit":true,"messageTitle":"Merge pull request #250 from gajinkee/dg-formatting","messageBody":"DG formatting","fileTypesAndContributionMap":{}}]}],"LF1928":[{"date":"2025-04-05","commitResults":[{"hash":"38b412d29c72afad3af50e9872bb8a988479f2dd","isMergeCommit":false,"messageTitle":"Update bugs in error messages and remove login in GUI","messageBody":"","fileTypesAndContributionMap":{"functional-code":{"insertions":4,"deletions":7}}},{"hash":"06fe1c8215708e92671b2bd95a676dcce3e2314b","isMergeCommit":false,"messageTitle":"Update UG with values accepted by field and more diagrams","messageBody":"","fileTypesAndContributionMap":{"docs":{"insertions":42,"deletions":29}}},{"hash":"44f1a498179cd43662c8a810afaedb9448abdb28","isMergeCommit":false,"messageTitle":"Update UG with s/ to st/ and update DG diagram","messageBody":"","fileTypesAndContributionMap":{"docs":{"insertions":22,"deletions":22}}},{"hash":"6cbad190aaa96be9a33ef77df4e5a3f3bb20835f","isMergeCommit":false,"messageTitle":"Update length of Phone in UG","messageBody":"","fileTypesAndContributionMap":{"docs":{"insertions":1,"deletions":1}}},{"hash":"305774026ae79151a41344c6fa62c1555c7cc736","isMergeCommit":false,"messageTitle":"Update error messages accordingly","messageBody":"","fileTypesAndContributionMap":{"functional-code":{"insertions":10,"deletions":9}}}]},{"date":"2025-04-06","commitResults":[{"hash":"25565a44e56d70db3930de572f303d433722cad2","isMergeCommit":false,"messageTitle":"Update error message for name","messageBody":"","fileTypesAndContributionMap":{"functional-code":{"insertions":1,"deletions":1}}},{"hash":"69e1fc47b126f7a9981d21d14b1fdb37d084601e","isMergeCommit":false,"messageTitle":"Update restrictions for name in UG","messageBody":"","fileTypesAndContributionMap":{"docs":{"insertions":1,"deletions":1}}},{"hash":"1b0010a566f20b536276b38b47c7d615f85b41af","isMergeCommit":false,"messageTitle":"Update diagrams except register and start ui","messageBody":"","fileTypesAndContributionMap":{"docs":{"insertions":11,"deletions":19}}},{"hash":"9bcfbf3002cb02735db618a67fdcdbc2f9c835b7","isMergeCommit":false,"messageTitle":"Update Status related commands","messageBody":"","fileTypesAndContributionMap":{"functional-code":{"insertions":6,"deletions":4}}},{"hash":"e89956769cdcd278a01a9f4ef700d8a89cb43312","isMergeCommit":false,"messageTitle":"Update Status related commands to st","messageBody":"","fileTypesAndContributionMap":{"functional-code":{"insertions":2,"deletions":2},"test-code":{"insertions":1,"deletions":1}}},{"hash":"4192a8fc93a5bf735bd39bd9bbbbb15f2f09be46","isMergeCommit":false,"messageTitle":"Update error","messageBody":"","fileTypesAndContributionMap":{"functional-code":{"insertions":1,"deletions":1}}},{"hash":"0d43f64aa97a9af10ee89ea16b5abb937a6a3f4c","isMergeCommit":false,"messageTitle":"Update 2 tests for FilterStatusCommand and SetStatusCommand","messageBody":"","fileTypesAndContributionMap":{"test-code":{"insertions":120,"deletions":0}}},{"hash":"79d5241ad91a8172be307d3333be8a1470b6c04e","isMergeCommit":false,"messageTitle":"Update formatting for files","messageBody":"","fileTypesAndContributionMap":{"docs":{"insertions":36,"deletions":26},"test-code":{"insertions":1,"deletions":1}}},{"hash":"448962585f676bd5ae4254c629c5036058382d80","isMergeCommit":true,"messageTitle":"Merge branch \u0027master\u0027 into branch-error-messages-and-login-GUI","messageBody":"","fileTypesAndContributionMap":{}},{"hash":"f73b03d06fd673cec67d62a5fca3aab1c7fbf654","isMergeCommit":false,"messageTitle":"Update to remove magic strings","messageBody":"","fileTypesAndContributionMap":{"functional-code":{"insertions":25,"deletions":12}}},{"hash":"c77b0ff97835bc3d693a7479e464fbf870ef5c5c","isMergeCommit":true,"messageTitle":"Merge remote-tracking branch \u0027origin/branch-error-messages-and-login-GUI\u0027 into branch-error-messages-and-login-GUI","messageBody":"","fileTypesAndContributionMap":{}},{"hash":"b6b112f55a6625a8fafd170b45b78363c9502202","isMergeCommit":false,"messageTitle":"Update status to limit line count","messageBody":"","fileTypesAndContributionMap":{"functional-code":{"insertions":2,"deletions":10}}},{"hash":"b81ece48af8f8c969095d370a64655a2047af5a7","isMergeCommit":false,"messageTitle":"Update status to limit line count","messageBody":"","fileTypesAndContributionMap":{"functional-code":{"insertions":2,"deletions":2}}},{"hash":"0775829df988c4b0513ced01548b876c1611f4db","isMergeCommit":false,"messageTitle":"Update orgID to limit line count","messageBody":"","fileTypesAndContributionMap":{"functional-code":{"insertions":5,"deletions":6}}},{"hash":"0d29804ca14629a9b9150e8a0dbc16c130ece170","isMergeCommit":true,"messageTitle":"Merge pull request #233 from LF1928/branch-error-messages-and-login-GUI","messageBody":"Update bugs in error messages and remove login in GUI and change status prefix to st/","fileTypesAndContributionMap":{}},{"hash":"0ca5161f2cde46c8aa4ab7b8fd03c6c4f2462185","isMergeCommit":true,"messageTitle":"Merge branch \u0027master\u0027 into branch-update-UG-DG","messageBody":"","fileTypesAndContributionMap":{}},{"hash":"fa742559e9705e6200ec07c214e314748d02642f","isMergeCommit":true,"messageTitle":"Merge pull request #234 from LF1928/branch-update-UG-DG","messageBody":"Update UG an DG","fileTypesAndContributionMap":{}}]},{"date":"2025-04-07","commitResults":[{"hash":"7216a547a33ad96a56b9e6d1429ee1d4defb271f","isMergeCommit":true,"messageTitle":"Merge branch \u0027master\u0027 into dg-formatting","messageBody":"","fileTypesAndContributionMap":{}}]}]},"authorFileTypeContributionMap":{"reuben-thomas":{"docs":78,"functional-code":95,"test-code":6},"gajinkee":{"docs":449,"functional-code":0,"test-code":0},"jonaturn":{"docs":0,"functional-code":32,"test-code":458},"LF1928":{"docs":48,"functional-code":21,"test-code":121}},"authorContributionVariance":{"reuben-thomas":13524.667,"gajinkee":267424.25,"jonaturn":34021.555,"LF1928":15002.0},"authorDisplayNameMap":{"reuben-thomas":"CS2103T-T10-2 REUB..OMAS","gajinkee":"CS2103T-T10-2 KEE .. JIN","jonaturn":"CS2103T-T10-2 JONA..UZHE","LF1928":"CS2103T-T10-2 ZHAN.. FEI"}}
