{"authorDailyContributionsMap":{"karthu0301":[{"date":"2025-04-07","commitResults":[{"hash":"cfe8f216c2b071a58002851e8c4ff540111e2701","isMergeCommit":true,"messageTitle":"Merge pull request #284 from zacklow28/Resize-Window-Bug","messageBody":"Allow more flexible resizing","fileTypesAndContributionMap":{}},{"hash":"ea146553979daa052370775c29ac7493968319f2","isMergeCommit":true,"messageTitle":"Merge pull request #286 from zacklow28/Weight-Limit-Bug","messageBody":"Weight limit bug and some UG refactoring","fileTypesAndContributionMap":{}},{"hash":"1df66587ffa710bbc25e373605a8d2dfed2d36d8","isMergeCommit":true,"messageTitle":"Merge pull request #287 from zacklow28/Fix-Minor-DG-Errors","messageBody":"Fix outdated DG parts","fileTypesAndContributionMap":{}},{"hash":"54cdf5f583ec8093122c711035152b7e255e46d9","isMergeCommit":false,"messageTitle":"Update css for command error","messageBody":"","fileTypesAndContributionMap":{"functional-code":{"insertions":9,"deletions":0}}},{"hash":"38f38c287b4750f54206a8cc2670932c7e714482","isMergeCommit":false,"messageTitle":"Update css for command error","messageBody":"","fileTypesAndContributionMap":{"functional-code":{"insertions":0,"deletions":3}}}]},{"date":"2025-04-08","commitResults":[{"hash":"aa4ff5fbcf20609fb56fadfbb9d818c0a0809894","isMergeCommit":true,"messageTitle":"Merge pull request #306 from NoahKoh/branch-updateUG","messageBody":"Update UG and DG","fileTypesAndContributionMap":{}},{"hash":"3fd573a460544cae48511c9de1cbe4cf6dd1d07d","isMergeCommit":true,"messageTitle":"Merge branch \u0027master\u0027 into branch-edit-ug-dg","messageBody":"","fileTypesAndContributionMap":{}},{"hash":"e768068269e74042e8ea0d2e447b32a51d78cd63","isMergeCommit":true,"messageTitle":"Merge pull request #307 from JadeCheah/branch-edit-ug-dg","messageBody":"Add minor changes to the dg","fileTypesAndContributionMap":{}}]}],"NoahKoh":[{"date":"2025-04-05","commitResults":[{"hash":"c6e94bad35bcfaf252fafcb199fe41da19c7b76f","isMergeCommit":false,"messageTitle":"Fix JavaFX version and FilterCommand date","messageBody":"","fileTypesAndContributionMap":{"functional-code":{"insertions":5,"deletions":4}}}]},{"date":"2025-04-07","commitResults":[{"hash":"0e48e0ad1756fa29cf0c0e72cc24cbadbb44a5c7","isMergeCommit":true,"messageTitle":"Merge branch \u0027master\u0027 into branch-Fix-JavaFX-version-and-FilterCommand-date","messageBody":"","fileTypesAndContributionMap":{}},{"hash":"bdd44159e1370d62c5b48f6049e3a4202cd0bc34","isMergeCommit":false,"messageTitle":"Fix height display","messageBody":"","fileTypesAndContributionMap":{"functional-code":{"insertions":1,"deletions":1}}},{"hash":"d741e22b65e4043ca29c41c7b9e4b748a2db2b45","isMergeCommit":false,"messageTitle":"fix UML diagram notation","messageBody":"","fileTypesAndContributionMap":{"docs":{"insertions":26,"deletions":2}}},{"hash":"714040f458e681dd2afdf077c45bd7d9db7b91b0","isMergeCommit":true,"messageTitle":"Merge pull request #293 from zacklow28/Weight-Limit-Bug","messageBody":"Fix long indexes issue","fileTypesAndContributionMap":{}},{"hash":"ffbbb9df50c2410786b75ed5d6ac587213de04f2","isMergeCommit":true,"messageTitle":"Merge pull request #291 from karthu0301/branch-ui-issues-v1.6","messageBody":"Update Css for command error","fileTypesAndContributionMap":{}},{"hash":"3280ba0560becf4ca8ff2f78fcd3c7f663ac273c","isMergeCommit":false,"messageTitle":"Update minor changes","messageBody":"","fileTypesAndContributionMap":{"functional-code":{"insertions":3,"deletions":3}}},{"hash":"252ff20356e971ae87460a0bc24c3aa415d4a65a","isMergeCommit":false,"messageTitle":"Update priority error message","messageBody":"","fileTypesAndContributionMap":{"functional-code":{"insertions":1,"deletions":1}}},{"hash":"0f84316ad11a01105f309800eb3a73e8029afebe","isMergeCommit":false,"messageTitle":"Update minor issue","messageBody":"","fileTypesAndContributionMap":{"functional-code":{"insertions":1,"deletions":1}}},{"hash":"ca7d321a05d69b9f6253afccaf39d1d068c9acfb","isMergeCommit":true,"messageTitle":"Merge pull request #301 from zacklow28/Update-UG-Pics","messageBody":"Update UG pictures","fileTypesAndContributionMap":{}}]},{"date":"2025-04-08","commitResults":[{"hash":"aa9779bcaf02c530e425a1af16cc9be5bd44c6b2","isMergeCommit":false,"messageTitle":"Minor update to UG","messageBody":"","fileTypesAndContributionMap":{"docs":{"insertions":1,"deletions":1}}},{"hash":"6d678f7941f39e66d93daf540c7004c5710b4d06","isMergeCommit":false,"messageTitle":"Minor update to UG","messageBody":"","fileTypesAndContributionMap":{"docs":{"insertions":1,"deletions":1}}},{"hash":"192f8468b796aa2ef99f63c89e91c919f6eb887b","isMergeCommit":false,"messageTitle":"Update UG and DG","messageBody":"","fileTypesAndContributionMap":{"docs":{"insertions":11,"deletions":10}}}]}],"amir-dha":[{"date":"2025-04-07","commitResults":[{"hash":"7335b8873fb24a70624de3987a89d9aa7a1ec76a","isMergeCommit":false,"messageTitle":"Update name and email validation","messageBody":"","fileTypesAndContributionMap":{"functional-code":{"insertions":36,"deletions":12},"test-code":{"insertions":11,"deletions":5}}},{"hash":"dbcc35bd2f4256772ddda7218e746e27ced8d0c1","isMergeCommit":false,"messageTitle":"Update user guide and fix bugs","messageBody":"","fileTypesAndContributionMap":{"docs":{"insertions":24,"deletions":5}}},{"hash":"bf53835c68adb80005013163041b2b125894df0e","isMergeCommit":false,"messageTitle":"Update UG","messageBody":"","fileTypesAndContributionMap":{"docs":{"insertions":1,"deletions":1}}},{"hash":"1d76688fa083aa96d39d88b53aa6f00e4fef42dd","isMergeCommit":true,"messageTitle":"Merge master to branch","messageBody":"","fileTypesAndContributionMap":{}},{"hash":"1b6d9eb35833bde77e635262c39e3c910b880fde","isMergeCommit":false,"messageTitle":"Update UG","messageBody":"","fileTypesAndContributionMap":{"docs":{"insertions":2,"deletions":2}}}]},{"date":"2025-04-08","commitResults":[{"hash":"378d8b714190a523568d008bfa9c950c25f0fe80","isMergeCommit":false,"messageTitle":"Update UG edit portion","messageBody":"","fileTypesAndContributionMap":{"docs":{"insertions":16,"deletions":3}}},{"hash":"a5f78c882661f42e69640d1353ae599053010da0","isMergeCommit":false,"messageTitle":"Update UG edit portion","messageBody":"","fileTypesAndContributionMap":{"docs":{"insertions":16,"deletions":3}}}]}],"JadeCheah":[{"date":"2025-04-07","commitResults":[{"hash":"293f74411b40dff39bc4cf8675559423f331411f","isMergeCommit":false,"messageTitle":"Address bug 280 and 278","messageBody":"","fileTypesAndContributionMap":{"docs":{"insertions":8,"deletions":7}}},{"hash":"9fa2b2d4b807eeaca0de4c45d736d150653c5b65","isMergeCommit":false,"messageTitle":"Fix bug 271, 269","messageBody":"","fileTypesAndContributionMap":{"docs":{"insertions":103,"deletions":104}}},{"hash":"c4ac1012dce9ec167f5561ae6ba1d2f4f92b08af","isMergeCommit":false,"messageTitle":"Fix bug 234, 230","messageBody":"","fileTypesAndContributionMap":{"docs":{"insertions":51,"deletions":0}}}]},{"date":"2025-04-08","commitResults":[{"hash":"3ce3b5a0ba6e00033ef3d74e9a2bb5368e299807","isMergeCommit":false,"messageTitle":"Fix edge case table formatting and find command testcase result","messageBody":"","fileTypesAndContributionMap":{"docs":{"insertions":21,"deletions":21}}},{"hash":"2b50eac6a38169654ad64ed756642333cf4b4fad","isMergeCommit":false,"messageTitle":"Update the date in dg","messageBody":"","fileTypesAndContributionMap":{"docs":{"insertions":1,"deletions":1}}},{"hash":"440058cf82e0e21ca750ae3a85e0dc3695105b77","isMergeCommit":false,"messageTitle":"Update dg date and make the diagram lines aligned","messageBody":"","fileTypesAndContributionMap":{"docs":{"insertions":6,"deletions":6}}},{"hash":"2b423a672d0827d2003fb1b805cd898199aa318d","isMergeCommit":false,"messageTitle":"Fix broken hyperlink","messageBody":"","fileTypesAndContributionMap":{"docs":{"insertions":8,"deletions":12}}},{"hash":"d84e5e4fd59c917b38a65b046afc93f19bf29eae","isMergeCommit":false,"messageTitle":"Add minor changes to some typos","messageBody":"","fileTypesAndContributionMap":{"docs":{"insertions":57,"deletions":56}}}]}],"zacklow28":[{"date":"2025-04-05","commitResults":[{"hash":"c72c8b141100157bfeda7b2a8cc3a320c5e94304","isMergeCommit":true,"messageTitle":"Merge pull request #218 from amir-dha/branch-UG-hyperlinks","messageBody":"Update UG hyperlinks","fileTypesAndContributionMap":{}},{"hash":"3182fb596caa73318ffd7317ed44f58115fe5ed0","isMergeCommit":false,"messageTitle":"Allow more flexible resizing","messageBody":"","fileTypesAndContributionMap":{"functional-code":{"insertions":1,"deletions":1}}},{"hash":"786388e93fdf2958da3d9f5e8a88d81100e1b09a","isMergeCommit":false,"messageTitle":"Add Weight Limit","messageBody":"","fileTypesAndContributionMap":{"functional-code":{"insertions":4,"deletions":2}}},{"hash":"ae7e2bea376e8eab28b7de5d7fb3ae795d2a7f2b","isMergeCommit":false,"messageTitle":"Fix to 2 decimal places and allow 1000.00","messageBody":"","fileTypesAndContributionMap":{"functional-code":{"insertions":5,"deletions":4},"test-code":{"insertions":37,"deletions":31}}},{"hash":"2255ed3f9e2376bb02b1e95a0914e398b5808f96","isMergeCommit":false,"messageTitle":"Update UG regarding changes to weight","messageBody":"","fileTypesAndContributionMap":{"docs":{"insertions":21,"deletions":21}}},{"hash":"5cd692786f435b4716cdf63cb9698d8a5e73605b","isMergeCommit":false,"messageTitle":"Resolve merge conflict","messageBody":"","fileTypesAndContributionMap":{"docs":{"insertions":17,"deletions":17}}},{"hash":"2044a64251909d06d77bdb58974aafba77a331f6","isMergeCommit":false,"messageTitle":"Add kg and reformat table","messageBody":"","fileTypesAndContributionMap":{"docs":{"insertions":18,"deletions":18}}},{"hash":"a8f270ee45d7952579cfc7cc3897b2fd518db676","isMergeCommit":true,"messageTitle":"Resolve merge conflicts","messageBody":"","fileTypesAndContributionMap":{}},{"hash":"ad12f5ff3d49e0cc8a15987cd69a3354c6bf1ac5","isMergeCommit":false,"messageTitle":"Resolve small documentation bug on Find","messageBody":"","fileTypesAndContributionMap":{"docs":{"insertions":1,"deletions":1}}},{"hash":"c39219225aefdf07e986b6c836504f39cb869f46","isMergeCommit":false,"messageTitle":"Ensure consistent formatting for Find in UG","messageBody":"","fileTypesAndContributionMap":{"docs":{"insertions":3,"deletions":3}}},{"hash":"198521b95aa90f353a42733b51288082e918c5c7","isMergeCommit":false,"messageTitle":"Update example in Add command to 2 dp","messageBody":"","fileTypesAndContributionMap":{"functional-code":{"insertions":1,"deletions":1}}},{"hash":"d3efb6e8537397fa5998a79129c2de4dca047317","isMergeCommit":false,"messageTitle":"Fix outdated DG parts","messageBody":"","fileTypesAndContributionMap":{"docs":{"insertions":9,"deletions":9}}},{"hash":"277d1cb5b07e75dab47b8895596ffff909e3f57d","isMergeCommit":false,"messageTitle":"Fix outdated priority command","messageBody":"","fileTypesAndContributionMap":{"docs":{"insertions":18,"deletions":18}}},{"hash":"293d04695963abaaad7b0c20faee037555a3effc","isMergeCommit":false,"messageTitle":"Fix small bug on Remark","messageBody":"","fileTypesAndContributionMap":{"docs":{"insertions":4,"deletions":4}}},{"hash":"cd446a6fa4da022e0f28c0c85e09dcf58473f012","isMergeCommit":false,"messageTitle":"Fix outdated messages","messageBody":"","fileTypesAndContributionMap":{"functional-code":{"insertions":4,"deletions":3}}},{"hash":"c2fb7a04eac8884f850282f3514d1edeaeebd354","isMergeCommit":false,"messageTitle":"Fix outdated EditCommand error message","messageBody":"","fileTypesAndContributionMap":{"functional-code":{"insertions":1,"deletions":1},"docs":{"insertions":24,"deletions":24}}},{"hash":"2039a896f860fc5319c0a05511d13f4ce266fc64","isMergeCommit":false,"messageTitle":"Update Undo Redo error messages in DG","messageBody":"","fileTypesAndContributionMap":{"docs":{"insertions":2,"deletions":2}}},{"hash":"e88841398b3d46c02527345920cd334e086023dd","isMergeCommit":false,"messageTitle":"Fix more outdated p/ and remove CAP feature","messageBody":"","fileTypesAndContributionMap":{"docs":{"insertions":23,"deletions":24}}},{"hash":"a70405396590dab9601cad2fb0efe8197eadad6f","isMergeCommit":false,"messageTitle":"Fix outdated phone number","messageBody":"","fileTypesAndContributionMap":{"docs":{"insertions":1,"deletions":1}}}]},{"date":"2025-04-06","commitResults":[{"hash":"d997d319be91d4dcb45716d5ce89f606eaca0941","isMergeCommit":false,"messageTitle":"Fix outdated weight","messageBody":"","fileTypesAndContributionMap":{"docs":{"insertions":1,"deletions":1}}},{"hash":"8961cd1f4ad3c2a213db25bfefd089864e57a6ad","isMergeCommit":false,"messageTitle":"Fix some consistency","messageBody":"","fileTypesAndContributionMap":{"docs":{"insertions":27,"deletions":27}}},{"hash":"833d03c45b41dda16ae235fa4bcc498d43e6ff1e","isMergeCommit":false,"messageTitle":"Fix box label and update Undo Redo notes","messageBody":"","fileTypesAndContributionMap":{"docs":{"insertions":16,"deletions":12}}},{"hash":"95445fc5aff0adb7e149577d6270bf85ace90ebb","isMergeCommit":false,"messageTitle":"Fix outdated clear command","messageBody":"","fileTypesAndContributionMap":{"functional-code":{"insertions":4,"deletions":3}}},{"hash":"3dd7d61be26ee8a21a874f1b5ef8df7fda470c28","isMergeCommit":false,"messageTitle":"Fix clear command test","messageBody":"","fileTypesAndContributionMap":{"test-code":{"insertions":2,"deletions":2}}}]},{"date":"2025-04-07","commitResults":[{"hash":"2b6d5a775bf4162e4212b06b6bcf3054da97c9fa","isMergeCommit":false,"messageTitle":"Fix long indexes issue","messageBody":"","fileTypesAndContributionMap":{"functional-code":{"insertions":27,"deletions":3}}},{"hash":"b8a4b08b6f27e4d30409fba8a1efb3ed55bc46a7","isMergeCommit":false,"messageTitle":"Fix style issue","messageBody":"","fileTypesAndContributionMap":{"functional-code":{"insertions":2,"deletions":2}}},{"hash":"6f9a1de175102e92e7479a861514ec7350b99188","isMergeCommit":false,"messageTitle":"Update sample util","messageBody":"","fileTypesAndContributionMap":{"functional-code":{"insertions":6,"deletions":6}}},{"hash":"62fad140db0157d6f53f8d5913315f6610b2c0fd","isMergeCommit":true,"messageTitle":"Merge pull request #285 from NoahKoh/branch-Fix-JavaFX-version-and-FilterCommand-date","messageBody":"Fix JavaFX version and FilterCommand date","fileTypesAndContributionMap":{}},{"hash":"a6813abfa9c80dc093e1edea4013218e985e212b","isMergeCommit":true,"messageTitle":"Merge pull request #289 from NoahKoh/branch-fix-height-display-cm","messageBody":"Fix height display","fileTypesAndContributionMap":{}},{"hash":"c93a65e53053f69a294d2cf2caefabc1fad13501","isMergeCommit":true,"messageTitle":"Merge pull request #295 from NoahKoh/branch-fix-priority-error-message","messageBody":"Update priority error message","fileTypesAndContributionMap":{}},{"hash":"1fc8da9b06a85c6e4b2bb9d554ac54e19f384e6d","isMergeCommit":true,"messageTitle":"Merge pull request #294 from amir-dha/branch-email-name-validation","messageBody":"Update name and email validation","fileTypesAndContributionMap":{}},{"hash":"422f1977968ae5677e3405fa5095d5c5f0104528","isMergeCommit":true,"messageTitle":"Merge pull request #296 from JadeCheah/branch-edit-ug-dg","messageBody":"Update DG and UG to the bugs ","fileTypesAndContributionMap":{}},{"hash":"a1cb47e509ae9c9d8e45a67772639ab557f5dfdd","isMergeCommit":true,"messageTitle":"Merge pull request #292 from NoahKoh/branch-fix-UML-diagram","messageBody":"fix UML diagram notation","fileTypesAndContributionMap":{}},{"hash":"e54a153bd333e590313f8840b88f230259a1e38c","isMergeCommit":true,"messageTitle":"Merge pull request #300 from amir-dha/branch-UG-minor-change","messageBody":"Update user guide and fix bugs","fileTypesAndContributionMap":{}}]},{"date":"2025-04-08","commitResults":[{"hash":"12375bd789a0af92bb1d4bf2a1f7ddef463e76fb","isMergeCommit":true,"messageTitle":"Merge pull request #304 from amir-dha/branch-UG-minor-change","messageBody":"Update UG edit portion","fileTypesAndContributionMap":{}},{"hash":"532c9fc25aecfa1e1c59485ef7658461434dbb04","isMergeCommit":true,"messageTitle":"Merge pull request #303 from JadeCheah/branch-edit-ug-dg","messageBody":"Fix edge case table formatting and find command testcase result","fileTypesAndContributionMap":{}},{"hash":"40c5d69166bf9aa5c3820029326d6f9de4e148b6","isMergeCommit":true,"messageTitle":"Merge pull request #302 from NoahKoh/branch-minor-UG-update","messageBody":"Minor update to UG","fileTypesAndContributionMap":{}},{"hash":"ff0ddfdadf305d43f04bb36acc23dcc34043bc5c","isMergeCommit":true,"messageTitle":"Merge pull request #305 from JadeCheah/branch-edit-ug-dg","messageBody":"Update date and align the line in the diagram","fileTypesAndContributionMap":{}}]}]},"authorFileTypeContributionMap":{"karthu0301":{"docs":0,"functional-code":6,"test-code":0},"NoahKoh":{"docs":33,"functional-code":8,"test-code":0},"amir-dha":{"docs":41,"functional-code":36,"test-code":11},"JadeCheah":{"docs":108,"functional-code":0,"test-code":0},"zacklow28":{"docs":46,"functional-code":48,"test-code":39}},"authorContributionVariance":{"karthu0301":27.0,"NoahKoh":234.25,"amir-dha":1638.1875,"JadeCheah":14222.25,"zacklow28":21795.5},"authorDisplayNameMap":{"karthu0301":"CS2103T-F11-2 WARR..HIKA","NoahKoh":"CS2103T-F11-2 KOH ..HENG","amir-dha":"CS2103T-F11-2 RAVI..RDHA","JadeCheah":"CS2103T-F11-2 CHEA.. PEI","zacklow28":"CS2103T-F11-2 LOW .. YUN"}}
