{"authorDailyContributionsMap":{"karthu0301":[{"date":"2025-04-07","commitResults":[{"hash":"cfe8f216c2b071a58002851e8c4ff540111e2701","isMergeCommit":true,"messageTitle":"Merge pull request #284 from zacklow28/Resize-Window-Bug","messageBody":"Allow more flexible resizing","fileTypesAndContributionMap":{}},{"hash":"ea146553979daa052370775c29ac7493968319f2","isMergeCommit":true,"messageTitle":"Merge pull request #286 from zacklow28/Weight-Limit-Bug","messageBody":"Weight limit bug and some UG refactoring","fileTypesAndContributionMap":{}},{"hash":"1df66587ffa710bbc25e373605a8d2dfed2d36d8","isMergeCommit":true,"messageTitle":"Merge pull request #287 from zacklow28/Fix-Minor-DG-Errors","messageBody":"Fix outdated DG parts","fileTypesAndContributionMap":{}}]}],"NoahKoh":[],"amir-dha":[],"JadeCheah":[],"zacklow28":[{"date":"2025-04-05","commitResults":[{"hash":"c72c8b141100157bfeda7b2a8cc3a320c5e94304","isMergeCommit":true,"messageTitle":"Merge pull request #218 from amir-dha/branch-UG-hyperlinks","messageBody":"Update UG hyperlinks","fileTypesAndContributionMap":{}},{"hash":"3182fb596caa73318ffd7317ed44f58115fe5ed0","isMergeCommit":false,"messageTitle":"Allow more flexible resizing","messageBody":"","fileTypesAndContributionMap":{"functional-code":{"insertions":1,"deletions":1}}},{"hash":"786388e93fdf2958da3d9f5e8a88d81100e1b09a","isMergeCommit":false,"messageTitle":"Add Weight Limit","messageBody":"","fileTypesAndContributionMap":{"functional-code":{"insertions":4,"deletions":2}}},{"hash":"ae7e2bea376e8eab28b7de5d7fb3ae795d2a7f2b","isMergeCommit":false,"messageTitle":"Fix to 2 decimal places and allow 1000.00","messageBody":"","fileTypesAndContributionMap":{"functional-code":{"insertions":5,"deletions":4},"test-code":{"insertions":37,"deletions":31}}},{"hash":"2255ed3f9e2376bb02b1e95a0914e398b5808f96","isMergeCommit":false,"messageTitle":"Update UG regarding changes to weight","messageBody":"","fileTypesAndContributionMap":{"docs":{"insertions":21,"deletions":21}}},{"hash":"5cd692786f435b4716cdf63cb9698d8a5e73605b","isMergeCommit":false,"messageTitle":"Resolve merge conflict","messageBody":"","fileTypesAndContributionMap":{"docs":{"insertions":17,"deletions":17}}},{"hash":"2044a64251909d06d77bdb58974aafba77a331f6","isMergeCommit":false,"messageTitle":"Add kg and reformat table","messageBody":"","fileTypesAndContributionMap":{"docs":{"insertions":18,"deletions":18}}},{"hash":"a8f270ee45d7952579cfc7cc3897b2fd518db676","isMergeCommit":true,"messageTitle":"Resolve merge conflicts","messageBody":"","fileTypesAndContributionMap":{}},{"hash":"ad12f5ff3d49e0cc8a15987cd69a3354c6bf1ac5","isMergeCommit":false,"messageTitle":"Resolve small documentation bug on Find","messageBody":"","fileTypesAndContributionMap":{"docs":{"insertions":1,"deletions":1}}},{"hash":"c39219225aefdf07e986b6c836504f39cb869f46","isMergeCommit":false,"messageTitle":"Ensure consistent formatting for Find in UG","messageBody":"","fileTypesAndContributionMap":{"docs":{"insertions":3,"deletions":3}}},{"hash":"198521b95aa90f353a42733b51288082e918c5c7","isMergeCommit":false,"messageTitle":"Update example in Add command to 2 dp","messageBody":"","fileTypesAndContributionMap":{"functional-code":{"insertions":1,"deletions":1}}},{"hash":"d3efb6e8537397fa5998a79129c2de4dca047317","isMergeCommit":false,"messageTitle":"Fix outdated DG parts","messageBody":"","fileTypesAndContributionMap":{"docs":{"insertions":9,"deletions":9}}},{"hash":"277d1cb5b07e75dab47b8895596ffff909e3f57d","isMergeCommit":false,"messageTitle":"Fix outdated priority command","messageBody":"","fileTypesAndContributionMap":{"docs":{"insertions":18,"deletions":18}}},{"hash":"293d04695963abaaad7b0c20faee037555a3effc","isMergeCommit":false,"messageTitle":"Fix small bug on Remark","messageBody":"","fileTypesAndContributionMap":{"docs":{"insertions":4,"deletions":4}}},{"hash":"cd446a6fa4da022e0f28c0c85e09dcf58473f012","isMergeCommit":false,"messageTitle":"Fix outdated messages","messageBody":"","fileTypesAndContributionMap":{"functional-code":{"insertions":4,"deletions":3}}},{"hash":"c2fb7a04eac8884f850282f3514d1edeaeebd354","isMergeCommit":false,"messageTitle":"Fix outdated EditCommand error message","messageBody":"","fileTypesAndContributionMap":{"functional-code":{"insertions":1,"deletions":1},"docs":{"insertions":24,"deletions":24}}},{"hash":"2039a896f860fc5319c0a05511d13f4ce266fc64","isMergeCommit":false,"messageTitle":"Update Undo Redo error messages in DG","messageBody":"","fileTypesAndContributionMap":{"docs":{"insertions":2,"deletions":2}}},{"hash":"e88841398b3d46c02527345920cd334e086023dd","isMergeCommit":false,"messageTitle":"Fix more outdated p/ and remove CAP feature","messageBody":"","fileTypesAndContributionMap":{"docs":{"insertions":23,"deletions":24}}},{"hash":"a70405396590dab9601cad2fb0efe8197eadad6f","isMergeCommit":false,"messageTitle":"Fix outdated phone number","messageBody":"","fileTypesAndContributionMap":{"docs":{"insertions":1,"deletions":1}}}]},{"date":"2025-04-06","commitResults":[{"hash":"d997d319be91d4dcb45716d5ce89f606eaca0941","isMergeCommit":false,"messageTitle":"Fix outdated weight","messageBody":"","fileTypesAndContributionMap":{"docs":{"insertions":1,"deletions":1}}},{"hash":"8961cd1f4ad3c2a213db25bfefd089864e57a6ad","isMergeCommit":false,"messageTitle":"Fix some consistency","messageBody":"","fileTypesAndContributionMap":{"docs":{"insertions":27,"deletions":27}}},{"hash":"833d03c45b41dda16ae235fa4bcc498d43e6ff1e","isMergeCommit":false,"messageTitle":"Fix box label and update Undo Redo notes","messageBody":"","fileTypesAndContributionMap":{"docs":{"insertions":16,"deletions":12}}},{"hash":"95445fc5aff0adb7e149577d6270bf85ace90ebb","isMergeCommit":false,"messageTitle":"Fix outdated clear command","messageBody":"","fileTypesAndContributionMap":{"functional-code":{"insertions":4,"deletions":3}}},{"hash":"3dd7d61be26ee8a21a874f1b5ef8df7fda470c28","isMergeCommit":false,"messageTitle":"Fix clear command test","messageBody":"","fileTypesAndContributionMap":{"test-code":{"insertions":2,"deletions":2}}}]}]},"authorFileTypeContributionMap":{"karthu0301":{"docs":0,"functional-code":0,"test-code":0},"NoahKoh":{"docs":0,"functional-code":0,"test-code":0},"amir-dha":{"docs":0,"functional-code":0,"test-code":0},"JadeCheah":{"docs":0,"functional-code":0,"test-code":0},"zacklow28":{"docs":55,"functional-code":16,"test-code":39}},"authorContributionVariance":{"karthu0301":0.0,"NoahKoh":0.0,"amir-dha":0.0,"JadeCheah":0.0,"zacklow28":25924.666},"authorDisplayNameMap":{"karthu0301":"CS2103T-F11-2 WARR..HIKA","NoahKoh":"CS2103T-F11-2 KOH ..HENG","amir-dha":"CS2103T-F11-2 RAVI..RDHA","JadeCheah":"CS2103T-F11-2 CHEA.. PEI","zacklow28":"CS2103T-F11-2 LOW .. YUN"}}
