{"authorDailyContributionsMap":{"cyrolite":[{"date":"2025-04-05","commitResults":[{"hash":"40227f3cccc59c08f2740371220b9f7054b6330d","isMergeCommit":false,"messageTitle":"Update HelpWindow.java","messageBody":"","fileTypesAndContributionMap":{"functional-code":{"insertions":1,"deletions":1}}},{"hash":"d8cecd16d153907b1e38b13a87c4e986c2b25341","isMergeCommit":false,"messageTitle":"Update Phone Number Length","messageBody":"","fileTypesAndContributionMap":{"functional-code":{"insertions":2,"deletions":2},"test-code":{"insertions":7,"deletions":3}}},{"hash":"018f60a7f13adfc889828c1dc6bf5889a3ee1cb7","isMergeCommit":false,"messageTitle":"Update Email.java","messageBody":"","fileTypesAndContributionMap":{"functional-code":{"insertions":3,"deletions":2}}},{"hash":"523d08561e6d5cf6af9df8b9b8dc1e4a12354c3d","isMergeCommit":false,"messageTitle":"Update EmailTest.java","messageBody":"","fileTypesAndContributionMap":{"test-code":{"insertions":2,"deletions":0}}},{"hash":"bcb425e6778f31acbbaaf885bd2ae53732f3d4f4","isMergeCommit":true,"messageTitle":"Merge pull request #249 from iamanoob44/branch-jake-v1.6fixUG1","messageBody":"Fix some buggy documentation based on tester A","fileTypesAndContributionMap":{}},{"hash":"af5a72efea732b8ef7aea423c0a00eeb6475f16e","isMergeCommit":false,"messageTitle":"Update default.md","messageBody":"","fileTypesAndContributionMap":{"docs":{"insertions":0,"deletions":28}}},{"hash":"24af963abda704241994ab779fe6db79d3d92001","isMergeCommit":true,"messageTitle":"Merge pull request #252 from cyrolite/branch-nic-updatewebsite-1","messageBody":"Update default.md","fileTypesAndContributionMap":{}},{"hash":"d9d9335e073ebcfeb91f3fc003225312ce376ea9","isMergeCommit":false,"messageTitle":"Update Name.java","messageBody":"","fileTypesAndContributionMap":{"functional-code":{"insertions":1,"deletions":1}}},{"hash":"e90163383929b2e97775248b103cf1e0aceff2cc","isMergeCommit":false,"messageTitle":"Update Person Card UI","messageBody":"","fileTypesAndContributionMap":{"functional-code":{"insertions":1,"deletions":1}}},{"hash":"686f1692a85937ac13a03ea391934513f649d011","isMergeCommit":false,"messageTitle":"Update NameTest.java","messageBody":"","fileTypesAndContributionMap":{"test-code":{"insertions":6,"deletions":0}}},{"hash":"9c04eac7ca300422af9266f02604a8f333fe65d1","isMergeCommit":true,"messageTitle":"Merge pull request #254 from iamanoob44/branch-jake-v1.6fixbug1","messageBody":"Branch jake v1.6fixbug1","fileTypesAndContributionMap":{}},{"hash":"c3f7bcf2a108ab3ec7924dbabdbf122ec0d58ca2","isMergeCommit":false,"messageTitle":"Update UserGuide.md","messageBody":"","fileTypesAndContributionMap":{"docs":{"insertions":21,"deletions":14}}},{"hash":"9dd11b7bdc86a123eab0aecc7309424dc2f1e7eb","isMergeCommit":false,"messageTitle":"Update DeveloperGuide.md","messageBody":"","fileTypesAndContributionMap":{"docs":{"insertions":41,"deletions":5}}},{"hash":"933cd408a70e61fda1bc6e9f5eae50be4af86ee4","isMergeCommit":false,"messageTitle":"Update DeveloperGuide.md","messageBody":"","fileTypesAndContributionMap":{"docs":{"insertions":3,"deletions":2}}},{"hash":"c60a2d708e9508f354b007882415fa83f5df2585","isMergeCommit":false,"messageTitle":"Update DeveloperGuide.md","messageBody":"","fileTypesAndContributionMap":{"docs":{"insertions":1,"deletions":1}}},{"hash":"eb357c08ad07524e4087ef43b41af29065c875e8","isMergeCommit":true,"messageTitle":"Merge pull request #256 from cyrolite/branch-nic-updatedeveloperguide-1","messageBody":"Update DeveloperGuide.md","fileTypesAndContributionMap":{}},{"hash":"05313dfb015b809c2d9a26a0f705c74300601bdf","isMergeCommit":true,"messageTitle":"Merge pull request #257 from iamanoob44/branch-jake-v1.6fixBug2","messageBody":"Fix buggy warnings","fileTypesAndContributionMap":{}},{"hash":"d2e0f94f893dc81a316d581208a3d194d988d7fb","isMergeCommit":false,"messageTitle":"Update Person and PersonTest.java","messageBody":"","fileTypesAndContributionMap":{"functional-code":{"insertions":2,"deletions":1},"test-code":{"insertions":6,"deletions":6}}},{"hash":"9acad6eca69cc88b1ee3d0e7941552d1835f475a","isMergeCommit":true,"messageTitle":"Merge pull request #259 from iamanoob44/branch-jake-v1.6fixbug3","messageBody":"Fix bugs for delete command","fileTypesAndContributionMap":{}}]},{"date":"2025-04-07","commitResults":[{"hash":"47d112eaee350443e50541c05d1c19b89a5ce476","isMergeCommit":true,"messageTitle":"Merge pull request #264 from Melvan-Chan/branch-mel-debug","messageBody":"Update specific missing parameter error message","fileTypesAndContributionMap":{}},{"hash":"22dab46149de123fc76d90fcc0f80bc8b2794556","isMergeCommit":true,"messageTitle":"Merge pull request #262 from pang-yy/branch-pangyy-fixCommandCase","messageBody":"Fix commands are case sensitive","fileTypesAndContributionMap":{}},{"hash":"e25d3dab19a16d075bb85cd1c3568b034a0a7248","isMergeCommit":true,"messageTitle":"Merge pull request #263 from pang-yy/branch-pangyy-deleteMsgIncorrect","messageBody":"Fix incorrect status message for delete command","fileTypesAndContributionMap":{}},{"hash":"4480b794f356a2878082d5c60f61f935053ea5e7","isMergeCommit":false,"messageTitle":"Update DeveloperGuide.md","messageBody":"","fileTypesAndContributionMap":{"docs":{"insertions":36,"deletions":1}}},{"hash":"05187279cbe5fc75457744d627b1d6fd5c75be57","isMergeCommit":false,"messageTitle":"Update UserGuide.md","messageBody":"","fileTypesAndContributionMap":{"docs":{"insertions":11,"deletions":1}}},{"hash":"c217d1bfc402ce273f6243b30ce0aba37be9af3c","isMergeCommit":false,"messageTitle":"Update Name.java","messageBody":"","fileTypesAndContributionMap":{"functional-code":{"insertions":1,"deletions":1}}},{"hash":"d28b4e9a38f63c3db292e7c1df94aa9d63983235","isMergeCommit":false,"messageTitle":"Update HideCommand.puml","messageBody":"","fileTypesAndContributionMap":{"docs":{"insertions":2,"deletions":0}}},{"hash":"f545240e27b72a6d503aa75599e03169535171c5","isMergeCommit":false,"messageTitle":"Update DeveloperGuide.md","messageBody":"","fileTypesAndContributionMap":{"docs":{"insertions":121,"deletions":0}}},{"hash":"a58dd57f9d5057f2280ba3659da04640313e6a35","isMergeCommit":false,"messageTitle":"Update DeveloperGuide.md","messageBody":"","fileTypesAndContributionMap":{"docs":{"insertions":2,"deletions":0}}},{"hash":"e7fa0bf157b96b102b02b485c900bca4718b6443","isMergeCommit":true,"messageTitle":"Merge pull request #269 from pang-yy/branch-pangyy-UMLDiagramInDG","messageBody":"Add sequence diagram for delete feature","fileTypesAndContributionMap":{}},{"hash":"f5cf1b0fd1e103d25241365e27a88d2df471d100","isMergeCommit":true,"messageTitle":"Merge branch \u0027master\u0027 into branch-nic-updatedevguide-5","messageBody":"","fileTypesAndContributionMap":{}},{"hash":"146f419f4710093ab2bb1fa82df115a59d60d86c","isMergeCommit":true,"messageTitle":"Merge pull request #270 from iamanoob44/branch-jake-v1.6updateUG3","messageBody":"Improve UG designs and explanations","fileTypesAndContributionMap":{}},{"hash":"5601ffe3860881db9111539d64ee534793cd2c0a","isMergeCommit":false,"messageTitle":"Update UserGuide.md","messageBody":"","fileTypesAndContributionMap":{"docs":{"insertions":1,"deletions":1}}},{"hash":"4c4f33a00a335e56427cc18df206c40533452aad","isMergeCommit":false,"messageTitle":"Update UserGuide.md","messageBody":"","fileTypesAndContributionMap":{"docs":{"insertions":6,"deletions":6}}},{"hash":"c0cbdca810efc8c0e3dd56dd7a10af15c63b42c0","isMergeCommit":true,"messageTitle":"Merge pull request #273 from pang-yy/branch-pangyy-UMLDiagramInDGAddFeature","messageBody":"Add workflow of add command in developerGuide","fileTypesAndContributionMap":{}},{"hash":"f32a82b74bba953f6887ef65cd61f8fef9c00174","isMergeCommit":true,"messageTitle":"Merge pull request #274 from pang-yy/branch-pangyy-UMLDiagramInDGEditFeature","messageBody":"Add workflow for edit command","fileTypesAndContributionMap":{}}]}],"Melvan-Chan":[{"date":"2025-04-06","commitResults":[{"hash":"4aacee303f5992e25fcec4b7e2c139d71e782745","isMergeCommit":false,"messageTitle":"Update specific missing parameter error message","messageBody":"","fileTypesAndContributionMap":{"functional-code":{"insertions":23,"deletions":6}}},{"hash":"029b620c288d382f5e1d42ca0764af2aeb91cb31","isMergeCommit":false,"messageTitle":"Update test cases","messageBody":"","fileTypesAndContributionMap":{"test-code":{"insertions":16,"deletions":0}}},{"hash":"10a0f609b18f64317e185b96070ba3e4c1284897","isMergeCommit":false,"messageTitle":"Clean code","messageBody":"","fileTypesAndContributionMap":{"test-code":{"insertions":2,"deletions":1}}},{"hash":"b2d369aa4df995a4a15fa8d4e4fdb289c9153ece","isMergeCommit":false,"messageTitle":"Update checkstyle","messageBody":"","fileTypesAndContributionMap":{"test-code":{"insertions":2,"deletions":2}}},{"hash":"510fa892d90faa9e6d3859f6ebcd7126df5220e0","isMergeCommit":false,"messageTitle":"Update checkstyle","messageBody":"","fileTypesAndContributionMap":{"test-code":{"insertions":1,"deletions":1}}},{"hash":"d6ec505f6f15fd5b834432ca4fa1a7104f9d9d2d","isMergeCommit":false,"messageTitle":"Update checkstyle","messageBody":"","fileTypesAndContributionMap":{"test-code":{"insertions":19,"deletions":11}}}]}],"pang-yy":[{"date":"2025-04-06","commitResults":[{"hash":"bf4a2117ee09e9e9d6c2191e21a4a627466f1516","isMergeCommit":false,"messageTitle":"Fix corrupted data file not deleted after backup","messageBody":"","fileTypesAndContributionMap":{"functional-code":{"insertions":17,"deletions":2},"test-code":{"insertions":39,"deletions":0}}},{"hash":"8b9a58bbd87625a0c72ee15bdd3e49da2c9e3785","isMergeCommit":false,"messageTitle":"Fix app crashes if priority is not valid in json file","messageBody":"","fileTypesAndContributionMap":{"functional-code":{"insertions":6,"deletions":3}}},{"hash":"664700831d5142c2c8d2136aa8d835c7ee7d2381","isMergeCommit":false,"messageTitle":"Fix test cases for priority","messageBody":"","fileTypesAndContributionMap":{"test-code":{"insertions":13,"deletions":11}}},{"hash":"2f31e6fd565bb1b9f68e0543c59972465677f84b","isMergeCommit":false,"messageTitle":"Update DeveloperGuide as functionality changes","messageBody":"","fileTypesAndContributionMap":{"docs":{"insertions":18,"deletions":13}}},{"hash":"f163421c93c0352b236e8272b7aa18166f97238b","isMergeCommit":false,"messageTitle":"Fix commands are case sensitive","messageBody":"","fileTypesAndContributionMap":{"functional-code":{"insertions":1,"deletions":1},"test-code":{"insertions":3,"deletions":0}}},{"hash":"323e7270e862fe35027d0d12fe17f35e747a3a04","isMergeCommit":false,"messageTitle":"Fix incorrect status message for delete command","messageBody":"","fileTypesAndContributionMap":{"functional-code":{"insertions":5,"deletions":9},"test-code":{"insertions":5,"deletions":1}}},{"hash":"7305bd61e95af4b27db82cda14e430b770e66dcb","isMergeCommit":true,"messageTitle":"Merge pull request #260 from pang-yy/branch-pangyy-clearInvalidJsonFileImmediatelyBecauseNonTechSavyWillForceTerminateTheAppInsteadOfClickingOKAsPromptedAsPointedOutByATester","messageBody":"Fix corrupted data file not deleted after backup","fileTypesAndContributionMap":{}}]},{"date":"2025-04-07","commitResults":[{"hash":"ba17ccee736a7bf0e0254d590c96ecbc1cd83e5e","isMergeCommit":true,"messageTitle":"Merge pull request #261 from pang-yy/branch-pangyy-fixPossibleCrach","messageBody":"Fix app crashes if priority is not valid in json file ","fileTypesAndContributionMap":{}},{"hash":"53b6d727545d2e3fe1328c313115ef4375398bab","isMergeCommit":false,"messageTitle":"Add sequence diagram for delete feature","messageBody":"","fileTypesAndContributionMap":{"docs":{"insertions":137,"deletions":33}}},{"hash":"4e0c7e3ef7fa47e84807f601a2d73b4b48d9d68f","isMergeCommit":false,"messageTitle":"Update toc in developerGuide","messageBody":"","fileTypesAndContributionMap":{"docs":{"insertions":42,"deletions":47}}},{"hash":"d80e33f747aa33c9857d5f9a9b9c88a8328a9cc8","isMergeCommit":false,"messageTitle":"Add sequence diagram for add feature","messageBody":"","fileTypesAndContributionMap":{"docs":{"insertions":31,"deletions":0}}},{"hash":"eab92a766dde26283fff724359797b91c149353e","isMergeCommit":true,"messageTitle":"Merge branch \u0027master\u0027 of https://github.com/pang-yy/tp","messageBody":"","fileTypesAndContributionMap":{}},{"hash":"4bedf3e35e1da6b8d0a51afdcfbd00d1e8b48f0b","isMergeCommit":false,"messageTitle":"Add workflow of add command in developerGuide","messageBody":"","fileTypesAndContributionMap":{"docs":{"insertions":14,"deletions":0}}},{"hash":"af59d0d77f804ecf261546b5b841af39ec2933d9","isMergeCommit":false,"messageTitle":"Add workflow for edit command","messageBody":"","fileTypesAndContributionMap":{"docs":{"insertions":107,"deletions":48}}},{"hash":"ee0e24e5b7b5fee4a5f17a3cb630a270501df9e3","isMergeCommit":false,"messageTitle":"Fix link in DG","messageBody":"","fileTypesAndContributionMap":{"docs":{"insertions":1,"deletions":1}}}]}],"iamanoob44":[{"date":"2025-04-05","commitResults":[{"hash":"e753ca913202d98ce8b89b6857d88d65f02f23b8","isMergeCommit":false,"messageTitle":"Fix some buggy documentation based on tester A","messageBody":"","fileTypesAndContributionMap":{"docs":{"insertions":61,"deletions":26}}},{"hash":"32d2de63d0a461777ecf2ddf3b55ece70135e662","isMergeCommit":true,"messageTitle":"Merge pull request #247 from cyrolite/branch-nic-updatehelpwindow-4","messageBody":"Update HelpWindow.java","fileTypesAndContributionMap":{}},{"hash":"50fbd56372179cc0917ae619d11816f59afb7ae0","isMergeCommit":true,"messageTitle":"Merge pull request #248 from cyrolite/branch-nic-updatephonenumberlength-1","messageBody":"Update Phone Number Length","fileTypesAndContributionMap":{}},{"hash":"bea7dadecda749a02543ebe550e301ca8cc8b28f","isMergeCommit":true,"messageTitle":"Merge pull request #250 from cyrolite/branch-nic-updateemaillength-1","messageBody":"Branch nic updateemaillength 1","fileTypesAndContributionMap":{}},{"hash":"bb678a996ca3e76361580b45d13d65bfe7b47806","isMergeCommit":false,"messageTitle":"Fix broken links in UG","messageBody":"","fileTypesAndContributionMap":{"docs":{"insertions":5,"deletions":5}}},{"hash":"1e218ee13979878dd00d31794cb4f8aea1240613","isMergeCommit":true,"messageTitle":"Merge pull request #251 from iamanoob44/branch-jake-v1.6UG2","messageBody":"Fix broken links in UG","fileTypesAndContributionMap":{}},{"hash":"a5cb72932dc810d284986e525074e5157f7989e3","isMergeCommit":true,"messageTitle":"Merge pull request #253 from cyrolite/branch-nic-updatewebsite-1","messageBody":"Update Name limits","fileTypesAndContributionMap":{}},{"hash":"2e0a5cca6ad3f8bc9a651dbd103f1aacad8dc363","isMergeCommit":false,"messageTitle":"Fix bug for Name.java","messageBody":"","fileTypesAndContributionMap":{"functional-code":{"insertions":3,"deletions":2}}},{"hash":"a6e9cb112f65b9fe0337988ff263988eec77aebf","isMergeCommit":false,"messageTitle":"Fix and modify test cases","messageBody":"","fileTypesAndContributionMap":{"test-code":{"insertions":2,"deletions":2}}},{"hash":"2dfb1baba6042f158892ca15efa8dbb56ca85bc5","isMergeCommit":true,"messageTitle":"Merge pull request #255 from cyrolite/branch-nic-updateuserguide-7","messageBody":"Update UserGuide.md","fileTypesAndContributionMap":{}},{"hash":"2362a3cc5d2efd80f9fb832f92568dc8991a414d","isMergeCommit":false,"messageTitle":"Fix buggy warnings","messageBody":"","fileTypesAndContributionMap":{"functional-code":{"insertions":29,"deletions":2}}},{"hash":"5a177fdade6c4f40eed411b857e34323c6dfc23e","isMergeCommit":true,"messageTitle":"Merge pull request #258 from cyrolite/branch-nic-updatepersonunique-1","messageBody":"Update Person and PersonTest.java","fileTypesAndContributionMap":{}},{"hash":"37c3f65014b0deba0149179f83c7957bdeb53a8c","isMergeCommit":false,"messageTitle":"Fix bugs for delete command","messageBody":"","fileTypesAndContributionMap":{"functional-code":{"insertions":6,"deletions":0}}}]},{"date":"2025-04-07","commitResults":[{"hash":"8eadb619174acd212c22f2ccd5d2dd7e24ecb420","isMergeCommit":true,"messageTitle":"Merge pull request #266 from cyrolite/branch-nic-updateuserguide-8","messageBody":"Update UserGuide.md","fileTypesAndContributionMap":{}},{"hash":"59e3004e23e91176d1d8ab24e8653d86978b2d30","isMergeCommit":true,"messageTitle":"Merge pull request #265 from cyrolite/branch-nic-uichangeexplanation","messageBody":"Update DeveloperGuide.md","fileTypesAndContributionMap":{}},{"hash":"2a815e0fb1fb8d19532545120885b73faa58e11b","isMergeCommit":true,"messageTitle":"Merge pull request #267 from cyrolite/master","messageBody":"Update Name.java","fileTypesAndContributionMap":{}},{"hash":"ef04f8c38bc5c85662ecfff2546c7f347fc49e91","isMergeCommit":true,"messageTitle":"Merge pull request #268 from cyrolite/branch-nic-updatedevguide-4","messageBody":"Update HideCommand.puml","fileTypesAndContributionMap":{}},{"hash":"90d707c2d018b8e6717638f257a85f16798442f7","isMergeCommit":false,"messageTitle":"Improve UG designs and explanations","messageBody":"","fileTypesAndContributionMap":{"docs":{"insertions":16,"deletions":15}}},{"hash":"5dbc6a3b6bef88dc01ad9f99dde5144cb509be0e","isMergeCommit":false,"messageTitle":"Adjust image size","messageBody":"","fileTypesAndContributionMap":{"docs":{"insertions":1,"deletions":1}}},{"hash":"a8660c3924775f89a341ef2f3ccfc32f66598739","isMergeCommit":true,"messageTitle":"Merge pull request #271 from cyrolite/branch-nic-updatedevguide-5","messageBody":"Update DeveloperGuide.md","fileTypesAndContributionMap":{}},{"hash":"0a6e5200a6e7e49015655495df1d51758fe4f3f8","isMergeCommit":true,"messageTitle":"Merge pull request #272 from cyrolite/branch-nic-updateuserguide-9","messageBody":"Update UserGuide.md","fileTypesAndContributionMap":{}},{"hash":"9bafb55947329bd3c4f3a962a53a40c8d1ba386e","isMergeCommit":false,"messageTitle":"Include appendix for DG","messageBody":"","fileTypesAndContributionMap":{"docs":{"insertions":27,"deletions":0}}},{"hash":"53c7015fc5c68c3161c7c6da8e4357e4bce36c05","isMergeCommit":true,"messageTitle":"Merge pull request #275 from pang-yy/branch-pangyy-fixDGLink","messageBody":"Fix link in DG","fileTypesAndContributionMap":{}},{"hash":"2344727f936fc45da25c19f51c20995b1739bf8b","isMergeCommit":false,"messageTitle":"Fix bug in Developer Guide","messageBody":"","fileTypesAndContributionMap":{"docs":{"insertions":2,"deletions":1}}},{"hash":"c648571ee68e2283ab10aded0f38cdb0af37a051","isMergeCommit":true,"messageTitle":"Merge pull request #276 from iamanoob44/branch-jake-finalupdatev1.6","messageBody":"Include appendix for DG","fileTypesAndContributionMap":{}},{"hash":"9490f492e3e12d24663ccf0186d7b588d9ddc029","isMergeCommit":false,"messageTitle":"Fix formatting for DG","messageBody":"","fileTypesAndContributionMap":{"docs":{"insertions":11,"deletions":3}}},{"hash":"fc4bee4eb26c855f79bc47fc51fbba8032dbe154","isMergeCommit":true,"messageTitle":"Merge pull request #277 from iamanoob44/branch-fixFormat","messageBody":"Fix formatting for DG","fileTypesAndContributionMap":{}}]},{"date":"2025-04-08","commitResults":[{"hash":"a49ca9c3beaf2532cc3918bcd46b6157cae91339","isMergeCommit":false,"messageTitle":"Fix buggy warning for delete","messageBody":"","fileTypesAndContributionMap":{"functional-code":{"insertions":2,"deletions":1}}},{"hash":"219e7a3db1d819369720acb4fddb8f711d22f228","isMergeCommit":false,"messageTitle":"Fix UG buggy documentation","messageBody":"","fileTypesAndContributionMap":{"docs":{"insertions":2,"deletions":2}}},{"hash":"10ef99ba4888da9551cdcd895a4b100f8d9d2639","isMergeCommit":true,"messageTitle":"Merge pull request #279 from iamanoob44/branch-jake-v1.6finalupdateUG","messageBody":"Fix UG buggy documentation","fileTypesAndContributionMap":{}},{"hash":"b0257a93585d2bbc22256703486a77d72c313633","isMergeCommit":true,"messageTitle":"Merge pull request #278 from iamanoob44/branch-fixDeleteBugfinal","messageBody":"Fix buggy warning for delete","fileTypesAndContributionMap":{}},{"hash":"29c8296d43320628e6d1abea93ba6be23ea6acda","isMergeCommit":false,"messageTitle":"Fix buggy documentation in UG","messageBody":"","fileTypesAndContributionMap":{"docs":{"insertions":1,"deletions":1}}},{"hash":"aa37b8c53223ef51e0aab9fefab81d44f406843c","isMergeCommit":false,"messageTitle":"Refine explanation for UG","messageBody":"","fileTypesAndContributionMap":{"docs":{"insertions":2,"deletions":2}}},{"hash":"fb90d3a327de2ea8cb6794e9af73ad6eb9529364","isMergeCommit":true,"messageTitle":"Merge pull request #280 from iamanoob44/branch-jake-updateUGv1.6finalised","messageBody":"Fix buggy documentation in UG","fileTypesAndContributionMap":{}},{"hash":"32aa3e9bd84fae6c8257f4fd97df81536aa3bae1","isMergeCommit":false,"messageTitle":"Fix buggy warning","messageBody":"","fileTypesAndContributionMap":{"functional-code":{"insertions":1,"deletions":1}}},{"hash":"a6ee3ef157e70bafab81c15690228fa5fefb918b","isMergeCommit":true,"messageTitle":"Merge pull request #282 from iamanoob44/branch-fix-buggywarningsv1.6final","messageBody":"Fix buggy warning","tags":["v1.6b","v1.6.b"],"fileTypesAndContributionMap":{}}]}]},"authorFileTypeContributionMap":{"cyrolite":{"docs":215,"functional-code":11,"test-code":21},"Melvan-Chan":{"docs":0,"functional-code":23,"test-code":36},"pang-yy":{"docs":279,"functional-code":25,"test-code":60},"iamanoob44":{"docs":114,"functional-code":40,"test-code":2}},"authorContributionVariance":{"cyrolite":7916.75,"Melvan-Chan":1323.0,"pang-yy":35428.5,"iamanoob44":3199.1875},"authorDisplayNameMap":{"cyrolite":"CS2103T-F10-3 NICH.. ANG","Melvan-Chan":"CS2103T-F10-3 CHAN..LVAN","pang-yy":"CS2103T-F10-3 PANG..G YI","iamanoob44":"CS2103T-F10-3 TENG..HONG"}}
