{"authorDailyContributionsMap":{"cyrolite":[{"date":"2025-04-05","commitResults":[{"hash":"40227f3cccc59c08f2740371220b9f7054b6330d","isMergeCommit":false,"messageTitle":"Update HelpWindow.java","messageBody":"","fileTypesAndContributionMap":{"functional-code":{"insertions":1,"deletions":1}}},{"hash":"d8cecd16d153907b1e38b13a87c4e986c2b25341","isMergeCommit":false,"messageTitle":"Update Phone Number Length","messageBody":"","fileTypesAndContributionMap":{"functional-code":{"insertions":2,"deletions":2},"test-code":{"insertions":7,"deletions":3}}},{"hash":"018f60a7f13adfc889828c1dc6bf5889a3ee1cb7","isMergeCommit":false,"messageTitle":"Update Email.java","messageBody":"","fileTypesAndContributionMap":{"functional-code":{"insertions":3,"deletions":2}}},{"hash":"523d08561e6d5cf6af9df8b9b8dc1e4a12354c3d","isMergeCommit":false,"messageTitle":"Update EmailTest.java","messageBody":"","fileTypesAndContributionMap":{"test-code":{"insertions":2,"deletions":0}}},{"hash":"bcb425e6778f31acbbaaf885bd2ae53732f3d4f4","isMergeCommit":true,"messageTitle":"Merge pull request #249 from iamanoob44/branch-jake-v1.6fixUG1","messageBody":"Fix some buggy documentation based on tester A","fileTypesAndContributionMap":{}},{"hash":"af5a72efea732b8ef7aea423c0a00eeb6475f16e","isMergeCommit":false,"messageTitle":"Update default.md","messageBody":"","fileTypesAndContributionMap":{"docs":{"insertions":0,"deletions":28}}},{"hash":"24af963abda704241994ab779fe6db79d3d92001","isMergeCommit":true,"messageTitle":"Merge pull request #252 from cyrolite/branch-nic-updatewebsite-1","messageBody":"Update default.md","fileTypesAndContributionMap":{}},{"hash":"d9d9335e073ebcfeb91f3fc003225312ce376ea9","isMergeCommit":false,"messageTitle":"Update Name.java","messageBody":"","fileTypesAndContributionMap":{"functional-code":{"insertions":1,"deletions":1}}},{"hash":"e90163383929b2e97775248b103cf1e0aceff2cc","isMergeCommit":false,"messageTitle":"Update Person Card UI","messageBody":"","fileTypesAndContributionMap":{"functional-code":{"insertions":1,"deletions":1}}},{"hash":"686f1692a85937ac13a03ea391934513f649d011","isMergeCommit":false,"messageTitle":"Update NameTest.java","messageBody":"","fileTypesAndContributionMap":{"test-code":{"insertions":6,"deletions":0}}},{"hash":"9c04eac7ca300422af9266f02604a8f333fe65d1","isMergeCommit":true,"messageTitle":"Merge pull request #254 from iamanoob44/branch-jake-v1.6fixbug1","messageBody":"Branch jake v1.6fixbug1","fileTypesAndContributionMap":{}},{"hash":"c3f7bcf2a108ab3ec7924dbabdbf122ec0d58ca2","isMergeCommit":false,"messageTitle":"Update UserGuide.md","messageBody":"","fileTypesAndContributionMap":{"docs":{"insertions":21,"deletions":14}}},{"hash":"9dd11b7bdc86a123eab0aecc7309424dc2f1e7eb","isMergeCommit":false,"messageTitle":"Update DeveloperGuide.md","messageBody":"","fileTypesAndContributionMap":{"docs":{"insertions":41,"deletions":5}}},{"hash":"933cd408a70e61fda1bc6e9f5eae50be4af86ee4","isMergeCommit":false,"messageTitle":"Update DeveloperGuide.md","messageBody":"","fileTypesAndContributionMap":{"docs":{"insertions":3,"deletions":2}}},{"hash":"c60a2d708e9508f354b007882415fa83f5df2585","isMergeCommit":false,"messageTitle":"Update DeveloperGuide.md","messageBody":"","fileTypesAndContributionMap":{"docs":{"insertions":1,"deletions":1}}},{"hash":"eb357c08ad07524e4087ef43b41af29065c875e8","isMergeCommit":true,"messageTitle":"Merge pull request #256 from cyrolite/branch-nic-updatedeveloperguide-1","messageBody":"Update DeveloperGuide.md","fileTypesAndContributionMap":{}},{"hash":"05313dfb015b809c2d9a26a0f705c74300601bdf","isMergeCommit":true,"messageTitle":"Merge pull request #257 from iamanoob44/branch-jake-v1.6fixBug2","messageBody":"Fix buggy warnings","fileTypesAndContributionMap":{}},{"hash":"d2e0f94f893dc81a316d581208a3d194d988d7fb","isMergeCommit":false,"messageTitle":"Update Person and PersonTest.java","messageBody":"","fileTypesAndContributionMap":{"functional-code":{"insertions":2,"deletions":1},"test-code":{"insertions":6,"deletions":6}}},{"hash":"9acad6eca69cc88b1ee3d0e7941552d1835f475a","isMergeCommit":true,"messageTitle":"Merge pull request #259 from iamanoob44/branch-jake-v1.6fixbug3","messageBody":"Fix bugs for delete command","fileTypesAndContributionMap":{}}]}],"Melvan-Chan":[],"pang-yy":[{"date":"2025-04-06","commitResults":[{"hash":"bf4a2117ee09e9e9d6c2191e21a4a627466f1516","isMergeCommit":false,"messageTitle":"Fix corrupted data file not deleted after backup","messageBody":"","fileTypesAndContributionMap":{"functional-code":{"insertions":17,"deletions":2},"test-code":{"insertions":39,"deletions":0}}},{"hash":"8b9a58bbd87625a0c72ee15bdd3e49da2c9e3785","isMergeCommit":false,"messageTitle":"Fix app crashes if priority is not valid in json file","messageBody":"","fileTypesAndContributionMap":{"functional-code":{"insertions":6,"deletions":3}}},{"hash":"664700831d5142c2c8d2136aa8d835c7ee7d2381","isMergeCommit":false,"messageTitle":"Fix test cases for priority","messageBody":"","fileTypesAndContributionMap":{"test-code":{"insertions":13,"deletions":11}}},{"hash":"2f31e6fd565bb1b9f68e0543c59972465677f84b","isMergeCommit":false,"messageTitle":"Update DeveloperGuide as functionality changes","messageBody":"","fileTypesAndContributionMap":{"docs":{"insertions":18,"deletions":13}}},{"hash":"7305bd61e95af4b27db82cda14e430b770e66dcb","isMergeCommit":true,"messageTitle":"Merge pull request #260 from pang-yy/branch-pangyy-clearInvalidJsonFileImmediatelyBecauseNonTechSavyWillForceTerminateTheAppInsteadOfClickingOKAsPromptedAsPointedOutByATester","messageBody":"Fix corrupted data file not deleted after backup","fileTypesAndContributionMap":{}}]},{"date":"2025-04-07","commitResults":[{"hash":"ba17ccee736a7bf0e0254d590c96ecbc1cd83e5e","isMergeCommit":true,"messageTitle":"Merge pull request #261 from pang-yy/branch-pangyy-fixPossibleCrach","messageBody":"Fix app crashes if priority is not valid in json file ","fileTypesAndContributionMap":{}}]}],"iamanoob44":[{"date":"2025-04-05","commitResults":[{"hash":"e753ca913202d98ce8b89b6857d88d65f02f23b8","isMergeCommit":false,"messageTitle":"Fix some buggy documentation based on tester A","messageBody":"","fileTypesAndContributionMap":{"docs":{"insertions":61,"deletions":26}}},{"hash":"32d2de63d0a461777ecf2ddf3b55ece70135e662","isMergeCommit":true,"messageTitle":"Merge pull request #247 from cyrolite/branch-nic-updatehelpwindow-4","messageBody":"Update HelpWindow.java","fileTypesAndContributionMap":{}},{"hash":"50fbd56372179cc0917ae619d11816f59afb7ae0","isMergeCommit":true,"messageTitle":"Merge pull request #248 from cyrolite/branch-nic-updatephonenumberlength-1","messageBody":"Update Phone Number Length","fileTypesAndContributionMap":{}},{"hash":"bea7dadecda749a02543ebe550e301ca8cc8b28f","isMergeCommit":true,"messageTitle":"Merge pull request #250 from cyrolite/branch-nic-updateemaillength-1","messageBody":"Branch nic updateemaillength 1","fileTypesAndContributionMap":{}},{"hash":"bb678a996ca3e76361580b45d13d65bfe7b47806","isMergeCommit":false,"messageTitle":"Fix broken links in UG","messageBody":"","fileTypesAndContributionMap":{"docs":{"insertions":5,"deletions":5}}},{"hash":"1e218ee13979878dd00d31794cb4f8aea1240613","isMergeCommit":true,"messageTitle":"Merge pull request #251 from iamanoob44/branch-jake-v1.6UG2","messageBody":"Fix broken links in UG","fileTypesAndContributionMap":{}},{"hash":"a5cb72932dc810d284986e525074e5157f7989e3","isMergeCommit":true,"messageTitle":"Merge pull request #253 from cyrolite/branch-nic-updatewebsite-1","messageBody":"Update Name limits","fileTypesAndContributionMap":{}},{"hash":"2e0a5cca6ad3f8bc9a651dbd103f1aacad8dc363","isMergeCommit":false,"messageTitle":"Fix bug for Name.java","messageBody":"","fileTypesAndContributionMap":{"functional-code":{"insertions":3,"deletions":2}}},{"hash":"a6e9cb112f65b9fe0337988ff263988eec77aebf","isMergeCommit":false,"messageTitle":"Fix and modify test cases","messageBody":"","fileTypesAndContributionMap":{"test-code":{"insertions":2,"deletions":2}}},{"hash":"2dfb1baba6042f158892ca15efa8dbb56ca85bc5","isMergeCommit":true,"messageTitle":"Merge pull request #255 from cyrolite/branch-nic-updateuserguide-7","messageBody":"Update UserGuide.md","fileTypesAndContributionMap":{}},{"hash":"2362a3cc5d2efd80f9fb832f92568dc8991a414d","isMergeCommit":false,"messageTitle":"Fix buggy warnings","messageBody":"","fileTypesAndContributionMap":{"functional-code":{"insertions":29,"deletions":2}}},{"hash":"5a177fdade6c4f40eed411b857e34323c6dfc23e","isMergeCommit":true,"messageTitle":"Merge pull request #258 from cyrolite/branch-nic-updatepersonunique-1","messageBody":"Update Person and PersonTest.java","fileTypesAndContributionMap":{}},{"hash":"37c3f65014b0deba0149179f83c7957bdeb53a8c","isMergeCommit":false,"messageTitle":"Fix bugs for delete command","messageBody":"","fileTypesAndContributionMap":{"functional-code":{"insertions":6,"deletions":0}}}]}]},"authorFileTypeContributionMap":{"cyrolite":{"docs":52,"functional-code":10,"test-code":21},"Melvan-Chan":{"docs":0,"functional-code":0,"test-code":0},"pang-yy":{"docs":18,"functional-code":23,"test-code":52},"iamanoob44":{"docs":60,"functional-code":38,"test-code":2}},"authorContributionVariance":{"cyrolite":5976.8887,"Melvan-Chan":0.0,"pang-yy":3307.5554,"iamanoob44":4544.222},"authorDisplayNameMap":{"cyrolite":"CS2103T-F10-3 NICH.. ANG","Melvan-Chan":"CS2103T-F10-3 CHAN..LVAN","pang-yy":"CS2103T-F10-3 PANG..G YI","iamanoob44":"CS2103T-F10-3 TENG..HONG"}}
