{"authorDailyContributionsMap":{"kokseen1":[],"AnAfterthought":[{"date":"2025-04-05","commitResults":[{"hash":"8b061289ce33d5fcef43d680da0c951e7b7dc086","isMergeCommit":true,"messageTitle":"Merge pull request #291 from WhyAre/clean-up-ug","messageBody":"Change some wording in UG","fileTypesAndContributionMap":{}},{"hash":"3c70f9c3b62c2eb23879dcc4781a3a2f13712169","isMergeCommit":true,"messageTitle":"Merge pull request #292 from WhyAre/disable-setting-tutorial-in-add-and-edit","messageBody":"Disable `t/` flag in add and edit; edit student mutably so attendance list and submission list works fine","fileTypesAndContributionMap":{}}]},{"date":"2025-04-06","commitResults":[{"hash":"ab84449ebab562d28bd2324741f439bbc29a89b0","isMergeCommit":true,"messageTitle":"Merge pull request #374 from WhyAre/fix-issue-with-multiple-indexes","messageBody":"Fix issue with multiple indexes","fileTypesAndContributionMap":{}},{"hash":"f268eea9672300cb0e6749b97a96eb405331cb0f","isMergeCommit":true,"messageTitle":"Merge pull request #376 from WhyAre/assignment-and-tutorial-name-sanitisation-and-validation","messageBody":"Assignment and tutorial name sanitisation and validation","fileTypesAndContributionMap":{}},{"hash":"25c9c16e37d8decd5c363653b345c7704eb0f099","isMergeCommit":true,"messageTitle":"Merge pull request #377 from WhyAre/ug-update-specify-modes","messageBody":"State what modes to be in to execute the commands","fileTypesAndContributionMap":{}}]}],"Victoria281":[],"nguyenvukhang":[],"meloppeitreet":[],"WhyAre":[{"date":"2025-04-05","commitResults":[{"hash":"5239e5df3a50a83b4531a1bb831ed848fbc25ac4","isMergeCommit":false,"messageTitle":"Format existing markdown","messageBody":"","fileTypesAndContributionMap":{"other":{"insertions":1,"deletions":0},"docs":{"insertions":5,"deletions":5}}},{"hash":"5dba66d2b25d4b2c9536582c084f6c8529b6a161","isMergeCommit":false,"messageTitle":"Update UserGuide","messageBody":"","fileTypesAndContributionMap":{"docs":{"insertions":383,"deletions":283}}},{"hash":"658eb4e253f663327cef61a5d1b80fee51c1679b","isMergeCommit":false,"messageTitle":"Fix wording for how invalid indexes are processed","messageBody":"closes #361, #358, #350\n","fileTypesAndContributionMap":{"docs":{"insertions":11,"deletions":5}}},{"hash":"fccd53a541eb9bd7af41aa73de6d3e1014d55686","isMergeCommit":false,"messageTitle":"Make description field optional","messageBody":"closes #359\n","fileTypesAndContributionMap":{"docs":{"insertions":33,"deletions":33}}},{"hash":"33941a54ab6a7d551bcd2a1702103aeb4f16b280","isMergeCommit":false,"messageTitle":"Replace contact with student","messageBody":"closes #336\n","fileTypesAndContributionMap":{"docs":{"insertions":6,"deletions":6}}},{"hash":"3fef7c84d5264079a02dbc029e2ade0ff4aa4c26","isMergeCommit":false,"messageTitle":"Add section talking about how to list assignments","messageBody":"closes #344\n","fileTypesAndContributionMap":{"docs":{"insertions":11,"deletions":0}}},{"hash":"4808415ed90859aed6b5c7320656ce12bd381c9b","isMergeCommit":false,"messageTitle":"Remove mention of filtertag","messageBody":"closes #339\n","fileTypesAndContributionMap":{"docs":{"insertions":1,"deletions":1}}},{"hash":"3758fa9d0946173031987ba16d029b609161fbd9","isMergeCommit":false,"messageTitle":"Remove erroneous `tutorial find` example","messageBody":"closes #324\n","fileTypesAndContributionMap":{"docs":{"insertions":0,"deletions":2}}},{"hash":"91914926ac0fcfdc47809058935ccc217df53551","isMergeCommit":false,"messageTitle":"Explain what `X` is in the student id","messageBody":"closes #294\n","fileTypesAndContributionMap":{"docs":{"insertions":2,"deletions":1}}},{"hash":"d5e02a1476d10f326d190df4b9d03c6667927ba5","isMergeCommit":false,"messageTitle":"Remove t/ flag in add command","messageBody":"","fileTypesAndContributionMap":{"functional-code":{"insertions":3,"deletions":6}}},{"hash":"2d894650f64a20a8958af48a0b19d7717850ab60","isMergeCommit":false,"messageTitle":"Remove tutorial from parsing","messageBody":"","fileTypesAndContributionMap":{"test-code":{"insertions":5,"deletions":14}}},{"hash":"7abf73376ea05e4aa216d6714cbfdbbd2e93455c","isMergeCommit":false,"messageTitle":"Remove t/ flag from edit command","messageBody":"","fileTypesAndContributionMap":{"functional-code":{"insertions":1,"deletions":4},"test-code":{"insertions":0,"deletions":8}}},{"hash":"e36330e417d57a700917011d5348f8fb9dfee0f2","isMergeCommit":false,"messageTitle":"Make a copy of the submissions when duplicating assignment","messageBody":"","fileTypesAndContributionMap":{"functional-code":{"insertions":1,"deletions":1}}},{"hash":"cafb435a615d338ddff09f8575116bd36f2bf57e","isMergeCommit":false,"messageTitle":"Formatting","messageBody":"","fileTypesAndContributionMap":{"test-code":{"insertions":0,"deletions":3}}},{"hash":"7baaeac4a0f4dfd21bbfe6a2c49a30b4c69446f5","isMergeCommit":false,"messageTitle":"Make attendance copy correct","messageBody":"","fileTypesAndContributionMap":{"functional-code":{"insertions":2,"deletions":2}}},{"hash":"e02d7e3f9754395951e72948d2ef57e553d372f5","isMergeCommit":false,"messageTitle":"Update tests","messageBody":"","fileTypesAndContributionMap":{"test-code":{"insertions":33,"deletions":16}}},{"hash":"2df3a2faa95c5196920b4c5decf9febea144b137","isMergeCommit":false,"messageTitle":"Edit student mutably","messageBody":"","fileTypesAndContributionMap":{"functional-code":{"insertions":58,"deletions":16}}},{"hash":"412fb2486f4e7f1c0651b94a542d98fbbcf14e55","isMergeCommit":false,"messageTitle":"Fix checkstyle","messageBody":"","fileTypesAndContributionMap":{"functional-code":{"insertions":23,"deletions":25}}},{"hash":"4427215f5499ace31e9c0067801331a631b7d4a2","isMergeCommit":false,"messageTitle":"fixup! Edit student mutably","messageBody":"","fileTypesAndContributionMap":{"functional-code":{"insertions":15,"deletions":22}}},{"hash":"04991216061a18234e7e4e4feac18b8c4a534aba","isMergeCommit":false,"messageTitle":"Trying to reduce my LoC","messageBody":"","fileTypesAndContributionMap":{"functional-code":{"insertions":0,"deletions":4}}}]},{"date":"2025-04-06","commitResults":[{"hash":"90d634c075cff0709727a80529d579bd7702915c","isMergeCommit":false,"messageTitle":"Implement hashcode to Index.java","messageBody":"","fileTypesAndContributionMap":{"functional-code":{"insertions":5,"deletions":0}}},{"hash":"3cbf41438de182351996fdabc596de4eca4d0ca5","isMergeCommit":false,"messageTitle":"Remove duplicate indices in command","messageBody":"","fileTypesAndContributionMap":{"functional-code":{"insertions":10,"deletions":5}}},{"hash":"1d3133e758272dd32ac2e01a0dae4440d329e73d","isMergeCommit":false,"messageTitle":"Make `tutorial add-student` and `tutorial delete-student` skip those that failed","messageBody":"","fileTypesAndContributionMap":{"functional-code":{"insertions":24,"deletions":5}}},{"hash":"fe4d44c0593090276cc8f02088e2950cafe01760","isMergeCommit":false,"messageTitle":"Remove call to populateSubmission","messageBody":"It really shouldn\u0027t be used at all. Now it\u0027s just a workaround\n","fileTypesAndContributionMap":{"functional-code":{"insertions":0,"deletions":1}}},{"hash":"32db5b225514608a2c056022dc770b0a389c1cfa","isMergeCommit":false,"messageTitle":"Add tests to check duplicate indices","messageBody":"","fileTypesAndContributionMap":{"test-code":{"insertions":166,"deletions":3}}},{"hash":"7bcaf7318ecb499d78b98f6c9ea306b56fbba351","isMergeCommit":false,"messageTitle":"Update UG to match specs","messageBody":"","fileTypesAndContributionMap":{"docs":{"insertions":1,"deletions":1}}},{"hash":"66ee639570f8ee8ca9a71ba5b1ec4b4a013e31c3","isMergeCommit":false,"messageTitle":"Add validation checks for assignment name","messageBody":"","fileTypesAndContributionMap":{"functional-code":{"insertions":20,"deletions":1},"test-code":{"insertions":37,"deletions":1}}},{"hash":"ea7130684270df6cad0e1d57dd85139387c953ae","isMergeCommit":false,"messageTitle":"Add length checks for tutorial name","messageBody":"","fileTypesAndContributionMap":{"functional-code":{"insertions":1,"deletions":1}}},{"hash":"c9f2afec5b37bda67b44a8f289acfbb073c3a552","isMergeCommit":false,"messageTitle":"Setup and teardown cleaner in test","messageBody":"","fileTypesAndContributionMap":{"test-code":{"insertions":8,"deletions":0}}},{"hash":"1c91061044c11f4345fc63b607f4e3a1fdf2a4d6","isMergeCommit":false,"messageTitle":"Fix test case to conform to tutorial name standards","messageBody":"","fileTypesAndContributionMap":{"test-code":{"insertions":2,"deletions":2}}},{"hash":"f1e8d0de3a9b9647cf4cb439c7d2469d7d76e919","isMergeCommit":false,"messageTitle":"Trim tutorial name","messageBody":"","fileTypesAndContributionMap":{"functional-code":{"insertions":7,"deletions":5}}},{"hash":"ec0dd5a42bc25977c2fdc9063731203faaaf9d63","isMergeCommit":false,"messageTitle":"Update test cases","messageBody":"","fileTypesAndContributionMap":{"test-code":{"insertions":9,"deletions":2}}},{"hash":"32fb7de4387c5199e67d0390cb788cc2fadfb3cf","isMergeCommit":false,"messageTitle":"Fix check in `tutorial delete`","messageBody":"","fileTypesAndContributionMap":{"functional-code":{"insertions":4,"deletions":10}}},{"hash":"16b3a8a68d1e20972523a7f20426fd03343ae848","isMergeCommit":false,"messageTitle":"Update tests for `tutorial delete` command","messageBody":"","fileTypesAndContributionMap":{"test-code":{"insertions":3,"deletions":2}}},{"hash":"3d98e4fdbdce5d3bde1ac69567c19d1d4c31c866","isMergeCommit":false,"messageTitle":"Refactor formatting","messageBody":"Fix formatting\n","fileTypesAndContributionMap":{"docs":{"insertions":11,"deletions":8}}},{"hash":"16823c903f648ebd436aebb94b90c7705eac6718","isMergeCommit":false,"messageTitle":"Specify which mode to run commands in","messageBody":"","fileTypesAndContributionMap":{"docs":{"insertions":43,"deletions":32}}}]}]},"authorFileTypeContributionMap":{"kokseen1":{"docs":0,"functional-code":0,"test-code":0},"AnAfterthought":{"docs":0,"functional-code":0,"test-code":0},"Victoria281":{"docs":0,"functional-code":0,"test-code":0},"nguyenvukhang":{"docs":0,"functional-code":0,"test-code":0},"meloppeitreet":{"docs":0,"functional-code":0,"test-code":0},"WhyAre":{"docs":353,"functional-code":118,"test-code":225,"other":1}},"authorContributionVariance":{"kokseen1":0.0,"AnAfterthought":0.0,"Victoria281":0.0,"nguyenvukhang":0.0,"meloppeitreet":0.0,"WhyAre":96410.25},"authorDisplayNameMap":{"kokseen1":"CS2103-F15-1 CHON..SEEN","AnAfterthought":"CS2103-F15-1 CHNG..HENG","Victoria281":"CS2103-F15-1 AMAN..LING","nguyenvukhang":"CS2103-F15-1 NGUY..HANG","meloppeitreet":"CS2103-F15-1 MELO..ALIM","WhyAre":"CS2103-F15-1 LAI ..RONG"}}
