{"authorDailyContributionsMap":{"szelingtan":[{"date":"2025-04-05","commitResults":[{"hash":"6e7c4990d03d94428c93fa25b8a6af33cc718fa2","isMergeCommit":true,"messageTitle":"Merge pull request #278 from Bryce-3D/2025-04-05_fix-dg-1","messageBody":"2025 04 05 fix dg 1","fileTypesAndContributionMap":{}}]},{"date":"2025-04-06","commitResults":[{"hash":"ed0f250f46b81b471ce1134ec2a818f2fe6a388c","isMergeCommit":true,"messageTitle":"Merge upstream/master into local branch","messageBody":"","fileTypesAndContributionMap":{}},{"hash":"54977a781b7470666122d6e9e120d0d00fb840ba","isMergeCommit":false,"messageTitle":"Fix userguide bugs","messageBody":"","fileTypesAndContributionMap":{"docs":{"insertions":2,"deletions":2}}}]}],"Eun777":[{"date":"2025-04-06","commitResults":[{"hash":"edb984028ac7eefe9a932d16e7e9089f30ff0d13","isMergeCommit":false,"messageTitle":"Fix bug in #270 with log book naming","messageBody":"","fileTypesAndContributionMap":{"functional-code":{"insertions":1,"deletions":1}}},{"hash":"e242ef22fafb7ea98684aa5b15daa9cb9eeb6ac7","isMergeCommit":false,"messageTitle":"Fix bug with no digit limit for phone number","messageBody":"","fileTypesAndContributionMap":{"functional-code":{"insertions":2,"deletions":2}}}]}],"Luoq1-Xu":[{"date":"2025-04-06","commitResults":[{"hash":"b089cda93d8e2b36271a3d3759303e8ca0e8fe53","isMergeCommit":true,"messageTitle":"Merge pull request #282 from Bryce-3D/2025-04-06_fix-ug-dg-2","messageBody":"Some DG Fixes","fileTypesAndContributionMap":{}},{"hash":"756b36187f8c72b3cbc866b36abba0c5d7048dad","isMergeCommit":true,"messageTitle":"Merge upstream/master into local branch","messageBody":"","fileTypesAndContributionMap":{}},{"hash":"1d639ecac6c0297d5df08c1a4b5f06c8e37500d7","isMergeCommit":false,"messageTitle":"Add warning message for adding an earlier lastVisit date","messageBody":"Update User Guide\n","fileTypesAndContributionMap":{"functional-code":{"insertions":8,"deletions":1},"docs":{"insertions":6,"deletions":4}}}]}],"Liu-Jihan":[],"Bryce-3D":[{"date":"2025-04-05","commitResults":[{"hash":"8a1772e1477c92ad6978407a364dd2105520e991","isMergeCommit":true,"messageTitle":"Merge pull request #229 from szelingtan/update_userguide_branch","messageBody":"Update ug with glossary and details","fileTypesAndContributionMap":{}},{"hash":"0f682b330948448597fbdebd14d8d9539108bbdc","isMergeCommit":true,"messageTitle":"Merge branch \u0027master\u0027 in","messageBody":"","fileTypesAndContributionMap":{}},{"hash":"8f509dfd79abfef0fc3540706e927949815ba518","isMergeCommit":false,"messageTitle":"Fix indentation level to fix #265","messageBody":"","fileTypesAndContributionMap":{"docs":{"insertions":8,"deletions":8}}}]},{"date":"2025-04-06","commitResults":[{"hash":"548ff6cf3b73abc8a2e969964468cfe78404a54b","isMergeCommit":true,"messageTitle":"Merge pull request #280 from szelingtan/update_user_guide_branch","messageBody":"Update user guide branch","fileTypesAndContributionMap":{}},{"hash":"309eced3b90c067244512b1807bd107b656fcbd9","isMergeCommit":true,"messageTitle":"Merge pull request #281 from Eun777/branch-fix-bugs","messageBody":"Bug Fix: Logging file still named as addressbook","fileTypesAndContributionMap":{}},{"hash":"44dd967d1cc4850991a0919f036d8a7f67bd600e","isMergeCommit":false,"messageTitle":"Add find input validatioin to DG","messageBody":"","fileTypesAndContributionMap":{"docs":{"insertions":21,"deletions":5}}},{"hash":"fd21fa601cd781c7bc91dcc3aa706c659bdb0dfc","isMergeCommit":true,"messageTitle":"Merge pull request #283 from Eun777/branch-fix-bugs","messageBody":"Bug Fix: No number limit enforced to phone number","fileTypesAndContributionMap":{}},{"hash":"01aa28f6c9683838e85147abc89bc994a1d0b776","isMergeCommit":true,"messageTitle":"Merge main in","messageBody":"","fileTypesAndContributionMap":{}},{"hash":"700b18e0e17e29b859ad364d443874c50d6acedf","isMergeCommit":false,"messageTitle":"Remove unnecessary term name from glossary","messageBody":"","fileTypesAndContributionMap":{"docs":{"insertions":0,"deletions":1}}},{"hash":"55386796da9c9cfbb793bb1e96399b773e3b3357","isMergeCommit":false,"messageTitle":"Remove commented out part of DG","messageBody":"","fileTypesAndContributionMap":{"docs":{"insertions":0,"deletions":5}}},{"hash":"68b2bb64c7d150d65222701a9d582fb4da404618","isMergeCommit":false,"messageTitle":"Partial improvement to DG","messageBody":"","fileTypesAndContributionMap":{"docs":{"insertions":36,"deletions":8}}},{"hash":"680068763ac3612a956db00fdba871e97e6d4857","isMergeCommit":false,"messageTitle":"Add instructions for manual testing to DG","messageBody":"","fileTypesAndContributionMap":{"docs":{"insertions":39,"deletions":2}}},{"hash":"88c080c4a80e68e4b152ab557120cc1e2f57dc32","isMergeCommit":false,"messageTitle":"Fix some typos","messageBody":"","fileTypesAndContributionMap":{"docs":{"insertions":6,"deletions":6}}},{"hash":"ba35ce1bc7b1f5dd80a3e9ec437abad5ec6c995e","isMergeCommit":false,"messageTitle":"Fix consistency issues","messageBody":"","fileTypesAndContributionMap":{"docs":{"insertions":35,"deletions":29}}},{"hash":"f2687924934d7994471f63c681eac7834c45031f","isMergeCommit":false,"messageTitle":"Fix typos","messageBody":"","fileTypesAndContributionMap":{"docs":{"insertions":15,"deletions":28}}},{"hash":"7e4e3dd2bd594c41cb4b70d5c05e2b1abe62a034","isMergeCommit":false,"messageTitle":"Add planned enhancement","messageBody":"","fileTypesAndContributionMap":{"docs":{"insertions":10,"deletions":1}}},{"hash":"ebe0388066917fe3eca9e9a85d6eb203a2937328","isMergeCommit":false,"messageTitle":"Remove unnecessary line","messageBody":"","fileTypesAndContributionMap":{"docs":{"insertions":0,"deletions":2}}},{"hash":"2a4a7126018a0fdfb13de1d1751095a8026cf88c","isMergeCommit":false,"messageTitle":"Change grammar a bit","messageBody":"","fileTypesAndContributionMap":{"docs":{"insertions":3,"deletions":3}}},{"hash":"b1c63c14801fd2d150cd696eb3828ad71aa9b287","isMergeCommit":false,"messageTitle":"Remove composition from opt patient fields","messageBody":"","fileTypesAndContributionMap":{"docs":{"insertions":6,"deletions":6}}},{"hash":"809aaced33c5566a6c5a2488fc3ca05a9fdff310","isMergeCommit":false,"messageTitle":"Add note in UG to avoid all as tag or medicine","messageBody":"","fileTypesAndContributionMap":{"docs":{"insertions":2,"deletions":0}}},{"hash":"f63fd49917eb0dd24da330becc1b315118db6f82","isMergeCommit":false,"messageTitle":"Add planned improvement","messageBody":"","fileTypesAndContributionMap":{"docs":{"insertions":13,"deletions":0}}},{"hash":"f290f5798a3c97f317de41679e2c9943922555c0","isMergeCommit":true,"messageTitle":"Merge pull request #285 from Luoq1-Xu/branch-add-warning-to-lastVisit","messageBody":"Add warning to lastVisit command","fileTypesAndContributionMap":{}}]}]},"authorFileTypeContributionMap":{"szelingtan":{"docs":2,"functional-code":0,"test-code":0},"Eun777":{"docs":0,"functional-code":3,"test-code":0,"other":1},"Luoq1-Xu":{"docs":6,"functional-code":8,"test-code":0},"Liu-Jihan":{"docs":0,"functional-code":0,"test-code":0},"Bryce-3D":{"docs":122,"functional-code":0,"test-code":0}},"authorContributionVariance":{"szelingtan":4.0,"Eun777":9.0,"Luoq1-Xu":90.25,"Liu-Jihan":0.0,"Bryce-3D":17689.0},"authorDisplayNameMap":{"szelingtan":"CS2103T-T17-2 TAN ..LING","Eun777":"CS2103T-T17-2 NG W..NICE","Luoq1-Xu":"CS2103T-T17-2 XU L..UOQI","Liu-Jihan":"CS2103T-T17-2 LIU ..IHAN","Bryce-3D":"CS2103T-T17-2 SANC.. ANG"}}
