{"authorDailyContributionsMap":{"szelingtan":[{"date":"2025-04-05","commitResults":[{"hash":"6e7c4990d03d94428c93fa25b8a6af33cc718fa2","isMergeCommit":true,"messageTitle":"Merge pull request #278 from Bryce-3D/2025-04-05_fix-dg-1","messageBody":"2025 04 05 fix dg 1","fileTypesAndContributionMap":{}}]}],"Eun777":[],"Luoq1-Xu":[],"Liu-Jihan":[],"Bryce-3D":[{"date":"2025-04-05","commitResults":[{"hash":"8a1772e1477c92ad6978407a364dd2105520e991","isMergeCommit":true,"messageTitle":"Merge pull request #229 from szelingtan/update_userguide_branch","messageBody":"Update ug with glossary and details","fileTypesAndContributionMap":{}},{"hash":"0f682b330948448597fbdebd14d8d9539108bbdc","isMergeCommit":true,"messageTitle":"Merge branch \u0027master\u0027 in","messageBody":"","fileTypesAndContributionMap":{}},{"hash":"8f509dfd79abfef0fc3540706e927949815ba518","isMergeCommit":false,"messageTitle":"Fix indentation level to fix #265","messageBody":"","fileTypesAndContributionMap":{"docs":{"insertions":8,"deletions":8}}}]}]},"authorFileTypeContributionMap":{"szelingtan":{"docs":0,"functional-code":0,"test-code":0},"Eun777":{"docs":0,"functional-code":0,"test-code":0,"other":1},"Luoq1-Xu":{"docs":0,"functional-code":0,"test-code":0},"Liu-Jihan":{"docs":0,"functional-code":0,"test-code":0},"Bryce-3D":{"docs":0,"functional-code":0,"test-code":0}},"authorContributionVariance":{"szelingtan":0.0,"Eun777":0.0,"Luoq1-Xu":0.0,"Liu-Jihan":0.0,"Bryce-3D":0.0},"authorDisplayNameMap":{"szelingtan":"CS2103T-T17-2 TAN ..LING","Eun777":"CS2103T-T17-2 NG W..NICE","Luoq1-Xu":"CS2103T-T17-2 XU L..UOQI","Liu-Jihan":"CS2103T-T17-2 LIU ..IHAN","Bryce-3D":"CS2103T-T17-2 SANC.. ANG"}}
