{"authorDailyContributionsMap":{"szelingtan":[{"date":"2025-04-05","commitResults":[{"hash":"6e7c4990d03d94428c93fa25b8a6af33cc718fa2","isMergeCommit":true,"messageTitle":"Merge pull request #278 from Bryce-3D/2025-04-05_fix-dg-1","messageBody":"2025 04 05 fix dg 1","fileTypesAndContributionMap":{}}]},{"date":"2025-04-06","commitResults":[{"hash":"ed0f250f46b81b471ce1134ec2a818f2fe6a388c","isMergeCommit":true,"messageTitle":"Merge upstream/master into local branch","messageBody":"","fileTypesAndContributionMap":{}},{"hash":"54977a781b7470666122d6e9e120d0d00fb840ba","isMergeCommit":false,"messageTitle":"Fix userguide bugs","messageBody":"","fileTypesAndContributionMap":{"docs":{"insertions":2,"deletions":2}}},{"hash":"6777c55cd093ad81adeb7b05c6527a8b31c5c716","isMergeCommit":true,"messageTitle":"Merge upstream/master into local branch","messageBody":"","fileTypesAndContributionMap":{}},{"hash":"a873aa20ccbbadfc58849c7322f706d88218e3b5","isMergeCommit":false,"messageTitle":"fix error message and ug","messageBody":"","fileTypesAndContributionMap":{"functional-code":{"insertions":4,"deletions":1},"docs":{"insertions":9,"deletions":9}}},{"hash":"558caa41c7fe18752a587d9d2960094b85a2145b","isMergeCommit":false,"messageTitle":"Revert \"fix error message and ug\"","messageBody":"This reverts commit a873aa20ccbbadfc58849c7322f706d88218e3b5.\n","fileTypesAndContributionMap":{"functional-code":{"insertions":1,"deletions":4},"docs":{"insertions":9,"deletions":9}}},{"hash":"86c51b5442c23781016f5af9ca3cfade4ca4ada3","isMergeCommit":false,"messageTitle":"Fix ug and errors","messageBody":"","fileTypesAndContributionMap":{"functional-code":{"insertions":4,"deletions":1},"docs":{"insertions":9,"deletions":9}}}]},{"date":"2025-04-07","commitResults":[{"hash":"99ba3bf907f503c24b14ce11dd85a3c3e91aae5f","isMergeCommit":true,"messageTitle":"Merge upstream/master into local branch","messageBody":"","fileTypesAndContributionMap":{}},{"hash":"215e0df6deedde0886e29118ee34f1d2373ca5b7","isMergeCommit":true,"messageTitle":"Merge branch \u0027master\u0027 into error_messages_ug_branch Update branch","messageBody":"","fileTypesAndContributionMap":{}},{"hash":"6cf99b83e6c318a539d1e2591668256dacda966c","isMergeCommit":false,"messageTitle":"Update error handling for duplicate patients","messageBody":"","fileTypesAndContributionMap":{"functional-code":{"insertions":1,"deletions":2},"docs":{"insertions":4,"deletions":0}}},{"hash":"4e61effa12f0f76970d5073b189acc3a9cc47774","isMergeCommit":false,"messageTitle":"Update user guide for duplicate patients","messageBody":"","fileTypesAndContributionMap":{"docs":{"insertions":2,"deletions":2}}},{"hash":"a546c0ce59c1385020fc3739e782aaf6684996e0","isMergeCommit":false,"messageTitle":"Edit string to be a more obscure string","messageBody":"","fileTypesAndContributionMap":{"functional-code":{"insertions":1,"deletions":1}}},{"hash":"2747e6c3281188debedc23afef245630d3306ff9","isMergeCommit":true,"messageTitle":"Merge pull request #288 from Bryce-3D/2025-04-07_fix-dellastvisit-err-msg","messageBody":"Fix dellastvisit usage msg","fileTypesAndContributionMap":{}},{"hash":"a8da4f40f9b8131f89eaf7792e50ef13301e4cd2","isMergeCommit":false,"messageTitle":"Update ug commands","messageBody":"","fileTypesAndContributionMap":{"docs":{"insertions":6,"deletions":4}}},{"hash":"2c8055c9022c142acc03f2308be82ab2229a923d","isMergeCommit":true,"messageTitle":"Merge upstream/master into local branch","messageBody":"","fileTypesAndContributionMap":{}},{"hash":"ab2d5b01d859d49bcab39f6203b116e889abf586","isMergeCommit":true,"messageTitle":"Merge pull request #289 from Eun777/branch-fix-bugs-edit-command","messageBody":"Bug Fix: Contradiction found in userGuide and application for edit command","fileTypesAndContributionMap":{}},{"hash":"ee1ad60abbb7731af7b56967b9fbf0fa77470e10","isMergeCommit":true,"messageTitle":"Merge upstream/master into local branch","messageBody":"","fileTypesAndContributionMap":{}},{"hash":"30e474d574614d5a597991fd70addd705bac4eab","isMergeCommit":true,"messageTitle":"Merge pull request #296 from Luoq1-Xu/branch-medicine-duplicate-detection","messageBody":"Add duplicate medicine detection for inputs","fileTypesAndContributionMap":{}},{"hash":"638bdf47cbdfcc0d1656c11b5167bd3d4c9c6492","isMergeCommit":true,"messageTitle":"Merge pull request #294 from Bryce-3D/2025-04-07_update-dg-ug","messageBody":"Update UG Input Requirements","fileTypesAndContributionMap":{}},{"hash":"b2a960ce9e6214d537fabd458ba6ddf3108e5f91","isMergeCommit":true,"messageTitle":"Merge upstream/master into local branch","messageBody":"","fileTypesAndContributionMap":{}},{"hash":"280b83b835c807cda1d6999a3b1aee2c5e473c48","isMergeCommit":true,"messageTitle":"Merge upstream/master into local branch","messageBody":"","fileTypesAndContributionMap":{}},{"hash":"9837aaa0c8f882c2ab01df7ef8b8352ecaa4cadb","isMergeCommit":false,"messageTitle":"Update errors","messageBody":"","fileTypesAndContributionMap":{"functional-code":{"insertions":10,"deletions":5},"docs":{"insertions":2,"deletions":0}}},{"hash":"484e3ab4a44057fdcb7903f0dc25b7ba588c00b0","isMergeCommit":false,"messageTitle":"Fix tests","messageBody":"","fileTypesAndContributionMap":{"test-code":{"insertions":1,"deletions":1}}}]},{"date":"2025-04-08","commitResults":[{"hash":"d12f06b7b939f4ad831ed79abe9fe5588fbe5151","isMergeCommit":false,"messageTitle":"Fix bugs","messageBody":"","fileTypesAndContributionMap":{"functional-code":{"insertions":5,"deletions":10},"test-code":{"insertions":1,"deletions":1}}}]}],"Eun777":[{"date":"2025-04-06","commitResults":[{"hash":"edb984028ac7eefe9a932d16e7e9089f30ff0d13","isMergeCommit":false,"messageTitle":"Fix bug in #270 with log book naming","messageBody":"","fileTypesAndContributionMap":{"functional-code":{"insertions":1,"deletions":1}}},{"hash":"e242ef22fafb7ea98684aa5b15daa9cb9eeb6ac7","isMergeCommit":false,"messageTitle":"Fix bug with no digit limit for phone number","messageBody":"","fileTypesAndContributionMap":{"functional-code":{"insertions":2,"deletions":2}}}]},{"date":"2025-04-07","commitResults":[{"hash":"55b74bdd1c077c922022e71ff0be5e3fd5ede5e6","isMergeCommit":false,"messageTitle":"Fix bug where t/ can be used in edit command","messageBody":"","fileTypesAndContributionMap":{"docs":{"insertions":1,"deletions":1}}},{"hash":"5d13623c0d72559bdee2b41c17d6bad868c51cd8","isMergeCommit":false,"messageTitle":"Fix bugs with edit command","messageBody":"","fileTypesAndContributionMap":{"functional-code":{"insertions":13,"deletions":1}}},{"hash":"3aaf4c76636c736c262b5052cda0df283352c0ed","isMergeCommit":false,"messageTitle":"Update DG to contain set up","messageBody":"","fileTypesAndContributionMap":{"docs":{"insertions":4,"deletions":0}}}]},{"date":"2025-04-08","commitResults":[{"hash":"cfee64b5407c60d75639b22d7cbf2dd50af1df90","isMergeCommit":false,"messageTitle":"Fix bugs in UG","messageBody":"","fileTypesAndContributionMap":{"docs":{"insertions":6,"deletions":7}}},{"hash":"77e853280e3ca2306766afbdfe031babf5156e2c","isMergeCommit":false,"messageTitle":"Fix bugs in UG","messageBody":"","fileTypesAndContributionMap":{"docs":{"insertions":14,"deletions":14}}},{"hash":"0adadae079de2089b10d0c10c0943aede49b173a","isMergeCommit":false,"messageTitle":"Update UG for v1.6","messageBody":"","fileTypesAndContributionMap":{"docs":{"insertions":9,"deletions":3}}},{"hash":"68012b56a6757e53d5832666eb1441a767817a62","isMergeCommit":false,"messageTitle":"Fixing missing newline at EOF","messageBody":"","fileTypesAndContributionMap":{"docs":{"insertions":1,"deletions":1}}},{"hash":"7d118378e957632e93b5b1d87794bf8299478c84","isMergeCommit":false,"messageTitle":"Fix bug in UG","messageBody":"","fileTypesAndContributionMap":{"docs":{"insertions":1,"deletions":0}}},{"hash":"cadead63db280114f49f6baa3832aaf279550ff8","isMergeCommit":false,"messageTitle":"Update UG with annotated images","messageBody":"","fileTypesAndContributionMap":{"docs":{"insertions":12,"deletions":0}}}]}],"Luoq1-Xu":[{"date":"2025-04-06","commitResults":[{"hash":"b089cda93d8e2b36271a3d3759303e8ca0e8fe53","isMergeCommit":true,"messageTitle":"Merge pull request #282 from Bryce-3D/2025-04-06_fix-ug-dg-2","messageBody":"Some DG Fixes","fileTypesAndContributionMap":{}},{"hash":"756b36187f8c72b3cbc866b36abba0c5d7048dad","isMergeCommit":true,"messageTitle":"Merge upstream/master into local branch","messageBody":"","fileTypesAndContributionMap":{}},{"hash":"1d639ecac6c0297d5df08c1a4b5f06c8e37500d7","isMergeCommit":false,"messageTitle":"Add warning message for adding an earlier lastVisit date","messageBody":"Update User Guide\n","fileTypesAndContributionMap":{"functional-code":{"insertions":8,"deletions":1},"docs":{"insertions":6,"deletions":4}}}]},{"date":"2025-04-07","commitResults":[{"hash":"415689b00624bacc55748d23a6dc65aa43bebc4e","isMergeCommit":true,"messageTitle":"Merge upstream/master into local branch","messageBody":"","fileTypesAndContributionMap":{}},{"hash":"b90d14ba785fd8c5b09cf33e9e7431c27d1b3d39","isMergeCommit":true,"messageTitle":"Merge upstream/master into local branch","messageBody":"","fileTypesAndContributionMap":{}},{"hash":"248e02115a4f95ed2ae0a8b83bf26beb61841cf3","isMergeCommit":false,"messageTitle":"Add duplicate input detection for medicines","messageBody":"","fileTypesAndContributionMap":{"functional-code":{"insertions":36,"deletions":1}}}]},{"date":"2025-04-08","commitResults":[{"hash":"0bc3189cb4b647e422cee2890307a40249763181","isMergeCommit":true,"messageTitle":"Merge pull request #299 from szelingtan/new_unprescribe_bugs_branch","messageBody":"Update prescribe and unprescribe code","fileTypesAndContributionMap":{}},{"hash":"d274dd92eed93ce5485e12dca0b04350e699618b","isMergeCommit":true,"messageTitle":"Merge pull request #302 from Eun777/branch-update-ug-v1.6","messageBody":"Update UserGuide for v1.6","fileTypesAndContributionMap":{}},{"hash":"d65c023d31807392d7ccd5252882987d79cbdc24","isMergeCommit":true,"messageTitle":"Merge pull request #304 from Eun777/branch-update-ug-v1.6","messageBody":"Update UG with annotated images","fileTypesAndContributionMap":{}}]}],"Liu-Jihan":[{"date":"2025-04-07","commitResults":[{"hash":"67119d16cd837f87c31c483bf1b4e3fb1801d90d","isMergeCommit":true,"messageTitle":"Merge pull request #295 from Bryce-3D/2025-04-07_prevent-no-change-edit","messageBody":"Prevent edit command without resultant change","fileTypesAndContributionMap":{}},{"hash":"797b75d9aa5471043c9c1e8e19d1c0837ff208be","isMergeCommit":true,"messageTitle":"Merge pull request #297 from Bryce-3D/2025-04-07-fix-ug-dg-2","messageBody":"Remove ellipsis from edit","fileTypesAndContributionMap":{}}]}],"Bryce-3D":[{"date":"2025-04-05","commitResults":[{"hash":"8a1772e1477c92ad6978407a364dd2105520e991","isMergeCommit":true,"messageTitle":"Merge pull request #229 from szelingtan/update_userguide_branch","messageBody":"Update ug with glossary and details","fileTypesAndContributionMap":{}},{"hash":"0f682b330948448597fbdebd14d8d9539108bbdc","isMergeCommit":true,"messageTitle":"Merge branch \u0027master\u0027 in","messageBody":"","fileTypesAndContributionMap":{}},{"hash":"8f509dfd79abfef0fc3540706e927949815ba518","isMergeCommit":false,"messageTitle":"Fix indentation level to fix #265","messageBody":"","fileTypesAndContributionMap":{"docs":{"insertions":8,"deletions":8}}}]},{"date":"2025-04-06","commitResults":[{"hash":"548ff6cf3b73abc8a2e969964468cfe78404a54b","isMergeCommit":true,"messageTitle":"Merge pull request #280 from szelingtan/update_user_guide_branch","messageBody":"Update user guide branch","fileTypesAndContributionMap":{}},{"hash":"309eced3b90c067244512b1807bd107b656fcbd9","isMergeCommit":true,"messageTitle":"Merge pull request #281 from Eun777/branch-fix-bugs","messageBody":"Bug Fix: Logging file still named as addressbook","fileTypesAndContributionMap":{}},{"hash":"44dd967d1cc4850991a0919f036d8a7f67bd600e","isMergeCommit":false,"messageTitle":"Add find input validatioin to DG","messageBody":"","fileTypesAndContributionMap":{"docs":{"insertions":21,"deletions":5}}},{"hash":"fd21fa601cd781c7bc91dcc3aa706c659bdb0dfc","isMergeCommit":true,"messageTitle":"Merge pull request #283 from Eun777/branch-fix-bugs","messageBody":"Bug Fix: No number limit enforced to phone number","fileTypesAndContributionMap":{}},{"hash":"01aa28f6c9683838e85147abc89bc994a1d0b776","isMergeCommit":true,"messageTitle":"Merge main in","messageBody":"","fileTypesAndContributionMap":{}},{"hash":"700b18e0e17e29b859ad364d443874c50d6acedf","isMergeCommit":false,"messageTitle":"Remove unnecessary term name from glossary","messageBody":"","fileTypesAndContributionMap":{"docs":{"insertions":0,"deletions":1}}},{"hash":"55386796da9c9cfbb793bb1e96399b773e3b3357","isMergeCommit":false,"messageTitle":"Remove commented out part of DG","messageBody":"","fileTypesAndContributionMap":{"docs":{"insertions":0,"deletions":5}}},{"hash":"68b2bb64c7d150d65222701a9d582fb4da404618","isMergeCommit":false,"messageTitle":"Partial improvement to DG","messageBody":"","fileTypesAndContributionMap":{"docs":{"insertions":36,"deletions":8}}},{"hash":"680068763ac3612a956db00fdba871e97e6d4857","isMergeCommit":false,"messageTitle":"Add instructions for manual testing to DG","messageBody":"","fileTypesAndContributionMap":{"docs":{"insertions":39,"deletions":2}}},{"hash":"88c080c4a80e68e4b152ab557120cc1e2f57dc32","isMergeCommit":false,"messageTitle":"Fix some typos","messageBody":"","fileTypesAndContributionMap":{"docs":{"insertions":6,"deletions":6}}},{"hash":"ba35ce1bc7b1f5dd80a3e9ec437abad5ec6c995e","isMergeCommit":false,"messageTitle":"Fix consistency issues","messageBody":"","fileTypesAndContributionMap":{"docs":{"insertions":35,"deletions":29}}},{"hash":"f2687924934d7994471f63c681eac7834c45031f","isMergeCommit":false,"messageTitle":"Fix typos","messageBody":"","fileTypesAndContributionMap":{"docs":{"insertions":15,"deletions":28}}},{"hash":"7e4e3dd2bd594c41cb4b70d5c05e2b1abe62a034","isMergeCommit":false,"messageTitle":"Add planned enhancement","messageBody":"","fileTypesAndContributionMap":{"docs":{"insertions":10,"deletions":1}}},{"hash":"ebe0388066917fe3eca9e9a85d6eb203a2937328","isMergeCommit":false,"messageTitle":"Remove unnecessary line","messageBody":"","fileTypesAndContributionMap":{"docs":{"insertions":0,"deletions":2}}},{"hash":"2a4a7126018a0fdfb13de1d1751095a8026cf88c","isMergeCommit":false,"messageTitle":"Change grammar a bit","messageBody":"","fileTypesAndContributionMap":{"docs":{"insertions":3,"deletions":3}}},{"hash":"b1c63c14801fd2d150cd696eb3828ad71aa9b287","isMergeCommit":false,"messageTitle":"Remove composition from opt patient fields","messageBody":"","fileTypesAndContributionMap":{"docs":{"insertions":6,"deletions":6}}},{"hash":"809aaced33c5566a6c5a2488fc3ca05a9fdff310","isMergeCommit":false,"messageTitle":"Add note in UG to avoid all as tag or medicine","messageBody":"","fileTypesAndContributionMap":{"docs":{"insertions":2,"deletions":0}}},{"hash":"f63fd49917eb0dd24da330becc1b315118db6f82","isMergeCommit":false,"messageTitle":"Add planned improvement","messageBody":"","fileTypesAndContributionMap":{"docs":{"insertions":13,"deletions":0}}},{"hash":"f290f5798a3c97f317de41679e2c9943922555c0","isMergeCommit":true,"messageTitle":"Merge pull request #285 from Luoq1-Xu/branch-add-warning-to-lastVisit","messageBody":"Add warning to lastVisit command","fileTypesAndContributionMap":{}}]},{"date":"2025-04-07","commitResults":[{"hash":"bb3511e4c32ecee36a8d736750d1e6ff9ea2213c","isMergeCommit":true,"messageTitle":"Merge pull request #284 from szelingtan/error_messages_ug_branch","messageBody":"Fix name error message and ug (email and phone number)","fileTypesAndContributionMap":{}},{"hash":"7e631354e062a9b707c832fdaa1a7f31cd06bd1e","isMergeCommit":false,"messageTitle":"Fix dellastvisit usage msg","messageBody":"","fileTypesAndContributionMap":{"functional-code":{"insertions":1,"deletions":2}}},{"hash":"fcdb177399476a219f2100fd2ac4157a801ee86c","isMergeCommit":true,"messageTitle":"Merge pull request #287 from szelingtan/error_messages_ug_branch","messageBody":"Edit string to be a more obscure string","fileTypesAndContributionMap":{}},{"hash":"d4d56fe231d71271ca03534a54625b2b82daeb9f","isMergeCommit":true,"messageTitle":"Merge pull request #290 from szelingtan/error_messages_ug_branch","messageBody":"Update ug commands","fileTypesAndContributionMap":{}},{"hash":"6043bbbe39b10bc7584c4d0f8bee908b1fda8999","isMergeCommit":false,"messageTitle":"Update UG Input Requirements","messageBody":"","fileTypesAndContributionMap":{"docs":{"insertions":3,"deletions":3}}},{"hash":"efa4ca0e8ccccd3c3c5dfff189494311c84ae100","isMergeCommit":false,"messageTitle":"Make case sensitivity bolded","messageBody":"","fileTypesAndContributionMap":{"docs":{"insertions":2,"deletions":2}}},{"hash":"7adb20fd2a31ddd427e93653c5f34807eec813e9","isMergeCommit":true,"messageTitle":"Merge pull request #293 from Eun777/branch-update-dg","messageBody":"Fix missing Developer Guide header","fileTypesAndContributionMap":{}},{"hash":"a16d35201d9d94e1c388476b3632ec307629048c","isMergeCommit":false,"messageTitle":"Prevent edit cmd wo res change","messageBody":"","fileTypesAndContributionMap":{"functional-code":{"insertions":5,"deletions":0}}},{"hash":"97f97e9a753d43b3521845de8aeaeb44dac445a1","isMergeCommit":false,"messageTitle":"Fix tests","messageBody":"","fileTypesAndContributionMap":{"test-code":{"insertions":2,"deletions":8}}},{"hash":"34cd260a7ea44974732f9eea05dee958c6d5e7d0","isMergeCommit":false,"messageTitle":"Remove ellipsis from edit","messageBody":"","fileTypesAndContributionMap":{"docs":{"insertions":1,"deletions":1}}}]}]},"authorFileTypeContributionMap":{"szelingtan":{"docs":15,"functional-code":6,"test-code":1},"Eun777":{"docs":38,"functional-code":16,"test-code":0,"other":1},"Luoq1-Xu":{"docs":5,"functional-code":43,"test-code":0},"Liu-Jihan":{"docs":0,"functional-code":0,"test-code":0},"Bryce-3D":{"docs":125,"functional-code":6,"test-code":2}},"authorContributionVariance":{"szelingtan":756.5,"Eun777":712.75,"Luoq1-Xu":236.5,"Liu-Jihan":0.0,"Bryce-3D":13446.0},"authorDisplayNameMap":{"szelingtan":"CS2103T-T17-2 TAN ..LING","Eun777":"CS2103T-T17-2 NG W..NICE","Luoq1-Xu":"CS2103T-T17-2 XU L..UOQI","Liu-Jihan":"CS2103T-T17-2 LIU ..IHAN","Bryce-3D":"CS2103T-T17-2 SANC.. ANG"}}
