{"authorDailyContributionsMap":{"xinniyee":[{"date":"2025-04-06","commitResults":[{"hash":"5a69918841c32613364c45393844d51ae2bb3169","isMergeCommit":false,"messageTitle":"Change criteria for duplicates","messageBody":"","fileTypesAndContributionMap":{"functional-code":{"insertions":2,"deletions":2},"test-code":{"insertions":8,"deletions":11}}},{"hash":"9fd0dda954c8377c5db047ae2408c20d12554626","isMergeCommit":false,"messageTitle":"Add clear command in help window","messageBody":"","fileTypesAndContributionMap":{"functional-code":{"insertions":4,"deletions":0},"docs":{"insertions":2,"deletions":1}}},{"hash":"85c5ce54cfee151e0a7781d310763fea8d22eb1b","isMergeCommit":true,"messageTitle":"Merge pull request #314 from xinniyee/branch-fixFuncBugs","messageBody":"Allow duplicate names but not emails and add clear command in help window","fileTypesAndContributionMap":{}}]},{"date":"2025-04-07","commitResults":[{"hash":"7dd3199d0bfb7cd2e5fed4779a2f25f2931d47de","isMergeCommit":false,"messageTitle":"Fix issues related to UG and DG","messageBody":"","fileTypesAndContributionMap":{"docs":{"insertions":19,"deletions":25}}},{"hash":"7b50c435be47ce126034630ca78a01ccb760322e","isMergeCommit":true,"messageTitle":"Merge pull request #329 from xinniyee/branch-FixUGDG","messageBody":"Fix issues related to UG and DG","fileTypesAndContributionMap":{}},{"hash":"9c8fac90ba84df262ff7493640e2959e0e09b4ee","isMergeCommit":false,"messageTitle":"Add design consideration for find","messageBody":"","fileTypesAndContributionMap":{"docs":{"insertions":10,"deletions":0}}},{"hash":"e1aab772da0a66e3c55f72d4b558208102e8c552","isMergeCommit":false,"messageTitle":"Update find example in UG","messageBody":"","fileTypesAndContributionMap":{"docs":{"insertions":1,"deletions":1}}},{"hash":"01065b6bd89fc3e6f85d398ce3d02ea405aa56ce","isMergeCommit":true,"messageTitle":"Merge pull request #338 from xinniyee/branch-findDG","messageBody":"Add design consideration for find","fileTypesAndContributionMap":{}},{"hash":"8db15366f91ff34f0924e5ecde9e2fa17b1caf49","isMergeCommit":false,"messageTitle":"Change message for duplicate person","messageBody":"","fileTypesAndContributionMap":{"functional-code":{"insertions":2,"deletions":2}}},{"hash":"21b189a29b2664ff42d4d670a92cbd36d34f60e9","isMergeCommit":true,"messageTitle":"Merge pull request #341 from xinniyee/branch-v1.6","messageBody":"Change message for duplicate person","fileTypesAndContributionMap":{}},{"hash":"390035e4102aa87d8a9464d01f86f324489d5f1e","isMergeCommit":false,"messageTitle":"Fix quick start and find","messageBody":"","fileTypesAndContributionMap":{"docs":{"insertions":10,"deletions":9}}},{"hash":"1fed62a26fdcf54bc6f38b56775254597bb835a4","isMergeCommit":false,"messageTitle":"update steps","messageBody":"","fileTypesAndContributionMap":{"docs":{"insertions":3,"deletions":3}}},{"hash":"970d3371be6184a3c450ab6c385248649974afb8","isMergeCommit":false,"messageTitle":"Standardise design considerations","messageBody":"","fileTypesAndContributionMap":{"docs":{"insertions":33,"deletions":7}}},{"hash":"33efbf6966238f45a4eb56cbee8d9939bc8e8409","isMergeCommit":false,"messageTitle":"correct UC13","messageBody":"","fileTypesAndContributionMap":{"docs":{"insertions":7,"deletions":10}}},{"hash":"3ef79145ff0e177dcb91491037c43067d1e19c5f","isMergeCommit":false,"messageTitle":"Change address book to Notarius","messageBody":"","fileTypesAndContributionMap":{"docs":{"insertions":5,"deletions":5}}},{"hash":"bdff7cf9a1486ff3537335fce7ea555ee6f42d30","isMergeCommit":true,"messageTitle":"Merge pull request #360 from xinniyee/branch-fixDG","messageBody":"DG: find design consideration and UC13","fileTypesAndContributionMap":{}},{"hash":"fb7d0bd4a0bb13202cb0882a46d62c0068063ac6","isMergeCommit":true,"messageTitle":"Merge pull request #355 from xinniyee/branch-findUG","messageBody":"Fix quick start and find","fileTypesAndContributionMap":{}}]}],"Wrongian":[{"date":"2025-04-06","commitResults":[{"hash":"30540029e7b4e59391362d0755679eb63b34c99a","isMergeCommit":false,"messageTitle":"Update language of intro section of UG","messageBody":"","fileTypesAndContributionMap":{"docs":{"insertions":7,"deletions":5}}},{"hash":"ed7d4140305d43b3450246508d26d8b539270d3e","isMergeCommit":false,"messageTitle":"Improve visibility of quote in introduction in UG","messageBody":"","fileTypesAndContributionMap":{"docs":{"insertions":1,"deletions":1}}},{"hash":"b7d92c2026f95a38c50902195497d28dd6ec87ff","isMergeCommit":false,"messageTitle":"Change wording of feature overview of notes","messageBody":"","fileTypesAndContributionMap":{"docs":{"insertions":8,"deletions":8}}},{"hash":"d5b278113353e34ffbc72c78165bb7211df861b5","isMergeCommit":true,"messageTitle":"Merge pull request #305 from Wrongian/branch-enhance_UG","messageBody":"Enhance Introduction segment of UG","fileTypesAndContributionMap":{}},{"hash":"bb5066892254380252fc5f487d5121572b479503","isMergeCommit":false,"messageTitle":"Fix email usage message","messageBody":"","fileTypesAndContributionMap":{"functional-code":{"insertions":1,"deletions":0}}},{"hash":"fee01103a3fd078db9589ad3f8530549e3cd2015","isMergeCommit":true,"messageTitle":"Merge pull request #319 from Wrongian/branch-fix_email_usage","messageBody":"Fix email usage message","fileTypesAndContributionMap":{}},{"hash":"1e2924ce3234a69df0bf892d72f7a6dec074ad7a","isMergeCommit":false,"messageTitle":"Add definition of GUI to glossary","messageBody":"","fileTypesAndContributionMap":{"docs":{"insertions":1,"deletions":0}}},{"hash":"36cc1749de6970815ae8cddd92bfc7b60478532d","isMergeCommit":false,"messageTitle":"Fix formatting of GUI definition in glossary in UG","messageBody":"","fileTypesAndContributionMap":{"docs":{"insertions":1,"deletions":1}}},{"hash":"08adfd38179fd29698d5d216a70fe86b6f09b9c8","isMergeCommit":false,"messageTitle":"Add planned enhancements section in DG","messageBody":"","fileTypesAndContributionMap":{"docs":{"insertions":49,"deletions":0}}},{"hash":"c78afd7c0ba42797fbe350129c0bbbe1ecdc2dde","isMergeCommit":true,"messageTitle":"Merge pull request #322 from Wrongian/branch-add_gui_glossary","messageBody":"Add GUI into glossary in UG","fileTypesAndContributionMap":{}},{"hash":"c695d4e966397ff152a26532e03f136047a0db24","isMergeCommit":false,"messageTitle":"Fix typos in DG","messageBody":"","fileTypesAndContributionMap":{"docs":{"insertions":2,"deletions":2}}},{"hash":"f9a9d2ed35683bc4091e4ec3e18aa41abf43752d","isMergeCommit":false,"messageTitle":"Change wording for bulk tag deletion planned feature","messageBody":"","fileTypesAndContributionMap":{"docs":{"insertions":4,"deletions":2}}}]},{"date":"2025-04-07","commitResults":[{"hash":"07f766413e480430178acf9f019a0a64063b542a","isMergeCommit":false,"messageTitle":"Add warning about plantUML lifeline","messageBody":"","fileTypesAndContributionMap":{"docs":{"insertions":12,"deletions":1}}},{"hash":"4728ab082493c709445c85c2239d56e24ba43181","isMergeCommit":true,"messageTitle":"Merge pull request #326 from Wrongian/branch-add_planned_enhancements_dg","messageBody":"Add planned enhancements section in DG","fileTypesAndContributionMap":{}},{"hash":"d1111db5bc711b3f9c5bd1a85fb94f44e9254cb5","isMergeCommit":true,"messageTitle":"Merge pull request #327 from Wrongian/branch-add_red_cross_explanation","messageBody":"Add warning about plantUML lifeline to multiple diagrams in DG","fileTypesAndContributionMap":{}},{"hash":"4201f25210cf28bb304a21778909042393cfc8c8","isMergeCommit":false,"messageTitle":"Change command glossary to use more personal language","messageBody":"","fileTypesAndContributionMap":{"docs":{"insertions":10,"deletions":9}}},{"hash":"071b68cd1ca9c826d84fbbe500eaa07b7ee0dd0f","isMergeCommit":false,"messageTitle":"Improve structure of command format section","messageBody":"","fileTypesAndContributionMap":{"docs":{"insertions":43,"deletions":13}}},{"hash":"925e3d373c26a9dca81774d1914588484ecbce64","isMergeCommit":false,"messageTitle":"Add command and notes about command in UG","messageBody":"","fileTypesAndContributionMap":{"docs":{"insertions":14,"deletions":0}}},{"hash":"9ac9c500f44be7c04b836ad9aea02055934b4f83","isMergeCommit":false,"messageTitle":"Improve section in UG about command words","messageBody":"","fileTypesAndContributionMap":{"docs":{"insertions":4,"deletions":4}}},{"hash":"3dd28784866e0a94e3921cf9f62547fda1526c4c","isMergeCommit":false,"messageTitle":"Change formatting of help command help in UG","messageBody":"","fileTypesAndContributionMap":{"docs":{"insertions":19,"deletions":6}}},{"hash":"0d9b517de6f6158087acd18521993da711b83a4b","isMergeCommit":false,"messageTitle":"Remove duplicate mentions of index in UG","messageBody":"","fileTypesAndContributionMap":{"docs":{"insertions":1,"deletions":8}}},{"hash":"bd8a2f3e43f6d7ab9bec9ada89480390d6d1a509","isMergeCommit":true,"messageTitle":"Merge pull request #330 from Wrongian/branch-update_UG_command_history","messageBody":"Improve UG command history and glossary","fileTypesAndContributionMap":{}},{"hash":"86d72792f380e6ce5abb0892bf7ee5ca360b82a1","isMergeCommit":false,"messageTitle":"Improve formatting for add command","messageBody":"","fileTypesAndContributionMap":{"docs":{"insertions":6,"deletions":7}}},{"hash":"6c314779948b3f999969cc55011438841d802238","isMergeCommit":true,"messageTitle":"Merge branch \u0027master\u0027 into branch-improve_ug","messageBody":"# Conflicts:\n#\tdocs/UserGuide.md\n","fileTypesAndContributionMap":{}},{"hash":"d7af86f718f89c86ff2bd236275e619f01d3d0f8","isMergeCommit":false,"messageTitle":"Change formatting of edit command in UG","messageBody":"","fileTypesAndContributionMap":{"docs":{"insertions":15,"deletions":6}}},{"hash":"d6af23b49e798032d6b5af07bb5889fa1cc3d8cf","isMergeCommit":false,"messageTitle":"Change formatting of find command in UG","messageBody":"","fileTypesAndContributionMap":{"docs":{"insertions":15,"deletions":6}}},{"hash":"41119232c62c80e1332576a00528cdf16c621bea","isMergeCommit":false,"messageTitle":"Remove screenshot of find command in UG","messageBody":"","fileTypesAndContributionMap":{"docs":{"insertions":0,"deletions":1}}},{"hash":"c5ee860abcf9061f4e20416c196b2de34c23653a","isMergeCommit":false,"messageTitle":"Change emoji for notes section in UG","messageBody":"","fileTypesAndContributionMap":{"docs":{"insertions":2,"deletions":2}}},{"hash":"de19adbc5a84f9de8e52d4b06aa69cf3be3fbbdb","isMergeCommit":false,"messageTitle":"Change/add formatting of features in UG","messageBody":"","fileTypesAndContributionMap":{"docs":{"insertions":37,"deletions":17}}},{"hash":"3dbafd05d0e447541d8756e06eb865b346c8e8ce","isMergeCommit":true,"messageTitle":"Merge branch \u0027master\u0027 into branch-improve_ug","messageBody":"# Conflicts:\n#\tdocs/UserGuide.md\n","fileTypesAndContributionMap":{}},{"hash":"457ee31d1431e6e1ea69b8ecc6525a9f2ef0be56","isMergeCommit":false,"messageTitle":"Fix typo in UG","messageBody":"","fileTypesAndContributionMap":{"docs":{"insertions":2,"deletions":2}}},{"hash":"a179ed7b930da70af8d8ac403f16c6134a02482a","isMergeCommit":false,"messageTitle":"Remove isSameName method","messageBody":"","fileTypesAndContributionMap":{"functional-code":{"insertions":0,"deletions":21},"test-code":{"insertions":0,"deletions":22}}},{"hash":"8e1ce6195a6b76f69a241b70580b81d601c320cf","isMergeCommit":false,"messageTitle":"Fix address message constraints grammer","messageBody":"","fileTypesAndContributionMap":{"functional-code":{"insertions":1,"deletions":1}}},{"hash":"2584e9521df33bef33332a0edf2a19851ff55dae","isMergeCommit":false,"messageTitle":"Reduce constraints on name","messageBody":"","fileTypesAndContributionMap":{"functional-code":{"insertions":2,"deletions":2}}},{"hash":"e6339ee902e6b630f50330cd7d44e7e7aec4c8c8","isMergeCommit":false,"messageTitle":"Fix test cases","messageBody":"","fileTypesAndContributionMap":{"test-code":{"insertions":10,"deletions":5}}},{"hash":"628986aa4cb765a0d9c7e63af8b174517b444792","isMergeCommit":false,"messageTitle":"Remove name bug from planned enhancements","messageBody":"","fileTypesAndContributionMap":{"docs":{"insertions":3,"deletions":15}}},{"hash":"69a21ac6f87746381675cfb78e0d1d0d66ceff94","isMergeCommit":true,"messageTitle":"Merge pull request #340 from Wrongian/branch-remove_isSameName","messageBody":"Remove isSameName method","fileTypesAndContributionMap":{}},{"hash":"1cd3e9931d2a92f85e18bc4af8ab1be8ff530428","isMergeCommit":true,"messageTitle":"Merge pull request #342 from Wrongian/branch-fix_name_bug","messageBody":"Fix name only allows alphanumeric characters only","fileTypesAndContributionMap":{}},{"hash":"d8dd815e007ba8414b9faf7e0fa47c9aa8b838ea","isMergeCommit":false,"messageTitle":"Reformat tables in UG","messageBody":"","fileTypesAndContributionMap":{"docs":{"insertions":12,"deletions":12}}},{"hash":"a1e8352a6dccc2d8b31ac31b6a4c70b0f9bdcea7","isMergeCommit":false,"messageTitle":"Reformat delete table in UG","messageBody":"","fileTypesAndContributionMap":{"docs":{"insertions":1,"deletions":1}}},{"hash":"582c3796e5201285312240d1402dd8301e202d7d","isMergeCommit":true,"messageTitle":"Merge pull request #332 from Wrongian/branch-improve_ug","messageBody":"Make explanation for commands more visually appealing","fileTypesAndContributionMap":{}},{"hash":"37379cc95c587565095ab23140a5ffb3f0121f74","isMergeCommit":false,"messageTitle":"Update note and viewnote sequence diagrams in DG","messageBody":"","fileTypesAndContributionMap":{"docs":{"insertions":152,"deletions":1}}},{"hash":"c241544184d76c4624f579a83c693041398e2f3c","isMergeCommit":false,"messageTitle":"Fix typos in DG","messageBody":"","fileTypesAndContributionMap":{"docs":{"insertions":4,"deletions":2}}},{"hash":"ad332d7b6a0b57205080bf38ee4846fb29bd4959","isMergeCommit":false,"messageTitle":"Add use cases for undo/redo in DG","messageBody":"","fileTypesAndContributionMap":{"docs":{"insertions":45,"deletions":0}}},{"hash":"396f12f9068af0adbf0800a66b8532197f44936d","isMergeCommit":false,"messageTitle":"Change use cases in DG","messageBody":"","fileTypesAndContributionMap":{"docs":{"insertions":14,"deletions":114}}},{"hash":"c52d6704d21de53b6c81a2d581360ddc3ef9a181","isMergeCommit":false,"messageTitle":"Update use cases for note/viewnote in DG","messageBody":"","fileTypesAndContributionMap":{"docs":{"insertions":14,"deletions":37}}},{"hash":"a14ebf2cbb0ce9df230bed9ea004eafd2dfe488c","isMergeCommit":false,"messageTitle":"Fix formatting of DG","messageBody":"","fileTypesAndContributionMap":{"docs":{"insertions":1,"deletions":1}}},{"hash":"431c2c8a1af19cab0ab4b347f9507b7704aed309","isMergeCommit":false,"messageTitle":"Add manual testing for note, viewnote, undo, redo","messageBody":"","fileTypesAndContributionMap":{"docs":{"insertions":38,"deletions":0}}}]},{"date":"2025-04-08","commitResults":[{"hash":"9bc395800f36723df0d89d7681e527ea04a5570b","isMergeCommit":false,"messageTitle":"Add design considerations for notes undo/redo in DG","messageBody":"","fileTypesAndContributionMap":{"docs":{"insertions":20,"deletions":0}}},{"hash":"31fd0524942f73d063b3886127bc2a4e0534365b","isMergeCommit":true,"messageTitle":"Merge branch \u0027master\u0027 into branch-update_dg","messageBody":"# Conflicts:\n#\tdocs/DeveloperGuide.md\n","fileTypesAndContributionMap":{}},{"hash":"726a4ee55813ce82694f033a4cb872dfbad67229","isMergeCommit":false,"messageTitle":"Fix typo in DG","messageBody":"","fileTypesAndContributionMap":{"docs":{"insertions":1,"deletions":1}}},{"hash":"73cdc0603bb249cb65f3aecd83dcf0f0817158d5","isMergeCommit":false,"messageTitle":"Remove old section on saving data in DG","messageBody":"","fileTypesAndContributionMap":{"docs":{"insertions":0,"deletions":9}}},{"hash":"5e04035bd7fd542843b6a07ae75abce23e732f53","isMergeCommit":false,"messageTitle":"Update known issues with known bug on linux","messageBody":"","fileTypesAndContributionMap":{"docs":{"insertions":1,"deletions":0}}},{"hash":"07c661bec81e67e31faeca04f3b7bd412fce754e","isMergeCommit":false,"messageTitle":"Update wording for known issues","messageBody":"","fileTypesAndContributionMap":{"docs":{"insertions":1,"deletions":1}}},{"hash":"b06d897e61134adedbb332e35ce310fe5223d2ce","isMergeCommit":false,"messageTitle":"Fix DG bugs in use cases","messageBody":"","fileTypesAndContributionMap":{"docs":{"insertions":6,"deletions":6}}},{"hash":"ca4c7e5b603b00b2ee100f62650289d339e61164","isMergeCommit":false,"messageTitle":"Fix typo in known issues in UG","messageBody":"","fileTypesAndContributionMap":{"docs":{"insertions":1,"deletions":1}}},{"hash":"a8aec0602657255680c88d4bb2767385ea1b84f8","isMergeCommit":false,"messageTitle":"Add planned issue for undo/redo","messageBody":"","fileTypesAndContributionMap":{"docs":{"insertions":9,"deletions":0}}},{"hash":"c3bc91914f215f3b806276d084c6d67d84b305ed","isMergeCommit":false,"messageTitle":"Fix typo in use cases in DG","messageBody":"","fileTypesAndContributionMap":{"docs":{"insertions":2,"deletions":0}}},{"hash":"38009345c258f324baeaee284a440bf93ad21175","isMergeCommit":true,"messageTitle":"Merge pull request #356 from Wrongian/branch-update_dg","messageBody":"Update note and viewnote sequence diagrams/manual testing/use cases in DG","fileTypesAndContributionMap":{}},{"hash":"dbeb1c2c99a0f1cc473d1771d3b0f51a3ea1039e","isMergeCommit":true,"messageTitle":"Merge pull request #366 from Wrongian/branch-update_ug_known_issues","messageBody":"Update known issues with known bug on linux","fileTypesAndContributionMap":{}},{"hash":"4c7359d6e92cb114e6889e6fab90a2d61319abf5","isMergeCommit":true,"messageTitle":"Merge pull request #367 from Wrongian/branch-update_planned_enhancements","messageBody":"Add planned enhancement for undo/redo","fileTypesAndContributionMap":{}},{"hash":"d87300081bb2ed18997c8ca0a884511a360e63b9","isMergeCommit":false,"messageTitle":"Add lifeline warning to note/viewnote sequence diagrams in DG","messageBody":"","fileTypesAndContributionMap":{"docs":{"insertions":4,"deletions":0}}},{"hash":"d99614f101b9a84e2221931e0f68beda0103ca67","isMergeCommit":false,"messageTitle":"Fix grammer of DG","messageBody":"","fileTypesAndContributionMap":{"docs":{"insertions":7,"deletions":7}}},{"hash":"46e22f4bd9b281130654f6931ebfb379900d35f0","isMergeCommit":true,"messageTitle":"Merge pull request #368 from Wrongian/branch-fix_DG_bugs","messageBody":"Add lifeline warning to note/viewnote sequence diagrams in DG","fileTypesAndContributionMap":{}},{"hash":"797f2f739029c4cd888bdcf9430e3d2dfb15f2a8","isMergeCommit":false,"messageTitle":"Add index section in user guide","messageBody":"","fileTypesAndContributionMap":{"docs":{"insertions":11,"deletions":12}}},{"hash":"1b9e04adb3e8238ec09558c6c46ff51253fcfbb7","isMergeCommit":true,"messageTitle":"Merge pull request #369 from Wrongian/branch-index_definition_in_command_format","messageBody":"Add index section in user guide","fileTypesAndContributionMap":{}},{"hash":"2f2c623c61ab7b5f9011a86cb46d721efd8cab7e","isMergeCommit":false,"messageTitle":"Fix typo in UG","messageBody":"","fileTypesAndContributionMap":{"docs":{"insertions":1,"deletions":1}}},{"hash":"2b8527b232bd8a7b87ba12dd9019e0a3ab253fbb","isMergeCommit":false,"messageTitle":"Fix error in command format","messageBody":"","fileTypesAndContributionMap":{"docs":{"insertions":3,"deletions":3}}},{"hash":"6543b97415bce44a6455ef54c95cab6ef87238e5","isMergeCommit":true,"messageTitle":"Merge pull request #372 from Wrongian/branch-fix_formatting_UG","messageBody":"Fix various issues in UG","tags":["v1.6"],"fileTypesAndContributionMap":{}},{"hash":"eb60150416ab213a6c76dbe0fae656fea868c115","isMergeCommit":false,"messageTitle":"Fix add client contact use case in DG","messageBody":"","fileTypesAndContributionMap":{"docs":{"insertions":18,"deletions":20}}},{"hash":"b3c5dcc43c339b2f072f174ce8ac545ab977eef6","isMergeCommit":true,"messageTitle":"Merge branch \u0027master\u0027 into branch-fix_dg_again","messageBody":"","fileTypesAndContributionMap":{}},{"hash":"5495895d2e6778ba04bd14034c32011ccd8617c9","isMergeCommit":false,"messageTitle":"Clarify UG wording of Index","messageBody":"","fileTypesAndContributionMap":{"docs":{"insertions":1,"deletions":1}}},{"hash":"363bf0aaf2ab875dea3bf9a112b93222773f6285","isMergeCommit":false,"messageTitle":"Add contact identifier definition to DG","messageBody":"","fileTypesAndContributionMap":{"docs":{"insertions":1,"deletions":0}}},{"hash":"70063f8b80ff808de273890381fc6d74e99205b8","isMergeCommit":true,"messageTitle":"Merge pull request #376 from Wrongian/branch-fix_dg_again","messageBody":"Fix various DG/UG issues","fileTypesAndContributionMap":{}},{"hash":"838fe7575a6f3d4104b3ca4abdd675edcd80ebdc","isMergeCommit":false,"messageTitle":"Fix sort command in command summary","messageBody":"","fileTypesAndContributionMap":{"docs":{"insertions":1,"deletions":1}}},{"hash":"e8dc0eec18080f3128dc1a30893583ad24126b87","isMergeCommit":false,"messageTitle":"Add manual tests for add and edit commands","messageBody":"","fileTypesAndContributionMap":{"docs":{"insertions":22,"deletions":2}}},{"hash":"87b3fb349e30e2748cb8ba66503c01e166ff175c","isMergeCommit":true,"messageTitle":"Merge pull request #377 from Wrongian/branch-fix_ug_bug_again","messageBody":"Fix sort command in command summary","fileTypesAndContributionMap":{}},{"hash":"b539abe6d554006a234f884ebd782e885f52688a","isMergeCommit":false,"messageTitle":"Update product scope","messageBody":"","fileTypesAndContributionMap":{"docs":{"insertions":19,"deletions":6}}},{"hash":"ff9674d9791e033a76eaca215d06b399514a3903","isMergeCommit":true,"messageTitle":"Merge pull request #380 from Wrongian/branch-add_manual_testing","messageBody":"Add manual tests for add and edit commands","fileTypesAndContributionMap":{}},{"hash":"10ea9a8465864d876f0d0f367594a5a3d31a7389","isMergeCommit":true,"messageTitle":"Merge branch \u0027master\u0027 into branch-update_product_scope","messageBody":"# Conflicts:\n#\tdocs/DeveloperGuide.md\n","fileTypesAndContributionMap":{}},{"hash":"67f4e3dbb702ea55d27e1579eef6c2a25559fe94","isMergeCommit":false,"messageTitle":"Switch numbers in planned enhancements","messageBody":"","fileTypesAndContributionMap":{"docs":{"insertions":10,"deletions":9}}},{"hash":"088d2a6ab6ce8ae4e07e7033640b994efcb12607","isMergeCommit":true,"messageTitle":"Merge pull request #381 from Wrongian/branch-update_product_scope","messageBody":"Update product scope in DG","fileTypesAndContributionMap":{}},{"hash":"5428a9e5af85fc3cad11fdee2349fc79e7983350","isMergeCommit":false,"messageTitle":"Update version number","messageBody":"","fileTypesAndContributionMap":{"functional-code":{"insertions":1,"deletions":1}}},{"hash":"12122335c432239b1cc6506754448f715f991811","isMergeCommit":true,"messageTitle":"Merge branch \u0027master\u0027 into branch-update_version","messageBody":"","fileTypesAndContributionMap":{}},{"hash":"f35d4265a62a41094f22771b7a8caa117a854b15","isMergeCommit":true,"messageTitle":"Merge pull request #382 from Wrongian/branch-update_version","messageBody":"Update version number","fileTypesAndContributionMap":{}}]}],"carineang":[{"date":"2025-04-06","commitResults":[{"hash":"f052a4143c0a171849f3e513593d07f56f7e2c6e","isMergeCommit":false,"messageTitle":"Change pin icon","messageBody":"","fileTypesAndContributionMap":{"functional-code":{"insertions":10,"deletions":3}}},{"hash":"0218ed84268918521ed3e077553c622e14ec619e","isMergeCommit":false,"messageTitle":"Fix window size","messageBody":"","fileTypesAndContributionMap":{"functional-code":{"insertions":1,"deletions":1}}},{"hash":"4da9883f45adbe10ae0b6f67a4f8b389819d5f04","isMergeCommit":false,"messageTitle":"Add scroll pane for person detail card","messageBody":"","fileTypesAndContributionMap":{"functional-code":{"insertions":4,"deletions":0}}},{"hash":"f9449293b741bd2ad28bf8749be506a11cd2a3e1","isMergeCommit":false,"messageTitle":"Update glossary","messageBody":"","fileTypesAndContributionMap":{"docs":{"insertions":0,"deletions":1}}},{"hash":"3785c6863017020f31310c16dc29e0d15ea5195d","isMergeCommit":false,"messageTitle":"Update ui class diagram","messageBody":"","fileTypesAndContributionMap":{"docs":{"insertions":1,"deletions":1}}},{"hash":"5efc6f2f13ec213b22e5e7527c2956500c889fb4","isMergeCommit":false,"messageTitle":"Add user stories","messageBody":"","fileTypesAndContributionMap":{"docs":{"insertions":34,"deletions":33}}},{"hash":"fb8443b1a39b1a33379ffb3f4562b6959e8aa806","isMergeCommit":false,"messageTitle":"Edit use case","messageBody":"","fileTypesAndContributionMap":{"docs":{"insertions":13,"deletions":1}}},{"hash":"fe3c4c5feeb74d185bc747d82648289ae7be849e","isMergeCommit":false,"messageTitle":"Update manual testing","messageBody":"","fileTypesAndContributionMap":{"docs":{"insertions":22,"deletions":44}}},{"hash":"a9fbebcb7be1014dc57fbb9697ea4c0a741ea793","isMergeCommit":false,"messageTitle":"Update sort description","messageBody":"","fileTypesAndContributionMap":{"docs":{"insertions":20,"deletions":7}}}]},{"date":"2025-04-07","commitResults":[{"hash":"2072a584ff97298fb541597a1206c2cf71cf97c8","isMergeCommit":false,"messageTitle":"Update GUI documentation","messageBody":"","fileTypesAndContributionMap":{"docs":{"insertions":14,"deletions":4}}},{"hash":"80eed9f755d784df33bc5d7f4284e56dc53410ec","isMergeCommit":true,"messageTitle":"Merge pull request #321 from carineang/branch-developerguide","messageBody":"Fix DG issues","fileTypesAndContributionMap":{}},{"hash":"b08e4493b396231e65437b22837b789998f12d3f","isMergeCommit":false,"messageTitle":"Fix person list display issues","messageBody":"","fileTypesAndContributionMap":{"functional-code":{"insertions":8,"deletions":0}}},{"hash":"1f00fed5c870df79d5720309c3620c63c7da1fd8","isMergeCommit":true,"messageTitle":"Merge pull request #315 from carineang/branch-ui-update","messageBody":"Fix UI issues","fileTypesAndContributionMap":{}},{"hash":"9445d16d453dee83c5f33b9ec071593de4952f71","isMergeCommit":false,"messageTitle":"Fix trailing white spaces for name","messageBody":"","fileTypesAndContributionMap":{"functional-code":{"insertions":3,"deletions":2},"test-code":{"insertions":19,"deletions":0}}},{"hash":"0dd634ea584e49c3e601c92491ef0e92bbb5f9da","isMergeCommit":false,"messageTitle":"Fix trailing white spaces for address","messageBody":"","fileTypesAndContributionMap":{"functional-code":{"insertions":3,"deletions":2},"test-code":{"insertions":19,"deletions":0}}},{"hash":"c264903da0ead8941b60a313dc5fd4601959ff87","isMergeCommit":false,"messageTitle":"Fix trailing white spaces in tag","messageBody":"","fileTypesAndContributionMap":{"functional-code":{"insertions":3,"deletions":2},"test-code":{"insertions":19,"deletions":0}}},{"hash":"8ed7a998ac46f028a56eaac281acc2fd532bd978","isMergeCommit":false,"messageTitle":"Update test cases","messageBody":"","fileTypesAndContributionMap":{"test-code":{"insertions":12,"deletions":12}}},{"hash":"586b2ad870117e65ed2427f3bc5c6fb927c4935e","isMergeCommit":true,"messageTitle":"Merge branch \u0027AY2425S2-CS2103T-T17-1:master\u0027 into branch-userguide","messageBody":"","fileTypesAndContributionMap":{}},{"hash":"ee39fb78d5d99f9fc583fbda54b1857e01a70c72","isMergeCommit":false,"messageTitle":"Update UG","messageBody":"","fileTypesAndContributionMap":{"docs":{"insertions":6,"deletions":6}}},{"hash":"9ba5a1f0ace9c7e2b91645dfb9c9bad7a383266e","isMergeCommit":false,"messageTitle":"Update numbering","messageBody":"","fileTypesAndContributionMap":{"docs":{"insertions":3,"deletions":3}}},{"hash":"b7e192a3f5e931c3c251916fb04ae79a0b5144a6","isMergeCommit":true,"messageTitle":"Merge pull request #336 from carineang/branch-latestupdate","messageBody":"Fix trailing white spaces for names, address, tags","fileTypesAndContributionMap":{}},{"hash":"9d3de8966e137c282db6c5a21da214c099e228f2","isMergeCommit":false,"messageTitle":"Add trimmed white space note","messageBody":"","fileTypesAndContributionMap":{"docs":{"insertions":5,"deletions":1}}},{"hash":"b8cdda903ec41db7343a46ae62b5e55b2c6cc220","isMergeCommit":false,"messageTitle":"Add design considerations for sort","messageBody":"","fileTypesAndContributionMap":{"docs":{"insertions":9,"deletions":0}}},{"hash":"79c4830b1260b27107269f2223da36f196067e05","isMergeCommit":true,"messageTitle":"Merge branch \u0027master\u0027 into branch-userguide","messageBody":"","fileTypesAndContributionMap":{}},{"hash":"b4767999d52ca051adde22df4f48f02c056c2e96","isMergeCommit":true,"messageTitle":"Merge pull request #328 from carineang/branch-userguide","messageBody":"Update UG","fileTypesAndContributionMap":{}},{"hash":"92d303b1a908e15f47710b3ef5a39974b21834bb","isMergeCommit":false,"messageTitle":"Fix formatting issues","messageBody":"","fileTypesAndContributionMap":{"docs":{"insertions":9,"deletions":7}}},{"hash":"3c24d35c6ef7557059f05d9a0212ffc089d26278","isMergeCommit":true,"messageTitle":"Merge pull request #346 from carineang/branch-userguide","messageBody":"Fix formatting issues in UG","fileTypesAndContributionMap":{}},{"hash":"2647b971559bb93063ce85e0b1d6ae8cb0622e9f","isMergeCommit":false,"messageTitle":"Fix formatting issue","messageBody":"","fileTypesAndContributionMap":{"docs":{"insertions":4,"deletions":2}}},{"hash":"9fcd5e7040b58f7ab19143745754be4f274c2028","isMergeCommit":true,"messageTitle":"Merge pull request #347 from carineang/branch-userguide","messageBody":"Fix formatting issue","fileTypesAndContributionMap":{}},{"hash":"c09d484de0be8c7275adb06dd8000887b72ce52d","isMergeCommit":true,"messageTitle":"Merge branch \u0027AY2425S2-CS2103T-T17-1:master\u0027 into branch-developerguide","messageBody":"","fileTypesAndContributionMap":{}},{"hash":"84de931291f8c064d6d1db0484342cc07ddc0c71","isMergeCommit":false,"messageTitle":"Update design considerations","messageBody":"","fileTypesAndContributionMap":{"docs":{"insertions":2,"deletions":0}}},{"hash":"e7f63a0798f5a184557ccad02e34d050601204b9","isMergeCommit":false,"messageTitle":"Fix formatting issues","messageBody":"","fileTypesAndContributionMap":{"docs":{"insertions":5,"deletions":6}}},{"hash":"4923ae7bb48c7905383bca81cd029679f89ad40e","isMergeCommit":true,"messageTitle":"Merge pull request #345 from carineang/branch-developerguide","messageBody":"Add design considerations for sort in DG","fileTypesAndContributionMap":{}},{"hash":"c98a3d2cbd0670e3d68d5aac1f4a7cb2548fdd4b","isMergeCommit":false,"messageTitle":"Update design considerations for sort","messageBody":"","fileTypesAndContributionMap":{"docs":{"insertions":8,"deletions":9}}},{"hash":"77aa9f9fa07f61a49e5623ac8d4ac042532cacd5","isMergeCommit":false,"messageTitle":"Fix formatting","messageBody":"","fileTypesAndContributionMap":{"docs":{"insertions":0,"deletions":10}}},{"hash":"69130876ff7cfebdac23c24ad31a8820a31d5533","isMergeCommit":false,"messageTitle":"Add planned enhancement","messageBody":"","fileTypesAndContributionMap":{"docs":{"insertions":8,"deletions":0}}}]},{"date":"2025-04-08","commitResults":[{"hash":"4b3f1d3fa2f5a0ec81a6644ca2889132b44ec27b","isMergeCommit":false,"messageTitle":"Update design considerations","messageBody":"","fileTypesAndContributionMap":{"docs":{"insertions":3,"deletions":3}}},{"hash":"1c9bc556a6032e9921386513f60419a827603ef7","isMergeCommit":true,"messageTitle":"Merge branch \u0027master\u0027 into branch-developerguide","messageBody":"","fileTypesAndContributionMap":{}},{"hash":"c9dc456470b4729599b41e5aff07bcc3250ba273","isMergeCommit":true,"messageTitle":"Merge pull request #362 from carineang/branch-developerguide","messageBody":"Update design considerations for sort and add planned enhancement in DG","fileTypesAndContributionMap":{}},{"hash":"831022df4370f917d9c0e1bcd62540305601d4ab","isMergeCommit":false,"messageTitle":"Label index","messageBody":"","fileTypesAndContributionMap":{"docs":{"insertions":3,"deletions":0}}},{"hash":"fe8588f19d768a1c3ff5ae95c535541dad04e5dc","isMergeCommit":true,"messageTitle":"Merge pull request #371 from carineang/branch-userguide","messageBody":"Label index","fileTypesAndContributionMap":{}},{"hash":"cc39cab24cfd3a47354f3c08a8a76d12454ad990","isMergeCommit":false,"messageTitle":"Fix label indicator","messageBody":"","fileTypesAndContributionMap":{"docs":{"insertions":1,"deletions":1}}},{"hash":"331448a1773d56e4420d993b7fae47f8d0cea023","isMergeCommit":true,"messageTitle":"Merge pull request #374 from carineang/branch-userguide","messageBody":"Fix label indicator in UG","fileTypesAndContributionMap":{}}]}],"clx3210":[{"date":"2025-04-06","commitResults":[{"hash":"38c2454485d03b7709fa2a4a1ba5b29b8db45edd","isMergeCommit":false,"messageTitle":"Update index constraint in usage messages","messageBody":"","fileTypesAndContributionMap":{"functional-code":{"insertions":10,"deletions":9}}},{"hash":"6a40fb78468a5d9087c811689f9d98e7ab5dceb0","isMergeCommit":false,"messageTitle":"Change command history term","messageBody":"","fileTypesAndContributionMap":{"docs":{"insertions":5,"deletions":8}}},{"hash":"ea184b5b09568094ac8d61dc41ce02ee5aaa6f89","isMergeCommit":true,"messageTitle":"Merge pull request #317 from clx3210/fix/index-invalid-message","messageBody":"Update index constraint in usage messages","fileTypesAndContributionMap":{}},{"hash":"5234149248eb39bcc9841f99834635137b8ee3e1","isMergeCommit":false,"messageTitle":"Update user guide","messageBody":"","fileTypesAndContributionMap":{"docs":{"insertions":2,"deletions":8}}},{"hash":"d7186e5300f13f3a457be79d16a0ad02900c4101","isMergeCommit":false,"messageTitle":"Update index constraint","messageBody":"","fileTypesAndContributionMap":{"docs":{"insertions":1,"deletions":1}}},{"hash":"658dbbb8066022ba96ecccbcc1ac92db1e775790","isMergeCommit":false,"messageTitle":"Improve delete feature section","messageBody":"","fileTypesAndContributionMap":{"docs":{"insertions":27,"deletions":26}}},{"hash":"8af9cb8a635553d2a219f5fd7db4d9dcca7f2573","isMergeCommit":false,"messageTitle":"Update invalid/valid message","messageBody":"","fileTypesAndContributionMap":{"docs":{"insertions":3,"deletions":5}}},{"hash":"a252faa4bd7bb9ff36f15d9c8fed42bdcf31cdef","isMergeCommit":false,"messageTitle":"Temporarily remove upper bound","messageBody":"","fileTypesAndContributionMap":{"docs":{"insertions":1,"deletions":1}}},{"hash":"02eb952fe35f3aa3dad1e0dff7eb6aa0db25a19d","isMergeCommit":false,"messageTitle":"Add index upper bound back","messageBody":"","fileTypesAndContributionMap":{"docs":{"insertions":1,"deletions":1}}},{"hash":"0401e843fdacb656d4ae0b4d310005cc49dded1d","isMergeCommit":false,"messageTitle":"Remove maximum integer limit from ug","messageBody":"","fileTypesAndContributionMap":{"docs":{"insertions":1,"deletions":1}}}]},{"date":"2025-04-07","commitResults":[{"hash":"39458eef6e98d89365d770286303725b93365262","isMergeCommit":true,"messageTitle":"Merge pull request #325 from clx3210/docs/update-ug-3","messageBody":"UG: Improve delete \u0026 command history docs","fileTypesAndContributionMap":{}},{"hash":"0d50843155bdebee6ae728385483bbf0fbc638e0","isMergeCommit":false,"messageTitle":"Update user stories and add planned enhancement","messageBody":"","fileTypesAndContributionMap":{"docs":{"insertions":43,"deletions":38}}},{"hash":"54c332bd24b7c294e0b3dad110c44b5fb59bbb0a","isMergeCommit":false,"messageTitle":"Add command history alternatives in DG","messageBody":"","fileTypesAndContributionMap":{"docs":{"insertions":12,"deletions":0}}},{"hash":"d5d077e8e385158ebaf81f6af3616ee357fa2171","isMergeCommit":false,"messageTitle":"Update sample persons data","messageBody":"","fileTypesAndContributionMap":{"functional-code":{"insertions":6,"deletions":6}}},{"hash":"7f0a8b81b1f7d528cbabb04d1f18181f9b7d5361","isMergeCommit":false,"messageTitle":"Add sample persons test cases","messageBody":"","fileTypesAndContributionMap":{"test-code":{"insertions":64,"deletions":0}}},{"hash":"6f689c71ed11558719b1a0d4f168c1b7d86af524","isMergeCommit":false,"messageTitle":"Update tag naming","messageBody":"","fileTypesAndContributionMap":{"functional-code":{"insertions":5,"deletions":5}}},{"hash":"e3c41a19cad92520ec8988b4534372bc2a29d594","isMergeCommit":true,"messageTitle":"Merge pull request #334 from clx3210/fix/sample-persons","messageBody":"Update sample persons data","fileTypesAndContributionMap":{}},{"hash":"591c26971a9af10cd6f4de26ebd2d17cdd8045b5","isMergeCommit":true,"messageTitle":"Merge branch \u0027master\u0027 into docs/update-dg-2","messageBody":"","fileTypesAndContributionMap":{}},{"hash":"74fd33acbaeb81e841d41c7b2acf5bdced56b828","isMergeCommit":false,"messageTitle":"Update dev guide","messageBody":"User stories: Add undo/redo, remove star from pin user story,\nchange tools/widgets to cluttered visuals, update help guide,\nchange tag examples, add reason for accessing without internet\nand update clear user story reason.\n\nCommand history: Update pros for alternative design\n","fileTypesAndContributionMap":{"docs":{"insertions":12,"deletions":10}}},{"hash":"47ccd04109d576398844fc88d7d2737c0d7439b0","isMergeCommit":false,"messageTitle":"Add view note user story to DG","messageBody":"","fileTypesAndContributionMap":{"docs":{"insertions":1,"deletions":0}}},{"hash":"c1bdfb6ec777943a7ce08c7381681d5fdb2377f7","isMergeCommit":false,"messageTitle":"Update dev guide","messageBody":"Add find and unpin user stories and update help user story.\n","fileTypesAndContributionMap":{"docs":{"insertions":3,"deletions":1}}},{"hash":"63cb72fbe882703919d827b2a496bb5bcf9f68c1","isMergeCommit":false,"messageTitle":"Update internet user story","messageBody":"","fileTypesAndContributionMap":{"docs":{"insertions":36,"deletions":36}}},{"hash":"605ebf9978b3c070d1aa4d0f7b27d041e59041df","isMergeCommit":false,"messageTitle":"Add \u0027client\u0027 to sort user story benefit","messageBody":"","fileTypesAndContributionMap":{"docs":{"insertions":1,"deletions":1}}},{"hash":"bf38c4fb7fb58e0046d56b964bd188d6b9b15d7f","isMergeCommit":true,"messageTitle":"Merge pull request #333 from clx3210/docs/update-dg-2","messageBody":"DG: Update user stories \u0026 planned enhancements","fileTypesAndContributionMap":{}},{"hash":"928e81f8bbb201d09ff427e79ef597b29b471354","isMergeCommit":false,"messageTitle":"Update test case and planned enhancement sections","messageBody":"","fileTypesAndContributionMap":{"docs":{"insertions":22,"deletions":15}}},{"hash":"ad2c19d37a6a95985c60dc4f81c9cef09754d83d","isMergeCommit":false,"messageTitle":"Add index issue to UG","messageBody":"","fileTypesAndContributionMap":{"docs":{"insertions":1,"deletions":0}}},{"hash":"e54841fdd083026775dbb7d9446c7811ee92041c","isMergeCommit":false,"messageTitle":"Update formatting","messageBody":"","fileTypesAndContributionMap":{"docs":{"insertions":2,"deletions":0}}},{"hash":"16392b66078ddb8de06cf8e7df195db3927a98af","isMergeCommit":true,"messageTitle":"Merge pull request #357 from clx3210/docs/update-ug-known-issues","messageBody":"UG: Add index issue to UG","fileTypesAndContributionMap":{}},{"hash":"ac33482d67ceeab9f2532d1c971cd88c3ab4408f","isMergeCommit":false,"messageTitle":"Update delete msg enhancement in DG","messageBody":"","fileTypesAndContributionMap":{"docs":{"insertions":2,"deletions":2}}},{"hash":"faf3207968581f74dc4f062953b16ebf0c956145","isMergeCommit":false,"messageTitle":"Update explanations","messageBody":"","fileTypesAndContributionMap":{"docs":{"insertions":7,"deletions":4}}},{"hash":"7d2519bc765def30c89bbbdc667aaa7489e1416d","isMergeCommit":false,"messageTitle":"Update manual test section for cmd history","messageBody":"","fileTypesAndContributionMap":{"docs":{"insertions":6,"deletions":3}}},{"hash":"e8a4288ff4ac55ab02377af3be74e8bb27ec2109","isMergeCommit":false,"messageTitle":"Fix english","messageBody":"","fileTypesAndContributionMap":{"docs":{"insertions":2,"deletions":2}}}]},{"date":"2025-04-08","commitResults":[{"hash":"a30358c11ab9800c1ac9794417c33723fe7d05eb","isMergeCommit":false,"messageTitle":"Update command history manual test to be simpler","messageBody":"","fileTypesAndContributionMap":{"docs":{"insertions":3,"deletions":3}}},{"hash":"3c31b82016a6b320179ce224230ba57da8e740d5","isMergeCommit":true,"messageTitle":"Merge pull request #351 from clx3210/docs/designs-delete-cmdhistory","messageBody":"DG: Update test case and planned enhancement sections","fileTypesAndContributionMap":{}},{"hash":"78216890909e9612f70e915ea9f1dfe53b592ffa","isMergeCommit":false,"messageTitle":"Fix planned enhancements formatting","messageBody":"","fileTypesAndContributionMap":{"docs":{"insertions":7,"deletions":10}}},{"hash":"98d8f63cb5b905f96eed6162103617ef8613d38f","isMergeCommit":true,"messageTitle":"Merge pull request #365 from clx3210/docs/designs-delete-cmdhistory","messageBody":"Fix planned enhancements formatting","fileTypesAndContributionMap":{}},{"hash":"0f1eaad123e061af44abd770cb36d5edd70202a3","isMergeCommit":false,"messageTitle":"Add another planned enhancement","messageBody":"","fileTypesAndContributionMap":{"docs":{"insertions":11,"deletions":1}}},{"hash":"f75d861380dea4de828e0f7eac59a41783f5bc38","isMergeCommit":false,"messageTitle":"Improve phrasing","messageBody":"","fileTypesAndContributionMap":{"docs":{"insertions":2,"deletions":2}}},{"hash":"4ca1ab272a0d7a99987b26cde31bc82f6f89f119","isMergeCommit":false,"messageTitle":"Fix phrasing again","messageBody":"","fileTypesAndContributionMap":{"docs":{"insertions":1,"deletions":1}}},{"hash":"fc609f48ef8431522ea53f6baefd3fc29f36d80e","isMergeCommit":false,"messageTitle":"Improve phrasing","messageBody":"","fileTypesAndContributionMap":{"docs":{"insertions":1,"deletions":1}}},{"hash":"e2fd42f5979a2fb35ff949d0fe1698139beb519c","isMergeCommit":true,"messageTitle":"Merge pull request #373 from clx3210/docs/update-dg-3","messageBody":"Add another planned enhancement","fileTypesAndContributionMap":{}},{"hash":"ace0e509b636d0f6cca141be73142b2538c60ff8","isMergeCommit":false,"messageTitle":"Fix extensions for UC01","messageBody":"","fileTypesAndContributionMap":{"docs":{"insertions":3,"deletions":9}}},{"hash":"81b546d3ec2d82589bf649e665a9bf55e168f325","isMergeCommit":false,"messageTitle":"Update command history UC06 extension","messageBody":"","fileTypesAndContributionMap":{"docs":{"insertions":2,"deletions":1}}},{"hash":"7d69f564e236e61a4062afa49172dea01e0b8c9f","isMergeCommit":false,"messageTitle":"Remove list from the delete UC","messageBody":"","fileTypesAndContributionMap":{"docs":{"insertions":9,"deletions":17}}},{"hash":"3e495ec9596a8871c4a3ecb3643471590c93b94d","isMergeCommit":false,"messageTitle":"Update help and edit seq diagram lifelines","messageBody":"","fileTypesAndContributionMap":{"docs":{"insertions":1,"deletions":0}}},{"hash":"42d19cf2f355d9467aa7b3408005d801cc99129c","isMergeCommit":false,"messageTitle":"Add back empty prefix","messageBody":"","fileTypesAndContributionMap":{"docs":{"insertions":6,"deletions":0}}},{"hash":"e773394ed461b632960c41a2c73a1dcbb04374c2","isMergeCommit":true,"messageTitle":"Merge pull request #375 from clx3210/docs/update-dg-4","messageBody":"DG: Fix delete use case","fileTypesAndContributionMap":{}},{"hash":"1646791ee03a1b5b36aa03a24768f72d40cd42a9","isMergeCommit":true,"messageTitle":"Merge pull request #350 from pranavyey/DG-hyperlink","messageBody":"Update hyperlinks in DG to correct links","fileTypesAndContributionMap":{}},{"hash":"58515c919808fad414004c925c18b47315bb665c","isMergeCommit":false,"messageTitle":"Add `Add` command implementation section","messageBody":"","fileTypesAndContributionMap":{"docs":{"insertions":40,"deletions":9}}},{"hash":"d8ca28fecf59b85f270df7b88e96dfe5990936d0","isMergeCommit":false,"messageTitle":"Add another planned enhancement","messageBody":"","fileTypesAndContributionMap":{"docs":{"insertions":10,"deletions":0}}},{"hash":"b01978fe685f25d20e2b0d215594004e1614ef34","isMergeCommit":false,"messageTitle":"Update seq diag for add","messageBody":"","fileTypesAndContributionMap":{"docs":{"insertions":1,"deletions":1}}},{"hash":"9659266a81a51c3741bf69162df3b7d30b3a5948","isMergeCommit":true,"messageTitle":"Merge pull request #378 from clx3210/docs/update-dg-5","messageBody":"DG: Add Command implementation section","fileTypesAndContributionMap":{}}]}],"pranavyey":[{"date":"2025-04-07","commitResults":[{"hash":"b3854cc036de6a3fa4464621cfee3422b37354e0","isMergeCommit":false,"messageTitle":"Add use case for Edit and Pin into DG","messageBody":"","fileTypesAndContributionMap":{"docs":{"insertions":100,"deletions":14}}},{"hash":"5d2dfecd34f4d0dccbfbe58ee8c283d7a33150b5","isMergeCommit":false,"messageTitle":"Edit destruction of activation bar of EditCommandParser and PinCommandParser","messageBody":"","fileTypesAndContributionMap":{"docs":{"insertions":2,"deletions":0}}},{"hash":"c835b236a574c7a44fd8f19ef5978c428167cd1c","isMergeCommit":false,"messageTitle":"Update Use cases in DG","messageBody":"","fileTypesAndContributionMap":{"docs":{"insertions":89,"deletions":9}}},{"hash":"b3c425d6305712bb3ff8544e93cf00fc577f9f05","isMergeCommit":false,"messageTitle":"Update hyperlinks in DG to correct links","messageBody":"","fileTypesAndContributionMap":{"docs":{"insertions":1,"deletions":1}}},{"hash":"3f2520c27a52b761b7c2310023814f52366f640c","isMergeCommit":true,"messageTitle":"Merge pull request #349 from pranavyey/DG-Usecase","messageBody":"Update Use cases in DG for Add, Pin and Unpin","fileTypesAndContributionMap":{}},{"hash":"dac7907f05c96aac9a96dca290440ef9eb0bb468","isMergeCommit":false,"messageTitle":"Update UG OS titles","messageBody":"","fileTypesAndContributionMap":{"docs":{"insertions":47,"deletions":35}}},{"hash":"fecd387384e63e4756fb4ee4c3a06b28293e06c7","isMergeCommit":false,"messageTitle":"Update DG links","messageBody":"","fileTypesAndContributionMap":{"docs":{"insertions":5,"deletions":5}}},{"hash":"dfd6de2a5a0720bc1efda125d238f75e278431ca","isMergeCommit":false,"messageTitle":"Update incorrect title for Windows badge","messageBody":"Co-authored-by: Copilot \u003c175728472+Copilot@users.noreply.github.com\u003e","fileTypesAndContributionMap":{"docs":{"insertions":1,"deletions":1}}},{"hash":"2ccfa3b50e117359f4dd95f3d4c6a2e5501409ed","isMergeCommit":false,"messageTitle":"Update Model#CommitAddressBook() to Model#Commit()","messageBody":"","fileTypesAndContributionMap":{"docs":{"insertions":2,"deletions":2}}},{"hash":"5d35ba71e3a16288a8bae9df97d1701cc2214d56","isMergeCommit":false,"messageTitle":"Remove unneccessary padding","messageBody":"","fileTypesAndContributionMap":{"docs":{"insertions":7,"deletions":18}}},{"hash":"7d6fa4b10a021fc7b1e259b1ad48faaa4432272b","isMergeCommit":true,"messageTitle":"Merge branch \u0027master\u0027 of https://github.com/AY2425S2-CS2103T-T17-1/tp into DG-hyperlink","messageBody":"","fileTypesAndContributionMap":{}},{"hash":"54d6caeeb90942c48c041d8092e2fff78e03f369","isMergeCommit":true,"messageTitle":"Fix merge conflict","messageBody":"","fileTypesAndContributionMap":{}},{"hash":"176949848d428b98c2bcf5c0037df47095c474b4","isMergeCommit":true,"messageTitle":"Merge branch \u0027master\u0027 into DG-hyperlink","messageBody":"","fileTypesAndContributionMap":{}},{"hash":"8640936cd29bf3a780cc087b6686a43df43fa7dc","isMergeCommit":false,"messageTitle":"Update EditSequenceDiagram","messageBody":"","fileTypesAndContributionMap":{"docs":{"insertions":1,"deletions":1}}}]},{"date":"2025-04-08","commitResults":[{"hash":"172ad5e79abcbdd2d3e274d761ab7ea0589cdd30","isMergeCommit":false,"messageTitle":"Update name of Notarius","messageBody":"","fileTypesAndContributionMap":{"docs":{"insertions":3,"deletions":3}}},{"hash":"9646ef8936360fc2b714368c7d9567705c0f4936","isMergeCommit":true,"messageTitle":"Merge branch \u0027DG-hyperlink\u0027 of https://github.com/pranavyey/tp into DG-hyperlink","messageBody":"","fileTypesAndContributionMap":{}},{"hash":"caa10a65e8b9d12e9dabd1f3126175a5750e530a","isMergeCommit":false,"messageTitle":"Add pin/unpin manual testing","messageBody":"","fileTypesAndContributionMap":{"docs":{"insertions":51,"deletions":0}}},{"hash":"a7e047b0927b22289532960e758e9b934cedb3b5","isMergeCommit":true,"messageTitle":"Merge pull request #339 from pranavyey/DG-update","messageBody":"Add feature specification for Edit and Pin into DG","fileTypesAndContributionMap":{}},{"hash":"a68878c95e6c3b64d3801e176dd445f9cba5e230","isMergeCommit":true,"messageTitle":"Merge pull request #370 from pranavyey/DG-manualtesting","messageBody":"DG: Add pin/unpin manual testing","fileTypesAndContributionMap":{}},{"hash":"0dc893f9b8dc36f1a7774e0fe4a63ee7b3df46b3","isMergeCommit":false,"messageTitle":"Fix bugged div line","messageBody":"","fileTypesAndContributionMap":{"docs":{"insertions":0,"deletions":1}}}]}]},"authorFileTypeContributionMap":{"xinniyee":{"docs":63,"functional-code":8,"test-code":8},"Wrongian":{"docs":547,"functional-code":5,"test-code":10},"carineang":{"docs":92,"functional-code":32,"test-code":57},"clx3210":{"docs":167,"functional-code":16,"test-code":64},"pranavyey":{"docs":232,"functional-code":0,"test-code":0}},"authorContributionVariance":{"xinniyee":3930.75,"Wrongian":94994.19,"carineang":10626.5,"clx3210":15799.6875,"pranavyey":19961.188},"authorDisplayNameMap":{"xinniyee":"CS2103T-T17-1 YEE ..N NI","Wrongian":"CS2103T-T17-1 IAN ..OONG","carineang":"CS2103T-T17-1 CARI..I QI","clx3210":"CS2103T-T17-1 CHEN..NXIN","pranavyey":"CS2103T-T17-1 PRAN..ATMA"}}
