{"authorDailyContributionsMap":{"xinniyee":[{"date":"2025-04-06","commitResults":[{"hash":"5a69918841c32613364c45393844d51ae2bb3169","isMergeCommit":false,"messageTitle":"Change criteria for duplicates","messageBody":"","fileTypesAndContributionMap":{"functional-code":{"insertions":2,"deletions":2},"test-code":{"insertions":8,"deletions":11}}},{"hash":"9fd0dda954c8377c5db047ae2408c20d12554626","isMergeCommit":false,"messageTitle":"Add clear command in help window","messageBody":"","fileTypesAndContributionMap":{"functional-code":{"insertions":4,"deletions":0},"docs":{"insertions":2,"deletions":1}}},{"hash":"85c5ce54cfee151e0a7781d310763fea8d22eb1b","isMergeCommit":true,"messageTitle":"Merge pull request #314 from xinniyee/branch-fixFuncBugs","messageBody":"Allow duplicate names but not emails and add clear command in help window","fileTypesAndContributionMap":{}}]}],"Wrongian":[{"date":"2025-04-06","commitResults":[{"hash":"30540029e7b4e59391362d0755679eb63b34c99a","isMergeCommit":false,"messageTitle":"Update language of intro section of UG","messageBody":"","fileTypesAndContributionMap":{"docs":{"insertions":7,"deletions":5}}},{"hash":"ed7d4140305d43b3450246508d26d8b539270d3e","isMergeCommit":false,"messageTitle":"Improve visibility of quote in introduction in UG","messageBody":"","fileTypesAndContributionMap":{"docs":{"insertions":1,"deletions":1}}},{"hash":"b7d92c2026f95a38c50902195497d28dd6ec87ff","isMergeCommit":false,"messageTitle":"Change wording of feature overview of notes","messageBody":"","fileTypesAndContributionMap":{"docs":{"insertions":8,"deletions":8}}},{"hash":"d5b278113353e34ffbc72c78165bb7211df861b5","isMergeCommit":true,"messageTitle":"Merge pull request #305 from Wrongian/branch-enhance_UG","messageBody":"Enhance Introduction segment of UG","fileTypesAndContributionMap":{}},{"hash":"bb5066892254380252fc5f487d5121572b479503","isMergeCommit":false,"messageTitle":"Fix email usage message","messageBody":"","fileTypesAndContributionMap":{"functional-code":{"insertions":1,"deletions":0}}},{"hash":"fee01103a3fd078db9589ad3f8530549e3cd2015","isMergeCommit":true,"messageTitle":"Merge pull request #319 from Wrongian/branch-fix_email_usage","messageBody":"Fix email usage message","fileTypesAndContributionMap":{}},{"hash":"1e2924ce3234a69df0bf892d72f7a6dec074ad7a","isMergeCommit":false,"messageTitle":"Add definition of GUI to glossary","messageBody":"","fileTypesAndContributionMap":{"docs":{"insertions":1,"deletions":0}}},{"hash":"36cc1749de6970815ae8cddd92bfc7b60478532d","isMergeCommit":false,"messageTitle":"Fix formatting of GUI definition in glossary in UG","messageBody":"","fileTypesAndContributionMap":{"docs":{"insertions":1,"deletions":1}}},{"hash":"08adfd38179fd29698d5d216a70fe86b6f09b9c8","isMergeCommit":false,"messageTitle":"Add planned enhancements section in DG","messageBody":"","fileTypesAndContributionMap":{"docs":{"insertions":49,"deletions":0}}},{"hash":"c78afd7c0ba42797fbe350129c0bbbe1ecdc2dde","isMergeCommit":true,"messageTitle":"Merge pull request #322 from Wrongian/branch-add_gui_glossary","messageBody":"Add GUI into glossary in UG","fileTypesAndContributionMap":{}},{"hash":"c695d4e966397ff152a26532e03f136047a0db24","isMergeCommit":false,"messageTitle":"Fix typos in DG","messageBody":"","fileTypesAndContributionMap":{"docs":{"insertions":2,"deletions":2}}},{"hash":"f9a9d2ed35683bc4091e4ec3e18aa41abf43752d","isMergeCommit":false,"messageTitle":"Change wording for bulk tag deletion planned feature","messageBody":"","fileTypesAndContributionMap":{"docs":{"insertions":4,"deletions":2}}}]},{"date":"2025-04-07","commitResults":[{"hash":"07f766413e480430178acf9f019a0a64063b542a","isMergeCommit":false,"messageTitle":"Add warning about plantUML lifeline","messageBody":"","fileTypesAndContributionMap":{"docs":{"insertions":12,"deletions":1}}},{"hash":"4728ab082493c709445c85c2239d56e24ba43181","isMergeCommit":true,"messageTitle":"Merge pull request #326 from Wrongian/branch-add_planned_enhancements_dg","messageBody":"Add planned enhancements section in DG","fileTypesAndContributionMap":{}},{"hash":"d1111db5bc711b3f9c5bd1a85fb94f44e9254cb5","isMergeCommit":true,"messageTitle":"Merge pull request #327 from Wrongian/branch-add_red_cross_explanation","messageBody":"Add warning about plantUML lifeline to multiple diagrams in DG","fileTypesAndContributionMap":{}}]}],"carineang":[{"date":"2025-04-06","commitResults":[{"hash":"f9449293b741bd2ad28bf8749be506a11cd2a3e1","isMergeCommit":false,"messageTitle":"Update glossary","messageBody":"","fileTypesAndContributionMap":{"docs":{"insertions":0,"deletions":1}}},{"hash":"3785c6863017020f31310c16dc29e0d15ea5195d","isMergeCommit":false,"messageTitle":"Update ui class diagram","messageBody":"","fileTypesAndContributionMap":{"docs":{"insertions":1,"deletions":1}}},{"hash":"5efc6f2f13ec213b22e5e7527c2956500c889fb4","isMergeCommit":false,"messageTitle":"Add user stories","messageBody":"","fileTypesAndContributionMap":{"docs":{"insertions":34,"deletions":33}}},{"hash":"fb8443b1a39b1a33379ffb3f4562b6959e8aa806","isMergeCommit":false,"messageTitle":"Edit use case","messageBody":"","fileTypesAndContributionMap":{"docs":{"insertions":13,"deletions":1}}},{"hash":"fe3c4c5feeb74d185bc747d82648289ae7be849e","isMergeCommit":false,"messageTitle":"Update manual testing","messageBody":"","fileTypesAndContributionMap":{"docs":{"insertions":22,"deletions":44}}}]},{"date":"2025-04-07","commitResults":[{"hash":"80eed9f755d784df33bc5d7f4284e56dc53410ec","isMergeCommit":true,"messageTitle":"Merge pull request #321 from carineang/branch-developerguide","messageBody":"Fix DG issues","fileTypesAndContributionMap":{}}]}],"clx3210":[{"date":"2025-04-06","commitResults":[{"hash":"38c2454485d03b7709fa2a4a1ba5b29b8db45edd","isMergeCommit":false,"messageTitle":"Update index constraint in usage messages","messageBody":"","fileTypesAndContributionMap":{"functional-code":{"insertions":10,"deletions":9}}},{"hash":"6a40fb78468a5d9087c811689f9d98e7ab5dceb0","isMergeCommit":false,"messageTitle":"Change command history term","messageBody":"","fileTypesAndContributionMap":{"docs":{"insertions":5,"deletions":8}}},{"hash":"ea184b5b09568094ac8d61dc41ce02ee5aaa6f89","isMergeCommit":true,"messageTitle":"Merge pull request #317 from clx3210/fix/index-invalid-message","messageBody":"Update index constraint in usage messages","fileTypesAndContributionMap":{}},{"hash":"5234149248eb39bcc9841f99834635137b8ee3e1","isMergeCommit":false,"messageTitle":"Update user guide","messageBody":"","fileTypesAndContributionMap":{"docs":{"insertions":2,"deletions":8}}},{"hash":"d7186e5300f13f3a457be79d16a0ad02900c4101","isMergeCommit":false,"messageTitle":"Update index constraint","messageBody":"","fileTypesAndContributionMap":{"docs":{"insertions":1,"deletions":1}}},{"hash":"658dbbb8066022ba96ecccbcc1ac92db1e775790","isMergeCommit":false,"messageTitle":"Improve delete feature section","messageBody":"","fileTypesAndContributionMap":{"docs":{"insertions":27,"deletions":26}}},{"hash":"8af9cb8a635553d2a219f5fd7db4d9dcca7f2573","isMergeCommit":false,"messageTitle":"Update invalid/valid message","messageBody":"","fileTypesAndContributionMap":{"docs":{"insertions":3,"deletions":5}}},{"hash":"a252faa4bd7bb9ff36f15d9c8fed42bdcf31cdef","isMergeCommit":false,"messageTitle":"Temporarily remove upper bound","messageBody":"","fileTypesAndContributionMap":{"docs":{"insertions":1,"deletions":1}}},{"hash":"02eb952fe35f3aa3dad1e0dff7eb6aa0db25a19d","isMergeCommit":false,"messageTitle":"Add index upper bound back","messageBody":"","fileTypesAndContributionMap":{"docs":{"insertions":1,"deletions":1}}},{"hash":"0401e843fdacb656d4ae0b4d310005cc49dded1d","isMergeCommit":false,"messageTitle":"Remove maximum integer limit from ug","messageBody":"","fileTypesAndContributionMap":{"docs":{"insertions":1,"deletions":1}}}]},{"date":"2025-04-07","commitResults":[{"hash":"39458eef6e98d89365d770286303725b93365262","isMergeCommit":true,"messageTitle":"Merge pull request #325 from clx3210/docs/update-ug-3","messageBody":"UG: Improve delete \u0026 command history docs","fileTypesAndContributionMap":{}}]}],"pranavyey":[]},"authorFileTypeContributionMap":{"xinniyee":{"docs":2,"functional-code":6,"test-code":8},"Wrongian":{"docs":72,"functional-code":1,"test-code":0},"carineang":{"docs":27,"functional-code":0,"test-code":0},"clx3210":{"docs":29,"functional-code":10,"test-code":0},"pranavyey":{"docs":0,"functional-code":0,"test-code":0}},"authorContributionVariance":{"xinniyee":200.0,"Wrongian":1690.889,"carineang":5000.0,"clx3210":2738.0,"pranavyey":0.0},"authorDisplayNameMap":{"xinniyee":"CS2103T-T17-1 YEE ..N NI","Wrongian":"CS2103T-T17-1 IAN ..OONG","carineang":"CS2103T-T17-1 CARI..I QI","clx3210":"CS2103T-T17-1 CHEN..NXIN","pranavyey":"CS2103T-T17-1 PRAN..ATMA"}}
