{"authorDailyContributionsMap":{"xinniyee":[{"date":"2025-04-06","commitResults":[{"hash":"5a69918841c32613364c45393844d51ae2bb3169","isMergeCommit":false,"messageTitle":"Change criteria for duplicates","messageBody":"","fileTypesAndContributionMap":{"functional-code":{"insertions":2,"deletions":2},"test-code":{"insertions":8,"deletions":11}}},{"hash":"9fd0dda954c8377c5db047ae2408c20d12554626","isMergeCommit":false,"messageTitle":"Add clear command in help window","messageBody":"","fileTypesAndContributionMap":{"functional-code":{"insertions":4,"deletions":0},"docs":{"insertions":2,"deletions":1}}},{"hash":"85c5ce54cfee151e0a7781d310763fea8d22eb1b","isMergeCommit":true,"messageTitle":"Merge pull request #314 from xinniyee/branch-fixFuncBugs","messageBody":"Allow duplicate names but not emails and add clear command in help window","fileTypesAndContributionMap":{}}]}],"Wrongian":[{"date":"2025-04-06","commitResults":[{"hash":"30540029e7b4e59391362d0755679eb63b34c99a","isMergeCommit":false,"messageTitle":"Update language of intro section of UG","messageBody":"","fileTypesAndContributionMap":{"docs":{"insertions":7,"deletions":5}}},{"hash":"ed7d4140305d43b3450246508d26d8b539270d3e","isMergeCommit":false,"messageTitle":"Improve visibility of quote in introduction in UG","messageBody":"","fileTypesAndContributionMap":{"docs":{"insertions":1,"deletions":1}}},{"hash":"b7d92c2026f95a38c50902195497d28dd6ec87ff","isMergeCommit":false,"messageTitle":"Change wording of feature overview of notes","messageBody":"","fileTypesAndContributionMap":{"docs":{"insertions":8,"deletions":8}}},{"hash":"d5b278113353e34ffbc72c78165bb7211df861b5","isMergeCommit":true,"messageTitle":"Merge pull request #305 from Wrongian/branch-enhance_UG","messageBody":"Enhance Introduction segment of UG","fileTypesAndContributionMap":{}},{"hash":"bb5066892254380252fc5f487d5121572b479503","isMergeCommit":false,"messageTitle":"Fix email usage message","messageBody":"","fileTypesAndContributionMap":{"functional-code":{"insertions":1,"deletions":0}}},{"hash":"fee01103a3fd078db9589ad3f8530549e3cd2015","isMergeCommit":true,"messageTitle":"Merge pull request #319 from Wrongian/branch-fix_email_usage","messageBody":"Fix email usage message","fileTypesAndContributionMap":{}}]}],"carineang":[],"clx3210":[{"date":"2025-04-06","commitResults":[{"hash":"38c2454485d03b7709fa2a4a1ba5b29b8db45edd","isMergeCommit":false,"messageTitle":"Update index constraint in usage messages","messageBody":"","fileTypesAndContributionMap":{"functional-code":{"insertions":10,"deletions":9}}},{"hash":"ea184b5b09568094ac8d61dc41ce02ee5aaa6f89","isMergeCommit":true,"messageTitle":"Merge pull request #317 from clx3210/fix/index-invalid-message","messageBody":"Update index constraint in usage messages","fileTypesAndContributionMap":{}}]}],"pranavyey":[]},"authorFileTypeContributionMap":{"xinniyee":{"docs":2,"functional-code":6,"test-code":8},"Wrongian":{"docs":8,"functional-code":1,"test-code":0},"carineang":{"docs":0,"functional-code":0,"test-code":0},"clx3210":{"docs":0,"functional-code":10,"test-code":0},"pranavyey":{"docs":0,"functional-code":0,"test-code":0}},"authorContributionVariance":{"xinniyee":225.0,"Wrongian":240.25,"carineang":0.0,"clx3210":90.25,"pranavyey":0.0},"authorDisplayNameMap":{"xinniyee":"CS2103T-T17-1 YEE ..N NI","Wrongian":"CS2103T-T17-1 IAN ..OONG","carineang":"CS2103T-T17-1 CARI..I QI","clx3210":"CS2103T-T17-1 CHEN..NXIN","pranavyey":"CS2103T-T17-1 PRAN..ATMA"}}
