{"authorDailyContributionsMap":{"xinniyee":[{"date":"2025-04-06","commitResults":[{"hash":"5a69918841c32613364c45393844d51ae2bb3169","isMergeCommit":false,"messageTitle":"Change criteria for duplicates","messageBody":"","fileTypesAndContributionMap":{"functional-code":{"insertions":2,"deletions":2},"test-code":{"insertions":8,"deletions":11}}},{"hash":"9fd0dda954c8377c5db047ae2408c20d12554626","isMergeCommit":false,"messageTitle":"Add clear command in help window","messageBody":"","fileTypesAndContributionMap":{"functional-code":{"insertions":4,"deletions":0},"docs":{"insertions":2,"deletions":1}}},{"hash":"85c5ce54cfee151e0a7781d310763fea8d22eb1b","isMergeCommit":true,"messageTitle":"Merge pull request #314 from xinniyee/branch-fixFuncBugs","messageBody":"Allow duplicate names but not emails and add clear command in help window","fileTypesAndContributionMap":{}}]},{"date":"2025-04-07","commitResults":[{"hash":"7dd3199d0bfb7cd2e5fed4779a2f25f2931d47de","isMergeCommit":false,"messageTitle":"Fix issues related to UG and DG","messageBody":"","fileTypesAndContributionMap":{"docs":{"insertions":19,"deletions":25}}},{"hash":"7b50c435be47ce126034630ca78a01ccb760322e","isMergeCommit":true,"messageTitle":"Merge pull request #329 from xinniyee/branch-FixUGDG","messageBody":"Fix issues related to UG and DG","fileTypesAndContributionMap":{}},{"hash":"9c8fac90ba84df262ff7493640e2959e0e09b4ee","isMergeCommit":false,"messageTitle":"Add design consideration for find","messageBody":"","fileTypesAndContributionMap":{"docs":{"insertions":10,"deletions":0}}},{"hash":"e1aab772da0a66e3c55f72d4b558208102e8c552","isMergeCommit":false,"messageTitle":"Update find example in UG","messageBody":"","fileTypesAndContributionMap":{"docs":{"insertions":1,"deletions":1}}},{"hash":"01065b6bd89fc3e6f85d398ce3d02ea405aa56ce","isMergeCommit":true,"messageTitle":"Merge pull request #338 from xinniyee/branch-findDG","messageBody":"Add design consideration for find","fileTypesAndContributionMap":{}},{"hash":"8db15366f91ff34f0924e5ecde9e2fa17b1caf49","isMergeCommit":false,"messageTitle":"Change message for duplicate person","messageBody":"","fileTypesAndContributionMap":{"functional-code":{"insertions":2,"deletions":2}}},{"hash":"21b189a29b2664ff42d4d670a92cbd36d34f60e9","isMergeCommit":true,"messageTitle":"Merge pull request #341 from xinniyee/branch-v1.6","messageBody":"Change message for duplicate person","fileTypesAndContributionMap":{}}]}],"Wrongian":[{"date":"2025-04-06","commitResults":[{"hash":"30540029e7b4e59391362d0755679eb63b34c99a","isMergeCommit":false,"messageTitle":"Update language of intro section of UG","messageBody":"","fileTypesAndContributionMap":{"docs":{"insertions":7,"deletions":5}}},{"hash":"ed7d4140305d43b3450246508d26d8b539270d3e","isMergeCommit":false,"messageTitle":"Improve visibility of quote in introduction in UG","messageBody":"","fileTypesAndContributionMap":{"docs":{"insertions":1,"deletions":1}}},{"hash":"b7d92c2026f95a38c50902195497d28dd6ec87ff","isMergeCommit":false,"messageTitle":"Change wording of feature overview of notes","messageBody":"","fileTypesAndContributionMap":{"docs":{"insertions":8,"deletions":8}}},{"hash":"d5b278113353e34ffbc72c78165bb7211df861b5","isMergeCommit":true,"messageTitle":"Merge pull request #305 from Wrongian/branch-enhance_UG","messageBody":"Enhance Introduction segment of UG","fileTypesAndContributionMap":{}},{"hash":"bb5066892254380252fc5f487d5121572b479503","isMergeCommit":false,"messageTitle":"Fix email usage message","messageBody":"","fileTypesAndContributionMap":{"functional-code":{"insertions":1,"deletions":0}}},{"hash":"fee01103a3fd078db9589ad3f8530549e3cd2015","isMergeCommit":true,"messageTitle":"Merge pull request #319 from Wrongian/branch-fix_email_usage","messageBody":"Fix email usage message","fileTypesAndContributionMap":{}},{"hash":"1e2924ce3234a69df0bf892d72f7a6dec074ad7a","isMergeCommit":false,"messageTitle":"Add definition of GUI to glossary","messageBody":"","fileTypesAndContributionMap":{"docs":{"insertions":1,"deletions":0}}},{"hash":"36cc1749de6970815ae8cddd92bfc7b60478532d","isMergeCommit":false,"messageTitle":"Fix formatting of GUI definition in glossary in UG","messageBody":"","fileTypesAndContributionMap":{"docs":{"insertions":1,"deletions":1}}},{"hash":"08adfd38179fd29698d5d216a70fe86b6f09b9c8","isMergeCommit":false,"messageTitle":"Add planned enhancements section in DG","messageBody":"","fileTypesAndContributionMap":{"docs":{"insertions":49,"deletions":0}}},{"hash":"c78afd7c0ba42797fbe350129c0bbbe1ecdc2dde","isMergeCommit":true,"messageTitle":"Merge pull request #322 from Wrongian/branch-add_gui_glossary","messageBody":"Add GUI into glossary in UG","fileTypesAndContributionMap":{}},{"hash":"c695d4e966397ff152a26532e03f136047a0db24","isMergeCommit":false,"messageTitle":"Fix typos in DG","messageBody":"","fileTypesAndContributionMap":{"docs":{"insertions":2,"deletions":2}}},{"hash":"f9a9d2ed35683bc4091e4ec3e18aa41abf43752d","isMergeCommit":false,"messageTitle":"Change wording for bulk tag deletion planned feature","messageBody":"","fileTypesAndContributionMap":{"docs":{"insertions":4,"deletions":2}}}]},{"date":"2025-04-07","commitResults":[{"hash":"07f766413e480430178acf9f019a0a64063b542a","isMergeCommit":false,"messageTitle":"Add warning about plantUML lifeline","messageBody":"","fileTypesAndContributionMap":{"docs":{"insertions":12,"deletions":1}}},{"hash":"4728ab082493c709445c85c2239d56e24ba43181","isMergeCommit":true,"messageTitle":"Merge pull request #326 from Wrongian/branch-add_planned_enhancements_dg","messageBody":"Add planned enhancements section in DG","fileTypesAndContributionMap":{}},{"hash":"d1111db5bc711b3f9c5bd1a85fb94f44e9254cb5","isMergeCommit":true,"messageTitle":"Merge pull request #327 from Wrongian/branch-add_red_cross_explanation","messageBody":"Add warning about plantUML lifeline to multiple diagrams in DG","fileTypesAndContributionMap":{}},{"hash":"4201f25210cf28bb304a21778909042393cfc8c8","isMergeCommit":false,"messageTitle":"Change command glossary to use more personal language","messageBody":"","fileTypesAndContributionMap":{"docs":{"insertions":10,"deletions":9}}},{"hash":"071b68cd1ca9c826d84fbbe500eaa07b7ee0dd0f","isMergeCommit":false,"messageTitle":"Improve structure of command format section","messageBody":"","fileTypesAndContributionMap":{"docs":{"insertions":43,"deletions":13}}},{"hash":"925e3d373c26a9dca81774d1914588484ecbce64","isMergeCommit":false,"messageTitle":"Add command and notes about command in UG","messageBody":"","fileTypesAndContributionMap":{"docs":{"insertions":14,"deletions":0}}},{"hash":"9ac9c500f44be7c04b836ad9aea02055934b4f83","isMergeCommit":false,"messageTitle":"Improve section in UG about command words","messageBody":"","fileTypesAndContributionMap":{"docs":{"insertions":4,"deletions":4}}},{"hash":"3dd28784866e0a94e3921cf9f62547fda1526c4c","isMergeCommit":false,"messageTitle":"Change formatting of help command help in UG","messageBody":"","fileTypesAndContributionMap":{"docs":{"insertions":19,"deletions":6}}},{"hash":"0d9b517de6f6158087acd18521993da711b83a4b","isMergeCommit":false,"messageTitle":"Remove duplicate mentions of index in UG","messageBody":"","fileTypesAndContributionMap":{"docs":{"insertions":1,"deletions":8}}},{"hash":"bd8a2f3e43f6d7ab9bec9ada89480390d6d1a509","isMergeCommit":true,"messageTitle":"Merge pull request #330 from Wrongian/branch-update_UG_command_history","messageBody":"Improve UG command history and glossary","fileTypesAndContributionMap":{}},{"hash":"86d72792f380e6ce5abb0892bf7ee5ca360b82a1","isMergeCommit":false,"messageTitle":"Improve formatting for add command","messageBody":"","fileTypesAndContributionMap":{"docs":{"insertions":6,"deletions":7}}},{"hash":"6c314779948b3f999969cc55011438841d802238","isMergeCommit":true,"messageTitle":"Merge branch \u0027master\u0027 into branch-improve_ug","messageBody":"# Conflicts:\n#\tdocs/UserGuide.md\n","fileTypesAndContributionMap":{}},{"hash":"d7af86f718f89c86ff2bd236275e619f01d3d0f8","isMergeCommit":false,"messageTitle":"Change formatting of edit command in UG","messageBody":"","fileTypesAndContributionMap":{"docs":{"insertions":15,"deletions":6}}},{"hash":"d6af23b49e798032d6b5af07bb5889fa1cc3d8cf","isMergeCommit":false,"messageTitle":"Change formatting of find command in UG","messageBody":"","fileTypesAndContributionMap":{"docs":{"insertions":15,"deletions":6}}},{"hash":"41119232c62c80e1332576a00528cdf16c621bea","isMergeCommit":false,"messageTitle":"Remove screenshot of find command in UG","messageBody":"","fileTypesAndContributionMap":{"docs":{"insertions":0,"deletions":1}}},{"hash":"c5ee860abcf9061f4e20416c196b2de34c23653a","isMergeCommit":false,"messageTitle":"Change emoji for notes section in UG","messageBody":"","fileTypesAndContributionMap":{"docs":{"insertions":2,"deletions":2}}},{"hash":"de19adbc5a84f9de8e52d4b06aa69cf3be3fbbdb","isMergeCommit":false,"messageTitle":"Change/add formatting of features in UG","messageBody":"","fileTypesAndContributionMap":{"docs":{"insertions":37,"deletions":17}}},{"hash":"3dbafd05d0e447541d8756e06eb865b346c8e8ce","isMergeCommit":true,"messageTitle":"Merge branch \u0027master\u0027 into branch-improve_ug","messageBody":"# Conflicts:\n#\tdocs/UserGuide.md\n","fileTypesAndContributionMap":{}},{"hash":"457ee31d1431e6e1ea69b8ecc6525a9f2ef0be56","isMergeCommit":false,"messageTitle":"Fix typo in UG","messageBody":"","fileTypesAndContributionMap":{"docs":{"insertions":2,"deletions":2}}},{"hash":"a179ed7b930da70af8d8ac403f16c6134a02482a","isMergeCommit":false,"messageTitle":"Remove isSameName method","messageBody":"","fileTypesAndContributionMap":{"functional-code":{"insertions":0,"deletions":21},"test-code":{"insertions":0,"deletions":22}}},{"hash":"8e1ce6195a6b76f69a241b70580b81d601c320cf","isMergeCommit":false,"messageTitle":"Fix address message constraints grammer","messageBody":"","fileTypesAndContributionMap":{"functional-code":{"insertions":1,"deletions":1}}},{"hash":"2584e9521df33bef33332a0edf2a19851ff55dae","isMergeCommit":false,"messageTitle":"Reduce constraints on name","messageBody":"","fileTypesAndContributionMap":{"functional-code":{"insertions":2,"deletions":2}}},{"hash":"e6339ee902e6b630f50330cd7d44e7e7aec4c8c8","isMergeCommit":false,"messageTitle":"Fix test cases","messageBody":"","fileTypesAndContributionMap":{"test-code":{"insertions":10,"deletions":5}}},{"hash":"628986aa4cb765a0d9c7e63af8b174517b444792","isMergeCommit":false,"messageTitle":"Remove name bug from planned enhancements","messageBody":"","fileTypesAndContributionMap":{"docs":{"insertions":3,"deletions":15}}},{"hash":"69a21ac6f87746381675cfb78e0d1d0d66ceff94","isMergeCommit":true,"messageTitle":"Merge pull request #340 from Wrongian/branch-remove_isSameName","messageBody":"Remove isSameName method","fileTypesAndContributionMap":{}},{"hash":"1cd3e9931d2a92f85e18bc4af8ab1be8ff530428","isMergeCommit":true,"messageTitle":"Merge pull request #342 from Wrongian/branch-fix_name_bug","messageBody":"Fix name only allows alphanumeric characters only","fileTypesAndContributionMap":{}},{"hash":"d8dd815e007ba8414b9faf7e0fa47c9aa8b838ea","isMergeCommit":false,"messageTitle":"Reformat tables in UG","messageBody":"","fileTypesAndContributionMap":{"docs":{"insertions":12,"deletions":12}}},{"hash":"a1e8352a6dccc2d8b31ac31b6a4c70b0f9bdcea7","isMergeCommit":false,"messageTitle":"Reformat delete table in UG","messageBody":"","fileTypesAndContributionMap":{"docs":{"insertions":1,"deletions":1}}},{"hash":"582c3796e5201285312240d1402dd8301e202d7d","isMergeCommit":true,"messageTitle":"Merge pull request #332 from Wrongian/branch-improve_ug","messageBody":"Make explanation for commands more visually appealing","fileTypesAndContributionMap":{}}]}],"carineang":[{"date":"2025-04-06","commitResults":[{"hash":"f052a4143c0a171849f3e513593d07f56f7e2c6e","isMergeCommit":false,"messageTitle":"Change pin icon","messageBody":"","fileTypesAndContributionMap":{"functional-code":{"insertions":10,"deletions":3}}},{"hash":"0218ed84268918521ed3e077553c622e14ec619e","isMergeCommit":false,"messageTitle":"Fix window size","messageBody":"","fileTypesAndContributionMap":{"functional-code":{"insertions":1,"deletions":1}}},{"hash":"4da9883f45adbe10ae0b6f67a4f8b389819d5f04","isMergeCommit":false,"messageTitle":"Add scroll pane for person detail card","messageBody":"","fileTypesAndContributionMap":{"functional-code":{"insertions":4,"deletions":0}}},{"hash":"f9449293b741bd2ad28bf8749be506a11cd2a3e1","isMergeCommit":false,"messageTitle":"Update glossary","messageBody":"","fileTypesAndContributionMap":{"docs":{"insertions":0,"deletions":1}}},{"hash":"3785c6863017020f31310c16dc29e0d15ea5195d","isMergeCommit":false,"messageTitle":"Update ui class diagram","messageBody":"","fileTypesAndContributionMap":{"docs":{"insertions":1,"deletions":1}}},{"hash":"5efc6f2f13ec213b22e5e7527c2956500c889fb4","isMergeCommit":false,"messageTitle":"Add user stories","messageBody":"","fileTypesAndContributionMap":{"docs":{"insertions":34,"deletions":33}}},{"hash":"fb8443b1a39b1a33379ffb3f4562b6959e8aa806","isMergeCommit":false,"messageTitle":"Edit use case","messageBody":"","fileTypesAndContributionMap":{"docs":{"insertions":13,"deletions":1}}},{"hash":"fe3c4c5feeb74d185bc747d82648289ae7be849e","isMergeCommit":false,"messageTitle":"Update manual testing","messageBody":"","fileTypesAndContributionMap":{"docs":{"insertions":22,"deletions":44}}},{"hash":"a9fbebcb7be1014dc57fbb9697ea4c0a741ea793","isMergeCommit":false,"messageTitle":"Update sort description","messageBody":"","fileTypesAndContributionMap":{"docs":{"insertions":20,"deletions":7}}}]},{"date":"2025-04-07","commitResults":[{"hash":"2072a584ff97298fb541597a1206c2cf71cf97c8","isMergeCommit":false,"messageTitle":"Update GUI documentation","messageBody":"","fileTypesAndContributionMap":{"docs":{"insertions":14,"deletions":4}}},{"hash":"80eed9f755d784df33bc5d7f4284e56dc53410ec","isMergeCommit":true,"messageTitle":"Merge pull request #321 from carineang/branch-developerguide","messageBody":"Fix DG issues","fileTypesAndContributionMap":{}},{"hash":"b08e4493b396231e65437b22837b789998f12d3f","isMergeCommit":false,"messageTitle":"Fix person list display issues","messageBody":"","fileTypesAndContributionMap":{"functional-code":{"insertions":8,"deletions":0}}},{"hash":"1f00fed5c870df79d5720309c3620c63c7da1fd8","isMergeCommit":true,"messageTitle":"Merge pull request #315 from carineang/branch-ui-update","messageBody":"Fix UI issues","fileTypesAndContributionMap":{}},{"hash":"9445d16d453dee83c5f33b9ec071593de4952f71","isMergeCommit":false,"messageTitle":"Fix trailing white spaces for name","messageBody":"","fileTypesAndContributionMap":{"functional-code":{"insertions":3,"deletions":2},"test-code":{"insertions":19,"deletions":0}}},{"hash":"0dd634ea584e49c3e601c92491ef0e92bbb5f9da","isMergeCommit":false,"messageTitle":"Fix trailing white spaces for address","messageBody":"","fileTypesAndContributionMap":{"functional-code":{"insertions":3,"deletions":2},"test-code":{"insertions":19,"deletions":0}}},{"hash":"c264903da0ead8941b60a313dc5fd4601959ff87","isMergeCommit":false,"messageTitle":"Fix trailing white spaces in tag","messageBody":"","fileTypesAndContributionMap":{"functional-code":{"insertions":3,"deletions":2},"test-code":{"insertions":19,"deletions":0}}},{"hash":"8ed7a998ac46f028a56eaac281acc2fd532bd978","isMergeCommit":false,"messageTitle":"Update test cases","messageBody":"","fileTypesAndContributionMap":{"test-code":{"insertions":12,"deletions":12}}},{"hash":"586b2ad870117e65ed2427f3bc5c6fb927c4935e","isMergeCommit":true,"messageTitle":"Merge branch \u0027AY2425S2-CS2103T-T17-1:master\u0027 into branch-userguide","messageBody":"","fileTypesAndContributionMap":{}},{"hash":"ee39fb78d5d99f9fc583fbda54b1857e01a70c72","isMergeCommit":false,"messageTitle":"Update UG","messageBody":"","fileTypesAndContributionMap":{"docs":{"insertions":6,"deletions":6}}},{"hash":"9ba5a1f0ace9c7e2b91645dfb9c9bad7a383266e","isMergeCommit":false,"messageTitle":"Update numbering","messageBody":"","fileTypesAndContributionMap":{"docs":{"insertions":3,"deletions":3}}},{"hash":"b7e192a3f5e931c3c251916fb04ae79a0b5144a6","isMergeCommit":true,"messageTitle":"Merge pull request #336 from carineang/branch-latestupdate","messageBody":"Fix trailing white spaces for names, address, tags","fileTypesAndContributionMap":{}},{"hash":"9d3de8966e137c282db6c5a21da214c099e228f2","isMergeCommit":false,"messageTitle":"Add trimmed white space note","messageBody":"","fileTypesAndContributionMap":{"docs":{"insertions":5,"deletions":1}}},{"hash":"79c4830b1260b27107269f2223da36f196067e05","isMergeCommit":true,"messageTitle":"Merge branch \u0027master\u0027 into branch-userguide","messageBody":"","fileTypesAndContributionMap":{}},{"hash":"b4767999d52ca051adde22df4f48f02c056c2e96","isMergeCommit":true,"messageTitle":"Merge pull request #328 from carineang/branch-userguide","messageBody":"Update UG","fileTypesAndContributionMap":{}},{"hash":"92d303b1a908e15f47710b3ef5a39974b21834bb","isMergeCommit":false,"messageTitle":"Fix formatting issues","messageBody":"","fileTypesAndContributionMap":{"docs":{"insertions":9,"deletions":7}}},{"hash":"3c24d35c6ef7557059f05d9a0212ffc089d26278","isMergeCommit":true,"messageTitle":"Merge pull request #346 from carineang/branch-userguide","messageBody":"Fix formatting issues in UG","fileTypesAndContributionMap":{}},{"hash":"2647b971559bb93063ce85e0b1d6ae8cb0622e9f","isMergeCommit":false,"messageTitle":"Fix formatting issue","messageBody":"","fileTypesAndContributionMap":{"docs":{"insertions":4,"deletions":2}}},{"hash":"9fcd5e7040b58f7ab19143745754be4f274c2028","isMergeCommit":true,"messageTitle":"Merge pull request #347 from carineang/branch-userguide","messageBody":"Fix formatting issue","fileTypesAndContributionMap":{}}]}],"clx3210":[{"date":"2025-04-06","commitResults":[{"hash":"38c2454485d03b7709fa2a4a1ba5b29b8db45edd","isMergeCommit":false,"messageTitle":"Update index constraint in usage messages","messageBody":"","fileTypesAndContributionMap":{"functional-code":{"insertions":10,"deletions":9}}},{"hash":"6a40fb78468a5d9087c811689f9d98e7ab5dceb0","isMergeCommit":false,"messageTitle":"Change command history term","messageBody":"","fileTypesAndContributionMap":{"docs":{"insertions":5,"deletions":8}}},{"hash":"ea184b5b09568094ac8d61dc41ce02ee5aaa6f89","isMergeCommit":true,"messageTitle":"Merge pull request #317 from clx3210/fix/index-invalid-message","messageBody":"Update index constraint in usage messages","fileTypesAndContributionMap":{}},{"hash":"5234149248eb39bcc9841f99834635137b8ee3e1","isMergeCommit":false,"messageTitle":"Update user guide","messageBody":"","fileTypesAndContributionMap":{"docs":{"insertions":2,"deletions":8}}},{"hash":"d7186e5300f13f3a457be79d16a0ad02900c4101","isMergeCommit":false,"messageTitle":"Update index constraint","messageBody":"","fileTypesAndContributionMap":{"docs":{"insertions":1,"deletions":1}}},{"hash":"658dbbb8066022ba96ecccbcc1ac92db1e775790","isMergeCommit":false,"messageTitle":"Improve delete feature section","messageBody":"","fileTypesAndContributionMap":{"docs":{"insertions":27,"deletions":26}}},{"hash":"8af9cb8a635553d2a219f5fd7db4d9dcca7f2573","isMergeCommit":false,"messageTitle":"Update invalid/valid message","messageBody":"","fileTypesAndContributionMap":{"docs":{"insertions":3,"deletions":5}}},{"hash":"a252faa4bd7bb9ff36f15d9c8fed42bdcf31cdef","isMergeCommit":false,"messageTitle":"Temporarily remove upper bound","messageBody":"","fileTypesAndContributionMap":{"docs":{"insertions":1,"deletions":1}}},{"hash":"02eb952fe35f3aa3dad1e0dff7eb6aa0db25a19d","isMergeCommit":false,"messageTitle":"Add index upper bound back","messageBody":"","fileTypesAndContributionMap":{"docs":{"insertions":1,"deletions":1}}},{"hash":"0401e843fdacb656d4ae0b4d310005cc49dded1d","isMergeCommit":false,"messageTitle":"Remove maximum integer limit from ug","messageBody":"","fileTypesAndContributionMap":{"docs":{"insertions":1,"deletions":1}}}]},{"date":"2025-04-07","commitResults":[{"hash":"39458eef6e98d89365d770286303725b93365262","isMergeCommit":true,"messageTitle":"Merge pull request #325 from clx3210/docs/update-ug-3","messageBody":"UG: Improve delete \u0026 command history docs","fileTypesAndContributionMap":{}},{"hash":"0d50843155bdebee6ae728385483bbf0fbc638e0","isMergeCommit":false,"messageTitle":"Update user stories and add planned enhancement","messageBody":"","fileTypesAndContributionMap":{"docs":{"insertions":43,"deletions":38}}},{"hash":"54c332bd24b7c294e0b3dad110c44b5fb59bbb0a","isMergeCommit":false,"messageTitle":"Add command history alternatives in DG","messageBody":"","fileTypesAndContributionMap":{"docs":{"insertions":12,"deletions":0}}},{"hash":"d5d077e8e385158ebaf81f6af3616ee357fa2171","isMergeCommit":false,"messageTitle":"Update sample persons data","messageBody":"","fileTypesAndContributionMap":{"functional-code":{"insertions":6,"deletions":6}}},{"hash":"7f0a8b81b1f7d528cbabb04d1f18181f9b7d5361","isMergeCommit":false,"messageTitle":"Add sample persons test cases","messageBody":"","fileTypesAndContributionMap":{"test-code":{"insertions":64,"deletions":0}}},{"hash":"6f689c71ed11558719b1a0d4f168c1b7d86af524","isMergeCommit":false,"messageTitle":"Update tag naming","messageBody":"","fileTypesAndContributionMap":{"functional-code":{"insertions":5,"deletions":5}}},{"hash":"e3c41a19cad92520ec8988b4534372bc2a29d594","isMergeCommit":true,"messageTitle":"Merge pull request #334 from clx3210/fix/sample-persons","messageBody":"Update sample persons data","fileTypesAndContributionMap":{}},{"hash":"591c26971a9af10cd6f4de26ebd2d17cdd8045b5","isMergeCommit":true,"messageTitle":"Merge branch \u0027master\u0027 into docs/update-dg-2","messageBody":"","fileTypesAndContributionMap":{}},{"hash":"74fd33acbaeb81e841d41c7b2acf5bdced56b828","isMergeCommit":false,"messageTitle":"Update dev guide","messageBody":"User stories: Add undo/redo, remove star from pin user story,\nchange tools/widgets to cluttered visuals, update help guide,\nchange tag examples, add reason for accessing without internet\nand update clear user story reason.\n\nCommand history: Update pros for alternative design\n","fileTypesAndContributionMap":{"docs":{"insertions":12,"deletions":10}}},{"hash":"47ccd04109d576398844fc88d7d2737c0d7439b0","isMergeCommit":false,"messageTitle":"Add view note user story to DG","messageBody":"","fileTypesAndContributionMap":{"docs":{"insertions":1,"deletions":0}}},{"hash":"c1bdfb6ec777943a7ce08c7381681d5fdb2377f7","isMergeCommit":false,"messageTitle":"Update dev guide","messageBody":"Add find and unpin user stories and update help user story.\n","fileTypesAndContributionMap":{"docs":{"insertions":3,"deletions":1}}},{"hash":"63cb72fbe882703919d827b2a496bb5bcf9f68c1","isMergeCommit":false,"messageTitle":"Update internet user story","messageBody":"","fileTypesAndContributionMap":{"docs":{"insertions":36,"deletions":36}}},{"hash":"605ebf9978b3c070d1aa4d0f7b27d041e59041df","isMergeCommit":false,"messageTitle":"Add \u0027client\u0027 to sort user story benefit","messageBody":"","fileTypesAndContributionMap":{"docs":{"insertions":1,"deletions":1}}},{"hash":"bf38c4fb7fb58e0046d56b964bd188d6b9b15d7f","isMergeCommit":true,"messageTitle":"Merge pull request #333 from clx3210/docs/update-dg-2","messageBody":"DG: Update user stories \u0026 planned enhancements","fileTypesAndContributionMap":{}}]}],"pranavyey":[]},"authorFileTypeContributionMap":{"xinniyee":{"docs":27,"functional-code":8,"test-code":8},"Wrongian":{"docs":201,"functional-code":4,"test-code":10},"carineang":{"docs":72,"functional-code":32,"test-code":57},"clx3210":{"docs":75,"functional-code":16,"test-code":64},"pranavyey":{"docs":0,"functional-code":0,"test-code":0}},"authorContributionVariance":{"xinniyee":600.0,"Wrongian":24697.555,"carineang":7491.555,"clx3210":13253.556,"pranavyey":0.0},"authorDisplayNameMap":{"xinniyee":"CS2103T-T17-1 YEE ..N NI","Wrongian":"CS2103T-T17-1 IAN ..OONG","carineang":"CS2103T-T17-1 CARI..I QI","clx3210":"CS2103T-T17-1 CHEN..NXIN","pranavyey":"CS2103T-T17-1 PRAN..ATMA"}}
