{"authorDailyContributionsMap":{"ryanlow64":[{"date":"2025-04-06","commitResults":[{"hash":"215af5513cec0371e5ed465299e7709c5f052fe6","isMergeCommit":true,"messageTitle":"Merge pull request #260 from chenxu20/branch-PED-two","messageBody":"Fix bugs","fileTypesAndContributionMap":{}},{"hash":"3863355d8a6ff17b3211599732e2442818f4cf67","isMergeCommit":false,"messageTitle":"Fix: Blocks deletion of active properties","messageBody":"Blocks deletion of property if it is associated with any non-closed deals or future events.\n","fileTypesAndContributionMap":{"functional-code":{"insertions":37,"deletions":0}}}]}],"mjyan02":[{"date":"2025-04-05","commitResults":[{"hash":"7a7f9aded1eca57237f2e966e9e9eba764c5a502","isMergeCommit":false,"messageTitle":"Overhaul: fix numerous bugs for property after PE-D","messageBody":"","fileTypesAndContributionMap":{"functional-code":{"insertions":58,"deletions":52},"docs":{"insertions":15,"deletions":12},"test-code":{"insertions":75,"deletions":64}}},{"hash":"7ae980851c757588f855b84ea0b822be4bc5c81e","isMergeCommit":false,"messageTitle":"Overhaul: fix numerous bugs for property after PE-D","messageBody":"","fileTypesAndContributionMap":{"functional-code":{"insertions":0,"deletions":4}}},{"hash":"ee978ce7a804e92fa72ccf8ddb949d018adad601","isMergeCommit":false,"messageTitle":"Overhaul: fix numerous bugs for property after PE-D","messageBody":"","fileTypesAndContributionMap":{"functional-code":{"insertions":1,"deletions":2},"docs":{"insertions":2,"deletions":3}}},{"hash":"787ba432e72db41825eaf3b7ca555145afb05f35","isMergeCommit":false,"messageTitle":"Overhaul: fix numerous bugs for property after PE-D","messageBody":"","fileTypesAndContributionMap":{"functional-code":{"insertions":28,"deletions":29},"docs":{"insertions":2,"deletions":3}}},{"hash":"ebeb3e69f4e33bb7e829684e8f5b19e4ad21bd66","isMergeCommit":true,"messageTitle":"Merge remote-tracking branch \u0027origin/master\u0027","messageBody":"","fileTypesAndContributionMap":{}},{"hash":"a80166135e2a02842e257b0ab209b6a6edcef854","isMergeCommit":false,"messageTitle":"Overhaul: fix numerous bugs for property after PE-D","messageBody":"","fileTypesAndContributionMap":{"functional-code":{"insertions":17,"deletions":17}}},{"hash":"48df9b32212492fb40c669804740961956b6733f","isMergeCommit":false,"messageTitle":"Overhaul: fix numerous bugs for property after PE-D","messageBody":"","fileTypesAndContributionMap":{"functional-code":{"insertions":6,"deletions":7},"test-code":{"insertions":15,"deletions":43}}},{"hash":"27a2c3aa4db8ffb3422f35643b749ef5d3df4a82","isMergeCommit":false,"messageTitle":"Overhaul: fix numerous bugs for property after PE-D","messageBody":"","fileTypesAndContributionMap":{"functional-code":{"insertions":2,"deletions":2}}},{"hash":"f00676b2dc0c33d0f87a79dd56df88a7a8449147","isMergeCommit":false,"messageTitle":"Overhaul: fix numerous bugs for property after PE-D","messageBody":"","fileTypesAndContributionMap":{"functional-code":{"insertions":2,"deletions":2},"test-code":{"insertions":28,"deletions":13}}},{"hash":"3012b58935f93d7b89b1ec91db3860944fe75af7","isMergeCommit":true,"messageTitle":"Merge remote-tracking branch \u0027origin/master\u0027","messageBody":"","fileTypesAndContributionMap":{}}]},{"date":"2025-04-06","commitResults":[{"hash":"b7e34ff54ce6f927e83821c26d3d14e4876d6cc5","isMergeCommit":false,"messageTitle":"Update: fix numerous bugs after PE-D","messageBody":"","fileTypesAndContributionMap":{"docs":{"insertions":5,"deletions":5}}}]}],"chenxu20":[{"date":"2025-04-05","commitResults":[{"hash":"f4b222b96890bedae4942b63bad1152221a155b7","isMergeCommit":true,"messageTitle":"Merge pull request #257 from mjyan02/branch-bug-fixing","messageBody":"Branch bug fixing","fileTypesAndContributionMap":{}}]},{"date":"2025-04-06","commitResults":[{"hash":"b68346127f8136eeb54cd4efb2008931e390842a","isMergeCommit":false,"messageTitle":"Fix bugs","messageBody":"","fileTypesAndContributionMap":{"functional-code":{"insertions":61,"deletions":4},"test-code":{"insertions":16,"deletions":29}}},{"hash":"b13c6fc48208248d414eec8b54d5755ad418a96d","isMergeCommit":true,"messageTitle":"Merge pull request #266 from ryanlow64/bugfix-v1.6","messageBody":"Fix: Block deletion of active properties","fileTypesAndContributionMap":{}},{"hash":"a2cf1f822535d1d6f5e10b03527691099178e4e0","isMergeCommit":true,"messageTitle":"Merge pull request #264 from mjyan02/branch-bug-fixing","messageBody":"Update: fix numerous bugs after PE-D","fileTypesAndContributionMap":{}},{"hash":"2d0cf8a8fc015800f1b4d3ef19955bfb081c3082","isMergeCommit":false,"messageTitle":"Update UG","messageBody":"","fileTypesAndContributionMap":{"docs":{"insertions":52,"deletions":43}}}]}],"kumar2215":[{"date":"2025-04-06","commitResults":[{"hash":"1f145912362da9b93e6017359d0a02eb230f7265","isMergeCommit":true,"messageTitle":"Merge pull request #259 from githubcsuser/branch-add-deal-model-tests","messageBody":"Branch add deal model tests","fileTypesAndContributionMap":{}},{"hash":"8952648cd6460275caeaf5310745c21ea1fcdb4d","isMergeCommit":true,"messageTitle":"Merge pull request #267 from chenxu20/branch-PED-UG","messageBody":"Update UG","fileTypesAndContributionMap":{}}]}],"githubcsuser":[{"date":"2025-04-06","commitResults":[{"hash":"734604d19082ea8e5496e24068ca36bc7f0a2d86","isMergeCommit":false,"messageTitle":"Add deal model tests","messageBody":"","fileTypesAndContributionMap":{"test-code":{"insertions":809,"deletions":0}}}]}]},"authorFileTypeContributionMap":{"ryanlow64":{"docs":0,"functional-code":37,"test-code":0},"mjyan02":{"docs":7,"functional-code":2,"test-code":72},"chenxu20":{"docs":21,"functional-code":61,"test-code":16},"kumar2215":{"docs":0,"functional-code":0,"test-code":0},"githubcsuser":{"docs":0,"functional-code":0,"test-code":809}},"authorContributionVariance":{"ryanlow64":342.25,"mjyan02":61009.0,"chenxu20":10506.25,"kumar2215":0.0,"githubcsuser":163620.25},"authorDisplayNameMap":{"ryanlow64":"CS2103T-T12-3 LOW ..RYAN","mjyan02":"CS2103T-T12-3 YAN ..GJUN","chenxu20":"CS2103T-T12-3 CHEN..N XU","kumar2215":"CS2103T-T12-3 KUMA..ASAN","githubcsuser":"CS2103T-T12-3 LIM ..FENG"}}
