{"authorDailyContributionsMap":{"ryanlow64":[{"date":"2025-04-06","commitResults":[{"hash":"215af5513cec0371e5ed465299e7709c5f052fe6","isMergeCommit":true,"messageTitle":"Merge pull request #260 from chenxu20/branch-PED-two","messageBody":"Fix bugs","fileTypesAndContributionMap":{}},{"hash":"3863355d8a6ff17b3211599732e2442818f4cf67","isMergeCommit":false,"messageTitle":"Fix: Blocks deletion of active properties","messageBody":"Blocks deletion of property if it is associated with any non-closed deals or future events.\n","fileTypesAndContributionMap":{"functional-code":{"insertions":37,"deletions":0}}}]},{"date":"2025-04-07","commitResults":[{"hash":"34d03090d32c148c0e4553a780ca94d5006fb046","isMergeCommit":false,"messageTitle":"Add test cases","messageBody":"","fileTypesAndContributionMap":{"functional-code":{"insertions":0,"deletions":2},"test-code":{"insertions":506,"deletions":4}}},{"hash":"1f892f85bd723b1168ccea2eb5fd692e30829049","isMergeCommit":false,"messageTitle":"Fix test case","messageBody":"","fileTypesAndContributionMap":{"test-code":{"insertions":1,"deletions":1}}},{"hash":"c5421a7873418c09681ca4ed31fdb1e03f0d7b55","isMergeCommit":false,"messageTitle":"Fix test case","messageBody":"","fileTypesAndContributionMap":{"test-code":{"insertions":2,"deletions":2}}},{"hash":"4aa3d56f7e39bdc40d4a8457ccbc4d7fa0a4c620","isMergeCommit":true,"messageTitle":"Merge branch \u0027master\u0027 into bugfix-v1.6","messageBody":"","fileTypesAndContributionMap":{}},{"hash":"30f537c05a845762fc138516704414ec918c1e7c","isMergeCommit":false,"messageTitle":"Update UG","messageBody":"","fileTypesAndContributionMap":{"functional-code":{"insertions":4,"deletions":4},"docs":{"insertions":42,"deletions":31}}}]},{"date":"2025-04-08","commitResults":[{"hash":"f878aeb8dee506d2842b34cf605d9d047132d305","isMergeCommit":false,"messageTitle":"Update UG","messageBody":"","fileTypesAndContributionMap":{"docs":{"insertions":13,"deletions":28}}},{"hash":"0abcc90ffbf4178bbfdab00c1371f3ad6ebea18a","isMergeCommit":true,"messageTitle":"Merge branch \u0027master\u0027 into bugfix-v1.6","messageBody":"# Conflicts:\n#\tdocs/UserGuide.md\n#\tsrc/main/java/seedu/address/model/client/ClientName.java\n","fileTypesAndContributionMap":{}},{"hash":"c3143d28649e8653159d0c62464f139174a14738","isMergeCommit":false,"messageTitle":"Update UG","messageBody":"","fileTypesAndContributionMap":{"docs":{"insertions":15,"deletions":6}}}]}],"mjyan02":[{"date":"2025-04-05","commitResults":[{"hash":"7a7f9aded1eca57237f2e966e9e9eba764c5a502","isMergeCommit":false,"messageTitle":"Overhaul: fix numerous bugs for property after PE-D","messageBody":"","fileTypesAndContributionMap":{"functional-code":{"insertions":58,"deletions":52},"docs":{"insertions":15,"deletions":12},"test-code":{"insertions":75,"deletions":64}}},{"hash":"7ae980851c757588f855b84ea0b822be4bc5c81e","isMergeCommit":false,"messageTitle":"Overhaul: fix numerous bugs for property after PE-D","messageBody":"","fileTypesAndContributionMap":{"functional-code":{"insertions":0,"deletions":4}}},{"hash":"ee978ce7a804e92fa72ccf8ddb949d018adad601","isMergeCommit":false,"messageTitle":"Overhaul: fix numerous bugs for property after PE-D","messageBody":"","fileTypesAndContributionMap":{"functional-code":{"insertions":1,"deletions":2},"docs":{"insertions":2,"deletions":3}}},{"hash":"787ba432e72db41825eaf3b7ca555145afb05f35","isMergeCommit":false,"messageTitle":"Overhaul: fix numerous bugs for property after PE-D","messageBody":"","fileTypesAndContributionMap":{"functional-code":{"insertions":28,"deletions":29},"docs":{"insertions":2,"deletions":3}}},{"hash":"ebeb3e69f4e33bb7e829684e8f5b19e4ad21bd66","isMergeCommit":true,"messageTitle":"Merge remote-tracking branch \u0027origin/master\u0027","messageBody":"","fileTypesAndContributionMap":{}},{"hash":"a80166135e2a02842e257b0ab209b6a6edcef854","isMergeCommit":false,"messageTitle":"Overhaul: fix numerous bugs for property after PE-D","messageBody":"","fileTypesAndContributionMap":{"functional-code":{"insertions":17,"deletions":17}}},{"hash":"48df9b32212492fb40c669804740961956b6733f","isMergeCommit":false,"messageTitle":"Overhaul: fix numerous bugs for property after PE-D","messageBody":"","fileTypesAndContributionMap":{"functional-code":{"insertions":6,"deletions":7},"test-code":{"insertions":15,"deletions":43}}},{"hash":"27a2c3aa4db8ffb3422f35643b749ef5d3df4a82","isMergeCommit":false,"messageTitle":"Overhaul: fix numerous bugs for property after PE-D","messageBody":"","fileTypesAndContributionMap":{"functional-code":{"insertions":2,"deletions":2}}},{"hash":"f00676b2dc0c33d0f87a79dd56df88a7a8449147","isMergeCommit":false,"messageTitle":"Overhaul: fix numerous bugs for property after PE-D","messageBody":"","fileTypesAndContributionMap":{"functional-code":{"insertions":2,"deletions":2},"test-code":{"insertions":28,"deletions":13}}},{"hash":"3012b58935f93d7b89b1ec91db3860944fe75af7","isMergeCommit":true,"messageTitle":"Merge remote-tracking branch \u0027origin/master\u0027","messageBody":"","fileTypesAndContributionMap":{}}]},{"date":"2025-04-06","commitResults":[{"hash":"b7e34ff54ce6f927e83821c26d3d14e4876d6cc5","isMergeCommit":false,"messageTitle":"Update: fix numerous bugs after PE-D","messageBody":"","fileTypesAndContributionMap":{"docs":{"insertions":5,"deletions":5}}}]}],"chenxu20":[{"date":"2025-04-05","commitResults":[{"hash":"f4b222b96890bedae4942b63bad1152221a155b7","isMergeCommit":true,"messageTitle":"Merge pull request #257 from mjyan02/branch-bug-fixing","messageBody":"Branch bug fixing","fileTypesAndContributionMap":{}}]},{"date":"2025-04-06","commitResults":[{"hash":"b68346127f8136eeb54cd4efb2008931e390842a","isMergeCommit":false,"messageTitle":"Fix bugs","messageBody":"","fileTypesAndContributionMap":{"functional-code":{"insertions":61,"deletions":4},"test-code":{"insertions":16,"deletions":29}}},{"hash":"b13c6fc48208248d414eec8b54d5755ad418a96d","isMergeCommit":true,"messageTitle":"Merge pull request #266 from ryanlow64/bugfix-v1.6","messageBody":"Fix: Block deletion of active properties","fileTypesAndContributionMap":{}},{"hash":"a2cf1f822535d1d6f5e10b03527691099178e4e0","isMergeCommit":true,"messageTitle":"Merge pull request #264 from mjyan02/branch-bug-fixing","messageBody":"Update: fix numerous bugs after PE-D","fileTypesAndContributionMap":{}},{"hash":"2d0cf8a8fc015800f1b4d3ef19955bfb081c3082","isMergeCommit":false,"messageTitle":"Update UG","messageBody":"","fileTypesAndContributionMap":{"docs":{"insertions":52,"deletions":43}}},{"hash":"fa5a5ea23cff76c603d011916c2306ce1ab91df8","isMergeCommit":false,"messageTitle":"Update restrictions on client names","messageBody":"","fileTypesAndContributionMap":{"docs":{"insertions":1,"deletions":0}}}]},{"date":"2025-04-08","commitResults":[{"hash":"c86468437315e7658f555693a91651bd2ab33056","isMergeCommit":false,"messageTitle":"Update DG","messageBody":"","fileTypesAndContributionMap":{"docs":{"insertions":45,"deletions":0}}},{"hash":"fc2a946287b98aa4811c84e749601571516c9551","isMergeCommit":false,"messageTitle":"Update UG","messageBody":"","fileTypesAndContributionMap":{"docs":{"insertions":1,"deletions":1}}},{"hash":"b0f20e1f0865276297c29495019617a959bd9f00","isMergeCommit":false,"messageTitle":"Update DG","messageBody":"","fileTypesAndContributionMap":{"docs":{"insertions":5,"deletions":0}}}]}],"kumar2215":[{"date":"2025-04-06","commitResults":[{"hash":"8f7be1eb75a2606524f95d486f6ab256a5ca7ab8","isMergeCommit":false,"messageTitle":"Fix bugs found in PE-D","messageBody":"","fileTypesAndContributionMap":{"functional-code":{"insertions":112,"deletions":52},"test-code":{"insertions":158,"deletions":221}}},{"hash":"d28ccf88fb67b69d3dea22745898df7f8af87465","isMergeCommit":false,"messageTitle":"Change OWNER to OWNER_ID","messageBody":"","fileTypesAndContributionMap":{"functional-code":{"insertions":11,"deletions":11},"docs":{"insertions":6,"deletions":6}}},{"hash":"1f145912362da9b93e6017359d0a02eb230f7265","isMergeCommit":true,"messageTitle":"Merge pull request #259 from githubcsuser/branch-add-deal-model-tests","messageBody":"Branch add deal model tests","fileTypesAndContributionMap":{}},{"hash":"8952648cd6460275caeaf5310745c21ea1fcdb4d","isMergeCommit":true,"messageTitle":"Merge pull request #267 from chenxu20/branch-PED-UG","messageBody":"Update UG","fileTypesAndContributionMap":{}},{"hash":"a63b9344f45ac273979320c230f8cd6ec08b82b2","isMergeCommit":true,"messageTitle":"Merge pull request #268 from chenxu20/branch-PED-UG","messageBody":"Update restrictions on client names","fileTypesAndContributionMap":{}}]},{"date":"2025-04-07","commitResults":[{"hash":"c3648791e3f68fff619958ccc073c5325de6ae19","isMergeCommit":true,"messageTitle":"Merge branch \u0027master\u0027 into bug-fixes","messageBody":"","fileTypesAndContributionMap":{}},{"hash":"025be0720cfc45221a771e91bdcee0e3384443a4","isMergeCommit":false,"messageTitle":"Update client id to owner","messageBody":"","fileTypesAndContributionMap":{"functional-code":{"insertions":23,"deletions":23},"docs":{"insertions":7,"deletions":7},"test-code":{"insertions":10,"deletions":11}}},{"hash":"4628f4626b70e507e13f724fc9f1c7afb075034a","isMergeCommit":false,"messageTitle":"Modify restrictions to client and property names","messageBody":"","fileTypesAndContributionMap":{"functional-code":{"insertions":14,"deletions":7},"docs":{"insertions":19,"deletions":13}}},{"hash":"627a319ed6d03b73b031ac93d12477a4464051a3","isMergeCommit":false,"messageTitle":"Update tests","messageBody":"","fileTypesAndContributionMap":{"test-code":{"insertions":3,"deletions":3}}},{"hash":"ad3e45c77101911c92b9905389a8cab78f4f3f08","isMergeCommit":false,"messageTitle":"Update email message usage","messageBody":"","fileTypesAndContributionMap":{"functional-code":{"insertions":3,"deletions":2}}},{"hash":"fba4b3a11176daee402e44bb185e27a31d384579","isMergeCommit":false,"messageTitle":"Disallow clashing events when editing","messageBody":"","fileTypesAndContributionMap":{"functional-code":{"insertions":8,"deletions":0}}},{"hash":"bca7aee047569653fc23bb217a83ce6f0caf54e8","isMergeCommit":false,"messageTitle":"Update tests","messageBody":"","fileTypesAndContributionMap":{"test-code":{"insertions":0,"deletions":56}}},{"hash":"ecfea919c85e3b1ba4c9805b922eb53def7f2420","isMergeCommit":false,"messageTitle":"Remove unused imports","messageBody":"","fileTypesAndContributionMap":{"test-code":{"insertions":0,"deletions":4}}},{"hash":"4e9055e140024dcd7b4440970076a69047514be6","isMergeCommit":false,"messageTitle":"Fix bug and update tests","messageBody":"","fileTypesAndContributionMap":{"functional-code":{"insertions":2,"deletions":8},"test-code":{"insertions":10,"deletions":0}}},{"hash":"a3a89a4e2893871df057c03eb8799b52cef60615","isMergeCommit":false,"messageTitle":"Fix checkstyle","messageBody":"","fileTypesAndContributionMap":{"test-code":{"insertions":2,"deletions":2}}},{"hash":"379902124e3a88415ac8cf7a4f5db790ede3468d","isMergeCommit":true,"messageTitle":"Merge pull request #269 from kumar2215/bug-fixes","messageBody":"Bug fixes","fileTypesAndContributionMap":{}},{"hash":"906d47f0c8578b3c4ec5feafe313e19a1e6c5e3b","isMergeCommit":false,"messageTitle":"Cause an error when nothing changes in edit commands","messageBody":"","fileTypesAndContributionMap":{"functional-code":{"insertions":27,"deletions":4}}},{"hash":"306651770734253ff5f2356889e4ba7869c52900","isMergeCommit":false,"messageTitle":"Change address book to REconnect","messageBody":"","fileTypesAndContributionMap":{"functional-code":{"insertions":84,"deletions":84},"test-code":{"insertions":1,"deletions":1}}},{"hash":"2ef5a652276c5795677ad0f2cfe8663831a77305","isMergeCommit":false,"messageTitle":"Improve delete error messages","messageBody":"","fileTypesAndContributionMap":{"functional-code":{"insertions":77,"deletions":37},"test-code":{"insertions":18,"deletions":16}}},{"hash":"5710d964e734bf80a2631dc6b9745cb55bb4c846","isMergeCommit":true,"messageTitle":"Merge pull request #270 from ryanlow64/tests-v1.6","messageBody":"Add test cases","fileTypesAndContributionMap":{}}]},{"date":"2025-04-08","commitResults":[{"hash":"a79f05877c2eaa7feb8f2298cb1f95382c60ae1a","isMergeCommit":false,"messageTitle":"Update docs","messageBody":"","fileTypesAndContributionMap":{"functional-code":{"insertions":4,"deletions":4},"docs":{"insertions":207,"deletions":354}}},{"hash":"511785bd093698f0e3d5f7908d9e5540206d0883","isMergeCommit":false,"messageTitle":"Fix typos","messageBody":"","fileTypesAndContributionMap":{"docs":{"insertions":2,"deletions":2}}},{"hash":"4dbc953408cbf48d601c1982eff5cce5d32ad2e5","isMergeCommit":false,"messageTitle":"Update tests","messageBody":"","fileTypesAndContributionMap":{"test-code":{"insertions":2,"deletions":2}}},{"hash":"d81c807836d937d275ac56a57f51aa76ba0f1036","isMergeCommit":true,"messageTitle":"Merge branch \u0027master\u0027 into bug-fixes","messageBody":"","fileTypesAndContributionMap":{}},{"hash":"437aa68093e09f38ab072610bf914b91d009445e","isMergeCommit":true,"messageTitle":"Merge pull request #272 from kumar2215/bug-fixes","messageBody":"Update docs","fileTypesAndContributionMap":{}},{"hash":"9ccd581bdb6483a5d8c655b3fa53b5deaf91c3df","isMergeCommit":true,"messageTitle":"Merge pull request #273 from chenxu20/branch-PED-DG","messageBody":"Update DG","fileTypesAndContributionMap":{}},{"hash":"bee7fef9b6b795abbb2c78445ad6621a21d82136","isMergeCommit":true,"messageTitle":"Merge pull request #271 from ryanlow64/bugfix-v1.6","messageBody":"Update UG","fileTypesAndContributionMap":{}},{"hash":"71320adc062b3d40c50a8e762a9a32e8b98c4484","isMergeCommit":true,"messageTitle":"Merge pull request #274 from chenxu20/branch-PED-DG","messageBody":"Update UG","fileTypesAndContributionMap":{}},{"hash":"16e60159777c6c8c8776865fc17a6f3ccfe57a9d","isMergeCommit":false,"messageTitle":"Ensure consistency","messageBody":"","fileTypesAndContributionMap":{"functional-code":{"insertions":22,"deletions":26},"docs":{"insertions":18,"deletions":6}}},{"hash":"308ad5cbd07a6c90de307d36f450679385c9c58d","isMergeCommit":true,"messageTitle":"Merge pull request #275 from kumar2215/bug-fixes","messageBody":"Ensure consistency","fileTypesAndContributionMap":{}}]}],"githubcsuser":[{"date":"2025-04-06","commitResults":[{"hash":"734604d19082ea8e5496e24068ca36bc7f0a2d86","isMergeCommit":false,"messageTitle":"Add deal model tests","messageBody":"","fileTypesAndContributionMap":{"test-code":{"insertions":809,"deletions":0}}},{"hash":"b85b32694376139ee51ad223546396a226c1ca2d","isMergeCommit":false,"messageTitle":"Update UserGuide","messageBody":"","fileTypesAndContributionMap":{"docs":{"insertions":27,"deletions":27}}},{"hash":"1328f2faf245e4de1bb0573f749d940fb307b6ca","isMergeCommit":false,"messageTitle":"Update Developer Guide","messageBody":"","fileTypesAndContributionMap":{"docs":{"insertions":140,"deletions":2}}},{"hash":"22b0391b58b1ef56662f109f4bdccac0f383be87","isMergeCommit":false,"messageTitle":"Update FAQ of user guide","messageBody":"","fileTypesAndContributionMap":{"docs":{"insertions":21,"deletions":0}}},{"hash":"9708e11331ef5fcf32782363371c550f6629b4f2","isMergeCommit":false,"messageTitle":"Update for typo in UserGuide","messageBody":"","fileTypesAndContributionMap":{"docs":{"insertions":1,"deletions":1}}},{"hash":"f063bcccadedb57f2db14245604bfae0afb905d7","isMergeCommit":false,"messageTitle":"Update UserGuide","messageBody":"","fileTypesAndContributionMap":{"docs":{"insertions":2,"deletions":2}}}]}]},"authorFileTypeContributionMap":{"ryanlow64":{"docs":39,"functional-code":27,"test-code":506},"mjyan02":{"docs":5,"functional-code":1,"test-code":51},"chenxu20":{"docs":56,"functional-code":60,"test-code":16},"kumar2215":{"docs":230,"functional-code":315,"test-code":180},"githubcsuser":{"docs":159,"functional-code":0,"test-code":809}},"authorContributionVariance":{"ryanlow64":60553.25,"mjyan02":47016.75,"chenxu20":7124.75,"kumar2215":69172.5,"githubcsuser":199692.0},"authorDisplayNameMap":{"ryanlow64":"CS2103T-T12-3 LOW ..RYAN","mjyan02":"CS2103T-T12-3 YAN ..GJUN","chenxu20":"CS2103T-T12-3 CHEN..N XU","kumar2215":"CS2103T-T12-3 KUMA..ASAN","githubcsuser":"CS2103T-T12-3 LIM ..FENG"}}
