{"authorDailyContributionsMap":{"senshir":[],"aaronlim02":[],"wilsonh0":[],"nicholasdaijh":[]},"authorFileTypeContributionMap":{"senshir":{"docs":0,"functional-code":0,"test-code":0},"aaronlim02":{"docs":0,"functional-code":0,"test-code":0},"wilsonh0":{"docs":0,"functional-code":0,"test-code":0},"nicholasdaijh":{"docs":0,"functional-code":0,"test-code":0}},"authorContributionVariance":{"senshir":0.0,"aaronlim02":0.0,"wilsonh0":0.0,"nicholasdaijh":0.0},"authorDisplayNameMap":{"senshir":"CS2103T-T15-3 AUDR.. SEN","aaronlim02":"CS2103T-T15-3 LIM ..ARON","wilsonh0":"CS2103T-T15-3 HO J..LSON","nicholasdaijh":"CS2103T-T15-3 DAI ..OLAS"}}
