{"authorDailyContributionsMap":{"senshir":[{"date":"2025-04-07","commitResults":[{"hash":"206528c1fc6163026cbd935fc94b89be1afe97ff","isMergeCommit":false,"messageTitle":"Set character warning and limit for tags","messageBody":"Added 13 lines of code\n","fileTypesAndContributionMap":{"functional-code":{"insertions":13,"deletions":2}}},{"hash":"846991b354bc717122590555bed300496a09614e","isMergeCommit":false,"messageTitle":"Fix confusing term in attendance","messageBody":"More clear that attendance may not be always taken\n","fileTypesAndContributionMap":{"functional-code":{"insertions":1,"deletions":1}}},{"hash":"f16ef78f50e835104978a212641299300da725d4","isMergeCommit":false,"messageTitle":"Fix scrollbar for result window","messageBody":"Text can now wrap and be scrolled\n","fileTypesAndContributionMap":{"functional-code":{"insertions":7,"deletions":3}}}]},{"date":"2025-04-08","commitResults":[{"hash":"77e7d2416fdb7a48606adf9584d49dcb3350c5db","isMergeCommit":false,"messageTitle":"Add a way to refresh UI","messageBody":"Added a few helper methods so that the panel can be refreshed even when external classes want to use it\nAdded about 30 LOC\n","fileTypesAndContributionMap":{"functional-code":{"insertions":29,"deletions":0}}}]}],"aaronlim02":[{"date":"2025-04-07","commitResults":[{"hash":"1b4ddf5609cece454636bb20d8ef52e3936de9ad","isMergeCommit":false,"messageTitle":"Fix bug: \"Edit command breaks guarantee that Leave should be only after the employee join date\"","messageBody":"","fileTypesAndContributionMap":{"functional-code":{"insertions":11,"deletions":0}}},{"hash":"b1c85e0d31a4b1054e7ea6ad6f1bedb1bbb78db2","isMergeCommit":false,"messageTitle":"Revert \"Fix bug: \"Edit command breaks guarantee that Leave should be only after\"","messageBody":"This reverts commit 1b4ddf5609cece454636bb20d8ef52e3936de9ad.\n","fileTypesAndContributionMap":{"functional-code":{"insertions":0,"deletions":11}}},{"hash":"fa56139a07993154f0f0e26b3febbb5b4d75ad27","isMergeCommit":false,"messageTitle":"Fix bug: \"Edit command breaks guarantee that Leave should be only after the employee join date\"","messageBody":"","fileTypesAndContributionMap":{"functional-code":{"insertions":11,"deletions":0}}},{"hash":"e79528f78f8e378bd1a2a26c539a51b2585526d8","isMergeCommit":true,"messageTitle":"Merge pull request #180 from aaronlim02/branch-fix-edit-bug-2","messageBody":"Branch fix edit bug 2","fileTypesAndContributionMap":{}},{"hash":"ed5c70077babf015fa1b37840a3ccf1aca3b3385","isMergeCommit":false,"messageTitle":"Fix bug: \"Error message for invalid person index for edit command can be more specific\"","messageBody":"","fileTypesAndContributionMap":{"functional-code":{"insertions":13,"deletions":8}}},{"hash":"8aff5c2c11f5f79a8fa464718bae06d957dafd44","isMergeCommit":false,"messageTitle":"Fix bug: \"Wrong error message shown when invalid edit command format is used\"","messageBody":"","fileTypesAndContributionMap":{"functional-code":{"insertions":3,"deletions":6}}},{"hash":"91956f9d061492b294ff50402543feb5f13cc974","isMergeCommit":true,"messageTitle":"Merge pull request #182 from aaronlim02/branch-fix-edit-bug-3","messageBody":"Branch fix edit bug 3","fileTypesAndContributionMap":{}},{"hash":"8c21b5ef02796a5e1cbaf66ce8925467b56577b6","isMergeCommit":false,"messageTitle":"Fix \"Error message for duplicate NRIC not specific enough\"","messageBody":"","fileTypesAndContributionMap":{"functional-code":{"insertions":6,"deletions":4}}},{"hash":"a14345ce8bd7af72e3e69a571db526539efd5908","isMergeCommit":false,"messageTitle":"Fix bugs and edit UG for \u0027edit\u0027 command","messageBody":"","fileTypesAndContributionMap":{"functional-code":{"insertions":6,"deletions":3},"docs":{"insertions":4,"deletions":0}}}]}],"wilsonh0":[{"date":"2025-04-07","commitResults":[{"hash":"ba60f9cdd2d9d3e462cd584ec00b57c6a5016208","isMergeCommit":false,"messageTitle":"Fix error message bug when index is invalid","messageBody":"","fileTypesAndContributionMap":{"functional-code":{"insertions":7,"deletions":1}}},{"hash":"9b54c5c1d11ae4cec5317c748a30c7149b26400e","isMergeCommit":false,"messageTitle":"Change Max Year for Leave to align with other date constraints","messageBody":"","fileTypesAndContributionMap":{"functional-code":{"insertions":1,"deletions":1}}}]},{"date":"2025-04-08","commitResults":[{"hash":"4f668db2ae5808f28f0de4cf0615e2594f8dc1ee","isMergeCommit":false,"messageTitle":"Improve invalid index message","messageBody":"","fileTypesAndContributionMap":{"functional-code":{"insertions":1,"deletions":1}}},{"hash":"4588aca14a0fa70ddfac890aa505c56ceb8d6ded","isMergeCommit":true,"messageTitle":"Merge pull request #181 from senshir/branch-bugfixing","messageBody":"Functionality bugfixing - Tag character count, attendance term, scrollbar for results","fileTypesAndContributionMap":{}},{"hash":"65fbd94871e52536ad67531b6a48c8b0c0de2b81","isMergeCommit":true,"messageTitle":"Merge pull request #183 from aaronlim02/branch-fix-nric-error-message","messageBody":"Fix \"Error message for duplicate NRIC not specific enough\"","fileTypesAndContributionMap":{}},{"hash":"779dc4843f483543621a54c89d9e94ee110ecc03","isMergeCommit":true,"messageTitle":"Merge pull request #184 from aaronlim02/branch-fix-edit-bug-4","messageBody":"Fix bugs and edit UG for \u0027edit\u0027 command","fileTypesAndContributionMap":{}},{"hash":"84b43fde6f19a5864a0f6216a3a15de38c2c6e95","isMergeCommit":true,"messageTitle":"Merge pull request #185 from wilsonh0/branch-fix-bugs","messageBody":"Fix bugs related to Leave","fileTypesAndContributionMap":{}},{"hash":"0e27006617abe3495e1bc6582b4a38bf8b1f0d34","isMergeCommit":true,"messageTitle":"Merge pull request #186 from nicholasdaijh/branch-v1.6","messageBody":"Branch v1.6","fileTypesAndContributionMap":{}},{"hash":"e86dc46598e4e633981d6c83d29ecc33da4f95a0","isMergeCommit":true,"messageTitle":"Merge pull request #187 from senshir/branch-lastupdate-persondetailspanel","messageBody":"Add a way to refresh UI","fileTypesAndContributionMap":{}}]}],"nicholasdaijh":[{"date":"2025-04-07","commitResults":[{"hash":"60407f2025d7b6154d7ac98ec1d9d78da2c221ba","isMergeCommit":false,"messageTitle":"Make error message for invalid date more specific","messageBody":"","fileTypesAndContributionMap":{"functional-code":{"insertions":10,"deletions":2},"docs":{"insertions":21,"deletions":6}}}]},{"date":"2025-04-08","commitResults":[{"hash":"be9cd1ac7bf125d1d62c4d790c2fc854877dfc67","isMergeCommit":false,"messageTitle":"Edit user stories","messageBody":"","fileTypesAndContributionMap":{"docs":{"insertions":12,"deletions":8}}},{"hash":"a4690c1f29ab65dc7143f8ea5679ed12f86bbe07","isMergeCommit":false,"messageTitle":"Update use cases in DG","messageBody":"","fileTypesAndContributionMap":{"functional-code":{"insertions":1,"deletions":1},"docs":{"insertions":273,"deletions":9}}},{"hash":"801883e72c8c9c896f1011e8ac25c9bf6f5ea0b5","isMergeCommit":true,"messageTitle":"Merge pull request #189 from nicholasdaijh/branch-v1.6","messageBody":"Update use cases in DG","fileTypesAndContributionMap":{}}]}]},"authorFileTypeContributionMap":{"senshir":{"docs":0,"functional-code":49,"test-code":0},"aaronlim02":{"docs":4,"functional-code":31,"test-code":0},"wilsonh0":{"docs":0,"functional-code":7,"test-code":0},"nicholasdaijh":{"docs":293,"functional-code":9,"test-code":0}},"authorContributionVariance":{"senshir":196.5,"aaronlim02":1386.75,"wilsonh0":17.0,"nicholasdaijh":16131.1875},"authorDisplayNameMap":{"senshir":"CS2103T-T15-3 AUDR.. SEN","aaronlim02":"CS2103T-T15-3 LIM ..ARON","wilsonh0":"CS2103T-T15-3 HO J..LSON","nicholasdaijh":"CS2103T-T15-3 DAI ..OLAS"}}
