{"authorDailyContributionsMap":{"senshir":[],"aaronlim02":[{"date":"2025-04-07","commitResults":[{"hash":"1b4ddf5609cece454636bb20d8ef52e3936de9ad","isMergeCommit":false,"messageTitle":"Fix bug: \"Edit command breaks guarantee that Leave should be only after the employee join date\"","messageBody":"","fileTypesAndContributionMap":{"functional-code":{"insertions":11,"deletions":0}}},{"hash":"b1c85e0d31a4b1054e7ea6ad6f1bedb1bbb78db2","isMergeCommit":false,"messageTitle":"Revert \"Fix bug: \"Edit command breaks guarantee that Leave should be only after\"","messageBody":"This reverts commit 1b4ddf5609cece454636bb20d8ef52e3936de9ad.\n","fileTypesAndContributionMap":{"functional-code":{"insertions":0,"deletions":11}}},{"hash":"fa56139a07993154f0f0e26b3febbb5b4d75ad27","isMergeCommit":false,"messageTitle":"Fix bug: \"Edit command breaks guarantee that Leave should be only after the employee join date\"","messageBody":"","fileTypesAndContributionMap":{"functional-code":{"insertions":11,"deletions":0}}},{"hash":"e79528f78f8e378bd1a2a26c539a51b2585526d8","isMergeCommit":true,"messageTitle":"Merge pull request #180 from aaronlim02/branch-fix-edit-bug-2","messageBody":"Branch fix edit bug 2","fileTypesAndContributionMap":{}},{"hash":"ed5c70077babf015fa1b37840a3ccf1aca3b3385","isMergeCommit":false,"messageTitle":"Fix bug: \"Error message for invalid person index for edit command can be more specific\"","messageBody":"","fileTypesAndContributionMap":{"functional-code":{"insertions":13,"deletions":8}}},{"hash":"8aff5c2c11f5f79a8fa464718bae06d957dafd44","isMergeCommit":false,"messageTitle":"Fix bug: \"Wrong error message shown when invalid edit command format is used\"","messageBody":"","fileTypesAndContributionMap":{"functional-code":{"insertions":3,"deletions":6}}},{"hash":"91956f9d061492b294ff50402543feb5f13cc974","isMergeCommit":true,"messageTitle":"Merge pull request #182 from aaronlim02/branch-fix-edit-bug-3","messageBody":"Branch fix edit bug 3","fileTypesAndContributionMap":{}}]}],"wilsonh0":[],"nicholasdaijh":[]},"authorFileTypeContributionMap":{"senshir":{"docs":0,"functional-code":0,"test-code":0},"aaronlim02":{"docs":0,"functional-code":22,"test-code":0},"wilsonh0":{"docs":0,"functional-code":0,"test-code":0},"nicholasdaijh":{"docs":0,"functional-code":0,"test-code":0}},"authorContributionVariance":{"senshir":0.0,"aaronlim02":882.0,"wilsonh0":0.0,"nicholasdaijh":0.0},"authorDisplayNameMap":{"senshir":"CS2103T-T15-3 AUDR.. SEN","aaronlim02":"CS2103T-T15-3 LIM ..ARON","wilsonh0":"CS2103T-T15-3 HO J..LSON","nicholasdaijh":"CS2103T-T15-3 DAI ..OLAS"}}
