{"authorDailyContributionsMap":{"ho-thanh-und":[],"Zonnie-23":[{"date":"2025-04-07","commitResults":[{"hash":"6ea269ca589bf147839a604d14ea7dbfb430754e","isMergeCommit":true,"messageTitle":"Merge pull request #185 from Zonnie-23/branch-UpdateJobRoleDetailOnUserGuide","messageBody":"Update UG to address common issue with job role","fileTypesAndContributionMap":{}},{"hash":"4700d85a6430fcd1244374778fe2f2ce65cf2dfe","isMergeCommit":false,"messageTitle":"Include relevant tags","messageBody":"","fileTypesAndContributionMap":{"functional-code":{"insertions":7,"deletions":7}}},{"hash":"5c3684f402b7c11ddacae837dcdb6ae2434ee98b","isMergeCommit":true,"messageTitle":"Merge pull request #186 from Zonnie-23/branch-ErroneousSampleData","messageBody":"Fix erroneous sample data","fileTypesAndContributionMap":{}}]}],"DanielJames0302":[{"date":"2025-04-07","commitResults":[{"hash":"ba7674a9a352eab8846e821a5c32ff1b89014ebe","isMergeCommit":false,"messageTitle":"Fix bugs for schedule commands","messageBody":"","fileTypesAndContributionMap":{"functional-code":{"insertions":38,"deletions":7},"test-code":{"insertions":34,"deletions":2}}},{"hash":"abfd42763a7aca42987d515352e382f5664df8f9","isMergeCommit":false,"messageTitle":"Update UG and DG for schedule","messageBody":"","fileTypesAndContributionMap":{"docs":{"insertions":318,"deletions":22}}},{"hash":"7def7f46d9849403370948e9b19930e5cd52e99a","isMergeCommit":true,"messageTitle":"Merge pull request #245 from DanielJames0302/branch-FixPEDScheduleBug","messageBody":"Fix PE-D bugs for schedule commands","fileTypesAndContributionMap":{}},{"hash":"d390cd4a162451a2b0f26dfe17fbe24bd6119b4a","isMergeCommit":false,"messageTitle":"Change person to candidate in delete command","messageBody":"","fileTypesAndContributionMap":{"docs":{"insertions":5,"deletions":5}}},{"hash":"4f783d1ba59e5a5c3f9b36380b98173eef633dfd","isMergeCommit":false,"messageTitle":"Add minor fix","messageBody":"","fileTypesAndContributionMap":{"docs":{"insertions":1,"deletions":1}}},{"hash":"10c1b9e3b37466d9b7f69009d0b39444936ce1ed","isMergeCommit":false,"messageTitle":"Fix minor bugs","messageBody":"","fileTypesAndContributionMap":{"docs":{"insertions":12,"deletions":10}}},{"hash":"b1710085c4e83a2b61ed62b36b2f53cb9de0e967","isMergeCommit":false,"messageTitle":"Update docs/DeveloperGuide.md","messageBody":"Co-authored-by: Harish Balamurugan \u003cbharishwork@gmail.com\u003e","fileTypesAndContributionMap":{"docs":{"insertions":4,"deletions":2}}},{"hash":"2be0e338ed280eaa04f989063d9d2e7b1e6de5cd","isMergeCommit":false,"messageTitle":"Update docs/DeveloperGuide.md","messageBody":"Co-authored-by: Harish Balamurugan \u003cbharishwork@gmail.com\u003e","fileTypesAndContributionMap":{"docs":{"insertions":1,"deletions":1}}},{"hash":"719689c5460cbbd3c6e587ccdd3bdb7c23bc85d4","isMergeCommit":true,"messageTitle":"Merge branch \u0027master\u0027 into branch-ModifyUGandDGForSchedule","messageBody":"# Conflicts:\n#\tdocs/DeveloperGuide.md\n","fileTypesAndContributionMap":{}},{"hash":"f25108321bf345f90fa5a536f2453ed589c91401","isMergeCommit":true,"messageTitle":"Merge pull request #248 from DanielJames0302/branch-ModifyUGandDGForSchedule","messageBody":"Update UG and DG for schedule","fileTypesAndContributionMap":{}}]}],"GauhVish":[{"date":"2025-04-07","commitResults":[{"hash":"7e0ab4cc5e8c9a21e88ea0c1ffa7db706a11c3f2","isMergeCommit":false,"messageTitle":"Update DG with theme","messageBody":"","fileTypesAndContributionMap":{"docs":{"insertions":41,"deletions":0}}},{"hash":"13fa32bea699726224abc1acf31960b8cf1bb579","isMergeCommit":false,"messageTitle":"Update DG UML","messageBody":"","fileTypesAndContributionMap":{"docs":{"insertions":126,"deletions":3}}},{"hash":"e8fe72092bd848beb3799307a4b78934e017540c","isMergeCommit":false,"messageTitle":"Fix EOF issue","messageBody":"","fileTypesAndContributionMap":{"docs":{"insertions":9,"deletions":14}}},{"hash":"b89a957760f18bd8ad14179b1c28102f671a895f","isMergeCommit":false,"messageTitle":"Update docs/DeveloperGuide.md","messageBody":"Co-authored-by: Harish Balamurugan \u003cbharishwork@gmail.com\u003e","fileTypesAndContributionMap":{"docs":{"insertions":0,"deletions":1}}},{"hash":"91e24470253b7ba8c7fd08447ecacd6cda453c76","isMergeCommit":true,"messageTitle":"Merge pull request #250 from GauhVish/Update-DG-theme","messageBody":"Update dg theme","fileTypesAndContributionMap":{}}]}],"HarishB99":[]},"authorFileTypeContributionMap":{"ho-thanh-und":{"docs":0,"functional-code":0,"test-code":0},"Zonnie-23":{"docs":0,"functional-code":7,"test-code":0},"DanielJames0302":{"docs":323,"functional-code":38,"test-code":34},"GauhVish":{"docs":159,"functional-code":0,"test-code":0},"HarishB99":{"docs":0,"functional-code":0,"test-code":0}},"authorContributionVariance":{"ho-thanh-und":0.0,"Zonnie-23":43.555557,"DanielJames0302":47637.56,"GauhVish":8363.556,"HarishB99":0.0},"authorDisplayNameMap":{"ho-thanh-und":"CS2103T-T16-3 HO C..HANH","Zonnie-23":"CS2103T-T16-3 TAN ..ENZO","DanielJames0302":"CS2103T-T16-3 TRAM.. MAN","GauhVish":"CS2103T-T16-3 GAUH..HESH","HarishB99":"CS2103T-T16-3 HARI..UGAN"}}
