{"authorDailyContributionsMap":{"ho-thanh-und":[],"Zonnie-23":[],"DanielJames0302":[],"GauhVish":[],"HarishB99":[]},"authorFileTypeContributionMap":{"ho-thanh-und":{"docs":0,"functional-code":0,"test-code":0},"Zonnie-23":{"docs":0,"functional-code":0,"test-code":0},"DanielJames0302":{"docs":0,"functional-code":0,"test-code":0},"GauhVish":{"docs":0,"functional-code":0,"test-code":0},"HarishB99":{"docs":0,"functional-code":0,"test-code":0}},"authorContributionVariance":{"ho-thanh-und":0.0,"Zonnie-23":0.0,"DanielJames0302":0.0,"GauhVish":0.0,"HarishB99":0.0},"authorDisplayNameMap":{"ho-thanh-und":"CS2103T-T16-3 HO C..HANH","Zonnie-23":"CS2103T-T16-3 TAN ..ENZO","DanielJames0302":"CS2103T-T16-3 TRAM.. MAN","GauhVish":"CS2103T-T16-3 GAUH..HESH","HarishB99":"CS2103T-T16-3 HARI..UGAN"}}
