[{"path":"src/main/java/seedu/address/logic/commands/HelpCommand.java","fileType":"functional-code","lines":[{"lineNumber":1,"author":{"gitId":"-"},"content":"package seedu.address.logic.commands;","lastModifiedDate":"2016-09-22","isFullCredit":false},{"lineNumber":2,"author":{"gitId":"-"},"content":"","lastModifiedDate":"2016-08-24","isFullCredit":false},{"lineNumber":3,"author":{"gitId":"-"},"content":"import seedu.address.model.Model;","lastModifiedDate":"2018-08-08","isFullCredit":false},{"lineNumber":4,"author":{"gitId":"-"},"content":"","lastModifiedDate":"2016-08-31","isFullCredit":false},{"lineNumber":5,"author":{"gitId":"-"},"content":"/**","lastModifiedDate":"2016-08-24","isFullCredit":false},{"lineNumber":6,"author":{"gitId":"-"},"content":" * Lists all available commands and their usage formats.","lastModifiedDate":"2025-04-03","isFullCredit":false},{"lineNumber":7,"author":{"gitId":"-"},"content":" */","lastModifiedDate":"2016-08-24","isFullCredit":false},{"lineNumber":8,"author":{"gitId":"-"},"content":"public class HelpCommand extends Command {","lastModifiedDate":"2016-08-24","isFullCredit":false},{"lineNumber":9,"author":{"gitId":"-"},"content":"","lastModifiedDate":"2016-08-24","isFullCredit":false},{"lineNumber":10,"author":{"gitId":"-"},"content":"    public static final String COMMAND_WORD \u003d \"help\";","lastModifiedDate":"2016-08-24","isFullCredit":false},{"lineNumber":11,"author":{"gitId":"-"},"content":"","lastModifiedDate":"2016-08-24","isFullCredit":false},{"lineNumber":12,"author":{"gitId":"-"},"content":"    public static final String MESSAGE_USAGE \u003d COMMAND_WORD + \": Shows list of all commands and usage.\\n\"","lastModifiedDate":"2025-04-03","isFullCredit":false},{"lineNumber":13,"author":{"gitId":"-"},"content":"                                               + \"Example: \" + COMMAND_WORD;","lastModifiedDate":"2016-08-24","isFullCredit":false},{"lineNumber":14,"author":{"gitId":"-"},"content":"","lastModifiedDate":"2016-08-24","isFullCredit":false},{"lineNumber":15,"author":{"gitId":"-"},"content":"    public static final String HELP_MESSAGE \u003d \"List of available commands:\\n\"","lastModifiedDate":"2025-04-03","isFullCredit":false},{"lineNumber":16,"author":{"gitId":"-"},"content":"                                              + \"1. add: Adds a user.\\n\"","lastModifiedDate":"2025-04-03","isFullCredit":false},{"lineNumber":17,"author":{"gitId":"-"},"content":"                                              + \"   Format: add n/NAME p/PHONE e/EMAIL \"","lastModifiedDate":"2025-04-03","isFullCredit":false},{"lineNumber":18,"author":{"gitId":"-"},"content":"                                              + \"a/ADDRESS m/MEMBERSHIP [t/TAG]...\\n\"","lastModifiedDate":"2025-04-03","isFullCredit":false},{"lineNumber":19,"author":{"gitId":"-"},"content":"                                              + \"2. edit: Edits an existing user.\\n\"","lastModifiedDate":"2025-04-03","isFullCredit":false},{"lineNumber":20,"author":{"gitId":"-"},"content":"                                              + \"   Format: edit INDEX [n/NAME] [p/PHONE] \"","lastModifiedDate":"2025-04-03","isFullCredit":false},{"lineNumber":21,"author":{"gitId":"-"},"content":"                                              + \"[e/EMAIL] [a/ADDRESS] [m/MEMBERSHIP] [t/TAG]...\\n\"","lastModifiedDate":"2025-04-03","isFullCredit":false},{"lineNumber":22,"author":{"gitId":"-"},"content":"                                              + \"3. delete: Deletes a user.\\n\"","lastModifiedDate":"2025-04-03","isFullCredit":false},{"lineNumber":23,"author":{"gitId":"-"},"content":"                                              + \"   Format: delete INDEX\\n\"","lastModifiedDate":"2025-04-03","isFullCredit":false},{"lineNumber":24,"author":{"gitId":"PriyadarshiCharvi"},"content":"                                              + \"4. list_users: Lists all users with optional filters.\\n\"","lastModifiedDate":"2025-04-07","isFullCredit":false},{"lineNumber":25,"author":{"gitId":"-"},"content":"                                              + \"   Format: list_users [e/EMAIL] [n/NAME] \"","lastModifiedDate":"2025-04-03","isFullCredit":false},{"lineNumber":26,"author":{"gitId":"-"},"content":"                                              + \"[m/MEMBERSHIP] [b/BOOK] [t/TAG]\\n\"","lastModifiedDate":"2025-04-03","isFullCredit":false},{"lineNumber":27,"author":{"gitId":"-"},"content":"                                              + \"5. find: Finds users by name.\\n\"","lastModifiedDate":"2025-04-03","isFullCredit":false},{"lineNumber":28,"author":{"gitId":"-"},"content":"                                              + \"   Format: find KEYWORD [MORE_KEYWORDS]...\\n\"","lastModifiedDate":"2025-04-03","isFullCredit":false},{"lineNumber":29,"author":{"gitId":"-"},"content":"                                              + \"6. add_book: Adds a book.\\n\"","lastModifiedDate":"2025-04-03","isFullCredit":false},{"lineNumber":30,"author":{"gitId":"-"},"content":"                                              + \"   Format: add_book b/BOOK_NAME\\n\"","lastModifiedDate":"2025-04-03","isFullCredit":false},{"lineNumber":31,"author":{"gitId":"-"},"content":"                                              + \"7. list_books: Lists all books.\\n\"","lastModifiedDate":"2025-04-03","isFullCredit":false},{"lineNumber":32,"author":{"gitId":"-"},"content":"                                              + \"   Format: list_books\\n\"","lastModifiedDate":"2025-04-03","isFullCredit":false},{"lineNumber":33,"author":{"gitId":"-"},"content":"                                              + \"8. delete_book: Deletes a book.\\n\"","lastModifiedDate":"2025-04-03","isFullCredit":false},{"lineNumber":34,"author":{"gitId":"-"},"content":"                                              + \"   Format: delete_book INDEX\\n\"","lastModifiedDate":"2025-04-03","isFullCredit":false},{"lineNumber":35,"author":{"gitId":"-"},"content":"                                              + \"9. issue: Issues a book to a user.\\n\"","lastModifiedDate":"2025-04-03","isFullCredit":false},{"lineNumber":36,"author":{"gitId":"PriyadarshiCharvi"},"content":"                                              + \"   Format: issue b/BOOK_NAME e/EMAIL\\n\"","lastModifiedDate":"2025-04-07","isFullCredit":false},{"lineNumber":37,"author":{"gitId":"-"},"content":"                                              + \"10. return: Returns a book from a user.\\n\"","lastModifiedDate":"2025-04-03","isFullCredit":false},{"lineNumber":38,"author":{"gitId":"-"},"content":"                                              + \"    Format: return b/BOOK_NAME d/RETURN_DATE\\n\"","lastModifiedDate":"2025-04-03","isFullCredit":false},{"lineNumber":39,"author":{"gitId":"-"},"content":"                                              + \"11. list_borrowed_books: Lists borrowed books by user.\\n\"","lastModifiedDate":"2025-04-03","isFullCredit":false},{"lineNumber":40,"author":{"gitId":"-"},"content":"                                              + \"    Format: list_borrowed_books e/EMAIL\\n\"","lastModifiedDate":"2025-04-03","isFullCredit":false},{"lineNumber":41,"author":{"gitId":"-"},"content":"                                              + \"12. display_overdue: Displays users with overdue books.\\n\"","lastModifiedDate":"2025-04-03","isFullCredit":false},{"lineNumber":42,"author":{"gitId":"-"},"content":"                                              + \"    Format: display_overdue\\n\"","lastModifiedDate":"2025-04-03","isFullCredit":false},{"lineNumber":43,"author":{"gitId":"-"},"content":"                                              + \"13. extend: Extends the duration for which the user can \"","lastModifiedDate":"2025-04-03","isFullCredit":false},{"lineNumber":44,"author":{"gitId":"-"},"content":"                                              + \"borrow a book without paying overdue fees.\\n\"","lastModifiedDate":"2025-04-03","isFullCredit":false},{"lineNumber":45,"author":{"gitId":"-"},"content":"                                              + \"    Format: extend b/BOOK_NAME e/EMAIL\\n\"","lastModifiedDate":"2025-04-03","isFullCredit":false},{"lineNumber":46,"author":{"gitId":"-"},"content":"                                              + \"14. clear: Clears all users and books.\\n\"","lastModifiedDate":"2025-04-03","isFullCredit":false},{"lineNumber":47,"author":{"gitId":"-"},"content":"                                              + \"    Format: clear\\n\"","lastModifiedDate":"2025-04-03","isFullCredit":false},{"lineNumber":48,"author":{"gitId":"-"},"content":"                                              + \"15. exit: Exits the app.\\n\"","lastModifiedDate":"2025-04-03","isFullCredit":false},{"lineNumber":49,"author":{"gitId":"-"},"content":"                                              + \"    Format: exit\\n\"","lastModifiedDate":"2025-04-03","isFullCredit":false},{"lineNumber":50,"author":{"gitId":"-"},"content":"                                              + \"16. help: Shows this help message.\\n\"","lastModifiedDate":"2025-04-03","isFullCredit":false},{"lineNumber":51,"author":{"gitId":"-"},"content":"                                              + \"    Format: help\";","lastModifiedDate":"2025-04-03","isFullCredit":false},{"lineNumber":52,"author":{"gitId":"-"},"content":"","lastModifiedDate":"2016-08-31","isFullCredit":false},{"lineNumber":53,"author":{"gitId":"-"},"content":"    @Override","lastModifiedDate":"2016-08-24","isFullCredit":false},{"lineNumber":54,"author":{"gitId":"-"},"content":"    public CommandResult execute(Model model) {","lastModifiedDate":"2019-01-25","isFullCredit":false},{"lineNumber":55,"author":{"gitId":"-"},"content":"        return new CommandResult(HELP_MESSAGE);","lastModifiedDate":"2025-04-03","isFullCredit":false},{"lineNumber":56,"author":{"gitId":"-"},"content":"    }","lastModifiedDate":"2016-08-24","isFullCredit":false},{"lineNumber":57,"author":{"gitId":"-"},"content":"","lastModifiedDate":"2025-04-03","isFullCredit":false},{"lineNumber":58,"author":{"gitId":"-"},"content":"}","lastModifiedDate":"2016-08-24","isFullCredit":false}],"authorContributionMap":{"PriyadarshiCharvi":2,"-":56}},{"path":"src/main/java/seedu/address/ui/HelpWindow.java","fileType":"functional-code","lines":[{"lineNumber":1,"author":{"gitId":"-"},"content":"package seedu.address.ui;","lastModifiedDate":"2016-09-22","isFullCredit":false},{"lineNumber":2,"author":{"gitId":"-"},"content":"","lastModifiedDate":"2016-08-18","isFullCredit":false},{"lineNumber":3,"author":{"gitId":"-"},"content":"import java.util.logging.Logger;","lastModifiedDate":"2017-01-19","isFullCredit":false},{"lineNumber":4,"author":{"gitId":"-"},"content":"","lastModifiedDate":"2017-01-19","isFullCredit":false},{"lineNumber":5,"author":{"gitId":"-"},"content":"import javafx.fxml.FXML;","lastModifiedDate":"2016-12-24","isFullCredit":false},{"lineNumber":6,"author":{"gitId":"-"},"content":"import javafx.scene.control.Button;","lastModifiedDate":"2019-08-19","isFullCredit":false},{"lineNumber":7,"author":{"gitId":"-"},"content":"import javafx.scene.control.Label;","lastModifiedDate":"2019-08-19","isFullCredit":false},{"lineNumber":8,"author":{"gitId":"-"},"content":"import javafx.scene.input.Clipboard;","lastModifiedDate":"2019-08-19","isFullCredit":false},{"lineNumber":9,"author":{"gitId":"-"},"content":"import javafx.scene.input.ClipboardContent;","lastModifiedDate":"2019-08-19","isFullCredit":false},{"lineNumber":10,"author":{"gitId":"-"},"content":"import javafx.stage.Stage;","lastModifiedDate":"2016-08-18","isFullCredit":false},{"lineNumber":11,"author":{"gitId":"-"},"content":"import seedu.address.commons.core.LogsCenter;","lastModifiedDate":"2016-09-23","isFullCredit":false},{"lineNumber":12,"author":{"gitId":"-"},"content":"","lastModifiedDate":"2016-09-09","isFullCredit":false},{"lineNumber":13,"author":{"gitId":"-"},"content":"/**","lastModifiedDate":"2016-08-18","isFullCredit":false},{"lineNumber":14,"author":{"gitId":"-"},"content":" * Controller for a help page","lastModifiedDate":"2016-08-18","isFullCredit":false},{"lineNumber":15,"author":{"gitId":"-"},"content":" */","lastModifiedDate":"2016-08-18","isFullCredit":false},{"lineNumber":16,"author":{"gitId":"-"},"content":"public class HelpWindow extends UiPart\u003cStage\u003e {","lastModifiedDate":"2017-12-01","isFullCredit":false},{"lineNumber":17,"author":{"gitId":"-"},"content":"","lastModifiedDate":"2016-08-18","isFullCredit":false},{"lineNumber":18,"author":{"gitId":"PriyadarshiCharvi"},"content":"    public static final String USERGUIDE_URL \u003d \"https://ay2425s2-cs2103t-w13-3.github.io/tp/UserGuide.html\";","lastModifiedDate":"2025-04-07","isFullCredit":false},{"lineNumber":19,"author":{"gitId":"-"},"content":"    public static final String HELP_MESSAGE \u003d \"Refer to the user guide: \" + USERGUIDE_URL;","lastModifiedDate":"2019-08-19","isFullCredit":false},{"lineNumber":20,"author":{"gitId":"-"},"content":"","lastModifiedDate":"2017-07-03","isFullCredit":false},{"lineNumber":21,"author":{"gitId":"-"},"content":"    private static final Logger logger \u003d LogsCenter.getLogger(HelpWindow.class);","lastModifiedDate":"2016-09-23","isFullCredit":false},{"lineNumber":22,"author":{"gitId":"-"},"content":"    private static final String FXML \u003d \"HelpWindow.fxml\";","lastModifiedDate":"2016-09-20","isFullCredit":false},{"lineNumber":23,"author":{"gitId":"-"},"content":"","lastModifiedDate":"2016-08-18","isFullCredit":false},{"lineNumber":24,"author":{"gitId":"-"},"content":"    @FXML","lastModifiedDate":"2016-12-24","isFullCredit":false},{"lineNumber":25,"author":{"gitId":"-"},"content":"    private Button copyButton;","lastModifiedDate":"2019-08-19","isFullCredit":false},{"lineNumber":26,"author":{"gitId":"-"},"content":"","lastModifiedDate":"2019-08-19","isFullCredit":false},{"lineNumber":27,"author":{"gitId":"-"},"content":"    @FXML","lastModifiedDate":"2019-08-19","isFullCredit":false},{"lineNumber":28,"author":{"gitId":"-"},"content":"    private Label helpMessage;","lastModifiedDate":"2019-08-19","isFullCredit":false},{"lineNumber":29,"author":{"gitId":"-"},"content":"","lastModifiedDate":"2016-08-18","isFullCredit":false},{"lineNumber":30,"author":{"gitId":"-"},"content":"    /**","lastModifiedDate":"2017-12-01","isFullCredit":false},{"lineNumber":31,"author":{"gitId":"-"},"content":"     * Creates a new HelpWindow.","lastModifiedDate":"2017-12-01","isFullCredit":false},{"lineNumber":32,"author":{"gitId":"-"},"content":"     *","lastModifiedDate":"2017-12-01","isFullCredit":false},{"lineNumber":33,"author":{"gitId":"-"},"content":"     * @param root Stage to use as the root of the HelpWindow.","lastModifiedDate":"2017-12-01","isFullCredit":false},{"lineNumber":34,"author":{"gitId":"-"},"content":"     */","lastModifiedDate":"2017-12-01","isFullCredit":false},{"lineNumber":35,"author":{"gitId":"-"},"content":"    public HelpWindow(Stage root) {","lastModifiedDate":"2017-12-01","isFullCredit":false},{"lineNumber":36,"author":{"gitId":"-"},"content":"        super(FXML, root);","lastModifiedDate":"2017-12-01","isFullCredit":false},{"lineNumber":37,"author":{"gitId":"-"},"content":"        helpMessage.setText(HELP_MESSAGE);","lastModifiedDate":"2019-08-19","isFullCredit":false},{"lineNumber":38,"author":{"gitId":"-"},"content":"    }","lastModifiedDate":"2016-08-18","isFullCredit":false},{"lineNumber":39,"author":{"gitId":"-"},"content":"","lastModifiedDate":"2016-08-18","isFullCredit":false},{"lineNumber":40,"author":{"gitId":"-"},"content":"    /**","lastModifiedDate":"2017-12-01","isFullCredit":false},{"lineNumber":41,"author":{"gitId":"-"},"content":"     * Creates a new HelpWindow.","lastModifiedDate":"2017-12-01","isFullCredit":false},{"lineNumber":42,"author":{"gitId":"-"},"content":"     */","lastModifiedDate":"2017-12-01","isFullCredit":false},{"lineNumber":43,"author":{"gitId":"-"},"content":"    public HelpWindow() {","lastModifiedDate":"2017-12-01","isFullCredit":false},{"lineNumber":44,"author":{"gitId":"-"},"content":"        this(new Stage());","lastModifiedDate":"2017-12-01","isFullCredit":false},{"lineNumber":45,"author":{"gitId":"-"},"content":"    }","lastModifiedDate":"2017-12-01","isFullCredit":false},{"lineNumber":46,"author":{"gitId":"-"},"content":"","lastModifiedDate":"2017-12-01","isFullCredit":false},{"lineNumber":47,"author":{"gitId":"-"},"content":"    /**","lastModifiedDate":"2017-08-16","isFullCredit":false},{"lineNumber":48,"author":{"gitId":"-"},"content":"     * Shows the help window.","lastModifiedDate":"2017-08-16","isFullCredit":false},{"lineNumber":49,"author":{"gitId":"-"},"content":"     * @throws IllegalStateException","lastModifiedDate":"2017-08-16","isFullCredit":false},{"lineNumber":50,"author":{"gitId":"-"},"content":"     *     \u003cul\u003e","lastModifiedDate":"2017-08-16","isFullCredit":false},{"lineNumber":51,"author":{"gitId":"-"},"content":"     *         \u003cli\u003e","lastModifiedDate":"2017-08-16","isFullCredit":false},{"lineNumber":52,"author":{"gitId":"-"},"content":"     *             if this method is called on a thread other than the JavaFX Application Thread.","lastModifiedDate":"2017-08-16","isFullCredit":false},{"lineNumber":53,"author":{"gitId":"-"},"content":"     *         \u003c/li\u003e","lastModifiedDate":"2017-08-16","isFullCredit":false},{"lineNumber":54,"author":{"gitId":"-"},"content":"     *         \u003cli\u003e","lastModifiedDate":"2017-08-16","isFullCredit":false},{"lineNumber":55,"author":{"gitId":"-"},"content":"     *             if this method is called during animation or layout processing.","lastModifiedDate":"2017-08-16","isFullCredit":false},{"lineNumber":56,"author":{"gitId":"-"},"content":"     *         \u003c/li\u003e","lastModifiedDate":"2017-08-16","isFullCredit":false},{"lineNumber":57,"author":{"gitId":"-"},"content":"     *         \u003cli\u003e","lastModifiedDate":"2017-08-16","isFullCredit":false},{"lineNumber":58,"author":{"gitId":"-"},"content":"     *             if this method is called on the primary stage.","lastModifiedDate":"2017-08-16","isFullCredit":false},{"lineNumber":59,"author":{"gitId":"-"},"content":"     *         \u003c/li\u003e","lastModifiedDate":"2017-08-16","isFullCredit":false},{"lineNumber":60,"author":{"gitId":"-"},"content":"     *         \u003cli\u003e","lastModifiedDate":"2017-08-16","isFullCredit":false},{"lineNumber":61,"author":{"gitId":"-"},"content":"     *             if {@code dialogStage} is already showing.","lastModifiedDate":"2017-08-16","isFullCredit":false},{"lineNumber":62,"author":{"gitId":"-"},"content":"     *         \u003c/li\u003e","lastModifiedDate":"2017-08-16","isFullCredit":false},{"lineNumber":63,"author":{"gitId":"-"},"content":"     *     \u003c/ul\u003e","lastModifiedDate":"2017-08-16","isFullCredit":false},{"lineNumber":64,"author":{"gitId":"-"},"content":"     */","lastModifiedDate":"2017-08-16","isFullCredit":false},{"lineNumber":65,"author":{"gitId":"-"},"content":"    public void show() {","lastModifiedDate":"2016-08-18","isFullCredit":false},{"lineNumber":66,"author":{"gitId":"-"},"content":"        logger.fine(\"Showing help page about the application.\");","lastModifiedDate":"2016-12-24","isFullCredit":false},{"lineNumber":67,"author":{"gitId":"-"},"content":"        getRoot().show();","lastModifiedDate":"2018-02-13","isFullCredit":false},{"lineNumber":68,"author":{"gitId":"-"},"content":"        getRoot().centerOnScreen();","lastModifiedDate":"2019-08-19","isFullCredit":false},{"lineNumber":69,"author":{"gitId":"-"},"content":"    }","lastModifiedDate":"2016-08-18","isFullCredit":false},{"lineNumber":70,"author":{"gitId":"-"},"content":"","lastModifiedDate":"2018-03-15","isFullCredit":false},{"lineNumber":71,"author":{"gitId":"-"},"content":"    /**","lastModifiedDate":"2018-03-15","isFullCredit":false},{"lineNumber":72,"author":{"gitId":"-"},"content":"     * Returns true if the help window is currently being shown.","lastModifiedDate":"2018-03-15","isFullCredit":false},{"lineNumber":73,"author":{"gitId":"-"},"content":"     */","lastModifiedDate":"2018-03-15","isFullCredit":false},{"lineNumber":74,"author":{"gitId":"-"},"content":"    public boolean isShowing() {","lastModifiedDate":"2018-03-15","isFullCredit":false},{"lineNumber":75,"author":{"gitId":"-"},"content":"        return getRoot().isShowing();","lastModifiedDate":"2018-03-15","isFullCredit":false},{"lineNumber":76,"author":{"gitId":"-"},"content":"    }","lastModifiedDate":"2018-03-15","isFullCredit":false},{"lineNumber":77,"author":{"gitId":"-"},"content":"","lastModifiedDate":"2018-03-15","isFullCredit":false},{"lineNumber":78,"author":{"gitId":"-"},"content":"    /**","lastModifiedDate":"2018-12-08","isFullCredit":false},{"lineNumber":79,"author":{"gitId":"-"},"content":"     * Hides the help window.","lastModifiedDate":"2018-12-08","isFullCredit":false},{"lineNumber":80,"author":{"gitId":"-"},"content":"     */","lastModifiedDate":"2018-12-08","isFullCredit":false},{"lineNumber":81,"author":{"gitId":"-"},"content":"    public void hide() {","lastModifiedDate":"2018-12-08","isFullCredit":false},{"lineNumber":82,"author":{"gitId":"-"},"content":"        getRoot().hide();","lastModifiedDate":"2018-12-08","isFullCredit":false},{"lineNumber":83,"author":{"gitId":"-"},"content":"    }","lastModifiedDate":"2018-12-08","isFullCredit":false},{"lineNumber":84,"author":{"gitId":"-"},"content":"","lastModifiedDate":"2018-12-08","isFullCredit":false},{"lineNumber":85,"author":{"gitId":"-"},"content":"    /**","lastModifiedDate":"2018-03-15","isFullCredit":false},{"lineNumber":86,"author":{"gitId":"-"},"content":"     * Focuses on the help window.","lastModifiedDate":"2018-03-15","isFullCredit":false},{"lineNumber":87,"author":{"gitId":"-"},"content":"     */","lastModifiedDate":"2018-03-15","isFullCredit":false},{"lineNumber":88,"author":{"gitId":"-"},"content":"    public void focus() {","lastModifiedDate":"2018-03-15","isFullCredit":false},{"lineNumber":89,"author":{"gitId":"-"},"content":"        getRoot().requestFocus();","lastModifiedDate":"2018-03-15","isFullCredit":false},{"lineNumber":90,"author":{"gitId":"-"},"content":"    }","lastModifiedDate":"2018-03-15","isFullCredit":false},{"lineNumber":91,"author":{"gitId":"-"},"content":"","lastModifiedDate":"2019-08-19","isFullCredit":false},{"lineNumber":92,"author":{"gitId":"-"},"content":"    /**","lastModifiedDate":"2019-08-19","isFullCredit":false},{"lineNumber":93,"author":{"gitId":"-"},"content":"     * Copies the URL to the user guide to the clipboard.","lastModifiedDate":"2019-08-19","isFullCredit":false},{"lineNumber":94,"author":{"gitId":"-"},"content":"     */","lastModifiedDate":"2019-08-19","isFullCredit":false},{"lineNumber":95,"author":{"gitId":"-"},"content":"    @FXML","lastModifiedDate":"2019-08-19","isFullCredit":false},{"lineNumber":96,"author":{"gitId":"-"},"content":"    private void copyUrl() {","lastModifiedDate":"2019-08-19","isFullCredit":false},{"lineNumber":97,"author":{"gitId":"-"},"content":"        final Clipboard clipboard \u003d Clipboard.getSystemClipboard();","lastModifiedDate":"2019-08-19","isFullCredit":false},{"lineNumber":98,"author":{"gitId":"-"},"content":"        final ClipboardContent url \u003d new ClipboardContent();","lastModifiedDate":"2019-08-19","isFullCredit":false},{"lineNumber":99,"author":{"gitId":"-"},"content":"        url.putString(USERGUIDE_URL);","lastModifiedDate":"2019-08-19","isFullCredit":false},{"lineNumber":100,"author":{"gitId":"-"},"content":"        clipboard.setContent(url);","lastModifiedDate":"2019-08-19","isFullCredit":false},{"lineNumber":101,"author":{"gitId":"-"},"content":"    }","lastModifiedDate":"2019-08-19","isFullCredit":false},{"lineNumber":102,"author":{"gitId":"-"},"content":"}","lastModifiedDate":"2016-08-18","isFullCredit":false}],"authorContributionMap":{"PriyadarshiCharvi":1,"-":101}}]
