{"authorDailyContributionsMap":{"arnavbajpai":[{"date":"2025-04-08","commitResults":[{"hash":"353e8666bbef1b768a7b992dacd8c4a7238b65fa","isMergeCommit":false,"messageTitle":"Don\u0027t allow to delete borrowed books.","messageBody":"","fileTypesAndContributionMap":{"functional-code":{"insertions":5,"deletions":1},"docs":{"insertions":2,"deletions":0}}},{"hash":"b64a239ab296aafd8aa4a805fdb79d372e0f8f0e","isMergeCommit":false,"messageTitle":"Fix documentation bugs","messageBody":"","fileTypesAndContributionMap":{"docs":{"insertions":7,"deletions":2}}},{"hash":"056cf3c1038d47daeffbfaa7e026d47bb04b3679","isMergeCommit":false,"messageTitle":"Fix I/O bugs","messageBody":"","fileTypesAndContributionMap":{"functional-code":{"insertions":15,"deletions":9},"docs":{"insertions":10,"deletions":4}}},{"hash":"254bb303b3ec4d3f8d9a3b35895dc61e3c5cce0a","isMergeCommit":false,"messageTitle":"Fix failing test cases","messageBody":"","fileTypesAndContributionMap":{"functional-code":{"insertions":9,"deletions":14}}},{"hash":"96c93e079ff05f8154d8a2cd03463644ce741c5e","isMergeCommit":false,"messageTitle":"Add some more planned enhancements","messageBody":"","fileTypesAndContributionMap":{"docs":{"insertions":3,"deletions":0}}},{"hash":"d8411b67c220ae5abf9966c6436752136e9346b8","isMergeCommit":false,"messageTitle":"Add test coverage","messageBody":"","fileTypesAndContributionMap":{"docs":{"insertions":5,"deletions":2},"test-code":{"insertions":22,"deletions":0}}},{"hash":"3729615b70aff593ab1caa3291b40d3f00613cf1","isMergeCommit":false,"messageTitle":"Fix exit command output","messageBody":"","fileTypesAndContributionMap":{"functional-code":{"insertions":1,"deletions":1},"docs":{"insertions":6,"deletions":3}}},{"hash":"4a9efbef3e3f5b9b36534729e4cfa6edda0fcacf","isMergeCommit":true,"messageTitle":"Merge branch \u0027master\u0027 into FixPEDBugs","messageBody":"","fileTypesAndContributionMap":{}},{"hash":"82117265bad52488063ba7b27f01015c60ee582b","isMergeCommit":true,"messageTitle":"Merge pull request #222 from arnavbajpai/FixPEDBugs","messageBody":"Fix ped bugs","fileTypesAndContributionMap":{}},{"hash":"ef781516dc9f7af6d02c6c370ae4dd2ef89351e9","isMergeCommit":false,"messageTitle":"Add acknowledgements","messageBody":"","fileTypesAndContributionMap":{"docs":{"insertions":15,"deletions":1}}},{"hash":"d46970e1f4a19da807de7eb3fcb62b107c06e14e","isMergeCommit":true,"messageTitle":"Merge pull request #226 from arnavbajpai/AddDgAcknowledgements","messageBody":"Add acknowledgements","fileTypesAndContributionMap":{}},{"hash":"dcbd782841b75d92c77cf86d694ac0da0465922a","isMergeCommit":true,"messageTitle":"Merge branch \u0027master\u0027 into Fix-PE-D_Errors","messageBody":"","fileTypesAndContributionMap":{}},{"hash":"38d4ce9ed47eda874fb4f41a8f6f0b53e99d98ad","isMergeCommit":false,"messageTitle":"Final adjustments to Planned Enhancements","messageBody":"","fileTypesAndContributionMap":{"docs":{"insertions":19,"deletions":12}}},{"hash":"c229abfda914d956d5124c4191722e9233e049ed","isMergeCommit":true,"messageTitle":"Merge pull request #227 from arnavbajpai/FinalAdjustments","messageBody":"Final adjustments to Planned Enhancements","tags":["v1.6"],"fileTypesAndContributionMap":{}}]}],"hutongyan":[{"date":"2025-04-07","commitResults":[{"hash":"78551131e2731d02088eb18f6bf1069c19328581","isMergeCommit":false,"messageTitle":"Fix #139","messageBody":"","fileTypesAndContributionMap":{"docs":{"insertions":1,"deletions":1}}},{"hash":"8d52726e91f09041eb51093f152a5d9b160ac384","isMergeCommit":false,"messageTitle":"Fix #138","messageBody":"","fileTypesAndContributionMap":{"docs":{"insertions":1,"deletions":1}}},{"hash":"a420fdfb875a7159bfa741db9188eccb23cae722","isMergeCommit":false,"messageTitle":"Fix #136","messageBody":"","fileTypesAndContributionMap":{"docs":{"insertions":1,"deletions":1}}},{"hash":"0653a1c01d598f1587b6dfb9f1218a5606e868cb","isMergeCommit":false,"messageTitle":"Fix #142","messageBody":"","fileTypesAndContributionMap":{"docs":{"insertions":1,"deletions":1}}},{"hash":"ddb1d319eefd5ab8b8c1703c3bca9de5e2fbaf47","isMergeCommit":false,"messageTitle":"Fix #204","messageBody":"","fileTypesAndContributionMap":{"docs":{"insertions":11,"deletions":11}}},{"hash":"866930a7c4e944c544a43191c3dce967c92f19b4","isMergeCommit":false,"messageTitle":"Fix #179","messageBody":"","fileTypesAndContributionMap":{"docs":{"insertions":1,"deletions":9}}}]},{"date":"2025-04-08","commitResults":[{"hash":"d4b2e58540501195b3b27411639c53f34e462437","isMergeCommit":true,"messageTitle":"Merge pull request #210 from hutongyan/Fix-PE-D_Errors","messageBody":"Fix pe-d errors","fileTypesAndContributionMap":{}}]}],"Kiranlimtl":[{"date":"2025-04-07","commitResults":[{"hash":"10670636f2cb63b411fb04136b3660d8db0df2a7","isMergeCommit":false,"messageTitle":"Fix book cannot be borrowed after a person is deleted issue with testing","messageBody":"","fileTypesAndContributionMap":{"functional-code":{"insertions":16,"deletions":0},"test-code":{"insertions":34,"deletions":0}}},{"hash":"e161c84a419c194242ce5598cf8ee2f69d681cc6","isMergeCommit":false,"messageTitle":"Fix System not updated under use cases in developer guide","messageBody":"","fileTypesAndContributionMap":{"docs":{"insertions":1,"deletions":1}}},{"hash":"20bf185478695230fe9869734141ec68f1214f6d","isMergeCommit":false,"messageTitle":"Extend nows add 14 days to current return date","messageBody":"","fileTypesAndContributionMap":{"functional-code":{"insertions":11,"deletions":23},"test-code":{"insertions":12,"deletions":5}}},{"hash":"e1efeb34e46de2129ecccb60d9026cc146cde1db","isMergeCommit":false,"messageTitle":"Fix extension of use cases should be who triggered the extension","messageBody":"","fileTypesAndContributionMap":{"docs":{"insertions":9,"deletions":6}}},{"hash":"bb364fe6171f535736d9a0745e491bcb2fbba8ec","isMergeCommit":false,"messageTitle":"Fis shows upstream/master in UG","messageBody":"","fileTypesAndContributionMap":{"docs":{"insertions":1,"deletions":5}}},{"hash":"8e0e5972a86f0c970aba75c7e822abfdc350e3a2","isMergeCommit":false,"messageTitle":"Fix Error message when using an invalid date in the return command may not be sufficiently specific","messageBody":"","fileTypesAndContributionMap":{"functional-code":{"insertions":3,"deletions":0},"test-code":{"insertions":14,"deletions":2}}},{"hash":"c48502bebfc4546373823abaf60d5548860fc3b9","isMergeCommit":false,"messageTitle":"Fix lines not covered","messageBody":"","fileTypesAndContributionMap":{"functional-code":{"insertions":1,"deletions":5},"test-code":{"insertions":27,"deletions":0}}}]},{"date":"2025-04-08","commitResults":[{"hash":"3e03ee40e652acea8a37fd442cbf77e83c0d77f1","isMergeCommit":true,"messageTitle":"Fix merge conflicts","messageBody":"","fileTypesAndContributionMap":{}},{"hash":"1693f64a2c0436e2c1358a6ff0faae272fd76c8d","isMergeCommit":false,"messageTitle":"Fix checkstyle errors","messageBody":"","fileTypesAndContributionMap":{"test-code":{"insertions":1,"deletions":2}}},{"hash":"4da29019f83d3e497a2ff3338db0f187c1322237","isMergeCommit":true,"messageTitle":"Merge pull request #212 from Kiranlimtl/v1.6-FixBugs1","messageBody":"V1.6 fix bugs1","fileTypesAndContributionMap":{}},{"hash":"6eab123b7d7de5e9157979739f9e1f6f39c630a8","isMergeCommit":false,"messageTitle":"Fix issue command providing invalid example","messageBody":"","fileTypesAndContributionMap":{"functional-code":{"insertions":1,"deletions":1}}},{"hash":"1c8e5d3ae84305cbefbd888ae3982b76eea9d5b4","isMergeCommit":false,"messageTitle":"Fix error message for list_borrowed_books not specific","messageBody":"","fileTypesAndContributionMap":{"functional-code":{"insertions":1,"deletions":1}}},{"hash":"09d2846d6bdd6cc347c0838315ed6c768439b78f","isMergeCommit":false,"messageTitle":"Add membership to UML diagram :","messageBody":"","fileTypesAndContributionMap":{"docs":{"insertions":2,"deletions":0}}},{"hash":"43393ebf533867e1cf177bd2da5665e8285ea1cf","isMergeCommit":true,"messageTitle":"Merge pull request #221 from Kiranlimtl/v1.6-FixPEDErrors","messageBody":"V1.6 fix ped errors","fileTypesAndContributionMap":{}}]}],"PriyadarshiCharvi":[{"date":"2025-04-07","commitResults":[{"hash":"47b9701b044257dbc6f5bb0576ca833542f89e71","isMergeCommit":false,"messageTitle":"Fix User Guide url in Help Window","messageBody":"","fileTypesAndContributionMap":{"functional-code":{"insertions":1,"deletions":1}}},{"hash":"cb2925a31a59d82c187cad31c34d26b6676e2d19","isMergeCommit":false,"messageTitle":"Fix help message command syntax for list_users, issue and extend","messageBody":"","fileTypesAndContributionMap":{"functional-code":{"insertions":3,"deletions":3}}},{"hash":"e0ba7843815cfdb04f26c0caa8f37f3e19d20d0c","isMergeCommit":true,"messageTitle":"Merge pull request #208 from PriyadarshiCharvi/fix-pe-d-bugs","messageBody":"Fix bugs related to Help Message and Help Window","fileTypesAndContributionMap":{}},{"hash":"0b258552e2ef3a1a6af3148a1c1c52d490975ef0","isMergeCommit":false,"messageTitle":"Fix UG ambiguities and other bugs","messageBody":"","fileTypesAndContributionMap":{"functional-code":{"insertions":4,"deletions":4},"docs":{"insertions":13,"deletions":5}}},{"hash":"e37e3be1a968e9c22aec5a3b0cde9cb457d9e9e2","isMergeCommit":false,"messageTitle":"Fix checkstyle errors","messageBody":"","fileTypesAndContributionMap":{"functional-code":{"insertions":4,"deletions":2},"test-code":{"insertions":1,"deletions":1}}},{"hash":"0e9d9a487f2875fd90ff77ee3c11ef650b1ccf6b","isMergeCommit":true,"messageTitle":"Merge pull request #209 from PriyadarshiCharvi/fix-pe-d-bugs","messageBody":"Fix UG ambiguities and other bugs","fileTypesAndContributionMap":{}},{"hash":"384b33ea967e15c07251590aa44d1d16c8746912","isMergeCommit":false,"messageTitle":"Fix PE-D bugs","messageBody":"","fileTypesAndContributionMap":{"functional-code":{"insertions":15,"deletions":5},"docs":{"insertions":4,"deletions":9},"test-code":{"insertions":1,"deletions":1}}},{"hash":"5907a6e5c5c5f6a2f7c56bb51c0e0024ddb6978f","isMergeCommit":false,"messageTitle":"Add test cases for modified code","messageBody":"","fileTypesAndContributionMap":{"test-code":{"insertions":30,"deletions":0}}},{"hash":"02f6aac4dcc31135d8658af45c8e057ece4fa17d","isMergeCommit":true,"messageTitle":"Merge pull request #211 from PriyadarshiCharvi/fix-ped-bugs","messageBody":"Fix PE-D bugs related to Issue, Return Commands and DG","fileTypesAndContributionMap":{}},{"hash":"cdf3319f88e7b7486ba6b11261612afa8a49ef96","isMergeCommit":false,"messageTitle":"Add assertions","messageBody":"","fileTypesAndContributionMap":{"functional-code":{"insertions":2,"deletions":0},"other":{"insertions":4,"deletions":0}}},{"hash":"49d97254fac699ee57886863710d40ce582d2127","isMergeCommit":false,"messageTitle":"Fix patch coverage","messageBody":"","fileTypesAndContributionMap":{"functional-code":{"insertions":2,"deletions":1}}},{"hash":"d5c243436394d2f28c83b313c20d4a31b03c3c26","isMergeCommit":true,"messageTitle":"Merge pull request #213 from PriyadarshiCharvi/add-assertions","messageBody":"Add assertions","fileTypesAndContributionMap":{}},{"hash":"605e7cffc987b7322763796ed642625fe4cea32f","isMergeCommit":false,"messageTitle":"Update Developer Guide","messageBody":"","fileTypesAndContributionMap":{"docs":{"insertions":21,"deletions":14}}},{"hash":"c82f9dc039f1230c25e702f38a3daf7aee1f7dde","isMergeCommit":true,"messageTitle":"Merge pull request #214 from PriyadarshiCharvi/modify-dg","messageBody":"Update Developer Guide","fileTypesAndContributionMap":{}},{"hash":"4a989f8b9f6110695f0d421fb1de3954e7c9f337","isMergeCommit":false,"messageTitle":"Modify DG home page","messageBody":"","fileTypesAndContributionMap":{"docs":{"insertions":4,"deletions":4}}},{"hash":"48194d3b18a4a363f0d326719908def29c5c1b88","isMergeCommit":true,"messageTitle":"Merge pull request #215 from PriyadarshiCharvi/modify-dg","messageBody":"Modify DG home page","fileTypesAndContributionMap":{}}]},{"date":"2025-04-08","commitResults":[{"hash":"c29053ada4ccd2aa6f841bc78accab38a9213316","isMergeCommit":false,"messageTitle":"Fix UG bugs and Extend command","messageBody":"","fileTypesAndContributionMap":{"functional-code":{"insertions":16,"deletions":3},"docs":{"insertions":2,"deletions":2}}},{"hash":"ac42c68bf0c882d53809e17f6b595f99990fb13f","isMergeCommit":true,"messageTitle":"Merge branch \u0027master\u0027 into pe-d-bugs-fix","messageBody":"","fileTypesAndContributionMap":{}},{"hash":"6decc83389fff1dfffdaeb602982197befce2dcc","isMergeCommit":false,"messageTitle":"Fix errors","messageBody":"","fileTypesAndContributionMap":{"functional-code":{"insertions":22,"deletions":22},"test-code":{"insertions":3,"deletions":3}}},{"hash":"022ee0b3de0174b4247e8d50217dfead6fa51378","isMergeCommit":true,"messageTitle":"Merge branch \u0027pe-d-bugs-fix\u0027 of github.com:PriyadarshiCharvi/tp into pe-d-bugs-fix","messageBody":"# Conflicts:\n#\tsrc/main/java/seedu/address/model/AddressBook.java\n#\tsrc/main/java/seedu/address/model/book/Book.java\n#\tsrc/main/java/seedu/address/model/book/BookStatus.java\n#\tsrc/test/java/seedu/address/logic/commands/ExtendCommandTest.java\n","fileTypesAndContributionMap":{}},{"hash":"a680d07ee9732b7fa98a524c13c3a0a72f89994f","isMergeCommit":false,"messageTitle":"Fix method","messageBody":"","fileTypesAndContributionMap":{"functional-code":{"insertions":1,"deletions":5}}},{"hash":"844f1cc9e32e2fbf108e432e7f75feb86b3d31fd","isMergeCommit":true,"messageTitle":"Merge pull request #220 from PriyadarshiCharvi/pe-d-bugs-fix","messageBody":"Fix UG bugs and Extend command","fileTypesAndContributionMap":{}}]}],"NaelAnoob":[]},"authorFileTypeContributionMap":{"arnavbajpai":{"docs":56,"functional-code":10,"test-code":22},"hutongyan":{"docs":15,"functional-code":0,"test-code":0},"Kiranlimtl":{"docs":9,"functional-code":20,"test-code":76},"PriyadarshiCharvi":{"docs":28,"functional-code":51,"test-code":34,"other":4},"NaelAnoob":{"docs":0,"functional-code":0,"test-code":0}},"authorContributionVariance":{"arnavbajpai":5292.0,"hutongyan":300.0,"Kiranlimtl":5625.1875,"PriyadarshiCharvi":4340.25,"NaelAnoob":0.0},"authorDisplayNameMap":{"arnavbajpai":"CS2103T-W13-3 BAJP..RNAV","hutongyan":"CS2103T-W13-3 HU T..GYAN","Kiranlimtl":"CS2103T-W13-3 LIM ..IRAN","PriyadarshiCharvi":"CS2103T-W13-3 PRIY..ARVI","NaelAnoob":"CS2103T-W13-3 ANOO..NAEL"}}
