{"authorDailyContributionsMap":{"arnavbajpai":[],"hutongyan":[],"Kiranlimtl":[],"PriyadarshiCharvi":[{"date":"2025-04-07","commitResults":[{"hash":"47b9701b044257dbc6f5bb0576ca833542f89e71","isMergeCommit":false,"messageTitle":"Fix User Guide url in Help Window","messageBody":"","fileTypesAndContributionMap":{"functional-code":{"insertions":1,"deletions":1}}},{"hash":"cb2925a31a59d82c187cad31c34d26b6676e2d19","isMergeCommit":false,"messageTitle":"Fix help message command syntax for list_users, issue and extend","messageBody":"","fileTypesAndContributionMap":{"functional-code":{"insertions":3,"deletions":3}}},{"hash":"e0ba7843815cfdb04f26c0caa8f37f3e19d20d0c","isMergeCommit":true,"messageTitle":"Merge pull request #208 from PriyadarshiCharvi/fix-pe-d-bugs","messageBody":"Fix bugs related to Help Message and Help Window","fileTypesAndContributionMap":{}}]}],"NaelAnoob":[]},"authorFileTypeContributionMap":{"arnavbajpai":{"docs":0,"functional-code":0,"test-code":0},"hutongyan":{"docs":0,"functional-code":0,"test-code":0},"Kiranlimtl":{"docs":0,"functional-code":0,"test-code":0},"PriyadarshiCharvi":{"docs":0,"functional-code":3,"test-code":0},"NaelAnoob":{"docs":0,"functional-code":0,"test-code":0}},"authorContributionVariance":{"arnavbajpai":0.0,"hutongyan":0.0,"Kiranlimtl":0.0,"PriyadarshiCharvi":14.222221,"NaelAnoob":0.0},"authorDisplayNameMap":{"arnavbajpai":"CS2103T-W13-3 BAJP..RNAV","hutongyan":"CS2103T-W13-3 HU T..GYAN","Kiranlimtl":"CS2103T-W13-3 LIM ..IRAN","PriyadarshiCharvi":"CS2103T-W13-3 PRIY..ARVI","NaelAnoob":"CS2103T-W13-3 ANOO..NAEL"}}
