{"authorDailyContributionsMap":{"chuahziyang":[],"jhwan0707":[],"cerulyean":[],"Gu0Fengming":[]},"authorFileTypeContributionMap":{"chuahziyang":{"docs":0,"functional-code":0,"test-code":0},"jhwan0707":{"docs":0,"functional-code":0,"test-code":0},"cerulyean":{"docs":0,"functional-code":0,"test-code":0},"Gu0Fengming":{"docs":0,"functional-code":0,"test-code":0}},"authorContributionVariance":{"chuahziyang":0.0,"jhwan0707":0.0,"cerulyean":0.0,"Gu0Fengming":0.0},"authorDisplayNameMap":{"chuahziyang":"CS2103T-T15-4 CHUA..YANG","jhwan0707":"CS2103T-T15-4 CHIN..HWAN","cerulyean":"CS2103T-T15-4 CHEO..FENG","Gu0Fengming":"CS2103T-T15-4 GUO ..MING"}}
