{"authorDailyContributionsMap":{"chuahziyang":[{"date":"2025-04-08","commitResults":[{"hash":"dcef375f39e00d05945c5679864e17a9d2ebc0b5","isMergeCommit":false,"messageTitle":"fix: UG and DG","messageBody":"","fileTypesAndContributionMap":{"functional-code":{"insertions":2,"deletions":2},"docs":{"insertions":64,"deletions":41}}},{"hash":"9cc0b7e549b13abb749138e824cfd8d75cd1723d","isMergeCommit":false,"messageTitle":"fix: UG and DG","messageBody":"","fileTypesAndContributionMap":{"docs":{"insertions":7,"deletions":0}}}]}],"jhwan0707":[{"date":"2025-04-08","commitResults":[{"hash":"27cee8a54cf2076c2d2368152188cbbd22d94274","isMergeCommit":false,"messageTitle":"Update user guide with improved f command section","messageBody":"","fileTypesAndContributionMap":{"docs":{"insertions":29,"deletions":29}}},{"hash":"a7c2d4e6bf0f6aca76916fb211fbe2d42b89c139","isMergeCommit":true,"messageTitle":"Merge pull request #156 from jhwan0707/update/uganddg","messageBody":"Update user guide with improved f command section","fileTypesAndContributionMap":{}},{"hash":"da81f4aee47fca233125735a07406f1f7ed8b946","isMergeCommit":true,"messageTitle":"Merge pull request #154 from cerulyean/last-update-hopefully","messageBody":"Edited a bunch of stuff to try and get checkstyle working right. I ma…","fileTypesAndContributionMap":{}},{"hash":"3d42ea84e132ca18ed10dbd3d36602b549b348b9","isMergeCommit":true,"messageTitle":"Merge branch \u0027master\u0027 into ziyang/work","messageBody":"","fileTypesAndContributionMap":{}},{"hash":"cc9fe28a06d960d60af1acc551fc717b7d6b4925","isMergeCommit":true,"messageTitle":"Merge pull request #153 from AY2425S2-CS2103T-T15-4/ziyang/work","messageBody":"Ziyang/work","fileTypesAndContributionMap":{}},{"hash":"02cdd88721a864753ae55cc146df9936ac540e1f","isMergeCommit":false,"messageTitle":"fix ug","messageBody":"","fileTypesAndContributionMap":{"docs":{"insertions":0,"deletions":8}}},{"hash":"28a515880f12639253d59397069a299afb31fa3f","isMergeCommit":true,"messageTitle":"Merge pull request #157 from jhwan0707/fixstuff","messageBody":"fix ug","tags":["v1.6"],"fileTypesAndContributionMap":{}}]}],"cerulyean":[{"date":"2025-04-08","commitResults":[{"hash":"f0d2a8a6ec4a0a2c1076023e7aaad02242faeab6","isMergeCommit":false,"messageTitle":"Edited a bunch of stuff to try and get checkstyle working right. I made some progress, but there is one fuzzy thing i dont understand how works.","messageBody":"I updated the match command explanation in the UG, and some other stuff in the DG.\n","fileTypesAndContributionMap":{"functional-code":{"insertions":27,"deletions":20},"docs":{"insertions":75,"deletions":15},"test-code":{"insertions":12,"deletions":1}}}]}],"Gu0Fengming":[]},"authorFileTypeContributionMap":{"chuahziyang":{"docs":70,"functional-code":2,"test-code":0},"jhwan0707":{"docs":18,"functional-code":1,"test-code":0},"cerulyean":{"docs":66,"functional-code":20,"test-code":12},"Gu0Fengming":{"docs":0,"functional-code":0,"test-code":0}},"authorContributionVariance":{"chuahziyang":2523.0,"jhwan0707":816.75,"cerulyean":4218.75,"Gu0Fengming":0.0},"authorDisplayNameMap":{"chuahziyang":"CS2103T-T15-4 CHUA..YANG","jhwan0707":"CS2103T-T15-4 CHIN..HWAN","cerulyean":"CS2103T-T15-4 CHEO..FENG","Gu0Fengming":"CS2103T-T15-4 GUO ..MING"}}
