{"authorDailyContributionsMap":{"itsvari":[{"date":"2025-04-06","commitResults":[{"hash":"608a003f0d36c3c1062444931e755d4ec3c94d63","isMergeCommit":true,"messageTitle":"Merge pull request #300 from Stickiem/299-update-UI","messageBody":"Update UI design","fileTypesAndContributionMap":{}},{"hash":"22bff29a178d2aed4cd70c8ba0e2d1c595f9f577","isMergeCommit":true,"messageTitle":"Merge pull request #302 from Stickiem/301-update-add-error-message","messageBody":"Fix add error message ","fileTypesAndContributionMap":{}}]},{"date":"2025-04-07","commitResults":[{"hash":"6df57e69b4302413e5cb44b50a94b2cb76249502","isMergeCommit":true,"messageTitle":"Merge pull request #304 from Stickiem/303-fix-parser","messageBody":"Update add parser","fileTypesAndContributionMap":{}},{"hash":"b85f42696c7071f6b77f115428ad9fe3c347431b","isMergeCommit":true,"messageTitle":"Merge pull request #307 from Stickiem/305-add-tests","messageBody":"Add tests for add","fileTypesAndContributionMap":{}}]},{"date":"2025-04-08","commitResults":[{"hash":"345c510c9a7f590c70f442942e93ef6d16b08257","isMergeCommit":false,"messageTitle":"Persist relationship data within model","messageBody":"","fileTypesAndContributionMap":{"functional-code":{"insertions":27,"deletions":0}}},{"hash":"7ee8b6509da5d5a7d85eb3d6485798e489b79b4c","isMergeCommit":false,"messageTitle":"Store generated ID in JSON","messageBody":"","fileTypesAndContributionMap":{"functional-code":{"insertions":7,"deletions":4}}},{"hash":"4466da151cdff019e0d4a28aa0cd819a6d1e568d","isMergeCommit":false,"messageTitle":"Store generated ID in JSON","messageBody":"","fileTypesAndContributionMap":{"functional-code":{"insertions":9,"deletions":2}}},{"hash":"92c1acf4026a008c787bfedb64f0eee0dee5e6da","isMergeCommit":false,"messageTitle":"Persist relationship data within model","messageBody":"","fileTypesAndContributionMap":{"functional-code":{"insertions":21,"deletions":0}}},{"hash":"3e6cb35de311382bb758672c1edd8c1ce90252b8","isMergeCommit":false,"messageTitle":"Fix tests","messageBody":"","fileTypesAndContributionMap":{"test-code":{"insertions":10,"deletions":7}}},{"hash":"b6c0458d17acddf79b705ed062dfeca3eae4d6af","isMergeCommit":true,"messageTitle":"Merge pull request #309 from itsvari/228-handle-relationship-gui-bugs","messageBody":"Handle relationship GUI bugs","fileTypesAndContributionMap":{}},{"hash":"295a3164b73921d5ac1673f2c609afc6c725a962","isMergeCommit":false,"messageTitle":"Modify relationship delete messages","messageBody":"","fileTypesAndContributionMap":{"functional-code":{"insertions":1,"deletions":2},"test-code":{"insertions":1,"deletions":1}}},{"hash":"fa89b0a152460b04af0b390ac4d6ec02a19e4808","isMergeCommit":false,"messageTitle":"Remove references to AddressBook","messageBody":"","fileTypesAndContributionMap":{"functional-code":{"insertions":3,"deletions":3}}},{"hash":"2582bfa87ab9901862bfa637a9f2e920c7c2ea1b","isMergeCommit":true,"messageTitle":"Merge pull request #312 from itsvari/254-consistent-delete-messages","messageBody":"Modify relationship delete messages","fileTypesAndContributionMap":{}},{"hash":"f48a1306e3a3031471c546d7158ca4a1d33df23a","isMergeCommit":true,"messageTitle":"Merge pull request #313 from ChauuuLe/308-fix-event-contact","messageBody":"Fix event contact and duplicate command","fileTypesAndContributionMap":{}},{"hash":"38a3184f3f511cff0184666040fa74cdf548b013","isMergeCommit":true,"messageTitle":"Merge pull request #314 from itsvari/264-remove-ab3-references","messageBody":"Remove references to AddressBook","fileTypesAndContributionMap":{}},{"hash":"3be4e91659813710e8e9203c15b36dcc5a28ff13","isMergeCommit":false,"messageTitle":"Update documentation for Relationships","messageBody":"","fileTypesAndContributionMap":{"docs":{"insertions":8,"deletions":12}}},{"hash":"3fba0b432007217079efef531d20a08a815b0a7c","isMergeCommit":false,"messageTitle":"Remove references to AddressBook","messageBody":"","fileTypesAndContributionMap":{"docs":{"insertions":2,"deletions":2}}},{"hash":"a2e4d76bf0363137d096f3b4287b9c8b8ca5beee","isMergeCommit":false,"messageTitle":"Save data during application shutdown","messageBody":"","fileTypesAndContributionMap":{"functional-code":{"insertions":1,"deletions":0}}},{"hash":"3b3d6821542755fb9ce959fde1f38ac23a3bc7e2","isMergeCommit":true,"messageTitle":"Merge pull request #318 from Stickiem/306-update-documents","messageBody":"Update relevant UG documentations","fileTypesAndContributionMap":{}},{"hash":"6abbac8647afde6efc2f730cec431acafc55fe8c","isMergeCommit":true,"messageTitle":"Merge branch \u0027master\u0027 into 253-clarify-relationship-ug","messageBody":"","fileTypesAndContributionMap":{}},{"hash":"441ff6cdca1807d85d5c4f148bb7c4ae3db58780","isMergeCommit":true,"messageTitle":"Merge pull request #316 from itsvari/280-save-data","messageBody":"Save data during application shutdown","fileTypesAndContributionMap":{}},{"hash":"374a3b908248e352a8a47c655b71d849a03b919f","isMergeCommit":true,"messageTitle":"Merge pull request #315 from itsvari/253-clarify-relationship-ug","messageBody":"Update documentation for Relationships","fileTypesAndContributionMap":{}},{"hash":"2d219bf0d6996f1e94acb089d46f29f900753a39","isMergeCommit":false,"messageTitle":"Add more tests for relationship commands","messageBody":"","fileTypesAndContributionMap":{"test-code":{"insertions":412,"deletions":107}}},{"hash":"2daacbb424947b16c35b1918493c55ad51f67bae","isMergeCommit":true,"messageTitle":"Merge pull request #320 from ChauuuLe/296-contact-id","messageBody":"Remove id in contact","fileTypesAndContributionMap":{}},{"hash":"1e8d570af8f4ede623214a500bab0625dec21a15","isMergeCommit":true,"messageTitle":"Merge pull request #321 from Stickiem/306-update-documents","messageBody":"Update relevant UG documentations","fileTypesAndContributionMap":{}},{"hash":"a6facb27e17cc9637bf6a11d003e352c41bc6e74","isMergeCommit":true,"messageTitle":"Merge branch \u0027master\u0027 into 229-more-relationship-tests","messageBody":"","fileTypesAndContributionMap":{}},{"hash":"a99a2cbd7a93d8b4606c14af0bf2443ec82f652c","isMergeCommit":false,"messageTitle":"Implement equals and hashCode methods","messageBody":"","fileTypesAndContributionMap":{"functional-code":{"insertions":23,"deletions":0}}},{"hash":"8a84ec59027a74f7ba1660c590a058a145fea9c2","isMergeCommit":false,"messageTitle":"Add parser tests","messageBody":"","fileTypesAndContributionMap":{"test-code":{"insertions":243,"deletions":8}}},{"hash":"a2109c1ad289ebb959c7b50844bf418eed50f3b6","isMergeCommit":false,"messageTitle":"Added logic manager tests","messageBody":"","fileTypesAndContributionMap":{"test-code":{"insertions":41,"deletions":0}}},{"hash":"bb98b6d053a87e1b4d0d5d5c915d08462df85342","isMergeCommit":true,"messageTitle":"Merge pull request #323 from TrKNguyen/322-Update-UG-DG-PPP","messageBody":"Update relevant UG DG and PPP","fileTypesAndContributionMap":{}},{"hash":"2814ce544b53076509ae8fa3c36bd3d30c68a77a","isMergeCommit":false,"messageTitle":"Add test util classes","messageBody":"","fileTypesAndContributionMap":{"test-code":{"insertions":96,"deletions":0}}},{"hash":"3865bef43b34c24f12835b4d653819fbe5ca1752","isMergeCommit":false,"messageTitle":"Add more model tests","messageBody":"","fileTypesAndContributionMap":{"test-code":{"insertions":757,"deletions":50}}},{"hash":"5a21829e022379f38cfc80e6c6d50254e46a582b","isMergeCommit":false,"messageTitle":"Add more storage tests","messageBody":"","fileTypesAndContributionMap":{"test-code":{"insertions":77,"deletions":10}}},{"hash":"21cf459d3a5e0f5e09777f75935f5f952463af2f","isMergeCommit":false,"messageTitle":"Remove redundant null casts","messageBody":"","fileTypesAndContributionMap":{"test-code":{"insertions":4,"deletions":4}}},{"hash":"e034f4bf0559bdfd5ff0b260726b98adf7ed3559","isMergeCommit":false,"messageTitle":"Refactor JsonSerializableAddressBookTest to use Optional for JSON data retrieval","messageBody":"","fileTypesAndContributionMap":{"test-code":{"insertions":25,"deletions":9}}},{"hash":"e05a8243afb3e1d5a31b8f1bcfa1262dcd74c40f","isMergeCommit":false,"messageTitle":"Add more tests","messageBody":"","fileTypesAndContributionMap":{"test-code":{"insertions":81,"deletions":0}}},{"hash":"0eb506e8b9e215c4af4bb711d1779d01b3fb2118","isMergeCommit":true,"messageTitle":"Merge branch \u0027master\u0027 into 229-more-relationship-tests","messageBody":"","fileTypesAndContributionMap":{}},{"hash":"bd2dcb8bd8f45858058ba8918e4601f6439ed885","isMergeCommit":true,"messageTitle":"Merge pull request #324 from itsvari/229-more-relationship-tests","messageBody":"229 more relationship tests","fileTypesAndContributionMap":{}},{"hash":"156da3bdb08b6cbf6c59f89c7d83739099d58bc6","isMergeCommit":true,"messageTitle":"Merge pull request #332 from keyansheng/246-fix-class-diagrams","messageBody":"Remove duplicates in ModelClassDiagram.puml","fileTypesAndContributionMap":{}},{"hash":"96fec94d16f9c27f756f2f157a088d2613689d94","isMergeCommit":true,"messageTitle":"Merge pull request #331 from keyansheng/240-fix-sequence-diagrams","messageBody":"Fix sequence diagrams","fileTypesAndContributionMap":{}},{"hash":"52df0397cb3108cec3ccd46c7ac8a9238ec31290","isMergeCommit":true,"messageTitle":"Merge pull request #328 from ChauuuLe/327-duplicate-event-id","messageBody":"Fix duplicate event id","fileTypesAndContributionMap":{}},{"hash":"2ee3cab92481fba49d6dfa324cb399945f38bd7a","isMergeCommit":true,"messageTitle":"Merge pull request #333 from TrKNguyen/330-Add-picture-for-UG","messageBody":"Add picture for ug, modify ug, dg","fileTypesAndContributionMap":{}},{"hash":"088dc2dc860c6c775c24115cd1e19b1472484d6d","isMergeCommit":false,"messageTitle":"Update UserGuide.md","messageBody":"","fileTypesAndContributionMap":{"docs":{"insertions":1,"deletions":0}}},{"hash":"2e3b7ef9117ee6f8e27bfa3c4c910b45d1529502","isMergeCommit":true,"messageTitle":"Merge pull request #334 from TrKNguyen/Fix-last","messageBody":"Update UG","fileTypesAndContributionMap":{}},{"hash":"6854448ee6a768cfc32437124028363738058bb9","isMergeCommit":true,"messageTitle":"Merge pull request #335 from ChauuuLe/329-event-test","messageBody":"Add event test","tags":["v1.6"],"fileTypesAndContributionMap":{}}]}],"ChauuuLe":[{"date":"2025-04-08","commitResults":[{"hash":"17c57360cf7ccf2349f64ee4fb8f3e6f7734d8b9","isMergeCommit":false,"messageTitle":"Fix contact with event","messageBody":"","fileTypesAndContributionMap":{"functional-code":{"insertions":29,"deletions":11}}},{"hash":"893b4217a2cf52a446b80027142fb5572907dfbc","isMergeCommit":false,"messageTitle":"Handle duplicate command","messageBody":"","fileTypesAndContributionMap":{"functional-code":{"insertions":19,"deletions":9}}},{"hash":"887968a94082ed3bbb5877ea25be727ae21941aa","isMergeCommit":false,"messageTitle":"Fix no load gui for event contact","messageBody":"","fileTypesAndContributionMap":{"functional-code":{"insertions":13,"deletions":24}}},{"hash":"96c73a72427f081a831fabf974eed2d398b4a552","isMergeCommit":false,"messageTitle":"Update better to string for event","messageBody":"","fileTypesAndContributionMap":{"functional-code":{"insertions":18,"deletions":4},"test-code":{"insertions":1,"deletions":2}}},{"hash":"d28c33bb635a7e40ffebe9b25693fe8cbff4f767","isMergeCommit":false,"messageTitle":"Remove id","messageBody":"","fileTypesAndContributionMap":{"functional-code":{"insertions":2,"deletions":2}}},{"hash":"44d6435af45ad5519400d1ab7b71656ce07fcd8d","isMergeCommit":false,"messageTitle":"Fix duplicate event id","messageBody":"","fileTypesAndContributionMap":{"functional-code":{"insertions":3,"deletions":0},"docs":{"insertions":2,"deletions":2}}},{"hash":"d2520a108dc2d1bbb72b73daf24ebd2b4d544c50","isMergeCommit":false,"messageTitle":"Add test for event commands","messageBody":"","fileTypesAndContributionMap":{"test-code":{"insertions":969,"deletions":0}}},{"hash":"8def6625f7270eb4021d4f40f4f7e374112c776e","isMergeCommit":false,"messageTitle":"Add event parser test and event model test","messageBody":"","fileTypesAndContributionMap":{"test-code":{"insertions":485,"deletions":0}}}]}],"TrKNguyen":[{"date":"2025-04-05","commitResults":[{"hash":"194ddfcfe0e4d0dae9bee797bd1a47df357e1cee","isMergeCommit":false,"messageTitle":"Update add command parser","messageBody":"","fileTypesAndContributionMap":{"functional-code":{"insertions":3,"deletions":3}}},{"hash":"d2214f43f56da376dddf8ca0832e1580e63bb118","isMergeCommit":false,"messageTitle":"Update address book, sorting command for throwing exception","messageBody":"","fileTypesAndContributionMap":{"functional-code":{"insertions":7,"deletions":4},"test-code":{"insertions":9,"deletions":8}}},{"hash":"087c3c64a110c255d3109cd727e20329aa8c9941","isMergeCommit":false,"messageTitle":"Update user guide, developer guide for sort and search, redo, redoList command","messageBody":"","fileTypesAndContributionMap":{"docs":{"insertions":38,"deletions":28}}},{"hash":"28396e4d61d015624da59b757e7ee6079c6d3ad6","isMergeCommit":false,"messageTitle":"Add allowing throw exception","messageBody":"","fileTypesAndContributionMap":{"functional-code":{"insertions":4,"deletions":8}}},{"hash":"17bc1bba172a4aab91038c12e010e4708427aa07","isMergeCommit":false,"messageTitle":"Update the upperbound of redo keyword\u0027s constraints","messageBody":"","fileTypesAndContributionMap":{"functional-code":{"insertions":2,"deletions":2}}},{"hash":"84b04f04bc4bf381e717cecc738d12963809395d","isMergeCommit":false,"messageTitle":"Update find relationship command predicate","messageBody":"","fileTypesAndContributionMap":{"functional-code":{"insertions":22,"deletions":9}}},{"hash":"478d44e0121f515e6cc56e011b9e707e53bc268c","isMergeCommit":false,"messageTitle":"Update new definition of find relationship command","messageBody":"","fileTypesAndContributionMap":{"functional-code":{"insertions":4,"deletions":3}}},{"hash":"c0c0842297f4f6c3042cb1c6be14b5d80f8b25bc","isMergeCommit":false,"messageTitle":"Fix checkstyle error","messageBody":"","fileTypesAndContributionMap":{"functional-code":{"insertions":0,"deletions":1}}},{"hash":"b8f6332ef57b6ade1d76f937c1ebdc42831a6b37","isMergeCommit":true,"messageTitle":"Merge the latest version","messageBody":"","fileTypesAndContributionMap":{}},{"hash":"eafccde2d014afe2c7d385079a9e92e0746d0516","isMergeCommit":false,"messageTitle":"Update test of find relationship, redo, sort command","messageBody":"","fileTypesAndContributionMap":{"test-code":{"insertions":11,"deletions":10}}},{"hash":"29f21844e1340b95fb64a298a6856521f0814a3a","isMergeCommit":false,"messageTitle":"Add relationship parser test","messageBody":"","fileTypesAndContributionMap":{"test-code":{"insertions":75,"deletions":0}}},{"hash":"909b535cc95cc4c1130be07755118ceeee2e0452","isMergeCommit":false,"messageTitle":"Add sort, redo, command parser test util","messageBody":"","fileTypesAndContributionMap":{"test-code":{"insertions":179,"deletions":1}}},{"hash":"ec5e7affea3c067f9f07147f538abbf08cc4995f","isMergeCommit":false,"messageTitle":"Update the DG and UG to reflect the changes related to the findRelationship command","messageBody":"","fileTypesAndContributionMap":{"docs":{"insertions":8,"deletions":6}}},{"hash":"d31c15afe53f22b25cf56f889913d983a5e62726","isMergeCommit":false,"messageTitle":"Add more details about sort in DG","messageBody":"","fileTypesAndContributionMap":{"functional-code":{"insertions":0,"deletions":1},"docs":{"insertions":1,"deletions":0}}},{"hash":"d675aa76e3b2a51a137ee1d9b6a0a6f9537b0d8d","isMergeCommit":false,"messageTitle":"Update DG and UG about Character Encoding for find and sort command","messageBody":"","fileTypesAndContributionMap":{"docs":{"insertions":28,"deletions":2}}}]},{"date":"2025-04-06","commitResults":[{"hash":"8c68c6857f429c6804db46722c7ff218c3fbb9d1","isMergeCommit":true,"messageTitle":"Merge pull request #298 from TrKNguyen/297-fix-all-relevant-issue","messageBody":"Fix all relevant issue","fileTypesAndContributionMap":{}}]},{"date":"2025-04-07","commitResults":[{"hash":"4231145aa447b14b2aa9cc81dfb76407b880b2f0","isMergeCommit":false,"messageTitle":"Add Tran Khoi Nguyen\u0027s PPP","messageBody":"","fileTypesAndContributionMap":{"docs":{"insertions":77,"deletions":0}}}]},{"date":"2025-04-08","commitResults":[{"hash":"028e71c78b53366642db0f3790383f51de77c1fe","isMergeCommit":false,"messageTitle":"Update known issues, and the display format of find, sort, redo, redoList command in user guide","messageBody":"","fileTypesAndContributionMap":{"docs":{"insertions":40,"deletions":36}}},{"hash":"6ca094ab117295e359bedba6686ad81fd6215662","isMergeCommit":false,"messageTitle":"Update name in PPP","messageBody":"","fileTypesAndContributionMap":{"docs":{"insertions":2,"deletions":2}}},{"hash":"00a14a0408e541aa472a6b69a904bb948e44e2f3","isMergeCommit":false,"messageTitle":"Update user guider format","messageBody":"","fileTypesAndContributionMap":{"docs":{"insertions":4,"deletions":4}}},{"hash":"fd0473dcf4dc582c7009cedd63642d889fb3f59f","isMergeCommit":true,"messageTitle":"Merge branch \u0027master\u0027 of https://github.com/TrKNguyen/tp","messageBody":"","fileTypesAndContributionMap":{}},{"hash":"61b7eeb10509c3c7eaa319528350c6269016b823","isMergeCommit":false,"messageTitle":"Update user guider format","messageBody":"","fileTypesAndContributionMap":{"docs":{"insertions":2,"deletions":1}}},{"hash":"5247a46432eed941c9bb8c043df035215b43f4e4","isMergeCommit":true,"messageTitle":"Merge pull request #311 from TrKNguyen/310-update-UG-add-PPP","messageBody":"Update UG add ppp","fileTypesAndContributionMap":{}},{"hash":"2f62c36182d3878357eb40dc2ef0c48fb6747139","isMergeCommit":false,"messageTitle":"Improve find relationship example","messageBody":"","fileTypesAndContributionMap":{"docs":{"insertions":1,"deletions":1}}},{"hash":"1ba2d7d5312084df3a0581b02c83710b308628a8","isMergeCommit":false,"messageTitle":"Change to correct name for TrKNguyen\u0027s PPP","messageBody":"","fileTypesAndContributionMap":{"docs":{"insertions":0,"deletions":0}}},{"hash":"cdaf5e8216c3db2bc891c78a09f60a9903346555","isMergeCommit":false,"messageTitle":"Update PPP and UG in find and sort interaction","messageBody":"","fileTypesAndContributionMap":{"docs":{"insertions":10,"deletions":1}}},{"hash":"bdbf62e80e7652311f25ded35c0f6abb21b6d2a1","isMergeCommit":true,"messageTitle":"Merge master","messageBody":"","fileTypesAndContributionMap":{}},{"hash":"d2522d0f13264f11c46f30e36b16837135903cf1","isMergeCommit":false,"messageTitle":"Roll back to fix some UG merging issue","messageBody":"","fileTypesAndContributionMap":{"functional-code":{"insertions":83,"deletions":52},"docs":{"insertions":42,"deletions":14},"test-code":{"insertions":2,"deletions":3}}},{"hash":"5a88796ea03588d4fbdf3237e34ff51654256e6e","isMergeCommit":true,"messageTitle":"Merge branch \u0027322-Update-UG-DG-PPP\u0027 of https://github.com/TrKNguyen/tp into 322-Update-UG-DG-PPP","messageBody":"","fileTypesAndContributionMap":{}},{"hash":"089fc4b8a40118d0d8fe04f87f99993d6284f59a","isMergeCommit":false,"messageTitle":"Fix help issue","messageBody":"","fileTypesAndContributionMap":{"docs":{"insertions":2,"deletions":3}}},{"hash":"94d0e4bf5466955c5f4beb1b824f74e6eb566fe9","isMergeCommit":false,"messageTitle":"Deleted redundant part in UG","messageBody":"","fileTypesAndContributionMap":{"docs":{"insertions":0,"deletions":6}}},{"hash":"d97c22e5d2642fa8f5ba011ec4f8df97d534f9c0","isMergeCommit":false,"messageTitle":"Update UG, DG","messageBody":"","fileTypesAndContributionMap":{"docs":{"insertions":13,"deletions":9}}},{"hash":"0bfb17ec3c45d4170090c36cc0e81ea2c1511a43","isMergeCommit":false,"messageTitle":"Update DG","messageBody":"","fileTypesAndContributionMap":{"docs":{"insertions":1,"deletions":1}}},{"hash":"a5755a187a4a88e230918a754054e5ca9acd1c79","isMergeCommit":false,"messageTitle":"Delete redundant part","messageBody":"","fileTypesAndContributionMap":{"docs":{"insertions":0,"deletions":11}}},{"hash":"1ec9845dcbcdf07142da14861c1620dce293decb","isMergeCommit":false,"messageTitle":"Update UG","messageBody":"","fileTypesAndContributionMap":{"docs":{"insertions":4,"deletions":0}}}]}],"keyansheng":[{"date":"2025-04-08","commitResults":[{"hash":"49658b260fc4d0442e2890c1e8ab13a59b5bd551","isMergeCommit":true,"messageTitle":"Merge pull request #325 from Stickiem/306-update-documents","messageBody":"Update relevant UG documentations ","fileTypesAndContributionMap":{}},{"hash":"a3a1a7f3436f17fc351bcf340bf7a691068965b1","isMergeCommit":false,"messageTitle":"Fix sequence diagrams","messageBody":"","fileTypesAndContributionMap":{"docs":{"insertions":21,"deletions":0}}},{"hash":"c8a8d3fd5eb10940a8c1f5b3d3cedb8d7cd98040","isMergeCommit":false,"messageTitle":"Remove duplicates in ModelClassDiagram.puml","messageBody":"","fileTypesAndContributionMap":{"docs":{"insertions":0,"deletions":9}}}]}],"Stickiem":[{"date":"2025-04-05","commitResults":[{"hash":"d7fc35d36ad2ff3d1c2c24782e63466c0ecfb8a6","isMergeCommit":false,"messageTitle":"Update UI design","messageBody":"","fileTypesAndContributionMap":{"functional-code":{"insertions":5,"deletions":2}}},{"hash":"bc9086af82e73b69b689ec6d3d8f807641aeff12","isMergeCommit":false,"messageTitle":"Update add command error message","messageBody":"","fileTypesAndContributionMap":{"functional-code":{"insertions":4,"deletions":3}}}]},{"date":"2025-04-06","commitResults":[{"hash":"c1a464c64121d1c0fbd1c43442c4ad3ce30404c5","isMergeCommit":false,"messageTitle":"Update add parser","messageBody":"","fileTypesAndContributionMap":{"functional-code":{"insertions":3,"deletions":3}}},{"hash":"5e301cab6af99be80fdd62a045e7246a48102be4","isMergeCommit":false,"messageTitle":"Fix parser","messageBody":"","fileTypesAndContributionMap":{"functional-code":{"insertions":12,"deletions":12}}},{"hash":"e36e1e68eaaf73e7d76c0588e331385c49711832","isMergeCommit":false,"messageTitle":"Update exception handling","messageBody":"","fileTypesAndContributionMap":{"functional-code":{"insertions":9,"deletions":0}}}]},{"date":"2025-04-07","commitResults":[{"hash":"7c027ee350e9a1ea98aa888ec5ff04d1565d1b4e","isMergeCommit":false,"messageTitle":"Update test","messageBody":"","fileTypesAndContributionMap":{"test-code":{"insertions":13,"deletions":0}}},{"hash":"d77413996e828401563069459a61c6dad4d0a3bf","isMergeCommit":false,"messageTitle":"Update log message","messageBody":"","fileTypesAndContributionMap":{"functional-code":{"insertions":2,"deletions":2}}},{"hash":"b3cdd66d0a4aa75101e7e0ed2e67b2313e470b4c","isMergeCommit":false,"messageTitle":"Update regex","messageBody":"","fileTypesAndContributionMap":{"functional-code":{"insertions":3,"deletions":3}}},{"hash":"2da9e955cfb832235fb1a01d5a3a0a041d307ee8","isMergeCommit":false,"messageTitle":"Update address message constraints text","messageBody":"","fileTypesAndContributionMap":{"functional-code":{"insertions":2,"deletions":1}}},{"hash":"f9033e0dae2329bcd3e6dc0eeb86f58687e85e80","isMergeCommit":false,"messageTitle":"Add test","messageBody":"","fileTypesAndContributionMap":{"test-code":{"insertions":1,"deletions":0}}}]},{"date":"2025-04-08","commitResults":[{"hash":"347ba98550ce67f26f9b11bfa061c30e965df68e","isMergeCommit":false,"messageTitle":"Update user guide","messageBody":"","fileTypesAndContributionMap":{"docs":{"insertions":27,"deletions":9}}},{"hash":"489a0c57d9ee12d51707cdc89dd12fff51d94d25","isMergeCommit":true,"messageTitle":"Merge branch \u0027master\u0027 into 306-update-documents","messageBody":"","fileTypesAndContributionMap":{}},{"hash":"d5bde77ddb811446746753075f8e78b0074bbda9","isMergeCommit":true,"messageTitle":"Merge pull request #319 from ChauuuLe/284-event-gui","messageBody":"Fix bug for event gui contacts and toString","fileTypesAndContributionMap":{}},{"hash":"08fa39625d434f5d34e05d2cbeb841e41f95cca0","isMergeCommit":false,"messageTitle":"Update user guide for edit command","messageBody":"","fileTypesAndContributionMap":{"docs":{"insertions":4,"deletions":3}}},{"hash":"77f0619febb2bb8498a5ae9810c6a6b67bf46969","isMergeCommit":true,"messageTitle":"Merge branch \u0027master\u0027 into 306-update-documents","messageBody":"","fileTypesAndContributionMap":{}},{"hash":"3a8943a5577e58c927f88f1cc7e19a6c37b6ccbe","isMergeCommit":false,"messageTitle":"Update user guide related to relationship","messageBody":"","fileTypesAndContributionMap":{"docs":{"insertions":16,"deletions":8}}},{"hash":"a9b4c3cea0dd5490fea24a185e226dead5cb2ff1","isMergeCommit":false,"messageTitle":"Update user guide related to events","messageBody":"","fileTypesAndContributionMap":{"docs":{"insertions":30,"deletions":6}}},{"hash":"8d262ceb51bdae59ea3421b6e62ec14768ea2532","isMergeCommit":false,"messageTitle":"Update user guide related to find","messageBody":"","fileTypesAndContributionMap":{"docs":{"insertions":59,"deletions":51}}}]}]},"authorFileTypeContributionMap":{"itsvari":{"docs":1,"functional-code":92,"test-code":1728},"ChauuuLe":{"docs":2,"functional-code":79,"test-code":1455},"TrKNguyen":{"docs":208,"functional-code":37,"test-code":273},"keyansheng":{"docs":21,"functional-code":0,"test-code":0},"Stickiem":{"docs":98,"functional-code":36,"test-code":14}},"authorContributionVariance":{"itsvari":804195.2,"ChauuuLe":477004.7,"TrKNguyen":37913.5,"keyansheng":168.75,"Stickiem":6588.1875},"authorDisplayNameMap":{"itsvari":"CS2103T-T09-1 ASHE.. LOW","ChauuuLe":"CS2103T-T09-1 LE H..CHAU","TrKNguyen":"CS2103T-T09-1 TRAN..UYEN","keyansheng":"CS2103T-T09-1 ABIG..L KE","Stickiem":"CS2103T-T09-1 THUM..KUAN"}}
