{"authorDailyContributionsMap":{"charlenelau-20":[{"date":"2025-04-06","commitResults":[{"hash":"ef5e4d2e93aa8581f8184cd2e5c57adb84a66d8b","isMergeCommit":false,"messageTitle":"Update error messages and test case for assign command","messageBody":"","fileTypesAndContributionMap":{"functional-code":{"insertions":4,"deletions":5},"test-code":{"insertions":1,"deletions":1}}},{"hash":"776a86cf490d8e9e8b1b0afed7023806fa4a4087","isMergeCommit":false,"messageTitle":"Remove unused imports","messageBody":"","fileTypesAndContributionMap":{"test-code":{"insertions":0,"deletions":1}}},{"hash":"6e58e8b6a852902b7f98f105ff652c9cab51eb25","isMergeCommit":false,"messageTitle":"Remove extra blank line","messageBody":"","fileTypesAndContributionMap":{"functional-code":{"insertions":0,"deletions":1}}}]}],"Shanyey":[{"date":"2025-04-06","commitResults":[{"hash":"fae8f457e756448924ea5ccfa1308b7fb9021300","isMergeCommit":true,"messageTitle":"Merge pull request #320 from jon-seana/Branch-v1.6-UG\u0026DG\u0026CodeQuality","messageBody":"Limit phone number length","fileTypesAndContributionMap":{}},{"hash":"3da2e15517ebfb26cc47ce68b49c5f3d8758638c","isMergeCommit":true,"messageTitle":"Merge pull request #321 from charlenelau-20/update-assign-errors","messageBody":"Update error messages for assign command","fileTypesAndContributionMap":{}},{"hash":"0879d7389e1da1487b1cc904fbd10cb2ae445487","isMergeCommit":false,"messageTitle":"Allow special character in name","messageBody":"","fileTypesAndContributionMap":{"functional-code":{"insertions":9,"deletions":6}}},{"hash":"a569ca0adc2e487f2f411de2829181c1e02b3d6f","isMergeCommit":false,"messageTitle":"remove extra comment and empty lines","messageBody":"","fileTypesAndContributionMap":{"functional-code":{"insertions":1,"deletions":3}}},{"hash":"ce3b8c1b185370117fbaafa0cb528e661b331763","isMergeCommit":false,"messageTitle":"update comment from address to name","messageBody":"","fileTypesAndContributionMap":{"functional-code":{"insertions":1,"deletions":1}}}]}],"chanjunlin":[{"date":"2025-04-06","commitResults":[{"hash":"bb676915b89657579f1fc58858e73c0a1948ab72","isMergeCommit":true,"messageTitle":"Merge pull request #322 from Shanyey/Branch-PED-Bug-Fixing","messageBody":"Allow special character in name","fileTypesAndContributionMap":{}}]}],"jon-seana":[{"date":"2025-04-06","commitResults":[{"hash":"d8d44872c8a69ba3349fdbdfc02f7b75d36e957b","isMergeCommit":false,"messageTitle":"Limit phone number length","messageBody":"","fileTypesAndContributionMap":{"functional-code":{"insertions":9,"deletions":3},"docs":{"insertions":1,"deletions":0}}},{"hash":"3e5b24032edd42aa5fdd3e902c6a326bebdcafb8","isMergeCommit":false,"messageTitle":"Fix minor bug","messageBody":"","fileTypesAndContributionMap":{"functional-code":{"insertions":1,"deletions":1}}},{"hash":"73016fa6280206e11ead35bce644ff33e571f698","isMergeCommit":false,"messageTitle":"Fix more issues","messageBody":"","fileTypesAndContributionMap":{"functional-code":{"insertions":35,"deletions":0}}},{"hash":"3ee598d0e751da41ed106afc1279044dd744e5d3","isMergeCommit":false,"messageTitle":"Fix more bugs","messageBody":"","fileTypesAndContributionMap":{"functional-code":{"insertions":10,"deletions":9},"test-code":{"insertions":4,"deletions":4}}},{"hash":"b174ba231adaeda373ed6a25f5884f690197d5ea","isMergeCommit":false,"messageTitle":"Fix bugs","messageBody":"","fileTypesAndContributionMap":{"functional-code":{"insertions":4,"deletions":3}}},{"hash":"cc34ccbddcc0f29fe7f6c0add91e7c5f19ca021a","isMergeCommit":true,"messageTitle":"Merge pull request #246 from Shanyey/Branch-UpdateUserGuideAndDeveloper","messageBody":"Update developer guide","fileTypesAndContributionMap":{}}]}],"panomia01":[]},"authorFileTypeContributionMap":{"charlenelau-20":{"docs":0,"functional-code":4,"test-code":1},"Shanyey":{"docs":0,"functional-code":6,"test-code":0},"chanjunlin":{"docs":0,"functional-code":0,"test-code":0},"jon-seana":{"docs":1,"functional-code":58,"test-code":4},"panomia01":{"docs":0,"functional-code":0,"test-code":0}},"authorContributionVariance":{"charlenelau-20":42.25,"Shanyey":110.25,"chanjunlin":0.0,"jon-seana":1764.0,"panomia01":0.0},"authorDisplayNameMap":{"charlenelau-20":"CS2103T-T13-2 CHAR..N RU","Shanyey":"CS2103T-T13-2 SHAY..IANG","chanjunlin":"CS2103T-T13-2 CHAN.. LIN","jon-seana":"CS2103T-T13-2 EUGE..PHER","panomia01":"CS2103T-T13-2 NG Z.. WEN"}}
