{"authorDailyContributionsMap":{"charlenelau-20":[{"date":"2025-04-06","commitResults":[{"hash":"ef5e4d2e93aa8581f8184cd2e5c57adb84a66d8b","isMergeCommit":false,"messageTitle":"Update error messages and test case for assign command","messageBody":"","fileTypesAndContributionMap":{"functional-code":{"insertions":4,"deletions":5},"test-code":{"insertions":1,"deletions":1}}},{"hash":"776a86cf490d8e9e8b1b0afed7023806fa4a4087","isMergeCommit":false,"messageTitle":"Remove unused imports","messageBody":"","fileTypesAndContributionMap":{"test-code":{"insertions":0,"deletions":1}}},{"hash":"6e58e8b6a852902b7f98f105ff652c9cab51eb25","isMergeCommit":false,"messageTitle":"Remove extra blank line","messageBody":"","fileTypesAndContributionMap":{"functional-code":{"insertions":0,"deletions":1}}}]},{"date":"2025-04-07","commitResults":[{"hash":"9731903aa706b46d51cc822b3e1e92d911e30964","isMergeCommit":false,"messageTitle":"Update user guide","messageBody":"","fileTypesAndContributionMap":{"docs":{"insertions":4,"deletions":1}}}]}],"Shanyey":[{"date":"2025-04-06","commitResults":[{"hash":"fae8f457e756448924ea5ccfa1308b7fb9021300","isMergeCommit":true,"messageTitle":"Merge pull request #320 from jon-seana/Branch-v1.6-UG\u0026DG\u0026CodeQuality","messageBody":"Limit phone number length","fileTypesAndContributionMap":{}},{"hash":"3da2e15517ebfb26cc47ce68b49c5f3d8758638c","isMergeCommit":true,"messageTitle":"Merge pull request #321 from charlenelau-20/update-assign-errors","messageBody":"Update error messages for assign command","fileTypesAndContributionMap":{}},{"hash":"0879d7389e1da1487b1cc904fbd10cb2ae445487","isMergeCommit":false,"messageTitle":"Allow special character in name","messageBody":"","fileTypesAndContributionMap":{"functional-code":{"insertions":9,"deletions":6}}},{"hash":"a569ca0adc2e487f2f411de2829181c1e02b3d6f","isMergeCommit":false,"messageTitle":"remove extra comment and empty lines","messageBody":"","fileTypesAndContributionMap":{"functional-code":{"insertions":1,"deletions":3}}},{"hash":"ce3b8c1b185370117fbaafa0cb528e661b331763","isMergeCommit":false,"messageTitle":"update comment from address to name","messageBody":"","fileTypesAndContributionMap":{"functional-code":{"insertions":1,"deletions":1}}},{"hash":"e98e77189df348ab8097f928204c393317735fac","isMergeCommit":false,"messageTitle":"update developer guide","messageBody":"","fileTypesAndContributionMap":{"docs":{"insertions":15,"deletions":12}}},{"hash":"9f726ded08de004fd57be7e3261ab7fe53dcc8a6","isMergeCommit":true,"messageTitle":"Merge pull request #325 from jon-seana/Branch-v1.6-UG\u0026DG\u0026CodeQuality","messageBody":"Edit user guide","fileTypesAndContributionMap":{}}]},{"date":"2025-04-07","commitResults":[{"hash":"b7b8b2740aef006c4bdf263d7394f530b7f8a1d9","isMergeCommit":false,"messageTitle":"change duplicate person checking","messageBody":"","fileTypesAndContributionMap":{"functional-code":{"insertions":4,"deletions":2}}},{"hash":"82b1c346536b1afc02ae68c37fb3ac8a8ab7fe6f","isMergeCommit":false,"messageTitle":"fix checkstyle","messageBody":"fix isSamePerson test case\n","fileTypesAndContributionMap":{"functional-code":{"insertions":1,"deletions":1},"test-code":{"insertions":2,"deletions":2}}},{"hash":"e851917df716973ff768aee22f52341810ae56c5","isMergeCommit":false,"messageTitle":"update test case description","messageBody":"","fileTypesAndContributionMap":{"test-code":{"insertions":1,"deletions":1}}},{"hash":"11dc69170d991a12a829e04af9bfb7da078095e4","isMergeCommit":true,"messageTitle":"Merge branch \u0027master\u0027 into Branch-v1.6-Developer-guide","messageBody":"","fileTypesAndContributionMap":{}},{"hash":"3b092ca5738631825749164b76e9fff852fa0ceb","isMergeCommit":false,"messageTitle":"Update model diagram for readabilty","messageBody":"","fileTypesAndContributionMap":{"docs":{"insertions":30,"deletions":14}}},{"hash":"70802e49cfbed1a40048814b2e69eb6a56f74ecb","isMergeCommit":true,"messageTitle":"Merge pull request #319 from chanjunlin/branch_DRBugsFix","messageBody":"Branch pe dry-run bugs fix","fileTypesAndContributionMap":{}},{"hash":"80bd975e71026fb4c4cd77a9d2743c140c7c2fc4","isMergeCommit":false,"messageTitle":"fix test case","messageBody":"","fileTypesAndContributionMap":{"test-code":{"insertions":25,"deletions":13}}}]}],"chanjunlin":[{"date":"2025-04-05","commitResults":[{"hash":"4e115da36dd84e4f136ec0af7ecedd8539c63d7b","isMergeCommit":false,"messageTitle":"Refactor code to fix bugs","messageBody":"- Date of birth now should not be allowed to be in the future\n- Person is only considered the same if their name \u0026 dob \u0026 (phone | email | address) is the same\n","fileTypesAndContributionMap":{"functional-code":{"insertions":15,"deletions":1}}},{"hash":"401a24ca341fcb8ca13334846ff6de82607fab0a","isMergeCommit":false,"messageTitle":"Add Javadoc Comment","messageBody":"","fileTypesAndContributionMap":{"functional-code":{"insertions":4,"deletions":1}}}]},{"date":"2025-04-06","commitResults":[{"hash":"63f89442dc4e2def326fcabf542609c44246efa2","isMergeCommit":false,"messageTitle":"Refactor DateOfBirth","messageBody":"","fileTypesAndContributionMap":{"functional-code":{"insertions":1,"deletions":1},"docs":{"insertions":1,"deletions":1},"test-code":{"insertions":4,"deletions":4}}},{"hash":"cfa95851efc8d07d2ed7097a00f285b2bf876a7e","isMergeCommit":true,"messageTitle":"Merge branch \u0027master\u0027 into branch_DRBugsFix","messageBody":"","fileTypesAndContributionMap":{}},{"hash":"bb676915b89657579f1fc58858e73c0a1948ab72","isMergeCommit":true,"messageTitle":"Merge pull request #322 from Shanyey/Branch-PED-Bug-Fixing","messageBody":"Allow special character in name","fileTypesAndContributionMap":{}}]},{"date":"2025-04-07","commitResults":[{"hash":"16042577a32566517c0830ec282bce0d0765c3e8","isMergeCommit":false,"messageTitle":"Refactor code to fix bugs","messageBody":"- Display proper invalid index error message for all commands\n- Add dob field to be shown when adding person\n- Trying to fix edit command\n","fileTypesAndContributionMap":{"functional-code":{"insertions":41,"deletions":23},"test-code":{"insertions":1,"deletions":0}}},{"hash":"96b0b48fa28c538d4ee961bf1326966cd46adff9","isMergeCommit":true,"messageTitle":"Merge pull request #327 from Shanyey/branch-test-jun-lin-edit","messageBody":"Branch test jun lin edit","fileTypesAndContributionMap":{}},{"hash":"b720cfa5745ccca5d30a4de11778db9caa7b2a35","isMergeCommit":false,"messageTitle":"Refactor code","messageBody":"","fileTypesAndContributionMap":{"functional-code":{"insertions":8,"deletions":19}}},{"hash":"40e82e06bf845e31b5024553b2d603a6c9fba56d","isMergeCommit":true,"messageTitle":"Merge branch \u0027master\u0027 into branch_DRBugsFix","messageBody":"","fileTypesAndContributionMap":{}},{"hash":"fc127e881ccad98379584482c4e9b41aae950857","isMergeCommit":false,"messageTitle":"Merge master into branch_DRBugsFix","messageBody":"","fileTypesAndContributionMap":{"functional-code":{"insertions":1,"deletions":1}}},{"hash":"3ec732554c6e5d0560eaccd89135ba1275de678e","isMergeCommit":false,"messageTitle":"Refactor code to test changes","messageBody":"","fileTypesAndContributionMap":{"functional-code":{"insertions":1,"deletions":1}}},{"hash":"2cfa977f03369a829379e5395ee8de64499b4e1a","isMergeCommit":false,"messageTitle":"Refactor code to test changes","messageBody":"","fileTypesAndContributionMap":{"functional-code":{"insertions":1,"deletions":1}}},{"hash":"b8487c1ca6c19cee59ce4120b8a7fb2da13b3732","isMergeCommit":true,"messageTitle":"Merge pull request #328 from jon-seana/Branch-v1.6-UG\u0026DG\u0026CodeQuality","messageBody":"Edit user guide","fileTypesAndContributionMap":{}},{"hash":"3b5811ed7316b23502c0fd5a129bbb44aa3c1e84","isMergeCommit":false,"messageTitle":"Edit UserGuide.md","messageBody":"","fileTypesAndContributionMap":{"docs":{"insertions":34,"deletions":20}}},{"hash":"5a49d1993e1349464139754c214b86caf11f6e1e","isMergeCommit":true,"messageTitle":"Merge branch \u0027master\u0027 into branch_DRBugsFix","messageBody":"","fileTypesAndContributionMap":{}},{"hash":"a5dad1401d3eeb3e72f5d9825a7f701c36b97cfd","isMergeCommit":false,"messageTitle":"Refactor Developer Guide","messageBody":"","fileTypesAndContributionMap":{"docs":{"insertions":47,"deletions":17}}},{"hash":"e3b2e105b1c9c72e9a13b42a29698a147475c36a","isMergeCommit":true,"messageTitle":"Merge branch \u0027master\u0027 into branch_DRBugsFix","messageBody":"","fileTypesAndContributionMap":{}},{"hash":"68fcc27b08538c8da79cb076ce0835a434ee3e37","isMergeCommit":false,"messageTitle":"Refactor DeveloperGuide","messageBody":"","fileTypesAndContributionMap":{"docs":{"insertions":1,"deletions":1}}},{"hash":"ddbe2978dfb73877d02ca933aee235de03d9b708","isMergeCommit":true,"messageTitle":"Merge pull request #331 from jon-seana/Branch-v1.6-UG\u0026DG\u0026CodeQuality","messageBody":"Edit user guide","fileTypesAndContributionMap":{}},{"hash":"444b0131daaa0e8f2f9aab98623b8538044f59ff","isMergeCommit":false,"messageTitle":"Update UserGuide","messageBody":"","fileTypesAndContributionMap":{"docs":{"insertions":4,"deletions":4}}},{"hash":"cb3a2ce15e89de970dbfd6a07c39676a021001ba","isMergeCommit":true,"messageTitle":"Update UserGuide","messageBody":"","fileTypesAndContributionMap":{}},{"hash":"8ec8d5ec004deb6794d27786210db7852534c69e","isMergeCommit":true,"messageTitle":"Merge pull request #333 from jon-seana/Branch-v1.6-UG\u0026DG\u0026CodeQuality","messageBody":"Fix user guide","fileTypesAndContributionMap":{}},{"hash":"21a898d3f8cb20ae8d54b79fae75437f2938ed9f","isMergeCommit":true,"messageTitle":"Merge pull request #332 from Shanyey/Fix-test-cases","messageBody":"fix test case","fileTypesAndContributionMap":{}},{"hash":"26d4027bb92b862ba81461f36978408a81615fca","isMergeCommit":false,"messageTitle":"Update UserGuide","messageBody":"","fileTypesAndContributionMap":{"docs":{"insertions":0,"deletions":2}}},{"hash":"f2aaacc1010b1e1d14616c25fd923f9c16c7ccaf","isMergeCommit":true,"messageTitle":"Merge branch \u0027master\u0027 into branch_DRBugsFix","messageBody":"","fileTypesAndContributionMap":{}},{"hash":"d714e5dc4efd2d43bf668d710f9614da5c96f127","isMergeCommit":false,"messageTitle":"Update UserGuide","messageBody":"","fileTypesAndContributionMap":{"docs":{"insertions":13,"deletions":10}}},{"hash":"48b7364079a7f4b3663c39c6074a27874c71161b","isMergeCommit":false,"messageTitle":"Fix test cases","messageBody":"","fileTypesAndContributionMap":{"test-code":{"insertions":37,"deletions":34}}},{"hash":"769421571cc7dc6c7ea8dfe07ce58f43aa0d9a5a","isMergeCommit":false,"messageTitle":"Refactor code for test casese","messageBody":"","fileTypesAndContributionMap":{"test-code":{"insertions":1,"deletions":1}}},{"hash":"59ea71bd8f97ea7cfb64bbf7be6aef8abafa7b89","isMergeCommit":true,"messageTitle":"Merge branch \u0027master\u0027 into branch_DRBugsFix","messageBody":"","fileTypesAndContributionMap":{}},{"hash":"05059c8ca69eefe21087946322bd70ff930f6221","isMergeCommit":true,"messageTitle":"Merge pull request #339 from jon-seana/Branch-v1.6-UG\u0026DG\u0026CodeQuality","messageBody":"Edit more User Guide stuff","fileTypesAndContributionMap":{}},{"hash":"75ee13f9e3a05df2890b7c4c68e76a9c4d7dec2a","isMergeCommit":true,"messageTitle":"Merge pull request #340 from panomia01/master","messageBody":"Fix UG bugs","fileTypesAndContributionMap":{}},{"hash":"4e636d0f0b7a1c2d52e94b8960a1bb3c5b8d0643","isMergeCommit":true,"messageTitle":"Update UserGuide","messageBody":"","fileTypesAndContributionMap":{}},{"hash":"f5d94dcc0cc8ed99ed2349b8ba613f664338bb5d","isMergeCommit":true,"messageTitle":"Merge branch \u0027master\u0027 into branch_DRBugsFix","messageBody":"","fileTypesAndContributionMap":{}},{"hash":"612ef160818c78cefd16da3095d7dd25c8db7fb0","isMergeCommit":true,"messageTitle":"Merge pull request #343 from jon-seana/Branch-v1.6-UG\u0026DG\u0026CodeQuality","messageBody":"Edit user guide","fileTypesAndContributionMap":{}},{"hash":"51167f72f98cab16851554f0a9fae02bf99fb34c","isMergeCommit":true,"messageTitle":"Merge pull request #346 from panomia01/master","messageBody":"Add page break into UG","fileTypesAndContributionMap":{}},{"hash":"3d09e6210966ba52f4d199caba26c0a26e532c19","isMergeCommit":true,"messageTitle":"Merge pull request #347 from jon-seana/Branch-v1.6-UG\u0026DG\u0026CodeQuality","messageBody":"Edit user guide","fileTypesAndContributionMap":{}},{"hash":"1a7fc866cf8b5faadca6d211aa9754b40ebfd2d7","isMergeCommit":true,"messageTitle":"Merge pull request #348 from panomia01/master","messageBody":"Edit UG","fileTypesAndContributionMap":{}}]}],"jon-seana":[{"date":"2025-04-06","commitResults":[{"hash":"d8d44872c8a69ba3349fdbdfc02f7b75d36e957b","isMergeCommit":false,"messageTitle":"Limit phone number length","messageBody":"","fileTypesAndContributionMap":{"functional-code":{"insertions":9,"deletions":3},"docs":{"insertions":1,"deletions":0}}},{"hash":"3e5b24032edd42aa5fdd3e902c6a326bebdcafb8","isMergeCommit":false,"messageTitle":"Fix minor bug","messageBody":"","fileTypesAndContributionMap":{"functional-code":{"insertions":1,"deletions":1}}},{"hash":"73016fa6280206e11ead35bce644ff33e571f698","isMergeCommit":false,"messageTitle":"Fix more issues","messageBody":"","fileTypesAndContributionMap":{"functional-code":{"insertions":35,"deletions":0}}},{"hash":"3ee598d0e751da41ed106afc1279044dd744e5d3","isMergeCommit":false,"messageTitle":"Fix more bugs","messageBody":"","fileTypesAndContributionMap":{"functional-code":{"insertions":10,"deletions":9},"test-code":{"insertions":4,"deletions":4}}},{"hash":"b174ba231adaeda373ed6a25f5884f690197d5ea","isMergeCommit":false,"messageTitle":"Fix bugs","messageBody":"","fileTypesAndContributionMap":{"functional-code":{"insertions":4,"deletions":3}}},{"hash":"416df6bb37c7299244250092c506e8f13a86cf2a","isMergeCommit":false,"messageTitle":"Fix some test cases","messageBody":"","fileTypesAndContributionMap":{"test-code":{"insertions":28,"deletions":26}}},{"hash":"cc34ccbddcc0f29fe7f6c0add91e7c5f19ca021a","isMergeCommit":true,"messageTitle":"Merge pull request #246 from Shanyey/Branch-UpdateUserGuideAndDeveloper","messageBody":"Update developer guide","fileTypesAndContributionMap":{}},{"hash":"ce65482886a1f13c9490c5bd5f82dbee8be9eed6","isMergeCommit":true,"messageTitle":"Merge pull request #324 from Shanyey/Branch-v1.6-Developer-guide","messageBody":"update developer guide","fileTypesAndContributionMap":{}},{"hash":"85ce1bd14905a05df885e52302d92580865cac28","isMergeCommit":false,"messageTitle":"Edit user guide","messageBody":"","fileTypesAndContributionMap":{"docs":{"insertions":31,"deletions":15}}}]},{"date":"2025-04-07","commitResults":[{"hash":"0d668f3d036997980444545c383c078614077096","isMergeCommit":true,"messageTitle":"Merge pull request #326 from panomia01/Bugs-nok","messageBody":"Fix missing NOK error message plus UG upgrade","fileTypesAndContributionMap":{}},{"hash":"eb303e8fb1a0f77da7776f6ebb7550a4173d9190","isMergeCommit":false,"messageTitle":"Fix test case","messageBody":"","fileTypesAndContributionMap":{"test-code":{"insertions":5,"deletions":4}}},{"hash":"da084823a0f889edafc7a6161e68986a9b058ba9","isMergeCommit":true,"messageTitle":"Merge branch \u0027master\u0027 into Branch-v1.6-UG\u0026DG\u0026CodeQuality","messageBody":"","fileTypesAndContributionMap":{}},{"hash":"cedadc4b8b96c9fc6f802e0c0a07379e79d7e9bd","isMergeCommit":false,"messageTitle":"Fix user guide","messageBody":"","fileTypesAndContributionMap":{"docs":{"insertions":26,"deletions":22}}},{"hash":"c1d53fb21f2f06a3a31de916728b29440f19ede9","isMergeCommit":true,"messageTitle":"Merge pull request #329 from panomia01/Bugs-nok","messageBody":"Fix NOK bugs","fileTypesAndContributionMap":{}},{"hash":"92c2859cd88012b16c9947d33a665712f81bc5ca","isMergeCommit":true,"messageTitle":"Merge pull request #330 from Shanyey/Branch-v1.6-Developer-guide","messageBody":"Branch v1.6 developer guide","fileTypesAndContributionMap":{}},{"hash":"21fc1abf1c55fdeb2c5d22154b80b2bcdad26419","isMergeCommit":false,"messageTitle":"Fix some bugs","messageBody":"","fileTypesAndContributionMap":{"functional-code":{"insertions":1,"deletions":1},"docs":{"insertions":13,"deletions":13}}},{"hash":"0b2f636a50cb9d0606bc3151be1c457eec92f23f","isMergeCommit":true,"messageTitle":"Merge branch \u0027master\u0027 into Branch-v1.6-UG\u0026DG\u0026CodeQuality","messageBody":"","fileTypesAndContributionMap":{}},{"hash":"a88201a5dd238f474e124f8314771b5efaebfaac","isMergeCommit":false,"messageTitle":"Fix user guide","messageBody":"","fileTypesAndContributionMap":{"docs":{"insertions":12,"deletions":14}}},{"hash":"d868c54495a812a672fc71ee5d5fead30172e026","isMergeCommit":true,"messageTitle":"Merge branch \u0027master\u0027 into Branch-v1.6-UG\u0026DG\u0026CodeQuality","messageBody":"","fileTypesAndContributionMap":{}},{"hash":"fd655948f5356d426abbc028adff3e30a913c24f","isMergeCommit":false,"messageTitle":"Fix user guide","messageBody":"","fileTypesAndContributionMap":{"docs":{"insertions":2,"deletions":1}}},{"hash":"08ad4508c4105a38dbb5d7ee3b5a7bb4440d961a","isMergeCommit":false,"messageTitle":"Fix user guide","messageBody":"","fileTypesAndContributionMap":{"docs":{"insertions":36,"deletions":36}}},{"hash":"8cf41851cef1ff601a111daf5feea12a0476080c","isMergeCommit":true,"messageTitle":"Merge pull request #334 from panomia01/Edit-User-Guide","messageBody":"Add attribute navigation to add and edit in UG","fileTypesAndContributionMap":{}},{"hash":"c805d406acac11b658642ec9af50c83a742637a0","isMergeCommit":true,"messageTitle":"Merge pull request #336 from panomia01/DG-bugs","messageBody":"Dg bugs","fileTypesAndContributionMap":{}},{"hash":"ff2fd7e70ea67c5338626bbada750d843010de8a","isMergeCommit":true,"messageTitle":"Merge pull request #337 from charlenelau-20/1.6-update-ug","messageBody":"Update user guide","fileTypesAndContributionMap":{}},{"hash":"a6154e339774da993f3663e03d248b469e9c9e63","isMergeCommit":true,"messageTitle":"Merge pull request #338 from chanjunlin/branch_DRBugsFix","messageBody":"Branch dr bugs fix","fileTypesAndContributionMap":{}},{"hash":"37d4fa3a099c95f122871fa5efded1ecb473031c","isMergeCommit":false,"messageTitle":"Edit user guide","messageBody":"","fileTypesAndContributionMap":{"docs":{"insertions":42,"deletions":24},"test-code":{"insertions":1,"deletions":1}}},{"hash":"d0e91272a1edca4fb3bffb45cd05390f5c5aa7b0","isMergeCommit":true,"messageTitle":"Merge branch \u0027master\u0027 into Branch-v1.6-UG\u0026DG\u0026CodeQuality","messageBody":"# Conflicts:\n#\tdocs/UserGuide.md\n","fileTypesAndContributionMap":{}},{"hash":"2d993df164054ca2561d8597053eefa60f391b16","isMergeCommit":false,"messageTitle":"Fix user guide","messageBody":"","fileTypesAndContributionMap":{"docs":{"insertions":1,"deletions":0}}},{"hash":"713d7e7dca499226d62ee30cb0cf4c17af679099","isMergeCommit":false,"messageTitle":"Fix user guide","messageBody":"","fileTypesAndContributionMap":{"docs":{"insertions":29,"deletions":31}}},{"hash":"fb486d6b1dea2ab670be13511bc32358ad965453","isMergeCommit":true,"messageTitle":"Merge pull request #341 from panomia01/master","messageBody":"Edit UG","fileTypesAndContributionMap":{}},{"hash":"4a1b5a8567934d8e763f5c411e2f0141ff17ea27","isMergeCommit":false,"messageTitle":"Edit user guide","messageBody":"","fileTypesAndContributionMap":{"docs":{"insertions":5,"deletions":2}}},{"hash":"697c162ae9c26cc4dc60f342a3c8b3876674e16a","isMergeCommit":true,"messageTitle":"Merge pull request #345 from chanjunlin/branch_DRBugsFix","messageBody":"Branch dr bugs fix","fileTypesAndContributionMap":{}},{"hash":"7b82192ed702d069e980bb54dfea0123bd1644bf","isMergeCommit":false,"messageTitle":"Fix user guide","messageBody":"","fileTypesAndContributionMap":{"docs":{"insertions":1,"deletions":0}}},{"hash":"078c1e91e58faf7d6e114f3d2dcf10c6aa6e62ca","isMergeCommit":true,"messageTitle":"Merge branch \u0027master\u0027 into Branch-v1.6-UG\u0026DG\u0026CodeQuality","messageBody":"","fileTypesAndContributionMap":{}},{"hash":"399a3cdc87e6c7a6a4801cbd43a5d29be95711a2","isMergeCommit":false,"messageTitle":"Fix user guide","messageBody":"","fileTypesAndContributionMap":{"docs":{"insertions":2,"deletions":0}}}]}],"panomia01":[{"date":"2025-04-07","commitResults":[{"hash":"47f33a1aad78599e792c1dd2d51879fa09ab79bc","isMergeCommit":false,"messageTitle":"Fix missing NOK error message","messageBody":"","fileTypesAndContributionMap":{"functional-code":{"insertions":1,"deletions":1}}},{"hash":"031e6060ef0b0f9fe404742fa6e1a87a4fc5fb58","isMergeCommit":false,"messageTitle":"Fix Checkstyle","messageBody":"","fileTypesAndContributionMap":{"docs":{"insertions":9,"deletions":9}}},{"hash":"bfc9873701f94a09e93e16dc38d4e54121e0f4f7","isMergeCommit":false,"messageTitle":"Edit UG","messageBody":"","fileTypesAndContributionMap":{"docs":{"insertions":130,"deletions":26}}},{"hash":"1eed28121b6ed5628d10c8400d6bba862da07e9a","isMergeCommit":false,"messageTitle":"Fix Checkstyle","messageBody":"","fileTypesAndContributionMap":{"docs":{"insertions":5,"deletions":5}}},{"hash":"524d0526c125aab7df2cddffec02cc1731178cdc","isMergeCommit":false,"messageTitle":"Fix NOK bugs","messageBody":"","fileTypesAndContributionMap":{"functional-code":{"insertions":4,"deletions":1}}},{"hash":"2eaef72fa535bd1ed3dafbf1a2decdd083474a35","isMergeCommit":false,"messageTitle":"Add attribute navigation to add and edit in UG","messageBody":"","fileTypesAndContributionMap":{"docs":{"insertions":2,"deletions":0}}},{"hash":"4f992e73ed36389cc9fe571d0328d38d4a846d16","isMergeCommit":false,"messageTitle":"Edit UML diagram","messageBody":"","fileTypesAndContributionMap":{"docs":{"insertions":1,"deletions":1}}},{"hash":"534cfbaf766258045322fc5221e2114e059cd1c7","isMergeCommit":false,"messageTitle":"Fix UG bugs","messageBody":"","fileTypesAndContributionMap":{"docs":{"insertions":17,"deletions":18}}},{"hash":"ef549981134c96a23713be076d3bb7bccebd0368","isMergeCommit":false,"messageTitle":"Edit UG","messageBody":"","fileTypesAndContributionMap":{"docs":{"insertions":8,"deletions":8}}},{"hash":"a130fdf77e12c51e8a842eef5745a17cf8c35a33","isMergeCommit":true,"messageTitle":"Merge pull request #342 from jon-seana/Branch-v1.6-UG\u0026DG\u0026CodeQuality","messageBody":"Fix user guide","fileTypesAndContributionMap":{}},{"hash":"ab480935a95afde309dc144ed6b7c3d8aa47fe35","isMergeCommit":false,"messageTitle":"Add page break into UG","messageBody":"","fileTypesAndContributionMap":{"docs":{"insertions":8,"deletions":0}}},{"hash":"46922e9f9fa38c3a94d4cd3d5759040f528e985d","isMergeCommit":true,"messageTitle":"Merge branch \u0027master\u0027 into master","messageBody":"","fileTypesAndContributionMap":{}},{"hash":"0730b4c492f764eaf2a38a08970d4f40854aab9b","isMergeCommit":false,"messageTitle":"Remove page break from UG","messageBody":"","fileTypesAndContributionMap":{"docs":{"insertions":0,"deletions":1}}},{"hash":"3fd5f9bb65fa412acf236bdb718e84074d468d7c","isMergeCommit":true,"messageTitle":"Merge branch \u0027master\u0027 of https://github.com/panomia01/tp","messageBody":"","fileTypesAndContributionMap":{}},{"hash":"6e1fede2413bcda2cf4c5158d647664f51b2f3a0","isMergeCommit":true,"messageTitle":"Merge branch \u0027master\u0027 of https://github.com/panomia01/tp","messageBody":"","fileTypesAndContributionMap":{}},{"hash":"9f4bcea510c5acf744255db1d139bd99b1def70b","isMergeCommit":true,"messageTitle":"Merge branch \u0027master\u0027 of https://github.com/panomia01/tp","messageBody":"","fileTypesAndContributionMap":{}}]}]},"authorFileTypeContributionMap":{"charlenelau-20":{"docs":4,"functional-code":4,"test-code":1},"Shanyey":{"docs":45,"functional-code":6,"test-code":27},"chanjunlin":{"docs":146,"functional-code":41,"test-code":33},"jon-seana":{"docs":112,"functional-code":58,"test-code":37},"panomia01":{"docs":99,"functional-code":5,"test-code":0}},"authorContributionVariance":{"charlenelau-20":28.666666,"Shanyey":1536.0,"chanjunlin":21026.0,"jon-seana":17706.889,"panomia01":14450.0},"authorDisplayNameMap":{"charlenelau-20":"CS2103T-T13-2 CHAR..N RU","Shanyey":"CS2103T-T13-2 SHAY..IANG","chanjunlin":"CS2103T-T13-2 CHAN.. LIN","jon-seana":"CS2103T-T13-2 EUGE..PHER","panomia01":"CS2103T-T13-2 NG Z.. WEN"}}
