[{"path":"src/main/java/seedu/address/ui/Histogram.java","fileType":"functional-code","lines":[{"lineNumber":1,"author":{"gitId":"-"},"content":"package seedu.address.ui;","lastModifiedDate":"2025-03-25","isFullCredit":false},{"lineNumber":2,"author":{"gitId":"-"},"content":"","lastModifiedDate":"2025-03-25","isFullCredit":false},{"lineNumber":3,"author":{"gitId":"-"},"content":"import java.util.Arrays;","lastModifiedDate":"2025-03-26","isFullCredit":false},{"lineNumber":4,"author":{"gitId":"-"},"content":"import java.util.List;","lastModifiedDate":"2025-03-26","isFullCredit":false},{"lineNumber":5,"author":{"gitId":"-"},"content":"","lastModifiedDate":"2025-03-26","isFullCredit":false},{"lineNumber":6,"author":{"gitId":"-"},"content":"import javafx.collections.FXCollections;","lastModifiedDate":"2025-03-25","isFullCredit":false},{"lineNumber":7,"author":{"gitId":"-"},"content":"import javafx.fxml.FXML;","lastModifiedDate":"2025-03-26","isFullCredit":false},{"lineNumber":8,"author":{"gitId":"-"},"content":"import javafx.scene.chart.BarChart;","lastModifiedDate":"2025-03-25","isFullCredit":false},{"lineNumber":9,"author":{"gitId":"-"},"content":"import javafx.scene.chart.CategoryAxis;","lastModifiedDate":"2025-03-25","isFullCredit":false},{"lineNumber":10,"author":{"gitId":"-"},"content":"import javafx.scene.chart.NumberAxis;","lastModifiedDate":"2025-03-25","isFullCredit":false},{"lineNumber":11,"author":{"gitId":"-"},"content":"import javafx.scene.chart.XYChart;","lastModifiedDate":"2025-03-26","isFullCredit":false},{"lineNumber":12,"author":{"gitId":"-"},"content":"import javafx.scene.layout.Region;","lastModifiedDate":"2025-03-25","isFullCredit":false},{"lineNumber":13,"author":{"gitId":"-"},"content":"import seedu.address.model.person.Grade;","lastModifiedDate":"2025-03-26","isFullCredit":false},{"lineNumber":14,"author":{"gitId":"-"},"content":"","lastModifiedDate":"2025-03-25","isFullCredit":false},{"lineNumber":15,"author":{"gitId":"-"},"content":"/**","lastModifiedDate":"2025-03-27","isFullCredit":false},{"lineNumber":16,"author":{"gitId":"-"},"content":" * A UI component that displays the histogram of the grades of all students in the current displayed list.","lastModifiedDate":"2025-03-27","isFullCredit":false},{"lineNumber":17,"author":{"gitId":"-"},"content":" */","lastModifiedDate":"2025-03-27","isFullCredit":false},{"lineNumber":18,"author":{"gitId":"-"},"content":"public class Histogram extends UiPart\u003cRegion\u003e {","lastModifiedDate":"2025-03-25","isFullCredit":false},{"lineNumber":19,"author":{"gitId":"-"},"content":"","lastModifiedDate":"2025-03-25","isFullCredit":false},{"lineNumber":20,"author":{"gitId":"-"},"content":"    private static final String FXML \u003d \"Histogram.fxml\";","lastModifiedDate":"2025-03-25","isFullCredit":false},{"lineNumber":21,"author":{"gitId":"-"},"content":"    private static final String TO_SEPARATOR \u003d \"-\";","lastModifiedDate":"2025-03-26","isFullCredit":false},{"lineNumber":22,"author":{"gitId":"-"},"content":"","lastModifiedDate":"2025-03-26","isFullCredit":false},{"lineNumber":23,"author":{"gitId":"-"},"content":"    private static final int LOWER_BOUND_FREQUENCY \u003d 0;","lastModifiedDate":"2025-03-26","isFullCredit":false},{"lineNumber":24,"author":{"gitId":"-"},"content":"    private static final int DEFAULT_MAX_FREQUENCY \u003d 5;","lastModifiedDate":"2025-03-26","isFullCredit":false},{"lineNumber":25,"author":{"gitId":"-"},"content":"    private static final int TICK_UNIT \u003d 1;","lastModifiedDate":"2025-03-26","isFullCredit":false},{"lineNumber":26,"author":{"gitId":"-"},"content":"    private static final int MAX_GRADE \u003d 100;","lastModifiedDate":"2025-03-26","isFullCredit":false},{"lineNumber":27,"author":{"gitId":"-"},"content":"","lastModifiedDate":"2025-03-25","isFullCredit":false},{"lineNumber":28,"author":{"gitId":"-"},"content":"    @FXML","lastModifiedDate":"2025-03-26","isFullCredit":false},{"lineNumber":29,"author":{"gitId":"-"},"content":"    private BarChart\u003cString, Number\u003e barChart;","lastModifiedDate":"2025-03-26","isFullCredit":false},{"lineNumber":30,"author":{"gitId":"-"},"content":"","lastModifiedDate":"2025-03-26","isFullCredit":false},{"lineNumber":31,"author":{"gitId":"-"},"content":"    @FXML","lastModifiedDate":"2025-03-26","isFullCredit":false},{"lineNumber":32,"author":{"gitId":"-"},"content":"    private CategoryAxis xAxis;","lastModifiedDate":"2025-03-26","isFullCredit":false},{"lineNumber":33,"author":{"gitId":"-"},"content":"","lastModifiedDate":"2025-03-26","isFullCredit":false},{"lineNumber":34,"author":{"gitId":"-"},"content":"    @FXML","lastModifiedDate":"2025-03-26","isFullCredit":false},{"lineNumber":35,"author":{"gitId":"-"},"content":"    private NumberAxis yAxis;","lastModifiedDate":"2025-03-26","isFullCredit":false},{"lineNumber":36,"author":{"gitId":"-"},"content":"","lastModifiedDate":"2025-03-25","isFullCredit":false},{"lineNumber":37,"author":{"gitId":"-"},"content":"    /**","lastModifiedDate":"2025-03-27","isFullCredit":false},{"lineNumber":38,"author":{"gitId":"-"},"content":"     * Creates a new Histogram.","lastModifiedDate":"2025-03-27","isFullCredit":false},{"lineNumber":39,"author":{"gitId":"-"},"content":"     */","lastModifiedDate":"2025-03-27","isFullCredit":false},{"lineNumber":40,"author":{"gitId":"-"},"content":"    public Histogram() {","lastModifiedDate":"2025-03-25","isFullCredit":false},{"lineNumber":41,"author":{"gitId":"-"},"content":"        super(FXML);","lastModifiedDate":"2025-03-25","isFullCredit":false},{"lineNumber":42,"author":{"gitId":"-"},"content":"","lastModifiedDate":"2025-03-25","isFullCredit":false},{"lineNumber":43,"author":{"gitId":"-"},"content":"        xAxis.setLabel(\"Grade\");","lastModifiedDate":"2025-03-25","isFullCredit":false},{"lineNumber":44,"author":{"gitId":"Billy026"},"content":"        yAxis.setLabel(\"Frequency\");","lastModifiedDate":"2025-04-05","isFullCredit":false},{"lineNumber":45,"author":{"gitId":"-"},"content":"","lastModifiedDate":"2025-03-25","isFullCredit":false},{"lineNumber":46,"author":{"gitId":"-"},"content":"        // Configure x-axis","lastModifiedDate":"2025-03-26","isFullCredit":false},{"lineNumber":47,"author":{"gitId":"-"},"content":"        xAxis.setCategories(FXCollections.observableArrayList(\"0-9\", \"10-19\", \"20-29\", \"30-39\",","lastModifiedDate":"2025-03-27","isFullCredit":false},{"lineNumber":48,"author":{"gitId":"-"},"content":"                \"40-49\", \"50-59\", \"60-69\", \"70-79\", \"80-89\", \"90-100\"));","lastModifiedDate":"2025-03-27","isFullCredit":false},{"lineNumber":49,"author":{"gitId":"-"},"content":"","lastModifiedDate":"2025-03-26","isFullCredit":false},{"lineNumber":50,"author":{"gitId":"-"},"content":"        yAxis.setLowerBound(LOWER_BOUND_FREQUENCY);","lastModifiedDate":"2025-03-26","isFullCredit":false},{"lineNumber":51,"author":{"gitId":"-"},"content":"        yAxis.setUpperBound(DEFAULT_MAX_FREQUENCY);","lastModifiedDate":"2025-03-26","isFullCredit":false},{"lineNumber":52,"author":{"gitId":"-"},"content":"        yAxis.setTickUnit(TICK_UNIT);","lastModifiedDate":"2025-03-26","isFullCredit":false},{"lineNumber":53,"author":{"gitId":"-"},"content":"        yAxis.setMinorTickCount(0);","lastModifiedDate":"2025-03-26","isFullCredit":false},{"lineNumber":54,"author":{"gitId":"-"},"content":"","lastModifiedDate":"2025-03-26","isFullCredit":false},{"lineNumber":55,"author":{"gitId":"-"},"content":"        barChart.setTitle(\"Grades of Students in Current List\");","lastModifiedDate":"2025-03-25","isFullCredit":false},{"lineNumber":56,"author":{"gitId":"-"},"content":"        barChart.setLegendVisible(false);","lastModifiedDate":"2025-03-25","isFullCredit":false},{"lineNumber":57,"author":{"gitId":"-"},"content":"        barChart.setCategoryGap(0);","lastModifiedDate":"2025-03-25","isFullCredit":false},{"lineNumber":58,"author":{"gitId":"-"},"content":"        barChart.setBarGap(1);","lastModifiedDate":"2025-03-25","isFullCredit":false},{"lineNumber":59,"author":{"gitId":"-"},"content":"    }","lastModifiedDate":"2025-03-26","isFullCredit":false},{"lineNumber":60,"author":{"gitId":"-"},"content":"","lastModifiedDate":"2025-03-26","isFullCredit":false},{"lineNumber":61,"author":{"gitId":"-"},"content":"    /**","lastModifiedDate":"2025-03-27","isFullCredit":false},{"lineNumber":62,"author":{"gitId":"-"},"content":"     * Updates the histogram with the new data.","lastModifiedDate":"2025-03-27","isFullCredit":false},{"lineNumber":63,"author":{"gitId":"-"},"content":"     *","lastModifiedDate":"2025-03-27","isFullCredit":false},{"lineNumber":64,"author":{"gitId":"-"},"content":"     * @param data list of Grade data.","lastModifiedDate":"2025-03-27","isFullCredit":false},{"lineNumber":65,"author":{"gitId":"-"},"content":"     * @param numBins number of bins to display.","lastModifiedDate":"2025-03-27","isFullCredit":false},{"lineNumber":66,"author":{"gitId":"-"},"content":"     */","lastModifiedDate":"2025-03-27","isFullCredit":false},{"lineNumber":67,"author":{"gitId":"-"},"content":"    public void updateHistogram(List\u003cGrade\u003e data, int numBins) {","lastModifiedDate":"2025-03-26","isFullCredit":false},{"lineNumber":68,"author":{"gitId":"-"},"content":"        if (data \u003d\u003d null || data.size() \u003d\u003d 0) {","lastModifiedDate":"2025-03-26","isFullCredit":false},{"lineNumber":69,"author":{"gitId":"-"},"content":"            barChart.getData().clear();","lastModifiedDate":"2025-03-26","isFullCredit":false},{"lineNumber":70,"author":{"gitId":"-"},"content":"            return;","lastModifiedDate":"2025-03-26","isFullCredit":false},{"lineNumber":71,"author":{"gitId":"-"},"content":"        }","lastModifiedDate":"2025-03-26","isFullCredit":false},{"lineNumber":72,"author":{"gitId":"-"},"content":"","lastModifiedDate":"2025-03-26","isFullCredit":false},{"lineNumber":73,"author":{"gitId":"-"},"content":"        int binWidth \u003d MAX_GRADE / numBins;","lastModifiedDate":"2025-03-26","isFullCredit":false},{"lineNumber":74,"author":{"gitId":"-"},"content":"        int[] bins \u003d new int[numBins];","lastModifiedDate":"2025-03-26","isFullCredit":false},{"lineNumber":75,"author":{"gitId":"-"},"content":"","lastModifiedDate":"2025-03-25","isFullCredit":false},{"lineNumber":76,"author":{"gitId":"-"},"content":"        bins \u003d populateBins(data, bins, numBins, binWidth);","lastModifiedDate":"2025-03-26","isFullCredit":false},{"lineNumber":77,"author":{"gitId":"-"},"content":"        setMaxFrequency(bins);","lastModifiedDate":"2025-03-26","isFullCredit":false},{"lineNumber":78,"author":{"gitId":"-"},"content":"        XYChart.Series\u003cString, Number\u003e series \u003d addDataToSeries(bins, numBins, binWidth);","lastModifiedDate":"2025-03-26","isFullCredit":false},{"lineNumber":79,"author":{"gitId":"-"},"content":"        refreshHistogram(series);","lastModifiedDate":"2025-03-26","isFullCredit":false},{"lineNumber":80,"author":{"gitId":"-"},"content":"    }","lastModifiedDate":"2025-03-26","isFullCredit":false},{"lineNumber":81,"author":{"gitId":"-"},"content":"","lastModifiedDate":"2025-03-26","isFullCredit":false},{"lineNumber":82,"author":{"gitId":"-"},"content":"    /**","lastModifiedDate":"2025-03-26","isFullCredit":false},{"lineNumber":83,"author":{"gitId":"-"},"content":"     * Populates the bins with the Grade data.","lastModifiedDate":"2025-03-26","isFullCredit":false},{"lineNumber":84,"author":{"gitId":"-"},"content":"     *","lastModifiedDate":"2025-03-26","isFullCredit":false},{"lineNumber":85,"author":{"gitId":"-"},"content":"     * @param numBins number of bins to populate.","lastModifiedDate":"2025-03-26","isFullCredit":false},{"lineNumber":86,"author":{"gitId":"-"},"content":"     * @param binWidth width of each bin.","lastModifiedDate":"2025-03-26","isFullCredit":false},{"lineNumber":87,"author":{"gitId":"-"},"content":"     * @return bins populated with the Grade data.","lastModifiedDate":"2025-03-26","isFullCredit":false},{"lineNumber":88,"author":{"gitId":"-"},"content":"     */","lastModifiedDate":"2025-03-26","isFullCredit":false},{"lineNumber":89,"author":{"gitId":"-"},"content":"    private int[] populateBins(List\u003cGrade\u003e data, int[] bins, int numBins, int binWidth) {","lastModifiedDate":"2025-03-26","isFullCredit":false},{"lineNumber":90,"author":{"gitId":"-"},"content":"        for (Grade grade : data) {","lastModifiedDate":"2025-03-26","isFullCredit":false},{"lineNumber":91,"author":{"gitId":"-"},"content":"            int binIndex \u003d (grade.grade) / binWidth;","lastModifiedDate":"2025-03-26","isFullCredit":false},{"lineNumber":92,"author":{"gitId":"-"},"content":"            if (binIndex \u003e\u003d numBins) {","lastModifiedDate":"2025-03-26","isFullCredit":false},{"lineNumber":93,"author":{"gitId":"-"},"content":"                binIndex \u003d numBins - 1;","lastModifiedDate":"2025-03-26","isFullCredit":false},{"lineNumber":94,"author":{"gitId":"-"},"content":"            }","lastModifiedDate":"2025-03-25","isFullCredit":false},{"lineNumber":95,"author":{"gitId":"-"},"content":"            bins[binIndex]++;","lastModifiedDate":"2025-03-26","isFullCredit":false},{"lineNumber":96,"author":{"gitId":"-"},"content":"        }","lastModifiedDate":"2025-03-26","isFullCredit":false},{"lineNumber":97,"author":{"gitId":"-"},"content":"","lastModifiedDate":"2025-03-26","isFullCredit":false},{"lineNumber":98,"author":{"gitId":"-"},"content":"        return bins;","lastModifiedDate":"2025-03-26","isFullCredit":false},{"lineNumber":99,"author":{"gitId":"-"},"content":"    }","lastModifiedDate":"2025-03-26","isFullCredit":false},{"lineNumber":100,"author":{"gitId":"-"},"content":"","lastModifiedDate":"2025-03-26","isFullCredit":false},{"lineNumber":101,"author":{"gitId":"-"},"content":"    /**","lastModifiedDate":"2025-03-26","isFullCredit":false},{"lineNumber":102,"author":{"gitId":"-"},"content":"     * Sets the maximum frequency of the histogram.","lastModifiedDate":"2025-03-26","isFullCredit":false},{"lineNumber":103,"author":{"gitId":"-"},"content":"     *","lastModifiedDate":"2025-03-26","isFullCredit":false},{"lineNumber":104,"author":{"gitId":"-"},"content":"     * @param bins bins of the histogram.","lastModifiedDate":"2025-03-26","isFullCredit":false},{"lineNumber":105,"author":{"gitId":"-"},"content":"     */","lastModifiedDate":"2025-03-26","isFullCredit":false},{"lineNumber":106,"author":{"gitId":"-"},"content":"    private void setMaxFrequency(int[] bins) {","lastModifiedDate":"2025-03-26","isFullCredit":false},{"lineNumber":107,"author":{"gitId":"Billy026"},"content":"        int maxFrequency \u003d Arrays.stream(bins).max().orElse(DEFAULT_MAX_FREQUENCY) + 1;","lastModifiedDate":"2025-04-05","isFullCredit":false},{"lineNumber":108,"author":{"gitId":"-"},"content":"        int upperBound \u003d Math.max(DEFAULT_MAX_FREQUENCY, maxFrequency);","lastModifiedDate":"2025-03-27","isFullCredit":false},{"lineNumber":109,"author":{"gitId":"-"},"content":"","lastModifiedDate":"2025-03-27","isFullCredit":false},{"lineNumber":110,"author":{"gitId":"-"},"content":"        yAxis.setLowerBound(LOWER_BOUND_FREQUENCY);","lastModifiedDate":"2025-03-27","isFullCredit":false},{"lineNumber":111,"author":{"gitId":"-"},"content":"        yAxis.setUpperBound(upperBound);","lastModifiedDate":"2025-03-27","isFullCredit":false},{"lineNumber":112,"author":{"gitId":"-"},"content":"        yAxis.setTickUnit(TICK_UNIT);","lastModifiedDate":"2025-03-26","isFullCredit":false},{"lineNumber":113,"author":{"gitId":"-"},"content":"        yAxis.setMinorTickCount(0);","lastModifiedDate":"2025-03-27","isFullCredit":false},{"lineNumber":114,"author":{"gitId":"-"},"content":"        yAxis.setAutoRanging(false);","lastModifiedDate":"2025-03-26","isFullCredit":false},{"lineNumber":115,"author":{"gitId":"-"},"content":"","lastModifiedDate":"2025-03-26","isFullCredit":false},{"lineNumber":116,"author":{"gitId":"-"},"content":"        barChart.layout();","lastModifiedDate":"2025-03-27","isFullCredit":false},{"lineNumber":117,"author":{"gitId":"-"},"content":"    }","lastModifiedDate":"2025-03-26","isFullCredit":false},{"lineNumber":118,"author":{"gitId":"-"},"content":"","lastModifiedDate":"2025-03-26","isFullCredit":false},{"lineNumber":119,"author":{"gitId":"-"},"content":"    /**","lastModifiedDate":"2025-03-26","isFullCredit":false},{"lineNumber":120,"author":{"gitId":"-"},"content":"     * Adds data to the series.","lastModifiedDate":"2025-03-26","isFullCredit":false},{"lineNumber":121,"author":{"gitId":"-"},"content":"     *","lastModifiedDate":"2025-03-26","isFullCredit":false},{"lineNumber":122,"author":{"gitId":"-"},"content":"     * @param bins bins of the histogram.","lastModifiedDate":"2025-03-26","isFullCredit":false},{"lineNumber":123,"author":{"gitId":"-"},"content":"     * @param numBins number of bins.","lastModifiedDate":"2025-03-26","isFullCredit":false},{"lineNumber":124,"author":{"gitId":"-"},"content":"     * @param binWidth width of each bin.","lastModifiedDate":"2025-03-26","isFullCredit":false},{"lineNumber":125,"author":{"gitId":"-"},"content":"     */","lastModifiedDate":"2025-03-26","isFullCredit":false},{"lineNumber":126,"author":{"gitId":"-"},"content":"    private XYChart.Series\u003cString, Number\u003e addDataToSeries(int[] bins, int numBins, int binWidth) {","lastModifiedDate":"2025-03-26","isFullCredit":false},{"lineNumber":127,"author":{"gitId":"-"},"content":"        XYChart.Series\u003cString, Number\u003e series \u003d new XYChart.Series\u003c\u003e();","lastModifiedDate":"2025-03-26","isFullCredit":false},{"lineNumber":128,"author":{"gitId":"-"},"content":"","lastModifiedDate":"2025-03-25","isFullCredit":false},{"lineNumber":129,"author":{"gitId":"-"},"content":"        for (int i \u003d 0; i \u003c numBins; i++) {","lastModifiedDate":"2025-03-26","isFullCredit":false},{"lineNumber":130,"author":{"gitId":"-"},"content":"            int lowerBound \u003d i * binWidth;","lastModifiedDate":"2025-03-26","isFullCredit":false},{"lineNumber":131,"author":{"gitId":"-"},"content":"            int upperBound \u003d (i + 1) * binWidth - 1;","lastModifiedDate":"2025-03-26","isFullCredit":false},{"lineNumber":132,"author":{"gitId":"-"},"content":"            // Handle different upperbound for the last bin","lastModifiedDate":"2025-03-27","isFullCredit":false},{"lineNumber":133,"author":{"gitId":"-"},"content":"            if (upperBound \u003d\u003d 99) {","lastModifiedDate":"2025-03-27","isFullCredit":false},{"lineNumber":134,"author":{"gitId":"-"},"content":"                upperBound \u003d 100;","lastModifiedDate":"2025-03-27","isFullCredit":false},{"lineNumber":135,"author":{"gitId":"-"},"content":"            }","lastModifiedDate":"2025-03-27","isFullCredit":false},{"lineNumber":136,"author":{"gitId":"-"},"content":"","lastModifiedDate":"2025-03-27","isFullCredit":false},{"lineNumber":137,"author":{"gitId":"-"},"content":"            String binLabel \u003d lowerBound + TO_SEPARATOR + upperBound;","lastModifiedDate":"2025-03-26","isFullCredit":false},{"lineNumber":138,"author":{"gitId":"-"},"content":"            series.getData().add(new XYChart.Data\u003c\u003e(binLabel, bins[i]));","lastModifiedDate":"2025-03-26","isFullCredit":false},{"lineNumber":139,"author":{"gitId":"-"},"content":"        }","lastModifiedDate":"2025-03-26","isFullCredit":false},{"lineNumber":140,"author":{"gitId":"-"},"content":"","lastModifiedDate":"2025-03-26","isFullCredit":false},{"lineNumber":141,"author":{"gitId":"-"},"content":"        return series;","lastModifiedDate":"2025-03-26","isFullCredit":false},{"lineNumber":142,"author":{"gitId":"-"},"content":"    }","lastModifiedDate":"2025-03-26","isFullCredit":false},{"lineNumber":143,"author":{"gitId":"-"},"content":"","lastModifiedDate":"2025-03-26","isFullCredit":false},{"lineNumber":144,"author":{"gitId":"-"},"content":"    /**","lastModifiedDate":"2025-03-26","isFullCredit":false},{"lineNumber":145,"author":{"gitId":"-"},"content":"     * Refreshes the histogram with the new series.","lastModifiedDate":"2025-03-26","isFullCredit":false},{"lineNumber":146,"author":{"gitId":"-"},"content":"     */","lastModifiedDate":"2025-03-26","isFullCredit":false},{"lineNumber":147,"author":{"gitId":"-"},"content":"    private void refreshHistogram(XYChart.Series\u003cString, Number\u003e series) {","lastModifiedDate":"2025-03-26","isFullCredit":false},{"lineNumber":148,"author":{"gitId":"-"},"content":"        barChart.getData().clear();","lastModifiedDate":"2025-03-26","isFullCredit":false},{"lineNumber":149,"author":{"gitId":"-"},"content":"        barChart.getData().add(series);","lastModifiedDate":"2025-03-26","isFullCredit":false},{"lineNumber":150,"author":{"gitId":"-"},"content":"    }","lastModifiedDate":"2025-03-26","isFullCredit":false},{"lineNumber":151,"author":{"gitId":"-"},"content":"}","lastModifiedDate":"2025-03-25","isFullCredit":false}],"authorContributionMap":{"Billy026":2,"-":149}},{"path":"src/main/resources/view/PersonListCard.fxml","fileType":"functional-code","lines":[{"lineNumber":1,"author":{"gitId":"-"},"content":"\u003c?xml version\u003d\"1.0\" encoding\u003d\"UTF-8\"?\u003e","lastModifiedDate":"2016-08-08","isFullCredit":false},{"lineNumber":2,"author":{"gitId":"-"},"content":"","lastModifiedDate":"2016-08-08","isFullCredit":false},{"lineNumber":3,"author":{"gitId":"-"},"content":"\u003c?import javafx.geometry.Insets?\u003e","lastModifiedDate":"2016-12-18","isFullCredit":false},{"lineNumber":4,"author":{"gitId":"-"},"content":"\u003c?import javafx.scene.control.Label?\u003e","lastModifiedDate":"2016-12-18","isFullCredit":false},{"lineNumber":5,"author":{"gitId":"-"},"content":"\u003c?import javafx.scene.layout.ColumnConstraints?\u003e","lastModifiedDate":"2016-12-18","isFullCredit":false},{"lineNumber":6,"author":{"gitId":"-"},"content":"\u003c?import javafx.scene.layout.GridPane?\u003e","lastModifiedDate":"2016-12-18","isFullCredit":false},{"lineNumber":7,"author":{"gitId":"-"},"content":"\u003c?import javafx.scene.layout.HBox?\u003e","lastModifiedDate":"2016-12-18","isFullCredit":false},{"lineNumber":8,"author":{"gitId":"-"},"content":"\u003c?import javafx.scene.layout.VBox?\u003e","lastModifiedDate":"2016-12-18","isFullCredit":false},{"lineNumber":9,"author":{"gitId":"-"},"content":"","lastModifiedDate":"2016-12-18","isFullCredit":false},{"lineNumber":10,"author":{"gitId":"-"},"content":"\u003cHBox id\u003d\"cardPane\" fx:id\u003d\"cardPane\" xmlns\u003d\"http://javafx.com/javafx/17\" xmlns:fx\u003d\"http://javafx.com/fxml/1\"\u003e","lastModifiedDate":"2023-07-27","isFullCredit":false},{"lineNumber":11,"author":{"gitId":"-"},"content":"  \u003cGridPane HBox.hgrow\u003d\"ALWAYS\"\u003e","lastModifiedDate":"2016-08-08","isFullCredit":false},{"lineNumber":12,"author":{"gitId":"-"},"content":"    \u003ccolumnConstraints\u003e","lastModifiedDate":"2016-08-08","isFullCredit":false},{"lineNumber":13,"author":{"gitId":"-"},"content":"      \u003c!-- Student Info Column --\u003e","lastModifiedDate":"2025-03-27","isFullCredit":false},{"lineNumber":14,"author":{"gitId":"-"},"content":"      \u003cColumnConstraints minWidth\u003d\"180\" prefWidth\u003d\"400\" halignment\u003d\"LEFT\" /\u003e","lastModifiedDate":"2025-04-02","isFullCredit":false},{"lineNumber":15,"author":{"gitId":"-"},"content":"      \u003c!-- Attendance Column --\u003e","lastModifiedDate":"2025-03-27","isFullCredit":false},{"lineNumber":16,"author":{"gitId":"-"},"content":"      \u003cColumnConstraints minWidth\u003d\"100\" prefWidth\u003d\"150\" halignment\u003d\"LEFT\" /\u003e","lastModifiedDate":"2025-04-02","isFullCredit":false},{"lineNumber":17,"author":{"gitId":"-"},"content":"      \u003c!-- Participation Column --\u003e","lastModifiedDate":"2025-03-27","isFullCredit":false},{"lineNumber":18,"author":{"gitId":"-"},"content":"      \u003cColumnConstraints minWidth\u003d\"100\" prefWidth\u003d\"120\" halignment\u003d\"LEFT\" /\u003e","lastModifiedDate":"2025-04-02","isFullCredit":false},{"lineNumber":19,"author":{"gitId":"-"},"content":"      \u003c!-- Grade Column --\u003e","lastModifiedDate":"2025-03-27","isFullCredit":false},{"lineNumber":20,"author":{"gitId":"-"},"content":"      \u003cColumnConstraints minWidth\u003d\"80\" prefWidth\u003d\"100\" halignment\u003d\"LEFT\" /\u003e","lastModifiedDate":"2025-04-02","isFullCredit":false},{"lineNumber":21,"author":{"gitId":"-"},"content":"      \u003c!-- Notes Column --\u003e","lastModifiedDate":"2025-04-02","isFullCredit":false},{"lineNumber":22,"author":{"gitId":"-"},"content":"      \u003cColumnConstraints minWidth\u003d\"100\" prefWidth\u003d\"150\" halignment\u003d\"LEFT\" /\u003e","lastModifiedDate":"2025-04-02","isFullCredit":false},{"lineNumber":23,"author":{"gitId":"-"},"content":"    \u003c/columnConstraints\u003e","lastModifiedDate":"2016-08-08","isFullCredit":false},{"lineNumber":24,"author":{"gitId":"-"},"content":"","lastModifiedDate":"2025-03-27","isFullCredit":false},{"lineNumber":25,"author":{"gitId":"-"},"content":"    \u003c!-- Student Info --\u003e","lastModifiedDate":"2025-03-27","isFullCredit":false},{"lineNumber":26,"author":{"gitId":"-"},"content":"    \u003cVBox GridPane.columnIndex\u003d\"0\" alignment\u003d\"CENTER_LEFT\" minHeight\u003d\"60\"\u003e","lastModifiedDate":"2025-03-27","isFullCredit":false},{"lineNumber":27,"author":{"gitId":"-"},"content":"      \u003cpadding\u003e","lastModifiedDate":"2016-08-08","isFullCredit":false},{"lineNumber":28,"author":{"gitId":"Billy026"},"content":"        \u003cInsets top\u003d\"5\" right\u003d\"15\" bottom\u003d\"5\" left\u003d\"15\" /\u003e","lastModifiedDate":"2025-04-06","isFullCredit":false},{"lineNumber":29,"author":{"gitId":"-"},"content":"      \u003c/padding\u003e","lastModifiedDate":"2016-08-08","isFullCredit":false},{"lineNumber":30,"author":{"gitId":"-"},"content":"      \u003cHBox spacing\u003d\"5\" alignment\u003d\"CENTER_LEFT\"\u003e","lastModifiedDate":"2025-03-27","isFullCredit":false},{"lineNumber":31,"author":{"gitId":"Billy026"},"content":"        \u003cLabel fx:id\u003d\"id\" styleClass\u003d\"cell_big_label\" minWidth\u003d\"25\" /\u003e","lastModifiedDate":"2025-04-06","isFullCredit":false},{"lineNumber":32,"author":{"gitId":"Billy026"},"content":"        \u003cLabel fx:id\u003d\"studentId\" text\u003d\"\\$id\" styleClass\u003d\"cell_big_label\" minWidth\u003d\"90\" /\u003e","lastModifiedDate":"2025-04-06","isFullCredit":false},{"lineNumber":33,"author":{"gitId":"-"},"content":"        \u003cLabel text\u003d\"-\" styleClass\u003d\"cell_big_label\" /\u003e","lastModifiedDate":"2025-03-16","isFullCredit":false},{"lineNumber":34,"author":{"gitId":"Billy026"},"content":"        \u003cLabel fx:id\u003d\"name\" text\u003d\"\\$first\" styleClass\u003d\"cell_big_label\" style\u003d\"-fx-padding: 0 0 0 10;\" wrapText\u003d\"true\" /\u003e","lastModifiedDate":"2025-04-06","isFullCredit":false},{"lineNumber":35,"author":{"gitId":"-"},"content":"      \u003c/HBox\u003e","lastModifiedDate":"2016-09-03","isFullCredit":false},{"lineNumber":36,"author":{"gitId":"-"},"content":"      \u003cLabel fx:id\u003d\"phone\" styleClass\u003d\"cell_small_label\" /\u003e","lastModifiedDate":"2025-03-27","isFullCredit":false},{"lineNumber":37,"author":{"gitId":"-"},"content":"      \u003cLabel fx:id\u003d\"email\" styleClass\u003d\"cell_small_label\" /\u003e","lastModifiedDate":"2025-03-27","isFullCredit":false},{"lineNumber":38,"author":{"gitId":"-"},"content":"      \u003cLabel fx:id\u003d\"course\" styleClass\u003d\"cell_small_label\" /\u003e","lastModifiedDate":"2025-03-27","isFullCredit":false},{"lineNumber":39,"author":{"gitId":"-"},"content":"    \u003c/VBox\u003e","lastModifiedDate":"2025-03-27","isFullCredit":false},{"lineNumber":40,"author":{"gitId":"-"},"content":"","lastModifiedDate":"2025-03-27","isFullCredit":false},{"lineNumber":41,"author":{"gitId":"-"},"content":"    \u003c!-- Attendance --\u003e","lastModifiedDate":"2025-03-27","isFullCredit":false},{"lineNumber":42,"author":{"gitId":"-"},"content":"    \u003cVBox GridPane.columnIndex\u003d\"1\" alignment\u003d\"CENTER_LEFT\" minHeight\u003d\"60\"\u003e","lastModifiedDate":"2025-04-02","isFullCredit":false},{"lineNumber":43,"author":{"gitId":"-"},"content":"      \u003cLabel fx:id\u003d\"attendance\" text\u003d\"Unmarked\" styleClass\u003d\"cell_small_label\" wrapText\u003d\"true\" /\u003e","lastModifiedDate":"2025-04-02","isFullCredit":false},{"lineNumber":44,"author":{"gitId":"-"},"content":"    \u003c/VBox\u003e","lastModifiedDate":"2025-03-27","isFullCredit":false},{"lineNumber":45,"author":{"gitId":"-"},"content":"","lastModifiedDate":"2025-03-27","isFullCredit":false},{"lineNumber":46,"author":{"gitId":"-"},"content":"    \u003c!-- Participation --\u003e","lastModifiedDate":"2025-03-27","isFullCredit":false},{"lineNumber":47,"author":{"gitId":"-"},"content":"    \u003cVBox GridPane.columnIndex\u003d\"2\" alignment\u003d\"CENTER\" minHeight\u003d\"60\"\u003e","lastModifiedDate":"2025-03-27","isFullCredit":false},{"lineNumber":48,"author":{"gitId":"-"},"content":"      \u003cLabel fx:id\u003d\"participation\" text\u003d\"UNMARKED\" styleClass\u003d\"cell_small_label\" /\u003e","lastModifiedDate":"2025-03-27","isFullCredit":false},{"lineNumber":49,"author":{"gitId":"-"},"content":"    \u003c/VBox\u003e","lastModifiedDate":"2025-03-27","isFullCredit":false},{"lineNumber":50,"author":{"gitId":"-"},"content":"","lastModifiedDate":"2025-03-27","isFullCredit":false},{"lineNumber":51,"author":{"gitId":"-"},"content":"    \u003c!-- Grade --\u003e","lastModifiedDate":"2025-03-27","isFullCredit":false},{"lineNumber":52,"author":{"gitId":"-"},"content":"    \u003cVBox GridPane.columnIndex\u003d\"3\" alignment\u003d\"CENTER_RIGHT\" minHeight\u003d\"60\"\u003e","lastModifiedDate":"2025-04-02","isFullCredit":false},{"lineNumber":53,"author":{"gitId":"-"},"content":"      \u003cLabel fx:id\u003d\"grade\" text\u003d\"10\" styleClass\u003d\"cell_big_label\" /\u003e","lastModifiedDate":"2025-03-27","isFullCredit":false},{"lineNumber":54,"author":{"gitId":"-"},"content":"    \u003c/VBox\u003e","lastModifiedDate":"2016-08-08","isFullCredit":false},{"lineNumber":55,"author":{"gitId":"-"},"content":"","lastModifiedDate":"2025-04-02","isFullCredit":false},{"lineNumber":56,"author":{"gitId":"-"},"content":"    \u003c!-- Notes --\u003e","lastModifiedDate":"2025-04-02","isFullCredit":false},{"lineNumber":57,"author":{"gitId":"-"},"content":"    \u003cHBox GridPane.columnIndex\u003d\"4\" minHeight\u003d\"60\"\u003e","lastModifiedDate":"2025-04-02","isFullCredit":false},{"lineNumber":58,"author":{"gitId":"-"},"content":"      \u003cVBox alignment\u003d\"TOP_LEFT\" minHeight\u003d\"60\"\u003e","lastModifiedDate":"2025-04-02","isFullCredit":false},{"lineNumber":59,"author":{"gitId":"-"},"content":"        \u003cpadding\u003e","lastModifiedDate":"2025-04-02","isFullCredit":false},{"lineNumber":60,"author":{"gitId":"-"},"content":"          \u003cInsets top\u003d\"5\" right\u003d\"5\" bottom\u003d\"5\" left\u003d\"15\" /\u003e","lastModifiedDate":"2025-04-02","isFullCredit":false},{"lineNumber":61,"author":{"gitId":"-"},"content":"        \u003c/padding\u003e","lastModifiedDate":"2025-04-02","isFullCredit":false},{"lineNumber":62,"author":{"gitId":"-"},"content":"        \u003cLabel fx:id\u003d\"notes\" text\u003d\"\\$notes\" styleClass\u003d\"cell_small_label\" wrapText\u003d\"true\" /\u003e","lastModifiedDate":"2025-04-02","isFullCredit":false},{"lineNumber":63,"author":{"gitId":"-"},"content":"      \u003c/VBox\u003e","lastModifiedDate":"2025-04-02","isFullCredit":false},{"lineNumber":64,"author":{"gitId":"-"},"content":"    \u003c/HBox\u003e","lastModifiedDate":"2025-04-02","isFullCredit":false},{"lineNumber":65,"author":{"gitId":"-"},"content":"  \u003c/GridPane\u003e","lastModifiedDate":"2016-08-08","isFullCredit":false},{"lineNumber":66,"author":{"gitId":"-"},"content":"\u003c/HBox\u003e","lastModifiedDate":"2016-08-08","isFullCredit":false}],"authorContributionMap":{"Billy026":4,"-":62}}]
