{"authorDailyContributionsMap":{"ZaydM18":[],"Billy026":[{"date":"2025-04-05","commitResults":[{"hash":"94cfdace3ccc0c529b7b44b4d616996120b7242c","isMergeCommit":true,"messageTitle":"Merge branch \u0027master\u0027 into a-DisplayCommand","messageBody":"","fileTypesAndContributionMap":{}},{"hash":"b603757667e912f6c6d7e4e1bc78c3e3da40f205","isMergeCommit":false,"messageTitle":"Fix maximum frequency bug in Histogram","messageBody":"The highest value on the yAxis of the Histogram does not update\nwhen a grade range with frequency \u003e 5 occurs.\n\nThis causes the histogram to show incomplete data when the highest\nfrequency is above 5.\n\nLet\u0027s fix this bug.\n\nThis will allow users to correctly see the updated yAxis range.\n","fileTypesAndContributionMap":{"functional-code":{"insertions":2,"deletions":7}}}]}],"0xF41":[{"date":"2025-04-05","commitResults":[{"hash":"98b885013aa0258d63d4003af3998a6e5c6f0bf6","isMergeCommit":true,"messageTitle":"Merge pull request #334 from Billy026/a-DisplayCommand","messageBody":"Fix Histogram yAxis highest value bug","fileTypesAndContributionMap":{}}]}],"VikramGoyal23":[],"minhkiwi14":[]},"authorFileTypeContributionMap":{"ZaydM18":{"docs":0,"functional-code":0,"test-code":0},"Billy026":{"docs":0,"functional-code":2,"test-code":0},"0xF41":{"docs":0,"functional-code":0,"test-code":0},"VikramGoyal23":{"docs":0,"functional-code":0,"test-code":0},"minhkiwi14":{"docs":0,"functional-code":0,"test-code":0}},"authorContributionVariance":{"ZaydM18":0.0,"Billy026":0.0,"0xF41":0.0,"VikramGoyal23":0.0,"minhkiwi14":0.0},"authorDisplayNameMap":{"ZaydM18":"CS2103T-T10-3 MAHM..ZAYD","Billy026":"CS2103T-T10-3 BILL..DINA","0xF41":"CS2103T-T10-3 KWAN.. YEW","VikramGoyal23":"CS2103T-T10-3 GOYA..KRAM","minhkiwi14":"CS2103T-T10-3 NGUY..MINH"}}
