{"authorDailyContributionsMap":{"DiligentPenguinn":[],"mervyn-teo":[{"date":"2025-04-06","commitResults":[{"hash":"0d0b38367580f1675137962ccfe33221de26ecf9","isMergeCommit":true,"messageTitle":"Merge pull request #222 from mervyn-teo/theme-change","messageBody":"Refactor CSS styles for improved dark theme consistency and button aesthetics","fileTypesAndContributionMap":{}}]}],"zhenglong1603":[{"date":"2025-04-06","commitResults":[{"hash":"634e80fa88b3feb67694c74302bf49a4e3b520c7","isMergeCommit":false,"messageTitle":"Update links to diagrams in DeveloperGuide.md and add new sections","messageBody":"","fileTypesAndContributionMap":{"docs":{"insertions":17,"deletions":5}}},{"hash":"b1cce0a2bf19db26c9f320c41a33a3163e1962e1","isMergeCommit":true,"messageTitle":"Merge pull request #296 from zhenglong1603/w12/developer-guide-1","messageBody":"Update links to diagrams in DeveloperGuide.md and add new sections","fileTypesAndContributionMap":{}},{"hash":"c9d4598a68dfd54d87a17b561d63573ed86fe3f9","isMergeCommit":false,"messageTitle":"Fix bug for Appointments and Medical Usage list being shared for all new Persons","messageBody":"","fileTypesAndContributionMap":{"functional-code":{"insertions":4,"deletions":8},"test-code":{"insertions":4,"deletions":4}}},{"hash":"e04c47f19c72e0ca1dc2bbc39ced6956151dccf0","isMergeCommit":true,"messageTitle":"Merge pull request #297 from zhenglong1603/w12/appointment-bug-fix","messageBody":"Fix bug for Appointments and Medical Usage list being shared ","fileTypesAndContributionMap":{}}]}],"awlarpi":[],"limshaoqi":[{"date":"2025-04-06","commitResults":[{"hash":"8f2a06e282dba5d9907781666a3efb93f20ce8da","isMergeCommit":true,"messageTitle":"Merge branch \u0027master\u0027 of https://github.com/limshaoqi/tp","messageBody":"","fileTypesAndContributionMap":{}},{"hash":"52cda35dc982379acecc37b59a5e5990a8a2d8cb","isMergeCommit":false,"messageTitle":"Update glossary","messageBody":"","fileTypesAndContributionMap":{"docs":{"insertions":4,"deletions":5}}},{"hash":"a8b08cf2882d0ed1d358d31e4d7c8bcebd1c0204","isMergeCommit":false,"messageTitle":"remove placeholder text","messageBody":"","fileTypesAndContributionMap":{"docs":{"insertions":0,"deletions":1}}},{"hash":"69d185f9c318e41b0bcd880bd15c9f02ddffa873","isMergeCommit":false,"messageTitle":"Update use case","messageBody":"","fileTypesAndContributionMap":{"docs":{"insertions":23,"deletions":14}}},{"hash":"c8a7761bbaa8fe68889a4b36756e8bdb982ca154","isMergeCommit":true,"messageTitle":"Merge pull request #298 from limshaoqi/Fix-tester-C-bugs","messageBody":"Fix tester c bugs","fileTypesAndContributionMap":{}}]}]},"authorFileTypeContributionMap":{"DiligentPenguinn":{"docs":0,"functional-code":0,"test-code":0},"mervyn-teo":{"docs":0,"functional-code":0,"test-code":0},"zhenglong1603":{"docs":16,"functional-code":4,"test-code":4},"awlarpi":{"docs":0,"functional-code":0,"test-code":0},"limshaoqi":{"docs":27,"functional-code":0,"test-code":0}},"authorContributionVariance":{"DiligentPenguinn":0.0,"mervyn-teo":0.0,"zhenglong1603":441.0,"awlarpi":0.0,"limshaoqi":552.25},"authorDisplayNameMap":{"DiligentPenguinn":"CS2103T-T09-2 DANG.. DUY","mervyn-teo":"CS2103T-T09-2 MERV.. YAN","zhenglong1603":"CS2103T-T09-2 SUE ..LONG","awlarpi":"CS2103T-T09-2 PUN ..HONG","limshaoqi":"CS2103T-T09-2 LIM ..O QI"}}
