{"authorDailyContributionsMap":{"DiligentPenguinn":[{"date":"2025-04-06","commitResults":[{"hash":"1d0af15759186ae7fb917917673db04546a96fe0","isMergeCommit":false,"messageTitle":"Fix trimming functionality","messageBody":"","fileTypesAndContributionMap":{"functional-code":{"insertions":13,"deletions":13}}},{"hash":"7a6c52babbd5c4337b7979985c71dc86bbfad246","isMergeCommit":false,"messageTitle":"Change find keywords mechanism to partial match","messageBody":"","fileTypesAndContributionMap":{"functional-code":{"insertions":1,"deletions":6}}},{"hash":"dacfbce5b6d1c78ae5de3b634794c390c6e3c538","isMergeCommit":false,"messageTitle":"Implement smarter input parser, based on two rules: smart trim for descriptive/name text and remove all white spaces for confined text","messageBody":"","fileTypesAndContributionMap":{"functional-code":{"insertions":29,"deletions":16}}},{"hash":"564fed66050900c42b697a6d090c9666c0f057c0","isMergeCommit":false,"messageTitle":"Change header comment and add test cases","messageBody":"","fileTypesAndContributionMap":{"functional-code":{"insertions":7,"deletions":7},"test-code":{"insertions":48,"deletions":27}}},{"hash":"b0a4d64875210e661560de7d67336d94ed39338b","isMergeCommit":true,"messageTitle":"Merge branch \u0027master\u0027 of https://github.com/AY2425S2-CS2103T-T09-2/tp into fix-trim-bug","messageBody":"","fileTypesAndContributionMap":{}},{"hash":"171ec478fe9f71a157fb51b76168c48c1ab09d7d","isMergeCommit":false,"messageTitle":"Change header comment","messageBody":"","fileTypesAndContributionMap":{"functional-code":{"insertions":1,"deletions":1}}}]},{"date":"2025-04-07","commitResults":[{"hash":"efcb9fd9c7d35ef43126d71e21df01eb1480a0dc","isMergeCommit":false,"messageTitle":"Modify trimming and add more test cases","messageBody":"","fileTypesAndContributionMap":{"functional-code":{"insertions":14,"deletions":8},"test-code":{"insertions":251,"deletions":0}}},{"hash":"1138d71b99486c4eb5f6bea815934cb8ff472609","isMergeCommit":false,"messageTitle":"Update UG to include trimming","messageBody":"","fileTypesAndContributionMap":{"docs":{"insertions":39,"deletions":17}}},{"hash":"8da3a837cf555432d8316bdd5986066bf9ddafab","isMergeCommit":false,"messageTitle":"Fix comment header","messageBody":"","fileTypesAndContributionMap":{"functional-code":{"insertions":1,"deletions":1}}},{"hash":"6a485fd9081bd36b6c75949d62a69f335774562f","isMergeCommit":false,"messageTitle":"Update UG DG","messageBody":"","fileTypesAndContributionMap":{"docs":{"insertions":283,"deletions":17}}},{"hash":"6ec10c124641e2fd481108f9ff77290917e191ce","isMergeCommit":true,"messageTitle":"Merge branch \u0027master\u0027 into update-dg","messageBody":"","fileTypesAndContributionMap":{}}]}],"mervyn-teo":[{"date":"2025-04-06","commitResults":[{"hash":"0d0b38367580f1675137962ccfe33221de26ecf9","isMergeCommit":true,"messageTitle":"Merge pull request #222 from mervyn-teo/theme-change","messageBody":"Refactor CSS styles for improved dark theme consistency and button aesthetics","fileTypesAndContributionMap":{}},{"hash":"8b6439ef376153393adac8ac4b7dccc9e12e4210","isMergeCommit":false,"messageTitle":"Improve message formatting by conditionally appending tags in Messages.java","messageBody":"","fileTypesAndContributionMap":{"functional-code":{"insertions":5,"deletions":3}}},{"hash":"2f26d2eb0d94f2323f21bb16b126c4f58f5c5419","isMergeCommit":false,"messageTitle":"Fix message formatting by removing unnecessary line break in tag appending logic in Messages.java","messageBody":"","fileTypesAndContributionMap":{"functional-code":{"insertions":1,"deletions":1}}},{"hash":"a2bad84e1ed1c3be29fa071c13a125df7816c4e0","isMergeCommit":false,"messageTitle":"Add index out of bounds message to UnmarkAppointmentVisitedCommand","messageBody":"","fileTypesAndContributionMap":{"functional-code":{"insertions":2,"deletions":2}}},{"hash":"c7ae8eadc7ddcbbef79f178adee5b8c36fae1d19","isMergeCommit":false,"messageTitle":"Catch all exceptions in CommandBox to improve error handling","messageBody":"","fileTypesAndContributionMap":{"functional-code":{"insertions":1,"deletions":1}}},{"hash":"3794a0ebc751b44ff883d6a3ebac0f4544a71c59","isMergeCommit":false,"messageTitle":"Update src/main/java/seedu/address/ui/CommandBox.java","messageBody":"Co-authored-by: Copilot \u003c175728472+Copilot@users.noreply.github.com\u003e","fileTypesAndContributionMap":{"functional-code":{"insertions":1,"deletions":0}}}]},{"date":"2025-04-07","commitResults":[{"hash":"dbe4172fba632a4a4afded3bf1bae53070d2764f","isMergeCommit":false,"messageTitle":"Add mouse click event to update result display in PersonListPanel","messageBody":"","fileTypesAndContributionMap":{"functional-code":{"insertions":10,"deletions":0}}},{"hash":"1a3555cdaa9f6a193d89c0a497642b76af5b7ada","isMergeCommit":false,"messageTitle":"Remove logging of exceptions","messageBody":"","fileTypesAndContributionMap":{"functional-code":{"insertions":0,"deletions":1}}},{"hash":"266ea3c107d004c64d5d98b3d117ed838e82c196","isMergeCommit":false,"messageTitle":"Revert \"Refactor CSS styles for improved dark theme consistency and button aesthetics\"","messageBody":"","fileTypesAndContributionMap":{"functional-code":{"insertions":47,"deletions":132}}},{"hash":"0c8d0f71c6c38046272223dabb60766a1a2dce10","isMergeCommit":true,"messageTitle":"Merge pull request #307 from AY2425S2-CS2103T-T09-2/revert-222-theme-change","messageBody":"Revert \"Refactor CSS styles for improved dark theme consistency and button aesthetics\"","fileTypesAndContributionMap":{}},{"hash":"d385a26fd76527ede0a423c7ef30dcfc084210db","isMergeCommit":false,"messageTitle":"Uzpdate User Guide to enhance clarity and add new command details","messageBody":"","fileTypesAndContributionMap":{"docs":{"insertions":72,"deletions":5}}},{"hash":"75f860002bc5c4cbf1859e50b973c6515c61e5f8","isMergeCommit":true,"messageTitle":"Merge pull request #299 from mervyn-teo/fix-add-message","messageBody":"Fix add message","fileTypesAndContributionMap":{}},{"hash":"b3bfb1e04bb0319e14d8f5846af17adcac48600b","isMergeCommit":false,"messageTitle":"Uzpdate User Guide to enhance clarity and add new command details","messageBody":"","fileTypesAndContributionMap":{"docs":{"insertions":72,"deletions":5}}},{"hash":"2721b3e0274f48ab99c0bef310216601a1add650","isMergeCommit":true,"messageTitle":"Merge pull request #300 from mervyn-teo/fix-wrong-message-unmarkappt","messageBody":"Add index out of bounds message to UnmarkAppointmentVisitedCommand","fileTypesAndContributionMap":{}},{"hash":"bdab277fc8433c8d862cc2e7cda4ba5f5f17ddbc","isMergeCommit":true,"messageTitle":"Merge pull request #301 from mervyn-teo/fix-addappt-addmu-hang","messageBody":"Catch all exceptions in CommandBox to improve error handling","fileTypesAndContributionMap":{}},{"hash":"235d66ea6d5d7dbe48ad059e02bc28558bce74a0","isMergeCommit":true,"messageTitle":"Merge pull request #306 from mervyn-teo/fix-person-not-refreshed","messageBody":"Add mouse click event to update result display in PersonListPanel","fileTypesAndContributionMap":{}},{"hash":"d553ac7ee1b3fc2340c603ca4a926f57998bf3e6","isMergeCommit":true,"messageTitle":"Merge pull request #309 from mervyn-teo/fix-UG","messageBody":"Fix ug","fileTypesAndContributionMap":{}},{"hash":"f42fcc6eeea9747e795d132d6437c7fbaf2802d2","isMergeCommit":false,"messageTitle":"Update Developer and User Guides for clarity and consistency","messageBody":"","fileTypesAndContributionMap":{"docs":{"insertions":106,"deletions":82}}},{"hash":"6021701f83b6f8401c9d377958fab57daaf67516","isMergeCommit":true,"messageTitle":"Merge branch \u0027master\u0027 into update-UG","messageBody":"","fileTypesAndContributionMap":{}},{"hash":"f5841baf842a89f8feff10a773f29aaeb96b184d","isMergeCommit":true,"messageTitle":"Merge pull request #323 from mervyn-teo/update-UG","messageBody":"Update Developer and User Guides for clarity and consistency","fileTypesAndContributionMap":{}},{"hash":"c088ca331db418b81afd74b089b01d32846a5c90","isMergeCommit":false,"messageTitle":"Refactor name parsing logic and improve smartTrimName method","messageBody":"","fileTypesAndContributionMap":{"functional-code":{"insertions":15,"deletions":1},"test-code":{"insertions":1,"deletions":1}}},{"hash":"5982ce3cec3d3512f9baab2c96528e28bc80b96b","isMergeCommit":false,"messageTitle":"Update validation regex for email and NRIC formats","messageBody":"","fileTypesAndContributionMap":{"functional-code":{"insertions":2,"deletions":2}}},{"hash":"a4493838d209c7bad1082bfd981ab156d7c4c5fa","isMergeCommit":false,"messageTitle":"Update NRIC test data and enhance email validation tests","messageBody":"","fileTypesAndContributionMap":{"test-code":{"insertions":7,"deletions":7}}},{"hash":"eddd57c4b6a4b53a1dcef8bcedc7e95fe4b8033e","isMergeCommit":false,"messageTitle":"fix User Guide formatting for consistency in parameter references","messageBody":"","fileTypesAndContributionMap":{"docs":{"insertions":21,"deletions":29}}},{"hash":"e65469534f9c100be3e5ea40b2068e520635a5f9","isMergeCommit":true,"messageTitle":"Merge pull request #325 from mervyn-teo/update-UG","messageBody":"fix User Guide formatting for consistency in parameter references","fileTypesAndContributionMap":{}},{"hash":"1b0ceef90824280092da161ac13b0d5d724c0d12","isMergeCommit":false,"messageTitle":"fix User Guide formatting for consistency in parameter references","messageBody":"","fileTypesAndContributionMap":{"docs":{"insertions":0,"deletions":8}}},{"hash":"ddb3b937124ce9aa83d30d42f71c48ca2ad16eca","isMergeCommit":false,"messageTitle":"fix User Guide formatting for consistency in command descriptions","messageBody":"","fileTypesAndContributionMap":{"docs":{"insertions":45,"deletions":34}}},{"hash":"1d728757387271515866daa1505c94e5a8e73a67","isMergeCommit":true,"messageTitle":"Merge pull request #324 from mervyn-teo/fix-name-at-issue","messageBody":"Refactor name parsing logic and improve smartTrimName method","fileTypesAndContributionMap":{}}]}],"zhenglong1603":[{"date":"2025-04-06","commitResults":[{"hash":"634e80fa88b3feb67694c74302bf49a4e3b520c7","isMergeCommit":false,"messageTitle":"Update links to diagrams in DeveloperGuide.md and add new sections","messageBody":"","fileTypesAndContributionMap":{"docs":{"insertions":17,"deletions":5}}},{"hash":"b1cce0a2bf19db26c9f320c41a33a3163e1962e1","isMergeCommit":true,"messageTitle":"Merge pull request #296 from zhenglong1603/w12/developer-guide-1","messageBody":"Update links to diagrams in DeveloperGuide.md and add new sections","fileTypesAndContributionMap":{}},{"hash":"c9d4598a68dfd54d87a17b561d63573ed86fe3f9","isMergeCommit":false,"messageTitle":"Fix bug for Appointments and Medical Usage list being shared for all new Persons","messageBody":"","fileTypesAndContributionMap":{"functional-code":{"insertions":4,"deletions":8},"test-code":{"insertions":4,"deletions":4}}},{"hash":"e04c47f19c72e0ca1dc2bbc39ced6956151dccf0","isMergeCommit":true,"messageTitle":"Merge pull request #297 from zhenglong1603/w12/appointment-bug-fix","messageBody":"Fix bug for Appointments and Medical Usage list being shared ","fileTypesAndContributionMap":{}},{"hash":"bcb4ef828f6c878b1e6a682bc7d2cbb9eae5f1eb","isMergeCommit":true,"messageTitle":"Merge pull request #303 from awlarpi/ped-262","messageBody":"Update user guide command summary for add command","fileTypesAndContributionMap":{}},{"hash":"6ed0bf7d8e0c03fc85f12865a28f3995bcadcb08","isMergeCommit":true,"messageTitle":"Merge pull request #302 from awlarpi/ped-280","messageBody":"fix: remove space in example usage of delete medicine command","fileTypesAndContributionMap":{}},{"hash":"d0f347448bad5d40b5591a394ee088bd619f747e","isMergeCommit":true,"messageTitle":"Merge pull request #305 from awlarpi/ped-289","messageBody":"Update email parameter constraints in User Guide","fileTypesAndContributionMap":{}}]},{"date":"2025-04-07","commitResults":[{"hash":"fff0e0768b96c37ed9861ad2cc061264015169ca","isMergeCommit":false,"messageTitle":"Update DeveloperGuide.md","messageBody":"","fileTypesAndContributionMap":{"docs":{"insertions":329,"deletions":179}}},{"hash":"f20874bed90d03316d18d2a2c279983bc2942538","isMergeCommit":true,"messageTitle":"Merge pull request #308 from zhenglong1603/w12/developer-guide-2","messageBody":"Update DeveloperGuide.md","fileTypesAndContributionMap":{}},{"hash":"410a40bb6a5fe435ba9388dbd0e68a647534c720","isMergeCommit":true,"messageTitle":"Merge pull request #310 from DiligentPenguinn/update-ug2","messageBody":"Update UG to include trimming","fileTypesAndContributionMap":{}},{"hash":"8f9f5929b56bf2b1ec4ff93613170d551e256192","isMergeCommit":false,"messageTitle":"Update UserGuide.md","messageBody":"","fileTypesAndContributionMap":{"docs":{"insertions":215,"deletions":115}}},{"hash":"7e1bd914ec7f21ea4ed97a129c2f2f791f2019d5","isMergeCommit":true,"messageTitle":"Merge pull request #311 from zhenglong1603/w12/user-guide-2","messageBody":"Update UserGuide.md","fileTypesAndContributionMap":{}},{"hash":"00f34ab6ebbe3578cafb460c1cda9b996ef3042e","isMergeCommit":false,"messageTitle":"Update UserGuide.md","messageBody":"","fileTypesAndContributionMap":{"docs":{"insertions":23,"deletions":18}}},{"hash":"f975e102096bd5acc4ff6e3f89293ee167744f19","isMergeCommit":true,"messageTitle":"Merge pull request #312 from zhenglong1603/w12/user-guide-3","messageBody":"Update UserGuide.md","fileTypesAndContributionMap":{}},{"hash":"638432457eef55d8b8f3575781df974ede635974","isMergeCommit":false,"messageTitle":"Update UserGuide.md and fix spacing in date error message","messageBody":"","fileTypesAndContributionMap":{"functional-code":{"insertions":1,"deletions":1},"docs":{"insertions":4,"deletions":4}}},{"hash":"d7fea2333de34f613f83609195b082d825c5e750","isMergeCommit":true,"messageTitle":"Merge pull request #314 from zhenglong1603/w12/message-fix","messageBody":"Update UserGuide.md and fix spacing in date error message","fileTypesAndContributionMap":{}},{"hash":"a32d6bd0b311cf7dbb0ab54ed448607f65eff490","isMergeCommit":false,"messageTitle":"Update UserGuide.md","messageBody":"","fileTypesAndContributionMap":{"docs":{"insertions":44,"deletions":33}}},{"hash":"4e051816b8c1be869ef2f922c5e885cf4e99a996","isMergeCommit":true,"messageTitle":"Merge pull request #319 from zhenglong1603/w12/user-guide-4","messageBody":"Update UserGuide.md","fileTypesAndContributionMap":{}},{"hash":"776580e23e4b5dc28b810687fea4808099471299","isMergeCommit":true,"messageTitle":"Merge pull request #326 from mervyn-teo/update-UG","messageBody":"fix User Guide formatting for consistency in parameter references","fileTypesAndContributionMap":{}},{"hash":"6e809bebd06500c3876440d97dec191e9b94d0d3","isMergeCommit":false,"messageTitle":"Update UserGuide.md","messageBody":"","fileTypesAndContributionMap":{"docs":{"insertions":77,"deletions":63}}},{"hash":"8e959bf35b4984fab95dfd9634cc49d9039b2813","isMergeCommit":true,"messageTitle":"Merge pull request #327 from zhenglong1603/w12/user-guide-5","messageBody":"Update UserGuide.md","fileTypesAndContributionMap":{}}]}],"awlarpi":[{"date":"2025-04-06","commitResults":[{"hash":"332d59b3bf5adf5605564981d826822405c39533","isMergeCommit":false,"messageTitle":"fix: remove space in example usage of delete medicine command","messageBody":"","fileTypesAndContributionMap":{"functional-code":{"insertions":1,"deletions":1}}},{"hash":"39357d570263039359babdf484fd48289128ee2c","isMergeCommit":false,"messageTitle":"Update user guide to include birthdate parameter in add command","messageBody":"","fileTypesAndContributionMap":{"docs":{"insertions":1,"deletions":1}}},{"hash":"92d41de6002d6da19318cffac780dab9e8f66e1f","isMergeCommit":false,"messageTitle":"Update email parameter constraints in User Guide","messageBody":"","fileTypesAndContributionMap":{"docs":{"insertions":6,"deletions":9}}}]}],"limshaoqi":[{"date":"2025-04-06","commitResults":[{"hash":"8f2a06e282dba5d9907781666a3efb93f20ce8da","isMergeCommit":true,"messageTitle":"Merge branch \u0027master\u0027 of https://github.com/limshaoqi/tp","messageBody":"","fileTypesAndContributionMap":{}},{"hash":"52cda35dc982379acecc37b59a5e5990a8a2d8cb","isMergeCommit":false,"messageTitle":"Update glossary","messageBody":"","fileTypesAndContributionMap":{"docs":{"insertions":4,"deletions":5}}},{"hash":"a8b08cf2882d0ed1d358d31e4d7c8bcebd1c0204","isMergeCommit":false,"messageTitle":"remove placeholder text","messageBody":"","fileTypesAndContributionMap":{"docs":{"insertions":0,"deletions":1}}},{"hash":"69d185f9c318e41b0bcd880bd15c9f02ddffa873","isMergeCommit":false,"messageTitle":"Update use case","messageBody":"","fileTypesAndContributionMap":{"docs":{"insertions":23,"deletions":14}}},{"hash":"c8a7761bbaa8fe68889a4b36756e8bdb982ca154","isMergeCommit":true,"messageTitle":"Merge pull request #298 from limshaoqi/Fix-tester-C-bugs","messageBody":"Fix tester c bugs","fileTypesAndContributionMap":{}}]},{"date":"2025-04-07","commitResults":[{"hash":"9d3cb9296d756d1ffd244ae0df82d3f08605a28f","isMergeCommit":true,"messageTitle":"Merge branch \u0027master\u0027 of https://github.com/limshaoqi/tp","messageBody":"","fileTypesAndContributionMap":{}},{"hash":"8fb0637e3f397003d15b9e035327139ec3bdb92f","isMergeCommit":true,"messageTitle":"Merge branch \u0027AY2425S2-CS2103T-T09-2:master\u0027 into master","messageBody":"","fileTypesAndContributionMap":{}},{"hash":"78ffc8b07a1097aae87fa4715422dafb7b78cab7","isMergeCommit":true,"messageTitle":"Merge branch \u0027master\u0027 of https://github.com/limshaoqi/tp","messageBody":"","fileTypesAndContributionMap":{}},{"hash":"b0954b7b1c0e2d9bcc8cc12f4ccb9b9f24356d78","isMergeCommit":true,"messageTitle":"Merge branch \u0027master\u0027 of https://github.com/limshaoqi/tp into Fix-tester-E-bugs","messageBody":"","fileTypesAndContributionMap":{}},{"hash":"19dcc7452b253044ac35086a4726aba3081e5b0b","isMergeCommit":false,"messageTitle":"Fix addmr no fields bug","messageBody":"","fileTypesAndContributionMap":{"functional-code":{"insertions":4,"deletions":0},"docs":{"insertions":3,"deletions":2}}},{"hash":"5ae3caf919a48ec8c397561f074ba7d5bd9aaa33","isMergeCommit":false,"messageTitle":"Update ug","messageBody":"","fileTypesAndContributionMap":{"docs":{"insertions":1,"deletions":1}}},{"hash":"788b2e25b354a8f9fc9f26d563a50cc1b9ceb656","isMergeCommit":true,"messageTitle":"Merge pull request #313 from limshaoqi/Fix-tester-E-bugs","messageBody":"Fix tester e bugs","fileTypesAndContributionMap":{}},{"hash":"123c865b95b39003b3ce018cec69503140fc6f86","isMergeCommit":true,"messageTitle":"Merge branch \u0027master\u0027 of https://github.com/limshaoqi/tp","messageBody":"","fileTypesAndContributionMap":{}},{"hash":"7a8553157d6d57ba57779c80490258f7ee969a3a","isMergeCommit":false,"messageTitle":"Fix error message bug","messageBody":"","fileTypesAndContributionMap":{"functional-code":{"insertions":9,"deletions":1},"docs":{"insertions":1,"deletions":1}}},{"hash":"864631eae649425fa2e0358e3035dfa44e29b66d","isMergeCommit":true,"messageTitle":"Merge pull request #315 from limshaoqi/Fix-deletemr-existing-mr-error","messageBody":"Fix deletemr existing mr error","fileTypesAndContributionMap":{}},{"hash":"dbb3e917067ef43507215a290bfb343898d3ece2","isMergeCommit":true,"messageTitle":"Merge branch \u0027master\u0027 of https://github.com/limshaoqi/tp","messageBody":"","fileTypesAndContributionMap":{}},{"hash":"710ffc174d9ef7e7f5ca74e46bdbcc1c3ce16b05","isMergeCommit":false,"messageTitle":"Update UG name suffix","messageBody":"","fileTypesAndContributionMap":{"docs":{"insertions":9,"deletions":9}}},{"hash":"242dea3412b0eb2cecbe90834be61f7b635f156e","isMergeCommit":false,"messageTitle":"Fix sensitivity bug","messageBody":"","fileTypesAndContributionMap":{"functional-code":{"insertions":19,"deletions":4}}},{"hash":"1e1afeedf6bbbb9412a3a1e6d397b3d4b0837627","isMergeCommit":true,"messageTitle":"Merge pull request #316 from limshaoqi/Fix-Tester-B-bugs","messageBody":"Fix tester b bugs","fileTypesAndContributionMap":{}},{"hash":"f971ea42dbbf66deb97216b669231d50bda3f168","isMergeCommit":false,"messageTitle":"Update ug","messageBody":"","fileTypesAndContributionMap":{"docs":{"insertions":2,"deletions":0}}},{"hash":"592020390a96098f351668f80d55b2c2a4048ddb","isMergeCommit":true,"messageTitle":"Merge pull request #317 from limshaoqi/Fix-Tester-B-bugs","messageBody":"Update ug","fileTypesAndContributionMap":{}},{"hash":"4d80eb59ed97fe532c2b70a3501fddd0a7363ab7","isMergeCommit":true,"messageTitle":"Merge branch \u0027master\u0027 of https://github.com/limshaoqi/tp","messageBody":"","fileTypesAndContributionMap":{}},{"hash":"3bcac359be6f167c59a1b92805a93a2f382015f1","isMergeCommit":false,"messageTitle":"Fix FAQ ug","messageBody":"","fileTypesAndContributionMap":{"docs":{"insertions":2,"deletions":2}}},{"hash":"6eba40c96c541c743f7c524ff1a1d1e70d24669d","isMergeCommit":false,"messageTitle":"update userstory for unmark","messageBody":"","fileTypesAndContributionMap":{"docs":{"insertions":1,"deletions":2}}},{"hash":"73455401a65cc80afccf4b66e6d8ec003505b8ab","isMergeCommit":true,"messageTitle":"Merge pull request #318 from limshaoqi/Fix-Tester-A-bugs","messageBody":"Fix tester a bugs","fileTypesAndContributionMap":{}},{"hash":"b8d8824c2cba9ce9948d5d380f01214c23eaba15","isMergeCommit":true,"messageTitle":"Merge branch \u0027master\u0027 of https://github.com/limshaoqi/tp","messageBody":"","fileTypesAndContributionMap":{}},{"hash":"01ab0745767ebd3d853157bd126eed6004621135","isMergeCommit":true,"messageTitle":"Merge pull request #304 from DiligentPenguinn/fix-trim-bug","messageBody":"Fix bugs","fileTypesAndContributionMap":{}},{"hash":"6a6a5031e6f6cc7d0b9815dd2e71cb0b79d0c9db","isMergeCommit":true,"messageTitle":"Merge branch \u0027AY2425S2-CS2103T-T09-2:master\u0027 into master","messageBody":"","fileTypesAndContributionMap":{}},{"hash":"4b1199d670eac24503d5b4240cae5d71f967613d","isMergeCommit":true,"messageTitle":"Merge branch \u0027AY2425S2-CS2103T-T09-2:master\u0027 into master","messageBody":"","fileTypesAndContributionMap":{}},{"hash":"68716e8ce795af182115224bbb575748bf6e66b0","isMergeCommit":true,"messageTitle":"Merge branch \u0027master\u0027 of https://github.com/limshaoqi/tp","messageBody":"","fileTypesAndContributionMap":{}},{"hash":"6931c5070eef6018b41585d51f9c1e78a66ce774","isMergeCommit":false,"messageTitle":"Fix lowercase none bug","messageBody":"","fileTypesAndContributionMap":{"functional-code":{"insertions":5,"deletions":1}}},{"hash":"f4854e4348069c80c09858949d3dff67162ab7a8","isMergeCommit":true,"messageTitle":"Merge pull request #321 from limshaoqi/Update-UG","messageBody":"Fix addmr case sensitivity","fileTypesAndContributionMap":{}},{"hash":"e8fe146a8671681a3ecc7516fb35b702f14694ab","isMergeCommit":true,"messageTitle":"Merge pull request #320 from DiligentPenguinn/update-dg","messageBody":"Update UG DG","fileTypesAndContributionMap":{}},{"hash":"80a019a18b27a22eff0730b9ab95e4fb187443e3","isMergeCommit":true,"messageTitle":"Merge branch \u0027master\u0027 of https://github.com/limshaoqi/tp","messageBody":"","fileTypesAndContributionMap":{}},{"hash":"6e2a4e669ccac8ece876379b2a66cdb4c3ccb6ab","isMergeCommit":false,"messageTitle":"update dg manual test","messageBody":"","fileTypesAndContributionMap":{"docs":{"insertions":16,"deletions":1}}},{"hash":"adc457407f0a8f16022923103649c285f7508aa3","isMergeCommit":false,"messageTitle":"fix delete by index bug","messageBody":"","fileTypesAndContributionMap":{"functional-code":{"insertions":1,"deletions":1}}},{"hash":"b721ff80bb74df37af1bf6ce5e6b984bf74c717b","isMergeCommit":false,"messageTitle":"update ug","messageBody":"","fileTypesAndContributionMap":{"docs":{"insertions":11,"deletions":18}}},{"hash":"e0e461373f6042f25dff9faaf38c29fddc084c48","isMergeCommit":true,"messageTitle":"Merge pull request #322 from limshaoqi/Fix-UG-for-medicalreport","messageBody":"Fix ug for medicalreport","fileTypesAndContributionMap":{}}]}]},"authorFileTypeContributionMap":{"DiligentPenguinn":{"docs":300,"functional-code":43,"test-code":299},"mervyn-teo":{"docs":124,"functional-code":81,"test-code":8},"zhenglong1603":{"docs":594,"functional-code":4,"test-code":4},"awlarpi":{"docs":5,"functional-code":0,"test-code":0},"limshaoqi":{"docs":39,"functional-code":37,"test-code":0}},"authorContributionVariance":{"DiligentPenguinn":71129.555,"mervyn-teo":107850.88,"zhenglong1603":261899.56,"awlarpi":80.22222,"limshaoqi":2748.6667},"authorDisplayNameMap":{"DiligentPenguinn":"CS2103T-T09-2 DANG.. DUY","mervyn-teo":"CS2103T-T09-2 MERV.. YAN","zhenglong1603":"CS2103T-T09-2 SUE ..LONG","awlarpi":"CS2103T-T09-2 PUN ..HONG","limshaoqi":"CS2103T-T09-2 LIM ..O QI"}}
