[{"path":"src/main/java/seedu/address/logic/commands/ListCommand.java","fileType":"functional-code","lines":[{"lineNumber":1,"author":{"gitId":"-"},"content":"package seedu.address.logic.commands;","lastModifiedDate":"2016-09-22","isFullCredit":false},{"lineNumber":2,"author":{"gitId":"-"},"content":"","lastModifiedDate":"2016-08-24","isFullCredit":false},{"lineNumber":3,"author":{"gitId":"-"},"content":"import static java.util.Objects.requireNonNull;","lastModifiedDate":"2018-08-08","isFullCredit":false},{"lineNumber":4,"author":{"gitId":"-"},"content":"import static seedu.address.model.Model.PREDICATE_SHOW_ALL_PERSONS;","lastModifiedDate":"2017-08-05","isFullCredit":false},{"lineNumber":5,"author":{"gitId":"-"},"content":"","lastModifiedDate":"2016-08-24","isFullCredit":false},{"lineNumber":6,"author":{"gitId":"-"},"content":"import seedu.address.model.Model;","lastModifiedDate":"2018-08-08","isFullCredit":false},{"lineNumber":7,"author":{"gitId":"-"},"content":"","lastModifiedDate":"2018-08-08","isFullCredit":false},{"lineNumber":8,"author":{"gitId":"-"},"content":"/**","lastModifiedDate":"2016-08-24","isFullCredit":false},{"lineNumber":9,"author":{"gitId":"-"},"content":" * Lists all persons in the Med Logger to the user.","lastModifiedDate":"2025-03-13","isFullCredit":false},{"lineNumber":10,"author":{"gitId":"-"},"content":" */","lastModifiedDate":"2016-08-24","isFullCredit":false},{"lineNumber":11,"author":{"gitId":"-"},"content":"public class ListCommand extends Command {","lastModifiedDate":"2016-09-21","isFullCredit":false},{"lineNumber":12,"author":{"gitId":"-"},"content":"","lastModifiedDate":"2016-08-24","isFullCredit":false},{"lineNumber":13,"author":{"gitId":"-"},"content":"    public static final String COMMAND_WORD \u003d \"list\";","lastModifiedDate":"2016-08-24","isFullCredit":false},{"lineNumber":14,"author":{"gitId":"-"},"content":"","lastModifiedDate":"2016-08-24","isFullCredit":false},{"lineNumber":15,"author":{"gitId":"-"},"content":"    public static final String MESSAGE_SUCCESS \u003d \"Listed all persons\";","lastModifiedDate":"2016-09-21","isFullCredit":false},{"lineNumber":16,"author":{"gitId":"-"},"content":"","lastModifiedDate":"2016-08-24","isFullCredit":false},{"lineNumber":17,"author":{"gitId":"-"},"content":"    public static final String MESSAGE_USAGE \u003d \"list l/LIMIT\";","lastModifiedDate":"2025-03-27","isFullCredit":false},{"lineNumber":18,"author":{"gitId":"-"},"content":"","lastModifiedDate":"2025-03-27","isFullCredit":false},{"lineNumber":19,"author":{"gitId":"Taoseeker"},"content":"    public static final String MESSAGE_LIMIT_CONSTRAINTS \u003d \"Limit must be non-negative integer\";","lastModifiedDate":"2025-04-07","isFullCredit":false},{"lineNumber":20,"author":{"gitId":"Taoseeker"},"content":"","lastModifiedDate":"2025-04-07","isFullCredit":false},{"lineNumber":21,"author":{"gitId":"-"},"content":"    private Integer limit;","lastModifiedDate":"2025-03-27","isFullCredit":false},{"lineNumber":22,"author":{"gitId":"-"},"content":"","lastModifiedDate":"2025-03-27","isFullCredit":false},{"lineNumber":23,"author":{"gitId":"-"},"content":"    public ListCommand() {};","lastModifiedDate":"2025-03-27","isFullCredit":false},{"lineNumber":24,"author":{"gitId":"-"},"content":"","lastModifiedDate":"2025-03-27","isFullCredit":false},{"lineNumber":25,"author":{"gitId":"-"},"content":"    public ListCommand(int limit) {","lastModifiedDate":"2025-03-27","isFullCredit":false},{"lineNumber":26,"author":{"gitId":"-"},"content":"        this.limit \u003d limit;","lastModifiedDate":"2025-03-27","isFullCredit":false},{"lineNumber":27,"author":{"gitId":"-"},"content":"    }","lastModifiedDate":"2025-03-27","isFullCredit":false},{"lineNumber":28,"author":{"gitId":"-"},"content":"","lastModifiedDate":"2016-08-24","isFullCredit":false},{"lineNumber":29,"author":{"gitId":"-"},"content":"    @Override","lastModifiedDate":"2016-08-24","isFullCredit":false},{"lineNumber":30,"author":{"gitId":"-"},"content":"    public CommandResult execute(Model model) {","lastModifiedDate":"2019-01-25","isFullCredit":false},{"lineNumber":31,"author":{"gitId":"-"},"content":"        requireNonNull(model);","lastModifiedDate":"2018-08-08","isFullCredit":false},{"lineNumber":32,"author":{"gitId":"-"},"content":"","lastModifiedDate":"2025-03-27","isFullCredit":false},{"lineNumber":33,"author":{"gitId":"-"},"content":"        if (this.limit \u003d\u003d null) {","lastModifiedDate":"2025-03-27","isFullCredit":false},{"lineNumber":34,"author":{"gitId":"-"},"content":"            model.updateFilteredPersonList(PREDICATE_SHOW_ALL_PERSONS);","lastModifiedDate":"2017-08-05","isFullCredit":false},{"lineNumber":35,"author":{"gitId":"-"},"content":"            return new CommandResult(MESSAGE_SUCCESS);","lastModifiedDate":"2016-09-22","isFullCredit":false},{"lineNumber":36,"author":{"gitId":"-"},"content":"        } else {","lastModifiedDate":"2025-03-27","isFullCredit":false},{"lineNumber":37,"author":{"gitId":"-"},"content":"            model.updateSubFilteredPersonList(this.limit);","lastModifiedDate":"2025-03-27","isFullCredit":false},{"lineNumber":38,"author":{"gitId":"-"},"content":"            int numOfPersons \u003d this.limit \u003e model.size() ? model.size() : this.limit;","lastModifiedDate":"2025-03-27","isFullCredit":false},{"lineNumber":39,"author":{"gitId":"-"},"content":"            return new CommandResult(\"Listed \" + numOfPersons + \" persons\");","lastModifiedDate":"2025-03-27","isFullCredit":false},{"lineNumber":40,"author":{"gitId":"-"},"content":"        }","lastModifiedDate":"2025-03-27","isFullCredit":false},{"lineNumber":41,"author":{"gitId":"-"},"content":"","lastModifiedDate":"2025-03-27","isFullCredit":false},{"lineNumber":42,"author":{"gitId":"-"},"content":"    }","lastModifiedDate":"2016-08-24","isFullCredit":false},{"lineNumber":43,"author":{"gitId":"-"},"content":"}","lastModifiedDate":"2016-08-24","isFullCredit":false}],"authorContributionMap":{"Taoseeker":2,"-":41}},{"path":"src/main/java/seedu/address/logic/parser/ListCommandParser.java","fileType":"functional-code","lines":[{"lineNumber":1,"author":{"gitId":"-"},"content":"package seedu.address.logic.parser;","lastModifiedDate":"2025-03-27","isFullCredit":false},{"lineNumber":2,"author":{"gitId":"-"},"content":"","lastModifiedDate":"2025-03-27","isFullCredit":false},{"lineNumber":3,"author":{"gitId":"-"},"content":"import static seedu.address.logic.Messages.MESSAGE_INVALID_COMMAND_FORMAT;","lastModifiedDate":"2025-03-27","isFullCredit":false},{"lineNumber":4,"author":{"gitId":"-"},"content":"import static seedu.address.logic.parser.CliSyntax.PREFIX_LIMIT;","lastModifiedDate":"2025-03-27","isFullCredit":false},{"lineNumber":5,"author":{"gitId":"-"},"content":"","lastModifiedDate":"2025-03-27","isFullCredit":false},{"lineNumber":6,"author":{"gitId":"-"},"content":"import seedu.address.logic.commands.ListCommand;","lastModifiedDate":"2025-03-27","isFullCredit":false},{"lineNumber":7,"author":{"gitId":"-"},"content":"import seedu.address.logic.parser.exceptions.ParseException;","lastModifiedDate":"2025-03-27","isFullCredit":false},{"lineNumber":8,"author":{"gitId":"-"},"content":"","lastModifiedDate":"2025-03-27","isFullCredit":false},{"lineNumber":9,"author":{"gitId":"-"},"content":"/**","lastModifiedDate":"2025-03-27","isFullCredit":false},{"lineNumber":10,"author":{"gitId":"-"},"content":" * Parses input arguments and creates a new {@code ListCommand} object.","lastModifiedDate":"2025-03-27","isFullCredit":false},{"lineNumber":11,"author":{"gitId":"-"},"content":" */","lastModifiedDate":"2025-03-27","isFullCredit":false},{"lineNumber":12,"author":{"gitId":"-"},"content":"public class ListCommandParser {","lastModifiedDate":"2025-03-27","isFullCredit":false},{"lineNumber":13,"author":{"gitId":"-"},"content":"","lastModifiedDate":"2025-03-27","isFullCredit":false},{"lineNumber":14,"author":{"gitId":"-"},"content":"    /**","lastModifiedDate":"2025-03-27","isFullCredit":false},{"lineNumber":15,"author":{"gitId":"-"},"content":"     * Parses the given {@code String} of arguments and returns a {@code ListCommand}.","lastModifiedDate":"2025-03-27","isFullCredit":false},{"lineNumber":16,"author":{"gitId":"-"},"content":"     *","lastModifiedDate":"2025-03-27","isFullCredit":false},{"lineNumber":17,"author":{"gitId":"-"},"content":"     * @param args Input string after command word.","lastModifiedDate":"2025-03-27","isFullCredit":false},{"lineNumber":18,"author":{"gitId":"-"},"content":"     * @return A {@code ListCommand} based on the parsed input.","lastModifiedDate":"2025-03-27","isFullCredit":false},{"lineNumber":19,"author":{"gitId":"-"},"content":"     * @throws ParseException If the input does not conform to the expected format.","lastModifiedDate":"2025-03-27","isFullCredit":false},{"lineNumber":20,"author":{"gitId":"-"},"content":"     */","lastModifiedDate":"2025-03-27","isFullCredit":false},{"lineNumber":21,"author":{"gitId":"-"},"content":"    public ListCommand parse(String args) throws ParseException {","lastModifiedDate":"2025-03-27","isFullCredit":false},{"lineNumber":22,"author":{"gitId":"-"},"content":"","lastModifiedDate":"2025-03-27","isFullCredit":false},{"lineNumber":23,"author":{"gitId":"-"},"content":"        if (args.trim().isEmpty()) {","lastModifiedDate":"2025-03-27","isFullCredit":false},{"lineNumber":24,"author":{"gitId":"-"},"content":"            return new ListCommand();","lastModifiedDate":"2025-03-27","isFullCredit":false},{"lineNumber":25,"author":{"gitId":"-"},"content":"        }","lastModifiedDate":"2025-03-27","isFullCredit":false},{"lineNumber":26,"author":{"gitId":"-"},"content":"","lastModifiedDate":"2025-03-27","isFullCredit":false},{"lineNumber":27,"author":{"gitId":"-"},"content":"        ArgumentMultimap argMultimap \u003d ArgumentTokenizer.tokenize(args, PREFIX_LIMIT);","lastModifiedDate":"2025-03-27","isFullCredit":false},{"lineNumber":28,"author":{"gitId":"-"},"content":"","lastModifiedDate":"2025-03-27","isFullCredit":false},{"lineNumber":29,"author":{"gitId":"-"},"content":"        int limit;","lastModifiedDate":"2025-03-27","isFullCredit":false},{"lineNumber":30,"author":{"gitId":"-"},"content":"","lastModifiedDate":"2025-03-27","isFullCredit":false},{"lineNumber":31,"author":{"gitId":"-"},"content":"        try {","lastModifiedDate":"2025-03-27","isFullCredit":false},{"lineNumber":32,"author":{"gitId":"-"},"content":"            limit \u003d Integer.parseInt(argMultimap.getValue(PREFIX_LIMIT).orElse(\"\"));","lastModifiedDate":"2025-03-27","isFullCredit":false},{"lineNumber":33,"author":{"gitId":"Taoseeker"},"content":"            if (limit \u003c 0) {","lastModifiedDate":"2025-04-07","isFullCredit":false},{"lineNumber":34,"author":{"gitId":"Taoseeker"},"content":"                throw new ParseException(String.format(MESSAGE_INVALID_COMMAND_FORMAT, ListCommand.MESSAGE_USAGE","lastModifiedDate":"2025-04-07","isFullCredit":false},{"lineNumber":35,"author":{"gitId":"Taoseeker"},"content":"                    + \"\\n\" + ListCommand.MESSAGE_LIMIT_CONSTRAINTS)","lastModifiedDate":"2025-04-07","isFullCredit":false},{"lineNumber":36,"author":{"gitId":"Taoseeker"},"content":"                );","lastModifiedDate":"2025-04-07","isFullCredit":false},{"lineNumber":37,"author":{"gitId":"Taoseeker"},"content":"            }","lastModifiedDate":"2025-04-07","isFullCredit":false},{"lineNumber":38,"author":{"gitId":"-"},"content":"        } catch (NumberFormatException ive) {","lastModifiedDate":"2025-03-27","isFullCredit":false},{"lineNumber":39,"author":{"gitId":"-"},"content":"            throw new ParseException(String.format(MESSAGE_INVALID_COMMAND_FORMAT, ListCommand.MESSAGE_USAGE), ive);","lastModifiedDate":"2025-03-27","isFullCredit":false},{"lineNumber":40,"author":{"gitId":"-"},"content":"        }","lastModifiedDate":"2025-03-27","isFullCredit":false},{"lineNumber":41,"author":{"gitId":"-"},"content":"","lastModifiedDate":"2025-03-27","isFullCredit":false},{"lineNumber":42,"author":{"gitId":"-"},"content":"        return new ListCommand(limit);","lastModifiedDate":"2025-03-27","isFullCredit":false},{"lineNumber":43,"author":{"gitId":"-"},"content":"    }","lastModifiedDate":"2025-03-27","isFullCredit":false},{"lineNumber":44,"author":{"gitId":"-"},"content":"","lastModifiedDate":"2025-03-27","isFullCredit":false},{"lineNumber":45,"author":{"gitId":"-"},"content":"}","lastModifiedDate":"2025-03-27","isFullCredit":false}],"authorContributionMap":{"Taoseeker":5,"-":40}},{"path":"src/main/java/seedu/address/model/ModelManager.java","fileType":"functional-code","lines":[{"lineNumber":1,"author":{"gitId":"-"},"content":"package seedu.address.model;","lastModifiedDate":"2016-08-08","isFullCredit":false},{"lineNumber":2,"author":{"gitId":"-"},"content":"","lastModifiedDate":"2016-08-08","isFullCredit":false},{"lineNumber":3,"author":{"gitId":"-"},"content":"import static java.util.Objects.requireNonNull;","lastModifiedDate":"2017-08-05","isFullCredit":false},{"lineNumber":4,"author":{"gitId":"-"},"content":"import static seedu.address.commons.util.CollectionUtil.requireAllNonNull;","lastModifiedDate":"2017-05-19","isFullCredit":false},{"lineNumber":5,"author":{"gitId":"-"},"content":"","lastModifiedDate":"2017-05-15","isFullCredit":false},{"lineNumber":6,"author":{"gitId":"-"},"content":"import java.nio.file.Path;","lastModifiedDate":"2018-11-27","isFullCredit":false},{"lineNumber":7,"author":{"gitId":"-"},"content":"import java.util.Comparator;","lastModifiedDate":"2025-04-04","isFullCredit":false},{"lineNumber":8,"author":{"gitId":"-"},"content":"import java.util.List;","lastModifiedDate":"2025-03-27","isFullCredit":false},{"lineNumber":9,"author":{"gitId":"-"},"content":"import java.util.Optional;","lastModifiedDate":"2025-03-31","isFullCredit":false},{"lineNumber":10,"author":{"gitId":"-"},"content":"import java.util.function.Predicate;","lastModifiedDate":"2017-06-12","isFullCredit":false},{"lineNumber":11,"author":{"gitId":"-"},"content":"import java.util.logging.Logger;","lastModifiedDate":"2017-01-19","isFullCredit":false},{"lineNumber":12,"author":{"gitId":"-"},"content":"import java.util.stream.Collectors;","lastModifiedDate":"2025-03-27","isFullCredit":false},{"lineNumber":13,"author":{"gitId":"-"},"content":"","lastModifiedDate":"2017-01-19","isFullCredit":false},{"lineNumber":14,"author":{"gitId":"-"},"content":"import javafx.collections.ObservableList;","lastModifiedDate":"2017-09-01","isFullCredit":false},{"lineNumber":15,"author":{"gitId":"-"},"content":"import javafx.collections.transformation.FilteredList;","lastModifiedDate":"2016-08-26","isFullCredit":false},{"lineNumber":16,"author":{"gitId":"-"},"content":"import javafx.collections.transformation.SortedList;","lastModifiedDate":"2025-04-04","isFullCredit":false},{"lineNumber":17,"author":{"gitId":"-"},"content":"import seedu.address.commons.core.GuiSettings;","lastModifiedDate":"2018-11-27","isFullCredit":false},{"lineNumber":18,"author":{"gitId":"-"},"content":"import seedu.address.commons.core.LogsCenter;","lastModifiedDate":"2016-09-23","isFullCredit":false},{"lineNumber":19,"author":{"gitId":"-"},"content":"import seedu.address.model.person.Nric;","lastModifiedDate":"2025-03-31","isFullCredit":false},{"lineNumber":20,"author":{"gitId":"-"},"content":"import seedu.address.model.person.Person;","lastModifiedDate":"2018-01-10","isFullCredit":false},{"lineNumber":21,"author":{"gitId":"-"},"content":"import seedu.address.model.person.Visit;","lastModifiedDate":"2025-03-27","isFullCredit":false},{"lineNumber":22,"author":{"gitId":"-"},"content":"","lastModifiedDate":"2016-08-08","isFullCredit":false},{"lineNumber":23,"author":{"gitId":"-"},"content":"/**","lastModifiedDate":"2016-08-08","isFullCredit":false},{"lineNumber":24,"author":{"gitId":"-"},"content":" * Represents the in-memory model of the Med Logger data.","lastModifiedDate":"2025-03-13","isFullCredit":false},{"lineNumber":25,"author":{"gitId":"-"},"content":" */","lastModifiedDate":"2016-08-08","isFullCredit":false},{"lineNumber":26,"author":{"gitId":"-"},"content":"public class ModelManager implements Model {","lastModifiedDate":"2018-12-09","isFullCredit":false},{"lineNumber":27,"author":{"gitId":"-"},"content":"    private static final Logger logger \u003d LogsCenter.getLogger(ModelManager.class);","lastModifiedDate":"2016-09-23","isFullCredit":false},{"lineNumber":28,"author":{"gitId":"-"},"content":"","lastModifiedDate":"2016-08-08","isFullCredit":false},{"lineNumber":29,"author":{"gitId":"-"},"content":"    private final MedLogger medLogger;","lastModifiedDate":"2025-03-13","isFullCredit":false},{"lineNumber":30,"author":{"gitId":"-"},"content":"    private final UserPrefs userPrefs;","lastModifiedDate":"2018-12-06","isFullCredit":false},{"lineNumber":31,"author":{"gitId":"-"},"content":"    private final FilteredList\u003cPerson\u003e filteredPersons;","lastModifiedDate":"2018-01-10","isFullCredit":false},{"lineNumber":32,"author":{"gitId":"-"},"content":"    private final FilteredList\u003cVisit\u003e filteredVisits;","lastModifiedDate":"2025-04-03","isFullCredit":false},{"lineNumber":33,"author":{"gitId":"-"},"content":"    private final SortedList\u003cVisit\u003e sortedVisits;","lastModifiedDate":"2025-04-04","isFullCredit":false},{"lineNumber":34,"author":{"gitId":"-"},"content":"","lastModifiedDate":"2016-08-08","isFullCredit":false},{"lineNumber":35,"author":{"gitId":"-"},"content":"","lastModifiedDate":"2025-03-30","isFullCredit":false},{"lineNumber":36,"author":{"gitId":"-"},"content":"    /**","lastModifiedDate":"2016-08-08","isFullCredit":false},{"lineNumber":37,"author":{"gitId":"-"},"content":"     * Initializes a ModelManager with the given medLogger and userPrefs.","lastModifiedDate":"2025-03-13","isFullCredit":false},{"lineNumber":38,"author":{"gitId":"-"},"content":"     */","lastModifiedDate":"2016-08-08","isFullCredit":false},{"lineNumber":39,"author":{"gitId":"-"},"content":"    public ModelManager(ReadOnlyMedLogger medLogger, ReadOnlyUserPrefs userPrefs) {","lastModifiedDate":"2025-03-13","isFullCredit":false},{"lineNumber":40,"author":{"gitId":"-"},"content":"        requireAllNonNull(medLogger, userPrefs);","lastModifiedDate":"2025-03-13","isFullCredit":false},{"lineNumber":41,"author":{"gitId":"-"},"content":"","lastModifiedDate":"2016-09-25","isFullCredit":false},{"lineNumber":42,"author":{"gitId":"-"},"content":"        logger.fine(\"Initializing with Med Logger: \" + medLogger + \" and user prefs \" + userPrefs);","lastModifiedDate":"2025-03-13","isFullCredit":false},{"lineNumber":43,"author":{"gitId":"-"},"content":"","lastModifiedDate":"2016-08-08","isFullCredit":false},{"lineNumber":44,"author":{"gitId":"-"},"content":"        this.medLogger \u003d new MedLogger(medLogger);","lastModifiedDate":"2025-03-13","isFullCredit":false},{"lineNumber":45,"author":{"gitId":"-"},"content":"        this.userPrefs \u003d new UserPrefs(userPrefs);","lastModifiedDate":"2018-12-06","isFullCredit":false},{"lineNumber":46,"author":{"gitId":"-"},"content":"        filteredPersons \u003d new FilteredList\u003c\u003e(this.medLogger.getPersonList());","lastModifiedDate":"2025-03-13","isFullCredit":false},{"lineNumber":47,"author":{"gitId":"-"},"content":"        filteredVisits \u003d new FilteredList\u003c\u003e(this.medLogger.getVisitList());","lastModifiedDate":"2025-04-03","isFullCredit":false},{"lineNumber":48,"author":{"gitId":"-"},"content":"        sortedVisits \u003d new SortedList\u003c\u003e(filteredVisits);","lastModifiedDate":"2025-04-04","isFullCredit":false},{"lineNumber":49,"author":{"gitId":"-"},"content":"    }","lastModifiedDate":"2016-08-08","isFullCredit":false},{"lineNumber":50,"author":{"gitId":"-"},"content":"","lastModifiedDate":"2016-08-08","isFullCredit":false},{"lineNumber":51,"author":{"gitId":"-"},"content":"    public ModelManager() {","lastModifiedDate":"2016-09-22","isFullCredit":false},{"lineNumber":52,"author":{"gitId":"-"},"content":"        this(new MedLogger(), new UserPrefs());","lastModifiedDate":"2025-03-13","isFullCredit":false},{"lineNumber":53,"author":{"gitId":"-"},"content":"    }","lastModifiedDate":"2016-08-08","isFullCredit":false},{"lineNumber":54,"author":{"gitId":"-"},"content":"","lastModifiedDate":"2016-08-08","isFullCredit":false},{"lineNumber":55,"author":{"gitId":"-"},"content":"    //\u003d\u003d\u003d\u003d\u003d\u003d\u003d\u003d\u003d\u003d\u003d UserPrefs \u003d\u003d\u003d\u003d\u003d\u003d\u003d\u003d\u003d\u003d\u003d\u003d\u003d\u003d\u003d\u003d\u003d\u003d\u003d\u003d\u003d\u003d\u003d\u003d\u003d\u003d\u003d\u003d\u003d\u003d\u003d\u003d\u003d\u003d\u003d\u003d\u003d\u003d\u003d\u003d\u003d\u003d\u003d\u003d\u003d\u003d\u003d\u003d\u003d\u003d\u003d\u003d\u003d\u003d\u003d\u003d\u003d\u003d\u003d\u003d\u003d\u003d\u003d\u003d\u003d\u003d\u003d\u003d\u003d\u003d\u003d\u003d\u003d\u003d\u003d\u003d\u003d\u003d\u003d\u003d\u003d\u003d","lastModifiedDate":"2018-11-27","isFullCredit":false},{"lineNumber":56,"author":{"gitId":"-"},"content":"","lastModifiedDate":"2018-11-27","isFullCredit":false},{"lineNumber":57,"author":{"gitId":"-"},"content":"    @Override","lastModifiedDate":"2018-11-27","isFullCredit":false},{"lineNumber":58,"author":{"gitId":"-"},"content":"    public void setUserPrefs(ReadOnlyUserPrefs userPrefs) {","lastModifiedDate":"2018-12-06","isFullCredit":false},{"lineNumber":59,"author":{"gitId":"-"},"content":"        requireNonNull(userPrefs);","lastModifiedDate":"2018-11-27","isFullCredit":false},{"lineNumber":60,"author":{"gitId":"-"},"content":"        this.userPrefs.resetData(userPrefs);","lastModifiedDate":"2018-12-06","isFullCredit":false},{"lineNumber":61,"author":{"gitId":"-"},"content":"    }","lastModifiedDate":"2018-11-27","isFullCredit":false},{"lineNumber":62,"author":{"gitId":"-"},"content":"","lastModifiedDate":"2018-11-27","isFullCredit":false},{"lineNumber":63,"author":{"gitId":"-"},"content":"    @Override","lastModifiedDate":"2018-11-27","isFullCredit":false},{"lineNumber":64,"author":{"gitId":"-"},"content":"    public ReadOnlyUserPrefs getUserPrefs() {","lastModifiedDate":"2018-11-27","isFullCredit":false},{"lineNumber":65,"author":{"gitId":"-"},"content":"        return userPrefs;","lastModifiedDate":"2018-11-27","isFullCredit":false},{"lineNumber":66,"author":{"gitId":"-"},"content":"    }","lastModifiedDate":"2018-11-27","isFullCredit":false},{"lineNumber":67,"author":{"gitId":"-"},"content":"","lastModifiedDate":"2018-11-27","isFullCredit":false},{"lineNumber":68,"author":{"gitId":"-"},"content":"    @Override","lastModifiedDate":"2018-11-27","isFullCredit":false},{"lineNumber":69,"author":{"gitId":"-"},"content":"    public GuiSettings getGuiSettings() {","lastModifiedDate":"2018-11-27","isFullCredit":false},{"lineNumber":70,"author":{"gitId":"-"},"content":"        return userPrefs.getGuiSettings();","lastModifiedDate":"2018-11-27","isFullCredit":false},{"lineNumber":71,"author":{"gitId":"-"},"content":"    }","lastModifiedDate":"2018-11-27","isFullCredit":false},{"lineNumber":72,"author":{"gitId":"-"},"content":"","lastModifiedDate":"2018-11-27","isFullCredit":false},{"lineNumber":73,"author":{"gitId":"-"},"content":"    @Override","lastModifiedDate":"2018-11-27","isFullCredit":false},{"lineNumber":74,"author":{"gitId":"-"},"content":"    public void setGuiSettings(GuiSettings guiSettings) {","lastModifiedDate":"2018-11-27","isFullCredit":false},{"lineNumber":75,"author":{"gitId":"-"},"content":"        requireNonNull(guiSettings);","lastModifiedDate":"2018-11-27","isFullCredit":false},{"lineNumber":76,"author":{"gitId":"-"},"content":"        userPrefs.setGuiSettings(guiSettings);","lastModifiedDate":"2018-11-27","isFullCredit":false},{"lineNumber":77,"author":{"gitId":"-"},"content":"    }","lastModifiedDate":"2018-11-27","isFullCredit":false},{"lineNumber":78,"author":{"gitId":"-"},"content":"","lastModifiedDate":"2018-11-27","isFullCredit":false},{"lineNumber":79,"author":{"gitId":"-"},"content":"    @Override","lastModifiedDate":"2018-11-27","isFullCredit":false},{"lineNumber":80,"author":{"gitId":"-"},"content":"    public Path getMedLoggerFilePath() {","lastModifiedDate":"2025-03-13","isFullCredit":false},{"lineNumber":81,"author":{"gitId":"-"},"content":"        return userPrefs.getMedLoggerFilePath();","lastModifiedDate":"2025-03-13","isFullCredit":false},{"lineNumber":82,"author":{"gitId":"-"},"content":"    }","lastModifiedDate":"2018-11-27","isFullCredit":false},{"lineNumber":83,"author":{"gitId":"-"},"content":"","lastModifiedDate":"2018-11-27","isFullCredit":false},{"lineNumber":84,"author":{"gitId":"-"},"content":"    @Override","lastModifiedDate":"2018-11-27","isFullCredit":false},{"lineNumber":85,"author":{"gitId":"-"},"content":"    public void setMedLoggerFilePath(Path medLoggerFilePath) {","lastModifiedDate":"2025-03-13","isFullCredit":false},{"lineNumber":86,"author":{"gitId":"-"},"content":"        requireNonNull(medLoggerFilePath);","lastModifiedDate":"2025-03-13","isFullCredit":false},{"lineNumber":87,"author":{"gitId":"-"},"content":"        userPrefs.setMedLoggerFilePath(medLoggerFilePath);","lastModifiedDate":"2025-03-13","isFullCredit":false},{"lineNumber":88,"author":{"gitId":"-"},"content":"    }","lastModifiedDate":"2018-11-27","isFullCredit":false},{"lineNumber":89,"author":{"gitId":"-"},"content":"","lastModifiedDate":"2018-11-27","isFullCredit":false},{"lineNumber":90,"author":{"gitId":"-"},"content":"    //\u003d\u003d\u003d\u003d\u003d\u003d\u003d\u003d\u003d\u003d\u003d MedLogger \u003d\u003d\u003d\u003d\u003d\u003d\u003d\u003d\u003d\u003d\u003d\u003d\u003d\u003d\u003d\u003d\u003d\u003d\u003d\u003d\u003d\u003d\u003d\u003d\u003d\u003d\u003d\u003d\u003d\u003d\u003d\u003d\u003d\u003d\u003d\u003d\u003d\u003d\u003d\u003d\u003d\u003d\u003d\u003d\u003d\u003d\u003d\u003d\u003d\u003d\u003d\u003d\u003d\u003d\u003d\u003d\u003d\u003d\u003d\u003d\u003d\u003d\u003d\u003d\u003d\u003d\u003d\u003d\u003d\u003d\u003d\u003d\u003d\u003d\u003d\u003d\u003d\u003d\u003d\u003d","lastModifiedDate":"2025-03-13","isFullCredit":false},{"lineNumber":91,"author":{"gitId":"-"},"content":"","lastModifiedDate":"2018-11-27","isFullCredit":false},{"lineNumber":92,"author":{"gitId":"-"},"content":"    @Override","lastModifiedDate":"2016-09-25","isFullCredit":false},{"lineNumber":93,"author":{"gitId":"-"},"content":"    public void setMedLogger(ReadOnlyMedLogger medLogger) {","lastModifiedDate":"2025-03-13","isFullCredit":false},{"lineNumber":94,"author":{"gitId":"-"},"content":"        this.medLogger.resetData(medLogger);","lastModifiedDate":"2025-03-13","isFullCredit":false},{"lineNumber":95,"author":{"gitId":"-"},"content":"    }","lastModifiedDate":"2016-08-08","isFullCredit":false},{"lineNumber":96,"author":{"gitId":"-"},"content":"","lastModifiedDate":"2016-08-08","isFullCredit":false},{"lineNumber":97,"author":{"gitId":"-"},"content":"    @Override","lastModifiedDate":"2016-09-25","isFullCredit":false},{"lineNumber":98,"author":{"gitId":"-"},"content":"    public ReadOnlyMedLogger getMedLogger() {","lastModifiedDate":"2025-03-13","isFullCredit":false},{"lineNumber":99,"author":{"gitId":"-"},"content":"        return medLogger;","lastModifiedDate":"2025-03-13","isFullCredit":false},{"lineNumber":100,"author":{"gitId":"-"},"content":"    }","lastModifiedDate":"2016-09-21","isFullCredit":false},{"lineNumber":101,"author":{"gitId":"-"},"content":"","lastModifiedDate":"2016-09-21","isFullCredit":false},{"lineNumber":102,"author":{"gitId":"-"},"content":"    @Override","lastModifiedDate":"2018-08-06","isFullCredit":false},{"lineNumber":103,"author":{"gitId":"-"},"content":"    public boolean hasPerson(Person person) {","lastModifiedDate":"2018-08-15","isFullCredit":false},{"lineNumber":104,"author":{"gitId":"-"},"content":"        requireNonNull(person);","lastModifiedDate":"2018-08-06","isFullCredit":false},{"lineNumber":105,"author":{"gitId":"-"},"content":"        return medLogger.hasPerson(person);","lastModifiedDate":"2025-03-13","isFullCredit":false},{"lineNumber":106,"author":{"gitId":"-"},"content":"    }","lastModifiedDate":"2018-08-06","isFullCredit":false},{"lineNumber":107,"author":{"gitId":"-"},"content":"","lastModifiedDate":"2018-08-06","isFullCredit":false},{"lineNumber":108,"author":{"gitId":"-"},"content":"    @Override","lastModifiedDate":"2025-03-27","isFullCredit":false},{"lineNumber":109,"author":{"gitId":"-"},"content":"    public boolean hasVisit(Visit visit) {","lastModifiedDate":"2025-03-27","isFullCredit":false},{"lineNumber":110,"author":{"gitId":"-"},"content":"        requireNonNull(visit);","lastModifiedDate":"2025-03-27","isFullCredit":false},{"lineNumber":111,"author":{"gitId":"-"},"content":"        return medLogger.hasVisit(visit);","lastModifiedDate":"2025-03-27","isFullCredit":false},{"lineNumber":112,"author":{"gitId":"-"},"content":"    }","lastModifiedDate":"2025-03-27","isFullCredit":false},{"lineNumber":113,"author":{"gitId":"-"},"content":"","lastModifiedDate":"2025-03-27","isFullCredit":false},{"lineNumber":114,"author":{"gitId":"-"},"content":"    @Override","lastModifiedDate":"2025-03-31","isFullCredit":false},{"lineNumber":115,"author":{"gitId":"-"},"content":"    public Optional\u003cPerson\u003e getPersonByNric(Nric nric) {","lastModifiedDate":"2025-03-31","isFullCredit":false},{"lineNumber":116,"author":{"gitId":"-"},"content":"        return medLogger.getPersonByNric(nric);","lastModifiedDate":"2025-03-31","isFullCredit":false},{"lineNumber":117,"author":{"gitId":"-"},"content":"    }","lastModifiedDate":"2025-03-31","isFullCredit":false},{"lineNumber":118,"author":{"gitId":"-"},"content":"","lastModifiedDate":"2025-03-31","isFullCredit":false},{"lineNumber":119,"author":{"gitId":"-"},"content":"    @Override","lastModifiedDate":"2025-03-27","isFullCredit":false},{"lineNumber":120,"author":{"gitId":"-"},"content":"    public void addVisit(Visit visit) {","lastModifiedDate":"2025-04-03","isFullCredit":false},{"lineNumber":121,"author":{"gitId":"-"},"content":"        requireNonNull(visit);","lastModifiedDate":"2025-03-27","isFullCredit":false},{"lineNumber":122,"author":{"gitId":"-"},"content":"        medLogger.addVisit(visit);","lastModifiedDate":"2025-03-27","isFullCredit":false},{"lineNumber":123,"author":{"gitId":"Taoseeker"},"content":"        updateFilteredVisitList(PREDICATE_SHOW_ALL_VISITS);","lastModifiedDate":"2025-04-07","isFullCredit":false},{"lineNumber":124,"author":{"gitId":"-"},"content":"    }","lastModifiedDate":"2025-03-27","isFullCredit":false},{"lineNumber":125,"author":{"gitId":"-"},"content":"","lastModifiedDate":"2025-03-27","isFullCredit":false},{"lineNumber":126,"author":{"gitId":"-"},"content":"    @Override","lastModifiedDate":"2025-04-03","isFullCredit":false},{"lineNumber":127,"author":{"gitId":"-"},"content":"    public void setVisit(Visit target, Visit editedVisit) {","lastModifiedDate":"2025-04-03","isFullCredit":false},{"lineNumber":128,"author":{"gitId":"-"},"content":"        requireAllNonNull(target, editedVisit);","lastModifiedDate":"2025-04-03","isFullCredit":false},{"lineNumber":129,"author":{"gitId":"-"},"content":"        medLogger.setVisit(target, editedVisit);","lastModifiedDate":"2025-04-03","isFullCredit":false},{"lineNumber":130,"author":{"gitId":"-"},"content":"    }","lastModifiedDate":"2025-04-03","isFullCredit":false},{"lineNumber":131,"author":{"gitId":"-"},"content":"","lastModifiedDate":"2025-04-03","isFullCredit":false},{"lineNumber":132,"author":{"gitId":"-"},"content":"    @Override","lastModifiedDate":"2016-09-25","isFullCredit":false},{"lineNumber":133,"author":{"gitId":"-"},"content":"    public void deletePerson(Person target) {","lastModifiedDate":"2018-08-15","isFullCredit":false},{"lineNumber":134,"author":{"gitId":"-"},"content":"        medLogger.removePerson(target);","lastModifiedDate":"2025-03-13","isFullCredit":false},{"lineNumber":135,"author":{"gitId":"-"},"content":"    }","lastModifiedDate":"2016-08-08","isFullCredit":false},{"lineNumber":136,"author":{"gitId":"-"},"content":"","lastModifiedDate":"2016-08-08","isFullCredit":false},{"lineNumber":137,"author":{"gitId":"-"},"content":"    @Override","lastModifiedDate":"2025-04-03","isFullCredit":false},{"lineNumber":138,"author":{"gitId":"-"},"content":"    public void deleteVisit(Visit target) {","lastModifiedDate":"2025-04-03","isFullCredit":false},{"lineNumber":139,"author":{"gitId":"-"},"content":"        medLogger.removeVisit(target);","lastModifiedDate":"2025-04-03","isFullCredit":false},{"lineNumber":140,"author":{"gitId":"-"},"content":"    }","lastModifiedDate":"2025-04-03","isFullCredit":false},{"lineNumber":141,"author":{"gitId":"-"},"content":"","lastModifiedDate":"2025-04-03","isFullCredit":false},{"lineNumber":142,"author":{"gitId":"-"},"content":"    @Override","lastModifiedDate":"2016-09-25","isFullCredit":false},{"lineNumber":143,"author":{"gitId":"-"},"content":"    public void addPerson(Person person) {","lastModifiedDate":"2018-08-15","isFullCredit":false},{"lineNumber":144,"author":{"gitId":"-"},"content":"        medLogger.addPerson(person);","lastModifiedDate":"2025-03-13","isFullCredit":false},{"lineNumber":145,"author":{"gitId":"-"},"content":"        updateFilteredPersonList(PREDICATE_SHOW_ALL_PERSONS);","lastModifiedDate":"2017-08-05","isFullCredit":false},{"lineNumber":146,"author":{"gitId":"-"},"content":"    }","lastModifiedDate":"2016-08-26","isFullCredit":false},{"lineNumber":147,"author":{"gitId":"-"},"content":"","lastModifiedDate":"2016-08-26","isFullCredit":false},{"lineNumber":148,"author":{"gitId":"-"},"content":"    @Override","lastModifiedDate":"2016-12-13","isFullCredit":false},{"lineNumber":149,"author":{"gitId":"-"},"content":"    public void setPerson(Person target, Person editedPerson) {","lastModifiedDate":"2018-08-17","isFullCredit":false},{"lineNumber":150,"author":{"gitId":"-"},"content":"        requireAllNonNull(target, editedPerson);","lastModifiedDate":"2017-06-07","isFullCredit":false},{"lineNumber":151,"author":{"gitId":"-"},"content":"","lastModifiedDate":"2016-12-13","isFullCredit":false},{"lineNumber":152,"author":{"gitId":"-"},"content":"        medLogger.setPerson(target, editedPerson);","lastModifiedDate":"2025-03-13","isFullCredit":false},{"lineNumber":153,"author":{"gitId":"-"},"content":"    }","lastModifiedDate":"2016-12-13","isFullCredit":false},{"lineNumber":154,"author":{"gitId":"-"},"content":"","lastModifiedDate":"2016-12-13","isFullCredit":false},{"lineNumber":155,"author":{"gitId":"-"},"content":"    //\u003d\u003d\u003d\u003d\u003d\u003d\u003d\u003d\u003d\u003d\u003d Filtered Person List Accessors \u003d\u003d\u003d\u003d\u003d\u003d\u003d\u003d\u003d\u003d\u003d\u003d\u003d\u003d\u003d\u003d\u003d\u003d\u003d\u003d\u003d\u003d\u003d\u003d\u003d\u003d\u003d\u003d\u003d\u003d\u003d\u003d\u003d\u003d\u003d\u003d\u003d\u003d\u003d\u003d\u003d\u003d\u003d\u003d\u003d\u003d\u003d\u003d\u003d\u003d\u003d\u003d\u003d\u003d\u003d\u003d\u003d\u003d\u003d\u003d\u003d","lastModifiedDate":"2016-10-12","isFullCredit":false},{"lineNumber":156,"author":{"gitId":"-"},"content":"","lastModifiedDate":"2016-08-08","isFullCredit":false},{"lineNumber":157,"author":{"gitId":"-"},"content":"    /**","lastModifiedDate":"2017-05-19","isFullCredit":false},{"lineNumber":158,"author":{"gitId":"-"},"content":"     * Returns an unmodifiable view of the list of {@code Person} backed by the internal list of","lastModifiedDate":"2018-01-10","isFullCredit":false},{"lineNumber":159,"author":{"gitId":"-"},"content":"     * {@code versionedMedLogger}","lastModifiedDate":"2025-03-13","isFullCredit":false},{"lineNumber":160,"author":{"gitId":"-"},"content":"     */","lastModifiedDate":"2017-05-19","isFullCredit":false},{"lineNumber":161,"author":{"gitId":"-"},"content":"    @Override","lastModifiedDate":"2016-09-25","isFullCredit":false},{"lineNumber":162,"author":{"gitId":"-"},"content":"    public ObservableList\u003cPerson\u003e getFilteredPersonList() {","lastModifiedDate":"2018-01-10","isFullCredit":false},{"lineNumber":163,"author":{"gitId":"-"},"content":"        return filteredPersons;","lastModifiedDate":"2018-12-09","isFullCredit":false},{"lineNumber":164,"author":{"gitId":"-"},"content":"    }","lastModifiedDate":"2016-09-22","isFullCredit":false},{"lineNumber":165,"author":{"gitId":"-"},"content":"","lastModifiedDate":"2016-09-22","isFullCredit":false},{"lineNumber":166,"author":{"gitId":"-"},"content":"    @Override","lastModifiedDate":"2025-04-03","isFullCredit":false},{"lineNumber":167,"author":{"gitId":"-"},"content":"    public ObservableList\u003cVisit\u003e getFilteredVisitList() {","lastModifiedDate":"2025-04-03","isFullCredit":false},{"lineNumber":168,"author":{"gitId":"-"},"content":"        return filteredVisits;","lastModifiedDate":"2025-04-03","isFullCredit":false},{"lineNumber":169,"author":{"gitId":"-"},"content":"    }","lastModifiedDate":"2025-04-03","isFullCredit":false},{"lineNumber":170,"author":{"gitId":"-"},"content":"","lastModifiedDate":"2025-04-03","isFullCredit":false},{"lineNumber":171,"author":{"gitId":"-"},"content":"    @Override","lastModifiedDate":"2016-09-25","isFullCredit":false},{"lineNumber":172,"author":{"gitId":"-"},"content":"    public void updateFilteredPersonList(Predicate\u003cPerson\u003e predicate) {","lastModifiedDate":"2018-01-10","isFullCredit":false},{"lineNumber":173,"author":{"gitId":"-"},"content":"        requireNonNull(predicate);","lastModifiedDate":"2017-08-05","isFullCredit":false},{"lineNumber":174,"author":{"gitId":"-"},"content":"        filteredPersons.setPredicate(predicate);","lastModifiedDate":"2017-06-12","isFullCredit":false},{"lineNumber":175,"author":{"gitId":"-"},"content":"    }","lastModifiedDate":"2016-09-22","isFullCredit":false},{"lineNumber":176,"author":{"gitId":"-"},"content":"","lastModifiedDate":"2016-09-22","isFullCredit":false},{"lineNumber":177,"author":{"gitId":"-"},"content":"    @Override","lastModifiedDate":"2025-04-03","isFullCredit":false},{"lineNumber":178,"author":{"gitId":"-"},"content":"    public void updateFilteredVisitList(Predicate\u003cVisit\u003e predicate) {","lastModifiedDate":"2025-04-03","isFullCredit":false},{"lineNumber":179,"author":{"gitId":"-"},"content":"        requireNonNull(predicate);","lastModifiedDate":"2025-04-03","isFullCredit":false},{"lineNumber":180,"author":{"gitId":"-"},"content":"        filteredVisits.setPredicate(predicate);","lastModifiedDate":"2025-04-03","isFullCredit":false},{"lineNumber":181,"author":{"gitId":"-"},"content":"    }","lastModifiedDate":"2025-04-03","isFullCredit":false},{"lineNumber":182,"author":{"gitId":"-"},"content":"","lastModifiedDate":"2025-04-03","isFullCredit":false},{"lineNumber":183,"author":{"gitId":"-"},"content":"    @Override","lastModifiedDate":"2025-03-27","isFullCredit":false},{"lineNumber":184,"author":{"gitId":"-"},"content":"    public void updateSubFilteredPersonList(int n) {","lastModifiedDate":"2025-03-27","isFullCredit":false},{"lineNumber":185,"author":{"gitId":"-"},"content":"        List\u003cPerson\u003e limitedList \u003d filteredPersons.getSource().stream()","lastModifiedDate":"2025-03-27","isFullCredit":false},{"lineNumber":186,"author":{"gitId":"-"},"content":"                .filter(PREDICATE_SHOW_ALL_PERSONS)","lastModifiedDate":"2025-03-27","isFullCredit":false},{"lineNumber":187,"author":{"gitId":"-"},"content":"                .limit(n)","lastModifiedDate":"2025-03-27","isFullCredit":false},{"lineNumber":188,"author":{"gitId":"-"},"content":"                .collect(Collectors.toList());","lastModifiedDate":"2025-03-27","isFullCredit":false},{"lineNumber":189,"author":{"gitId":"-"},"content":"","lastModifiedDate":"2025-03-27","isFullCredit":false},{"lineNumber":190,"author":{"gitId":"-"},"content":"        filteredPersons.setPredicate(limitedList::contains);","lastModifiedDate":"2025-03-27","isFullCredit":false},{"lineNumber":191,"author":{"gitId":"-"},"content":"    }","lastModifiedDate":"2025-03-27","isFullCredit":false},{"lineNumber":192,"author":{"gitId":"-"},"content":"","lastModifiedDate":"2025-03-27","isFullCredit":false},{"lineNumber":193,"author":{"gitId":"-"},"content":"    /**","lastModifiedDate":"2025-04-04","isFullCredit":false},{"lineNumber":194,"author":{"gitId":"-"},"content":"     * Sorts the filtered visit list based on the provided comparator.","lastModifiedDate":"2025-04-04","isFullCredit":false},{"lineNumber":195,"author":{"gitId":"-"},"content":"     * To force the filtered list to update, we create a new list and set the predicate to","lastModifiedDate":"2025-04-04","isFullCredit":false},{"lineNumber":196,"author":{"gitId":"-"},"content":"     *","lastModifiedDate":"2025-04-04","isFullCredit":false},{"lineNumber":197,"author":{"gitId":"-"},"content":"     * @param comparator The comparator to sort the visits.","lastModifiedDate":"2025-04-04","isFullCredit":false},{"lineNumber":198,"author":{"gitId":"-"},"content":"     */","lastModifiedDate":"2025-04-04","isFullCredit":false},{"lineNumber":199,"author":{"gitId":"-"},"content":"    @Override","lastModifiedDate":"2025-04-04","isFullCredit":false},{"lineNumber":200,"author":{"gitId":"-"},"content":"    public void sortFilteredVisitList(Comparator\u003cVisit\u003e comparator) {","lastModifiedDate":"2025-04-04","isFullCredit":false},{"lineNumber":201,"author":{"gitId":"-"},"content":"        sortedVisits.setComparator(comparator);","lastModifiedDate":"2025-04-04","isFullCredit":false},{"lineNumber":202,"author":{"gitId":"-"},"content":"    }","lastModifiedDate":"2025-04-04","isFullCredit":false},{"lineNumber":203,"author":{"gitId":"-"},"content":"","lastModifiedDate":"2025-04-04","isFullCredit":false},{"lineNumber":204,"author":{"gitId":"-"},"content":"","lastModifiedDate":"2025-04-04","isFullCredit":false},{"lineNumber":205,"author":{"gitId":"-"},"content":"    @Override","lastModifiedDate":"2025-04-03","isFullCredit":false},{"lineNumber":206,"author":{"gitId":"-"},"content":"    public void updateSubFilteredVisitList(int n) {","lastModifiedDate":"2025-04-03","isFullCredit":false},{"lineNumber":207,"author":{"gitId":"-"},"content":"        List\u003cVisit\u003e limitedList \u003d filteredVisits.getSource().stream()","lastModifiedDate":"2025-04-03","isFullCredit":false},{"lineNumber":208,"author":{"gitId":"-"},"content":"                .limit(n)","lastModifiedDate":"2025-04-03","isFullCredit":false},{"lineNumber":209,"author":{"gitId":"-"},"content":"                .collect(Collectors.toList());","lastModifiedDate":"2025-04-03","isFullCredit":false},{"lineNumber":210,"author":{"gitId":"-"},"content":"","lastModifiedDate":"2025-04-03","isFullCredit":false},{"lineNumber":211,"author":{"gitId":"-"},"content":"        filteredVisits.setPredicate(limitedList::contains);","lastModifiedDate":"2025-04-03","isFullCredit":false},{"lineNumber":212,"author":{"gitId":"-"},"content":"    }","lastModifiedDate":"2025-04-03","isFullCredit":false},{"lineNumber":213,"author":{"gitId":"-"},"content":"","lastModifiedDate":"2025-04-03","isFullCredit":false},{"lineNumber":214,"author":{"gitId":"-"},"content":"    @Override","lastModifiedDate":"2017-05-31","isFullCredit":false},{"lineNumber":215,"author":{"gitId":"-"},"content":"    public boolean equals(Object other) {","lastModifiedDate":"2023-07-13","isFullCredit":false},{"lineNumber":216,"author":{"gitId":"-"},"content":"        if (other \u003d\u003d this) {","lastModifiedDate":"2023-07-13","isFullCredit":false},{"lineNumber":217,"author":{"gitId":"-"},"content":"            return true;","lastModifiedDate":"2017-05-31","isFullCredit":false},{"lineNumber":218,"author":{"gitId":"-"},"content":"        }","lastModifiedDate":"2017-05-31","isFullCredit":false},{"lineNumber":219,"author":{"gitId":"-"},"content":"","lastModifiedDate":"2017-05-31","isFullCredit":false},{"lineNumber":220,"author":{"gitId":"-"},"content":"        // instanceof handles nulls","lastModifiedDate":"2017-05-31","isFullCredit":false},{"lineNumber":221,"author":{"gitId":"-"},"content":"        if (!(other instanceof ModelManager)) {","lastModifiedDate":"2023-07-13","isFullCredit":false},{"lineNumber":222,"author":{"gitId":"-"},"content":"            return false;","lastModifiedDate":"2017-05-31","isFullCredit":false},{"lineNumber":223,"author":{"gitId":"-"},"content":"        }","lastModifiedDate":"2017-05-31","isFullCredit":false},{"lineNumber":224,"author":{"gitId":"-"},"content":"","lastModifiedDate":"2017-05-31","isFullCredit":false},{"lineNumber":225,"author":{"gitId":"-"},"content":"        ModelManager otherModelManager \u003d (ModelManager) other;","lastModifiedDate":"2023-07-13","isFullCredit":false},{"lineNumber":226,"author":{"gitId":"-"},"content":"        return medLogger.equals(otherModelManager.medLogger)","lastModifiedDate":"2025-03-13","isFullCredit":false},{"lineNumber":227,"author":{"gitId":"-"},"content":"                \u0026\u0026 userPrefs.equals(otherModelManager.userPrefs)","lastModifiedDate":"2023-07-13","isFullCredit":false},{"lineNumber":228,"author":{"gitId":"-"},"content":"                \u0026\u0026 filteredPersons.equals(otherModelManager.filteredPersons)","lastModifiedDate":"2025-04-03","isFullCredit":false},{"lineNumber":229,"author":{"gitId":"-"},"content":"                \u0026\u0026 filteredVisits.equals(otherModelManager.filteredVisits);","lastModifiedDate":"2025-04-03","isFullCredit":false},{"lineNumber":230,"author":{"gitId":"-"},"content":"","lastModifiedDate":"2025-04-03","isFullCredit":false},{"lineNumber":231,"author":{"gitId":"-"},"content":"    }","lastModifiedDate":"2017-05-31","isFullCredit":false},{"lineNumber":232,"author":{"gitId":"-"},"content":"","lastModifiedDate":"2017-05-31","isFullCredit":false},{"lineNumber":233,"author":{"gitId":"-"},"content":"    @Override","lastModifiedDate":"2025-04-04","isFullCredit":false},{"lineNumber":234,"author":{"gitId":"-"},"content":"    public ObservableList\u003cVisit\u003e getSortedVisitList() {","lastModifiedDate":"2025-04-04","isFullCredit":false},{"lineNumber":235,"author":{"gitId":"-"},"content":"        return sortedVisits;","lastModifiedDate":"2025-04-04","isFullCredit":false},{"lineNumber":236,"author":{"gitId":"-"},"content":"    }","lastModifiedDate":"2025-04-04","isFullCredit":false},{"lineNumber":237,"author":{"gitId":"-"},"content":"","lastModifiedDate":"2025-04-04","isFullCredit":false},{"lineNumber":238,"author":{"gitId":"-"},"content":"    @Override","lastModifiedDate":"2025-03-27","isFullCredit":false},{"lineNumber":239,"author":{"gitId":"-"},"content":"    public int size() {","lastModifiedDate":"2025-03-27","isFullCredit":false},{"lineNumber":240,"author":{"gitId":"-"},"content":"        return filteredPersons.size();","lastModifiedDate":"2025-03-27","isFullCredit":false},{"lineNumber":241,"author":{"gitId":"-"},"content":"    }","lastModifiedDate":"2025-03-27","isFullCredit":false},{"lineNumber":242,"author":{"gitId":"-"},"content":"}","lastModifiedDate":"2016-08-08","isFullCredit":false}],"authorContributionMap":{"Taoseeker":1,"-":241}}]
