{"authorDailyContributionsMap":{"Leeisateam":[],"Taoseeker":[{"date":"2025-04-07","commitResults":[{"hash":"9f337793a7eb9a675499f29b003d166b0ebdf7c4","isMergeCommit":false,"messageTitle":"Fix bug: list with negative limit fails silently","messageBody":"","fileTypesAndContributionMap":{"functional-code":{"insertions":7,"deletions":0}}},{"hash":"f63a860b701f73ea546c520d2479f0a420f632e9","isMergeCommit":false,"messageTitle":"Change GUI behaviour after adding a new visit","messageBody":"Previously if listvisits is called with a limit n,  after adding a new visit, the GUI will only show the first n visits.\nNow the GUI will show all visits after adding a new visit\n","fileTypesAndContributionMap":{"functional-code":{"insertions":1,"deletions":0}}},{"hash":"b8707da6b65621bc7f3426023ae175a4a2984aef","isMergeCommit":false,"messageTitle":"Fix bug deleting a  person does not delete the visits of the person","messageBody":"This bug is caused by clear the current data. Before this fix, clear will reset persons and visits list and dictionary of Medlloger\nto that of a new Medlogger. The reset logic of visits and persons are clear current list and copy from new list, but the reset logic\nof dictionary is copy key-value pairs of new dictionary to current dictionary. This means after clear, dictionary still holds old\nkey-value pairs, hence leading to bug after inserting person with duplicate details after clear.\n","fileTypesAndContributionMap":{"functional-code":{"insertions":3,"deletions":0}}},{"hash":"3369625c7ef37e86658e3eda0bb6fd4e00b220dc","isMergeCommit":false,"messageTitle":"Fix bug which allow a field to accept multiple parameters when adding a visit","messageBody":"","fileTypesAndContributionMap":{"functional-code":{"insertions":2,"deletions":1}}},{"hash":"637d300639efc73363a1c478baf6bba38d8d5ca1","isMergeCommit":false,"messageTitle":"Fix similar bugs in other commands","messageBody":"","fileTypesAndContributionMap":{"functional-code":{"insertions":5,"deletions":0}}},{"hash":"4dbcfa44fa751ce0e55e204679a7e46b9a7775c4","isMergeCommit":false,"messageTitle":"Fix bug that clear visits only clear the displayed visits in GUI but does not delete data","messageBody":"","fileTypesAndContributionMap":{"functional-code":{"insertions":20,"deletions":1}}},{"hash":"913fc4dc0f1d3540b43a8e696365106f13fdda5c","isMergeCommit":false,"messageTitle":"Correct style format","messageBody":"","fileTypesAndContributionMap":{"functional-code":{"insertions":4,"deletions":1}}},{"hash":"df26304e77a07be1ce6d540d029a276bbc7b4232","isMergeCommit":false,"messageTitle":"Fix bug stated in issue 84","messageBody":"","fileTypesAndContributionMap":{"functional-code":{"insertions":2,"deletions":2}}},{"hash":"57f9f371bc426af4695bea57d5158659350d64f2","isMergeCommit":false,"messageTitle":"Fix test error","messageBody":"","fileTypesAndContributionMap":{"test-code":{"insertions":4,"deletions":1}}},{"hash":"6512b05a51f0c58d82c9f7f5309eeb634997dcc5","isMergeCommit":false,"messageTitle":"Modify test to march behaviour of current version","messageBody":"","fileTypesAndContributionMap":{"functional-code":{"insertions":0,"deletions":1}}},{"hash":"702e49da0dee0cc4a2481b4f4095413d60118a25","isMergeCommit":false,"messageTitle":"Fix bug in logic of removing a person in PersonVisitDictionary","messageBody":"","fileTypesAndContributionMap":{"functional-code":{"insertions":3,"deletions":3}}},{"hash":"94cd32e471773f2e6c6f750a7c54188e7c47956c","isMergeCommit":false,"messageTitle":"Update UG","messageBody":"","fileTypesAndContributionMap":{"docs":{"insertions":54,"deletions":40}}},{"hash":"14a356d59f3778f7c31cd34330f5308dc2f09418","isMergeCommit":false,"messageTitle":"Update UI image","messageBody":"","fileTypesAndContributionMap":{"docs":{"insertions":1,"deletions":1}}},{"hash":"e7ee744857e8593a158eabf3449307d7621b43c6","isMergeCommit":false,"messageTitle":"Update UML","messageBody":"","fileTypesAndContributionMap":{"docs":{"insertions":20,"deletions":0}}}]},{"date":"2025-04-08","commitResults":[{"hash":"e92f2bcd1a27ba6baf6cf11bcfb8f9ba8222b407","isMergeCommit":false,"messageTitle":"Correct format error","messageBody":"","fileTypesAndContributionMap":{"docs":{"insertions":1,"deletions":1}}}]}],"ceilingFan456":[{"date":"2025-04-07","commitResults":[{"hash":"9d004269871906363b352a52cae216ba77a2d102","isMergeCommit":true,"messageTitle":"Merge pull request #199 from DengTianle/branch-fix-visit","messageBody":"Remove n/ for visit","fileTypesAndContributionMap":{}},{"hash":"af439cdce33b28a5ba6741f8e2c9a05c560f4d26","isMergeCommit":true,"messageTitle":"Merge pull request #187 from DengTianle/branch-improve-dg","messageBody":"Improve DG","fileTypesAndContributionMap":{}},{"hash":"1dedae99a5a36d8c42cde90e2a39464a8b565fa1","isMergeCommit":true,"messageTitle":"Merge pull request #194 from Taoseeker/branch-fix-bug-clearvisits-only-clear-GUI-not-data","messageBody":"Fix bug that clear visits only clear the displayed visits in GUI but …","fileTypesAndContributionMap":{}}]},{"date":"2025-04-08","commitResults":[{"hash":"ebed2516700ff1972f81dcb72db136c35e1b0ead","isMergeCommit":true,"messageTitle":"Merge pull request #202 from Taoseeker/branch-finalise-UG","messageBody":"Branch finalise ug","fileTypesAndContributionMap":{}},{"hash":"edb75dbd4de17055675067a477f2176311735cd7","isMergeCommit":true,"messageTitle":"Merge pull request #203 from Taoseeker/branch-update-UML","messageBody":"Update UML","fileTypesAndContributionMap":{}}]}],"nhocmt227":[],"DengTianle":[{"date":"2025-04-06","commitResults":[{"hash":"a0b91497a71fc20f3f9d8b0e7cd2f33ddf029319","isMergeCommit":false,"messageTitle":"Improve DG","messageBody":"Fix bugs in DG. Update Model class diagram.\n","fileTypesAndContributionMap":{"docs":{"insertions":17,"deletions":12}}}]},{"date":"2025-04-07","commitResults":[{"hash":"c887c95a96b4ea3d711c8ff6b7d0a619f206f2df","isMergeCommit":true,"messageTitle":"Merge pull request #188 from Taoseeker/branch-debug-list-with-negative-limit","messageBody":"","fileTypesAndContributionMap":{}},{"hash":"3602afa94047c1acc9e6fcba76019ecb8d9ab257","isMergeCommit":true,"messageTitle":"Merge pull request #189 from Taoseeker/branch-fix-visits-person-panel-not-updated","messageBody":"","fileTypesAndContributionMap":{}},{"hash":"d1c34098007d6a062e9616a26a231960a97c7de3","isMergeCommit":true,"messageTitle":"Merge pull request #190 from Taoseeker/branch-fix-bug-deleting-person-does-not-delete-visits-of-the-person","messageBody":"","fileTypesAndContributionMap":{}},{"hash":"f239fc41575e33bbbcc42d0c9b57a15dfcf0fb35","isMergeCommit":true,"messageTitle":"Merge pull request #193 from Taoseeker/branch-fix-bug-duplicate-fields-when-add-visit","messageBody":"","fileTypesAndContributionMap":{}},{"hash":"a94d0d4fc305f801186c1b28412daccb3bafcca5","isMergeCommit":false,"messageTitle":"Remove n/ for visit","messageBody":"","fileTypesAndContributionMap":{"functional-code":{"insertions":7,"deletions":12}}}]}]},"authorFileTypeContributionMap":{"Leeisateam":{"docs":0,"functional-code":0,"test-code":0},"Taoseeker":{"docs":74,"functional-code":42,"test-code":4},"ceilingFan456":{"docs":0,"functional-code":0,"test-code":0},"nhocmt227":{"docs":0,"functional-code":0,"test-code":0},"DengTianle":{"docs":17,"functional-code":7,"test-code":0}},"authorContributionVariance":{"Leeisateam":0.0,"Taoseeker":5830.6875,"ceilingFan456":0.0,"nhocmt227":0.0,"DengTianle":156.5},"authorDisplayNameMap":{"Leeisateam":"CS2103T-W09-3 LEE ..SAAC","Taoseeker":"CS2103T-W09-3 LIU ..KANG","ceilingFan456":"CS2103T-W09-3 HUAN..MING","nhocmt227":"CS2103T-W09-3 CHU ..HONG","DengTianle":"CS2103T-W09-3 DENG..ANLE"}}
