{"authorDailyContributionsMap":{"Leeisateam":[],"Taoseeker":[{"date":"2025-04-07","commitResults":[{"hash":"9f337793a7eb9a675499f29b003d166b0ebdf7c4","isMergeCommit":false,"messageTitle":"Fix bug: list with negative limit fails silently","messageBody":"","fileTypesAndContributionMap":{"functional-code":{"insertions":7,"deletions":0}}},{"hash":"f63a860b701f73ea546c520d2479f0a420f632e9","isMergeCommit":false,"messageTitle":"Change GUI behaviour after adding a new visit","messageBody":"Previously if listvisits is called with a limit n,  after adding a new visit, the GUI will only show the first n visits.\nNow the GUI will show all visits after adding a new visit\n","fileTypesAndContributionMap":{"functional-code":{"insertions":1,"deletions":0}}},{"hash":"b8707da6b65621bc7f3426023ae175a4a2984aef","isMergeCommit":false,"messageTitle":"Fix bug deleting a  person does not delete the visits of the person","messageBody":"This bug is caused by clear the current data. Before this fix, clear will reset persons and visits list and dictionary of Medlloger\nto that of a new Medlogger. The reset logic of visits and persons are clear current list and copy from new list, but the reset logic\nof dictionary is copy key-value pairs of new dictionary to current dictionary. This means after clear, dictionary still holds old\nkey-value pairs, hence leading to bug after inserting person with duplicate details after clear.\n","fileTypesAndContributionMap":{"functional-code":{"insertions":3,"deletions":0}}},{"hash":"3369625c7ef37e86658e3eda0bb6fd4e00b220dc","isMergeCommit":false,"messageTitle":"Fix bug which allow a field to accept multiple parameters when adding a visit","messageBody":"","fileTypesAndContributionMap":{"functional-code":{"insertions":2,"deletions":1}}},{"hash":"637d300639efc73363a1c478baf6bba38d8d5ca1","isMergeCommit":false,"messageTitle":"Fix similar bugs in other commands","messageBody":"","fileTypesAndContributionMap":{"functional-code":{"insertions":5,"deletions":0}}},{"hash":"4dbcfa44fa751ce0e55e204679a7e46b9a7775c4","isMergeCommit":false,"messageTitle":"Fix bug that clear visits only clear the displayed visits in GUI but does not delete data","messageBody":"","fileTypesAndContributionMap":{"functional-code":{"insertions":20,"deletions":1}}},{"hash":"913fc4dc0f1d3540b43a8e696365106f13fdda5c","isMergeCommit":false,"messageTitle":"Correct style format","messageBody":"","fileTypesAndContributionMap":{"functional-code":{"insertions":4,"deletions":1}}},{"hash":"df26304e77a07be1ce6d540d029a276bbc7b4232","isMergeCommit":false,"messageTitle":"Fix bug stated in issue 84","messageBody":"","fileTypesAndContributionMap":{"functional-code":{"insertions":2,"deletions":2}}},{"hash":"57f9f371bc426af4695bea57d5158659350d64f2","isMergeCommit":false,"messageTitle":"Fix test error","messageBody":"","fileTypesAndContributionMap":{"test-code":{"insertions":4,"deletions":1}}},{"hash":"6512b05a51f0c58d82c9f7f5309eeb634997dcc5","isMergeCommit":false,"messageTitle":"Modify test to march behaviour of current version","messageBody":"","fileTypesAndContributionMap":{"functional-code":{"insertions":0,"deletions":1}}},{"hash":"702e49da0dee0cc4a2481b4f4095413d60118a25","isMergeCommit":false,"messageTitle":"Fix bug in logic of removing a person in PersonVisitDictionary","messageBody":"","fileTypesAndContributionMap":{"functional-code":{"insertions":3,"deletions":3}}},{"hash":"94cd32e471773f2e6c6f750a7c54188e7c47956c","isMergeCommit":false,"messageTitle":"Update UG","messageBody":"","fileTypesAndContributionMap":{"docs":{"insertions":54,"deletions":40}}},{"hash":"14a356d59f3778f7c31cd34330f5308dc2f09418","isMergeCommit":false,"messageTitle":"Update UI image","messageBody":"","fileTypesAndContributionMap":{"docs":{"insertions":1,"deletions":1}}},{"hash":"e7ee744857e8593a158eabf3449307d7621b43c6","isMergeCommit":false,"messageTitle":"Update UML","messageBody":"","fileTypesAndContributionMap":{"docs":{"insertions":20,"deletions":0}}}]},{"date":"2025-04-08","commitResults":[{"hash":"e92f2bcd1a27ba6baf6cf11bcfb8f9ba8222b407","isMergeCommit":false,"messageTitle":"Correct format error","messageBody":"","fileTypesAndContributionMap":{"docs":{"insertions":1,"deletions":1}}}]}],"ceilingFan456":[{"date":"2025-04-07","commitResults":[{"hash":"1c3dd2d36c7e5e4172247fea6dbf2bdd78cb5203","isMergeCommit":false,"messageTitle":"Check wrong preamble and invalid or duplicated dates in listvisit","messageBody":"","fileTypesAndContributionMap":{"functional-code":{"insertions":19,"deletions":2}}},{"hash":"ae4849d1f135e87559b9105b986280e8348e3509","isMergeCommit":false,"messageTitle":"Update message usage for listvisits","messageBody":"","fileTypesAndContributionMap":{"functional-code":{"insertions":4,"deletions":1}}},{"hash":"e14db409bbc287af4244d31ac9e527486390a00a","isMergeCommit":false,"messageTitle":"For listvisits fix error msg and accept date alone","messageBody":"","fileTypesAndContributionMap":{"functional-code":{"insertions":26,"deletions":6}}},{"hash":"ce9e8035ba4bbdd50f6364e4243004415abcfc88","isMergeCommit":false,"messageTitle":"Fix format error","messageBody":"","fileTypesAndContributionMap":{"functional-code":{"insertions":3,"deletions":3}}},{"hash":"9d004269871906363b352a52cae216ba77a2d102","isMergeCommit":true,"messageTitle":"Merge pull request #199 from DengTianle/branch-fix-visit","messageBody":"Remove n/ for visit","fileTypesAndContributionMap":{}},{"hash":"af439cdce33b28a5ba6741f8e2c9a05c560f4d26","isMergeCommit":true,"messageTitle":"Merge pull request #187 from DengTianle/branch-improve-dg","messageBody":"Improve DG","fileTypesAndContributionMap":{}},{"hash":"1dedae99a5a36d8c42cde90e2a39464a8b565fa1","isMergeCommit":true,"messageTitle":"Merge pull request #194 from Taoseeker/branch-fix-bug-clearvisits-only-clear-GUI-not-data","messageBody":"Fix bug that clear visits only clear the displayed visits in GUI but …","fileTypesAndContributionMap":{}},{"hash":"d4298c0fa30a31c09e539e776b12f14d9c97f4bf","isMergeCommit":true,"messageTitle":"Merge branch \u0027master\u0027 into branch-debug-0","messageBody":"","fileTypesAndContributionMap":{}},{"hash":"14b9116ce4875589f39c876e0ea5197fd1d5ebef","isMergeCommit":false,"messageTitle":"Change success message for listvisits","messageBody":"","fileTypesAndContributionMap":{"functional-code":{"insertions":3,"deletions":2}}},{"hash":"bb10c8db7b2289e4fe581582792078c953077f3f","isMergeCommit":false,"messageTitle":"Handle invalid sg phone number","messageBody":"","fileTypesAndContributionMap":{"functional-code":{"insertions":2,"deletions":2}}},{"hash":"b48b2f82cbb4e3edcc1a19c232178124aba33594","isMergeCommit":false,"messageTitle":"Update message constraint for phone number","messageBody":"","fileTypesAndContributionMap":{"functional-code":{"insertions":1,"deletions":1}}},{"hash":"f14041e185c32b24eaeb2dd58a8d30b9c2bd6d5c","isMergeCommit":false,"messageTitle":"Update all dummy phone numbers in code and tests","messageBody":"","fileTypesAndContributionMap":{"test-code":{"insertions":13,"deletions":13}}}]},{"date":"2025-04-08","commitResults":[{"hash":"4833d19490ed05210cf7e4e7b5f0ce27763f4d1e","isMergeCommit":false,"messageTitle":"Update testcases to pass 76 cases","messageBody":"","fileTypesAndContributionMap":{"functional-code":{"insertions":1,"deletions":1},"test-code":{"insertions":7,"deletions":7}}},{"hash":"ebed2516700ff1972f81dcb72db136c35e1b0ead","isMergeCommit":true,"messageTitle":"Merge pull request #202 from Taoseeker/branch-finalise-UG","messageBody":"Branch finalise ug","fileTypesAndContributionMap":{}},{"hash":"6df2a274506fd800b5b7795e7fe8b5d93e7b2ac4","isMergeCommit":false,"messageTitle":"Fix bug in toggling darkmode","messageBody":"","fileTypesAndContributionMap":{"functional-code":{"insertions":22,"deletions":6}}},{"hash":"edb75dbd4de17055675067a477f2176311735cd7","isMergeCommit":true,"messageTitle":"Merge pull request #203 from Taoseeker/branch-update-UML","messageBody":"Update UML","fileTypesAndContributionMap":{}},{"hash":"f440e5343e66e93535fa42ad623ba660213bfa1b","isMergeCommit":true,"messageTitle":"Merge branch \u0027master\u0027 into branch-debug-ui","messageBody":"","fileTypesAndContributionMap":{}},{"hash":"e4170949cd0301bbb3a53d47d7c192be2f8809e0","isMergeCommit":true,"messageTitle":"Merge branch \u0027master\u0027 into branch-debug-1","messageBody":"","fileTypesAndContributionMap":{}},{"hash":"70eb3a24e440f272bf69f34ef684c787e85b0a35","isMergeCommit":true,"messageTitle":"Merge pull request #201 from ceilingFan456/branch-debug-1","messageBody":"change listvisits success msg","fileTypesAndContributionMap":{}},{"hash":"b829aac8a6d5d80f2822a752a521eefdf665ad36","isMergeCommit":true,"messageTitle":"Merge pull request #204 from ceilingFan456/branch-debug-ui","messageBody":"Fix white text bug under light mode","fileTypesAndContributionMap":{}}]}],"nhocmt227":[],"DengTianle":[{"date":"2025-04-06","commitResults":[{"hash":"a0b91497a71fc20f3f9d8b0e7cd2f33ddf029319","isMergeCommit":false,"messageTitle":"Improve DG","messageBody":"Fix bugs in DG. Update Model class diagram.\n","fileTypesAndContributionMap":{"docs":{"insertions":17,"deletions":12}}}]},{"date":"2025-04-07","commitResults":[{"hash":"c887c95a96b4ea3d711c8ff6b7d0a619f206f2df","isMergeCommit":true,"messageTitle":"Merge pull request #188 from Taoseeker/branch-debug-list-with-negative-limit","messageBody":"","fileTypesAndContributionMap":{}},{"hash":"3602afa94047c1acc9e6fcba76019ecb8d9ab257","isMergeCommit":true,"messageTitle":"Merge pull request #189 from Taoseeker/branch-fix-visits-person-panel-not-updated","messageBody":"","fileTypesAndContributionMap":{}},{"hash":"d1c34098007d6a062e9616a26a231960a97c7de3","isMergeCommit":true,"messageTitle":"Merge pull request #190 from Taoseeker/branch-fix-bug-deleting-person-does-not-delete-visits-of-the-person","messageBody":"","fileTypesAndContributionMap":{}},{"hash":"f239fc41575e33bbbcc42d0c9b57a15dfcf0fb35","isMergeCommit":true,"messageTitle":"Merge pull request #193 from Taoseeker/branch-fix-bug-duplicate-fields-when-add-visit","messageBody":"","fileTypesAndContributionMap":{}},{"hash":"a94d0d4fc305f801186c1b28412daccb3bafcca5","isMergeCommit":false,"messageTitle":"Remove n/ for visit","messageBody":"","fileTypesAndContributionMap":{"functional-code":{"insertions":7,"deletions":12}}}]},{"date":"2025-04-08","commitResults":[{"hash":"5be466ef5c2f1ede5d8d25adfeeb7c88bd782645","isMergeCommit":true,"messageTitle":"Merge pull request #200 from ceilingFan456/branch-debug-0","messageBody":"","fileTypesAndContributionMap":{}}]}]},"authorFileTypeContributionMap":{"Leeisateam":{"docs":0,"functional-code":0,"test-code":0},"Taoseeker":{"docs":74,"functional-code":42,"test-code":4},"ceilingFan456":{"docs":0,"functional-code":70,"test-code":20},"nhocmt227":{"docs":0,"functional-code":0,"test-code":0},"DengTianle":{"docs":17,"functional-code":7,"test-code":0}},"authorContributionVariance":{"Leeisateam":0.0,"Taoseeker":5830.6875,"ceilingFan456":1720.1875,"nhocmt227":0.0,"DengTianle":156.5},"authorDisplayNameMap":{"Leeisateam":"CS2103T-W09-3 LEE ..SAAC","Taoseeker":"CS2103T-W09-3 LIU ..KANG","ceilingFan456":"CS2103T-W09-3 HUAN..MING","nhocmt227":"CS2103T-W09-3 CHU ..HONG","DengTianle":"CS2103T-W09-3 DENG..ANLE"}}
