{"authorDailyContributionsMap":{"dragonesejosh":[{"date":"2025-04-07","commitResults":[{"hash":"23d4c48b367a1626a41ccd680e1fe953ce7b37d7","isMergeCommit":false,"messageTitle":"Update index.md","messageBody":"","fileTypesAndContributionMap":{"docs":{"insertions":2,"deletions":2}}},{"hash":"2d4b1b98fead264e975cff8bed99c4530e420a9a","isMergeCommit":false,"messageTitle":"Update DG with manual testing for Sort and Filter","messageBody":"","fileTypesAndContributionMap":{"docs":{"insertions":34,"deletions":7}}}]},{"date":"2025-04-08","commitResults":[{"hash":"46a3a385bfac2ab41b5d701c6254f4a1658666a2","isMergeCommit":false,"messageTitle":"Update AboutUs.md","messageBody":"","fileTypesAndContributionMap":{"docs":{"insertions":1,"deletions":6}}}]}],"weiwong834":[{"date":"2025-04-06","commitResults":[{"hash":"6f6484d009698ddce6032f7805d39771fa550b61","isMergeCommit":false,"messageTitle":"Update gradle to Prof-iler.jar to match UG","messageBody":"","fileTypesAndContributionMap":{"other":{"insertions":1,"deletions":1}}},{"hash":"98542b4f6a264cbe6f25ac36f26e9c2932a6254b","isMergeCommit":false,"messageTitle":"Update help window for clarity","messageBody":"","fileTypesAndContributionMap":{"functional-code":{"insertions":2,"deletions":2}}},{"hash":"55e804f1e53a9d618cad771eb2b268e99574e736","isMergeCommit":false,"messageTitle":"Fix some UG bugs from PE dry run","messageBody":"","fileTypesAndContributionMap":{"docs":{"insertions":29,"deletions":28}}},{"hash":"ee8aec3cffb292a548b34d06c231837c4951acb8","isMergeCommit":false,"messageTitle":"Changed the tags for entries of Sample data","messageBody":"Previous tags contains tags that seem irrelevant in the University\nContext such as \"neighbours\"\nUpdate these tags to be relevant to SoC\n","fileTypesAndContributionMap":{"functional-code":{"insertions":7,"deletions":7}}},{"hash":"ce1548c235c562c2dfbf188ae60ac722e4657983","isMergeCommit":false,"messageTitle":"Fix spacing bug","messageBody":"Co-authored-by: Copilot \u003c175728472+Copilot@users.noreply.github.com\u003e","fileTypesAndContributionMap":{"docs":{"insertions":1,"deletions":1}}},{"hash":"4b5a0f63b0a3f139dba87404414dfc94ad08d86c","isMergeCommit":true,"messageTitle":"Merge branch \u0027master\u0027 into branch-DG-Planned-Enhancement","messageBody":"","fileTypesAndContributionMap":{}},{"hash":"c3ddbf3557a4efeb97db3f6da289b1a4eebca46f","isMergeCommit":true,"messageTitle":"Merge pull request #215 from ShiJianXi/branch-DG-Planned-Enhancement","messageBody":"Add planned enhancement for filter command","fileTypesAndContributionMap":{}},{"hash":"c9725873802429da04043ff66fd5e210a1e9d618","isMergeCommit":false,"messageTitle":"Fix Filter command details in UG","messageBody":"Co-authored-by: JianXi \u003c118092801+ShiJianXi@users.noreply.github.com\u003e","fileTypesAndContributionMap":{"docs":{"insertions":1,"deletions":1}}},{"hash":"3bc481435fb408cb93ef3cc3d4b6abab3255502b","isMergeCommit":false,"messageTitle":"Fix tag and email constraints in UG","messageBody":"","fileTypesAndContributionMap":{"docs":{"insertions":2,"deletions":1}}},{"hash":"d1093390faa785e9eaa6069ef0a94366a267d323","isMergeCommit":true,"messageTitle":"Merge branch \u0027branch-Update-PED-Ui-UG\u0027 of https://github.com/weiwong834/tp into branch-Update-PED-Ui-UG","messageBody":"","fileTypesAndContributionMap":{}}]},{"date":"2025-04-07","commitResults":[{"hash":"188065e2c35f3793fc38a0b6fd4d67c9cdbdc132","isMergeCommit":false,"messageTitle":"Add example for log in command summary","messageBody":"","fileTypesAndContributionMap":{"docs":{"insertions":21,"deletions":21}}},{"hash":"44d89cf661d4168594e6f36f6c80bdc5b87f60cb","isMergeCommit":false,"messageTitle":"Add definition of a duplicate student","messageBody":"","fileTypesAndContributionMap":{"docs":{"insertions":2,"deletions":1}}},{"hash":"914bede649ed475d7d286bbabbcbc2295f0df611","isMergeCommit":false,"messageTitle":"Update duplicate student warning message","messageBody":"","fileTypesAndContributionMap":{"functional-code":{"insertions":2,"deletions":2}}},{"hash":"22ded801239bbe0b28072283e8506ed9a2296c2f","isMergeCommit":false,"messageTitle":"Fix clear command formatting","messageBody":"","fileTypesAndContributionMap":{"docs":{"insertions":2,"deletions":2}}},{"hash":"18205a4ca3b72483eb020db4135d80bd1e52b6c6","isMergeCommit":false,"messageTitle":"Update email constrains","messageBody":"","fileTypesAndContributionMap":{"docs":{"insertions":2,"deletions":1}}},{"hash":"73e529775139e6a8f948d723397a5182759a4a5e","isMergeCommit":false,"messageTitle":"Update tag description in UG","messageBody":"","fileTypesAndContributionMap":{"docs":{"insertions":1,"deletions":1}}},{"hash":"3baafbf101d68ea2a78b7747f54cb1e011ba4337","isMergeCommit":false,"messageTitle":"Update correct error messages","messageBody":"","fileTypesAndContributionMap":{"functional-code":{"insertions":8,"deletions":5}}},{"hash":"5584e57c7f7bfa82544725406171cb85fac98980","isMergeCommit":false,"messageTitle":"Update phone number constraint to accept 3-15 digits","messageBody":"","fileTypesAndContributionMap":{"functional-code":{"insertions":2,"deletions":2}}},{"hash":"9e5fad453977e8edd87d358cc81fcbe9ea60fa5e","isMergeCommit":false,"messageTitle":"Add name prefixing to planned enhancement","messageBody":"","fileTypesAndContributionMap":{"docs":{"insertions":1,"deletions":0}}},{"hash":"44563d659b5d0c4243e39e5ee40ad7c664e9e8fc","isMergeCommit":true,"messageTitle":"Merge branch \u0027master\u0027 into branch-PED-UG-2","messageBody":"","fileTypesAndContributionMap":{}},{"hash":"9b4f8ef7a4e5f9df521d8548d47fc046e4345867","isMergeCommit":false,"messageTitle":"Fix spacing bug","messageBody":"Co-authored-by: Joshua Gan \u003c117869105+dragonesejosh@users.noreply.github.com\u003e","fileTypesAndContributionMap":{"docs":{"insertions":1,"deletions":1}}},{"hash":"55c8ad4fa90c7663a59434dca86a0ce7cbbf60eb","isMergeCommit":false,"messageTitle":"Fix spacing bug in error message","messageBody":"Co-authored-by: Copilot \u003c175728472+Copilot@users.noreply.github.com\u003e","fileTypesAndContributionMap":{"functional-code":{"insertions":1,"deletions":1}}},{"hash":"8d4f911fc51dca644c178dfdfba834eb70dfe928","isMergeCommit":false,"messageTitle":"Update enhancements","messageBody":"Co-authored-by: Joshua Gan \u003c117869105+dragonesejosh@users.noreply.github.com\u003e","fileTypesAndContributionMap":{"docs":{"insertions":1,"deletions":1}}},{"hash":"d95ca6153bb9d04f1f7ff8e9bb3f907612521238","isMergeCommit":false,"messageTitle":"Fix typo","messageBody":"","fileTypesAndContributionMap":{"docs":{"insertions":1,"deletions":1}}},{"hash":"75d24e0932190a704b41dd3afb1b68e31a07d1c9","isMergeCommit":false,"messageTitle":"Fix typo in help window","messageBody":"","fileTypesAndContributionMap":{"functional-code":{"insertions":1,"deletions":1}}},{"hash":"4453082c8cc4b3845b50f19a1853ecf7d78b53f0","isMergeCommit":false,"messageTitle":"Update docs/DeveloperGuide.md","messageBody":"","fileTypesAndContributionMap":{"docs":{"insertions":1,"deletions":1}}},{"hash":"3ec0bd820aa122f5b46c5a026f551eb0d01ffbaf","isMergeCommit":false,"messageTitle":"Fix typo","messageBody":"","fileTypesAndContributionMap":{"docs":{"insertions":1,"deletions":1}}}]},{"date":"2025-04-08","commitResults":[{"hash":"360b5c9dd367c5bcfae1eb839647895068bd20eb","isMergeCommit":false,"messageTitle":"Fix clear command format","messageBody":"","fileTypesAndContributionMap":{"docs":{"insertions":12,"deletions":12}}},{"hash":"de77bd21925eb80d702fea62faff98e2040fa057","isMergeCommit":true,"messageTitle":"Merge pull request #288 from swatirajesh277/branch-aboutus-bug","messageBody":"Add valid email to about us page","fileTypesAndContributionMap":{}},{"hash":"720105108c6ec34de22e11c8373b33af6777fcdf","isMergeCommit":true,"messageTitle":"Merge pull request #290 from swatirajesh277/branch-log-sample","messageBody":"Add log to sample data","tags":["v1.6.b"],"fileTypesAndContributionMap":{}},{"hash":"c74717894995798db6f2927348bfdfd082af6ba6","isMergeCommit":true,"messageTitle":"Merge pull request #291 from swatirajesh277/branch-ui-size","messageBody":"Fix ui","fileTypesAndContributionMap":{}}]}],"gekjunxu":[{"date":"2025-04-06","commitResults":[{"hash":"84f6f756fec2ecbde9fd2c0e09b497f55d87fc8f","isMergeCommit":false,"messageTitle":"Attempt fix in formatting issue","messageBody":"","fileTypesAndContributionMap":{"docs":{"insertions":1,"deletions":1}}},{"hash":"3d7cd32a8779f63477618d889426f5bbf7f3fb4e","isMergeCommit":false,"messageTitle":"Add glossary","messageBody":"","fileTypesAndContributionMap":{"docs":{"insertions":14,"deletions":1}}},{"hash":"c34d012d3161f569187f6c8d076f70fd942dd642","isMergeCommit":false,"messageTitle":"Fix checkstyle","messageBody":"","fileTypesAndContributionMap":{"docs":{"insertions":1,"deletions":1}}},{"hash":"98cab26792bf6f0353153f49ab19a55aa7f621a2","isMergeCommit":true,"messageTitle":"Merge pull request #211 from gekjunxu/planned-enhancements","messageBody":"Add planned enhancements","fileTypesAndContributionMap":{}}]},{"date":"2025-04-07","commitResults":[{"hash":"246bb7846f0704871394dcd32ba2651242c04f21","isMergeCommit":false,"messageTitle":"Update docs/index.md","messageBody":"Co-authored-by: Copilot \u003c175728472+Copilot@users.noreply.github.com\u003e","fileTypesAndContributionMap":{"docs":{"insertions":1,"deletions":2}}},{"hash":"319b6a5c023d2525ff7dda995da4bb4b5f3885a8","isMergeCommit":false,"messageTitle":"Add links to glossary","messageBody":"","fileTypesAndContributionMap":{"docs":{"insertions":18,"deletions":18}}}]},{"date":"2025-04-08","commitResults":[{"hash":"a8dcda0633f16f59485bc2fcf2a69170b46c30de","isMergeCommit":false,"messageTitle":"Fix docs","messageBody":"","fileTypesAndContributionMap":{"docs":{"insertions":5,"deletions":7}}},{"hash":"6d35429d7a937e17067e829832de3944ce160c34","isMergeCommit":false,"messageTitle":"Fix docs","messageBody":"","fileTypesAndContributionMap":{"docs":{"insertions":2,"deletions":2}}},{"hash":"3fe8f5b58793d530c948c6b5eb8fdf5b342242f2","isMergeCommit":false,"messageTitle":"Fix docs","messageBody":"","fileTypesAndContributionMap":{"docs":{"insertions":1,"deletions":1}}},{"hash":"123b82af10c56f18b526fe855fdda0dc748e4a66","isMergeCommit":true,"messageTitle":"Merge pull request #287 from gekjunxu/fix-docs","messageBody":"Fix docs","fileTypesAndContributionMap":{}},{"hash":"aab4e860078f907ccb954583db130afc54f2a255","isMergeCommit":true,"messageTitle":"Merge pull request #289 from dragonesejosh/branch-update-aboutUs-removeExtraLinks","messageBody":"Remove extra links from About Us","fileTypesAndContributionMap":{}},{"hash":"4f134d5bb3f63596c558467a7bc8c7dce566749e","isMergeCommit":false,"messageTitle":"Add credits","messageBody":"","fileTypesAndContributionMap":{"functional-code":{"insertions":1,"deletions":1},"test-code":{"insertions":2,"deletions":2}}},{"hash":"82337e6944fa7242891d6864887200d1d0e85325","isMergeCommit":true,"messageTitle":"Merge pull request #292 from gekjunxu/add-credits-reuse","messageBody":"Add credits","fileTypesAndContributionMap":{}}]}],"swatirajesh277":[{"date":"2025-04-07","commitResults":[{"hash":"13ec658ea5a645dfb13823593e01dd0b890f016f","isMergeCommit":false,"messageTitle":"Update ug to contain light theme ui","messageBody":"","fileTypesAndContributionMap":{"functional-code":{"insertions":1,"deletions":1},"docs":{"insertions":9,"deletions":0}}}]},{"date":"2025-04-08","commitResults":[{"hash":"0375427e2cb6346064a97bdc89b05613fc3e28a4","isMergeCommit":true,"messageTitle":"Merge pull request #280 from weiwong834/branch-DG-typo","messageBody":"Fix typo in DG and updated Ui images","fileTypesAndContributionMap":{}},{"hash":"75fa8fad1f05cec570eadacd58e1c353935488ed","isMergeCommit":true,"messageTitle":"Merge pull request #281 from ShiJianXi/branch-RemoveData-DG","messageBody":"Remove unnecessary parts of DG","fileTypesAndContributionMap":{}},{"hash":"026930e93d8ed9a315badf9ed355784add3000db","isMergeCommit":true,"messageTitle":"Merge pull request #283 from gekjunxu/add-glossary-links","messageBody":"Add links to glossary","tags":["v1.6"],"fileTypesAndContributionMap":{}},{"hash":"717bcc9a90615348ade91b14e601ea1ad7503790","isMergeCommit":false,"messageTitle":"Add valid email to about us page","messageBody":"","fileTypesAndContributionMap":{"docs":{"insertions":1,"deletions":1}}},{"hash":"d8b7474933502d2b2153bea007d240ca0c8e84da","isMergeCommit":false,"messageTitle":"Add log to sample data","messageBody":"","fileTypesAndContributionMap":{"functional-code":{"insertions":4,"deletions":2}}},{"hash":"f46e7e33d682d963e27e4a0396b91d3eac1dffad","isMergeCommit":false,"messageTitle":"Fix ui","messageBody":"","fileTypesAndContributionMap":{"functional-code":{"insertions":1,"deletions":1}}}]}],"ShiJianXi":[{"date":"2025-04-07","commitResults":[{"hash":"3b960e56cabb35fcdab1c951604195c9542d6830","isMergeCommit":true,"messageTitle":"Merge pull request #269 from weiwong834/branch-Update-PED-Ui-UG","messageBody":"Update UG bugs + sample data entries","fileTypesAndContributionMap":{}},{"hash":"4c2766f40d845f22951efcce53e743303b081a50","isMergeCommit":true,"messageTitle":"Merge branch \u0027master\u0027 into fix-glossary","messageBody":"","fileTypesAndContributionMap":{}},{"hash":"cdcd2e74283aa3e99b4f91385e29bbf81c4515e5","isMergeCommit":true,"messageTitle":"Merge pull request #270 from gekjunxu/fix-glossary","messageBody":"Fix glossary","fileTypesAndContributionMap":{}},{"hash":"b165b2b63250fc545cae4d3515bc2ae91175956e","isMergeCommit":false,"messageTitle":"Fix error","messageBody":"","fileTypesAndContributionMap":{"functional-code":{"insertions":1,"deletions":1},"docs":{"insertions":3,"deletions":1}}},{"hash":"baf61980b20969e1b078741c87b504a92eb4642d","isMergeCommit":false,"messageTitle":"Update docs/UserGuide.md","messageBody":"Co-authored-by: Copilot \u003c175728472+Copilot@users.noreply.github.com\u003e","fileTypesAndContributionMap":{"docs":{"insertions":1,"deletions":1}}},{"hash":"583d35bb0c17f5611bedc9a7f841871a8b72b301","isMergeCommit":false,"messageTitle":"Enhance clarity in DG","messageBody":"","fileTypesAndContributionMap":{"docs":{"insertions":1,"deletions":1}}},{"hash":"8990e64777be2ddcf18a179b06817d141cee0556","isMergeCommit":false,"messageTitle":"Fix error","messageBody":"","fileTypesAndContributionMap":{"docs":{"insertions":1,"deletions":1}}},{"hash":"50e50d1c484f4b0233166e57bc2753d48e56361c","isMergeCommit":false,"messageTitle":"Grammer fix","messageBody":"","fileTypesAndContributionMap":{"docs":{"insertions":1,"deletions":1}}},{"hash":"cdf27742f60104365c6199f85a73a87ae622dead","isMergeCommit":false,"messageTitle":"Update important use case","messageBody":"","fileTypesAndContributionMap":{"docs":{"insertions":121,"deletions":13}}},{"hash":"91081841ffece0e264b0775d6a4ac7bc09229608","isMergeCommit":false,"messageTitle":"Minor fix","messageBody":"","fileTypesAndContributionMap":{"docs":{"insertions":3,"deletions":3}}},{"hash":"eb5b018bacf861bee5dd077dcdfda73d500488ac","isMergeCommit":false,"messageTitle":"Grammer fix","messageBody":"","fileTypesAndContributionMap":{"docs":{"insertions":1,"deletions":1}}},{"hash":"4979d6707480fc527dd97776d631f8e9435b1a82","isMergeCommit":false,"messageTitle":"Minor grammer fix","messageBody":"","fileTypesAndContributionMap":{"docs":{"insertions":4,"deletions":4}}},{"hash":"bec5a49ce440eb2513bf848f2095375c4bdee140","isMergeCommit":false,"messageTitle":"Fix spelling","messageBody":"","fileTypesAndContributionMap":{"docs":{"insertions":1,"deletions":1}}},{"hash":"290d4617a0e5f9a0fd92c49ba1cfdfa9523d788e","isMergeCommit":false,"messageTitle":"Update docs/DeveloperGuide.md","messageBody":"Co-authored-by: Copilot \u003c175728472+Copilot@users.noreply.github.com\u003e","fileTypesAndContributionMap":{"docs":{"insertions":1,"deletions":1}}},{"hash":"c6bbed4e59d6978007e2d1322ec6ff3f22dc38c0","isMergeCommit":false,"messageTitle":"Update docs/DeveloperGuide.md","messageBody":"Co-authored-by: Copilot \u003c175728472+Copilot@users.noreply.github.com\u003e","fileTypesAndContributionMap":{"docs":{"insertions":1,"deletions":1}}},{"hash":"2f8905586347eb65263262cd195f818a5b9c14f5","isMergeCommit":false,"messageTitle":"Apply suggestions from code review","messageBody":"Co-authored-by: Copilot \u003c175728472+Copilot@users.noreply.github.com\u003e","fileTypesAndContributionMap":{"docs":{"insertions":1,"deletions":1}}},{"hash":"aac684cd2c3578ffb6986ab6c5da45787b0a32a2","isMergeCommit":false,"messageTitle":"Update docs/DeveloperGuide.md","messageBody":"Co-authored-by: Jun Xu \u003c63337934+gekjunxu@users.noreply.github.com\u003e","fileTypesAndContributionMap":{"docs":{"insertions":1,"deletions":1}}},{"hash":"a1c794986679b4d2fe329c114ed22042681c065c","isMergeCommit":true,"messageTitle":"Merge pull request #274 from ShiJianXi/branch-fix-SortMessage","messageBody":"Fix sort message and update UG clarity","fileTypesAndContributionMap":{}},{"hash":"4ac0f34b647adf05ca81470ca3ebbb5b7b7caecb","isMergeCommit":true,"messageTitle":"Merge pull request #277 from dragonesejosh/branch-update-index-AB-mentions","messageBody":"Update AddressBook in index.md to Prof-iler","fileTypesAndContributionMap":{}},{"hash":"2da5db656c792fab78c03656e560ae8577689d8e","isMergeCommit":false,"messageTitle":"Implement review","messageBody":"","fileTypesAndContributionMap":{"docs":{"insertions":13,"deletions":16}}},{"hash":"3eba27cdcebae35b126afe4afab5e5529c32d783","isMergeCommit":true,"messageTitle":"Merge pull request #276 from swatirajesh277/branch-ug-ui","messageBody":"Update ug to contain light theme ui","fileTypesAndContributionMap":{}},{"hash":"a62c5e5d15e311a9915cb68d4e24fbb48c8ebb62","isMergeCommit":true,"messageTitle":"Merge pull request #278 from dragonesejosh/branch-update-DG-manualTesting","messageBody":"Update DG with manual testing for Sort and Filter","fileTypesAndContributionMap":{}},{"hash":"be6edec1266783b9677dc332e8bf69ee448b3052","isMergeCommit":true,"messageTitle":"Merge pull request #279 from weiwong834/branch-PED-UG-2","messageBody":"Fix error messages, planned enhancements, phone number constraint to 3-15 digits","fileTypesAndContributionMap":{}},{"hash":"c027ba75c9706b540a87234d38f6410fa1664835","isMergeCommit":true,"messageTitle":"Merge pull request #275 from ShiJianXi/branch-PED-UseCase","messageBody":"Update important use case","fileTypesAndContributionMap":{}},{"hash":"b470bba32d964a6e74c4ede4ca0e93649ad9c1d2","isMergeCommit":false,"messageTitle":"Remove unnecessary parts of DG","messageBody":"","fileTypesAndContributionMap":{"docs":{"insertions":0,"deletions":8}}},{"hash":"434d3cd28ba464241c47676386800102a218a456","isMergeCommit":false,"messageTitle":"Fix usecase format issue","messageBody":"","fileTypesAndContributionMap":{"docs":{"insertions":7,"deletions":12}}}]},{"date":"2025-04-08","commitResults":[{"hash":"8de1658ff2815130bb4d6fe9ba35bc72105395e3","isMergeCommit":true,"messageTitle":"Merge pull request #286 from gekjunxu/fix-docs","messageBody":"Fix docs","fileTypesAndContributionMap":{}}]}]},"authorFileTypeContributionMap":{"dragonesejosh":{"docs":36,"functional-code":0,"test-code":0},"weiwong834":{"docs":42,"functional-code":22,"test-code":0,"other":1},"gekjunxu":{"docs":32,"functional-code":1,"test-code":2},"swatirajesh277":{"docs":9,"functional-code":5,"test-code":0},"ShiJianXi":{"docs":124,"functional-code":1,"test-code":0}},"authorContributionVariance":{"dragonesejosh":349.5,"weiwong834":1482.75,"gekjunxu":194.25,"swatirajesh277":27.6875,"ShiJianXi":9918.75},"authorDisplayNameMap":{"dragonesejosh":"CS2103T-W12-3 JOSH..I EN","weiwong834":"CS2103T-W12-3 WONG.. YIN","gekjunxu":"CS2103T-W12-3 GEK ..N XU","swatirajesh277":"CS2103T-W12-3 RAJE..WATI","ShiJianXi":"CS2103T-W12-3 SHI ..ANXI"}}
