{"repoSenseVersion":"a0e771ee53","reportGeneratedTime":"Thu, 10 Apr 2025 05:07:45 UTC+08:00","reportGenerationTime":" 1 minute(s) 12.36 second(s)","zoneId":"UTC+08:00","reportTitle":"CS2103 tP Code Dashboard","repos":[{"location":{"location":"https://github.com/AY2425S2-CS2103T-W09-1/tp.git","repoName":"tp","organization":"AY2425S2-CS2103T-W09-1","domainName":"github"},"branch":"master","displayName":"AY2425S2-CS2103T-W09-1/tp[master]","outputFolderName":"AY2425S2-CS2103T-W09-1_tp_master","sinceDate":"2025-04-05","untilDate":"2025-04-10"},{"location":{"location":"https://github.com/AY2425S2-CS2103T-W09-2/tp.git","repoName":"tp","organization":"AY2425S2-CS2103T-W09-2","domainName":"github"},"branch":"master","displayName":"AY2425S2-CS2103T-W09-2/tp[master]","outputFolderName":"AY2425S2-CS2103T-W09-2_tp_master","sinceDate":"2025-04-05","untilDate":"2025-04-10"},{"location":{"location":"https://github.com/AY2425S2-CS2103T-W09-3/tp.git","repoName":"tp","organization":"AY2425S2-CS2103T-W09-3","domainName":"github"},"branch":"master","displayName":"AY2425S2-CS2103T-W09-3/tp[master]","outputFolderName":"AY2425S2-CS2103T-W09-3_tp_master","sinceDate":"2025-04-05","untilDate":"2025-04-10"},{"location":{"location":"https://github.com/AY2425S2-CS2103T-W09-4/tp.git","repoName":"tp","organization":"AY2425S2-CS2103T-W09-4","domainName":"github"},"branch":"master","displayName":"AY2425S2-CS2103T-W09-4/tp[master]","outputFolderName":"AY2425S2-CS2103T-W09-4_tp_master","sinceDate":"2025-04-05","untilDate":"2025-04-10"},{"location":{"location":"https://github.com/AY2425S2-CS2103-W11-1/tp.git","repoName":"tp","organization":"AY2425S2-CS2103-W11-1","domainName":"github"},"branch":"master","displayName":"AY2425S2-CS2103-W11-1/tp[master]","outputFolderName":"AY2425S2-CS2103-W11-1_tp_master","sinceDate":"2025-04-05","untilDate":"2025-04-10"},{"location":{"location":"https://github.com/AY2425S2-CS2103-W11-2/tp.git","repoName":"tp","organization":"AY2425S2-CS2103-W11-2","domainName":"github"},"branch":"master","displayName":"AY2425S2-CS2103-W11-2/tp[master]","outputFolderName":"AY2425S2-CS2103-W11-2_tp_master","sinceDate":"2025-04-05","untilDate":"2025-04-10"},{"location":{"location":"https://github.com/AY2425S2-CS2103T-W12-1/tp.git","repoName":"tp","organization":"AY2425S2-CS2103T-W12-1","domainName":"github"},"branch":"master","displayName":"AY2425S2-CS2103T-W12-1/tp[master]","outputFolderName":"AY2425S2-CS2103T-W12-1_tp_master","sinceDate":"2025-04-05","untilDate":"2025-04-10"},{"location":{"location":"https://github.com/AY2425S2-CS2103T-W12-2/tp.git","repoName":"tp","organization":"AY2425S2-CS2103T-W12-2","domainName":"github"},"branch":"master","displayName":"AY2425S2-CS2103T-W12-2/tp[master]","outputFolderName":"AY2425S2-CS2103T-W12-2_tp_master","sinceDate":"2025-04-05","untilDate":"2025-04-10"},{"location":{"location":"https://github.com/AY2425S2-CS2103T-W12-3/tp.git","repoName":"tp","organization":"AY2425S2-CS2103T-W12-3","domainName":"github"},"branch":"master","displayName":"AY2425S2-CS2103T-W12-3/tp[master]","outputFolderName":"AY2425S2-CS2103T-W12-3_tp_master","sinceDate":"2025-04-05","untilDate":"2025-04-10"},{"location":{"location":"https://github.com/AY2425S2-CS2103T-W12-4/tp.git","repoName":"tp","organization":"AY2425S2-CS2103T-W12-4","domainName":"github"},"branch":"master","displayName":"AY2425S2-CS2103T-W12-4/tp[master]","outputFolderName":"AY2425S2-CS2103T-W12-4_tp_master","sinceDate":"2025-04-05","untilDate":"2025-04-10"},{"location":{"location":"https://github.com/AY2425S2-CS2103T-W13-1/tp.git","repoName":"tp","organization":"AY2425S2-CS2103T-W13-1","domainName":"github"},"branch":"master","displayName":"AY2425S2-CS2103T-W13-1/tp[master]","outputFolderName":"AY2425S2-CS2103T-W13-1_tp_master","sinceDate":"2025-04-05","untilDate":"2025-04-10"},{"location":{"location":"https://github.com/AY2425S2-CS2103T-W13-2/tp.git","repoName":"tp","organization":"AY2425S2-CS2103T-W13-2","domainName":"github"},"branch":"master","displayName":"AY2425S2-CS2103T-W13-2/tp[master]","outputFolderName":"AY2425S2-CS2103T-W13-2_tp_master","sinceDate":"2025-04-05","untilDate":"2025-04-10"},{"location":{"location":"https://github.com/AY2425S2-CS2103T-W13-3/tp.git","repoName":"tp","organization":"AY2425S2-CS2103T-W13-3","domainName":"github"},"branch":"master","displayName":"AY2425S2-CS2103T-W13-3/tp[master]","outputFolderName":"AY2425S2-CS2103T-W13-3_tp_master","sinceDate":"2025-04-05","untilDate":"2025-04-10"},{"location":{"location":"https://github.com/AY2425S2-CS2103T-W13-4/tp.git","repoName":"tp","organization":"AY2425S2-CS2103T-W13-4","domainName":"github"},"branch":"master","displayName":"AY2425S2-CS2103T-W13-4/tp[master]","outputFolderName":"AY2425S2-CS2103T-W13-4_tp_master","sinceDate":"2025-04-05","untilDate":"2025-04-10"},{"location":{"location":"https://github.com/AY2425S2-CS2103T-T08-1/tp.git","repoName":"tp","organization":"AY2425S2-CS2103T-T08-1","domainName":"github"},"branch":"master","displayName":"AY2425S2-CS2103T-T08-1/tp[master]","outputFolderName":"AY2425S2-CS2103T-T08-1_tp_master","sinceDate":"2025-04-05","untilDate":"2025-04-10"},{"location":{"location":"https://github.com/AY2425S2-CS2103T-T08-2/tp.git","repoName":"tp","organization":"AY2425S2-CS2103T-T08-2","domainName":"github"},"branch":"master","displayName":"AY2425S2-CS2103T-T08-2/tp[master]","outputFolderName":"AY2425S2-CS2103T-T08-2_tp_master","sinceDate":"2025-04-05","untilDate":"2025-04-10"},{"location":{"location":"https://github.com/AY2425S2-CS2103T-T08-3/tp.git","repoName":"tp","organization":"AY2425S2-CS2103T-T08-3","domainName":"github"},"branch":"master","displayName":"AY2425S2-CS2103T-T08-3/tp[master]","outputFolderName":"AY2425S2-CS2103T-T08-3_tp_master","sinceDate":"2025-04-05","untilDate":"2025-04-10"},{"location":{"location":"https://github.com/AY2425S2-CS2103T-T08-4/tp.git","repoName":"tp","organization":"AY2425S2-CS2103T-T08-4","domainName":"github"},"branch":"master","displayName":"AY2425S2-CS2103T-T08-4/tp[master]","outputFolderName":"AY2425S2-CS2103T-T08-4_tp_master","sinceDate":"2025-04-05","untilDate":"2025-04-10"},{"location":{"location":"https://github.com/AY2425S2-CS2103T-T09-1/tp.git","repoName":"tp","organization":"AY2425S2-CS2103T-T09-1","domainName":"github"},"branch":"master","displayName":"AY2425S2-CS2103T-T09-1/tp[master]","outputFolderName":"AY2425S2-CS2103T-T09-1_tp_master","sinceDate":"2025-04-05","untilDate":"2025-04-10"},{"location":{"location":"https://github.com/AY2425S2-CS2103T-T09-2/tp.git","repoName":"tp","organization":"AY2425S2-CS2103T-T09-2","domainName":"github"},"branch":"master","displayName":"AY2425S2-CS2103T-T09-2/tp[master]","outputFolderName":"AY2425S2-CS2103T-T09-2_tp_master","sinceDate":"2025-04-05","untilDate":"2025-04-10"},{"location":{"location":"https://github.com/AY2425S2-CS2103T-T09-3/tp.git","repoName":"tp","organization":"AY2425S2-CS2103T-T09-3","domainName":"github"},"branch":"master","displayName":"AY2425S2-CS2103T-T09-3/tp[master]","outputFolderName":"AY2425S2-CS2103T-T09-3_tp_master","sinceDate":"2025-04-05","untilDate":"2025-04-10"},{"location":{"location":"https://github.com/AY2425S2-CS2103T-T09-4/tp.git","repoName":"tp","organization":"AY2425S2-CS2103T-T09-4","domainName":"github"},"branch":"master","displayName":"AY2425S2-CS2103T-T09-4/tp[master]","outputFolderName":"AY2425S2-CS2103T-T09-4_tp_master","sinceDate":"2025-04-05","untilDate":"2025-04-10"},{"location":{"location":"https://github.com/AY2425S2-CS2103T-T10-1/tp.git","repoName":"tp","organization":"AY2425S2-CS2103T-T10-1","domainName":"github"},"branch":"master","displayName":"AY2425S2-CS2103T-T10-1/tp[master]","outputFolderName":"AY2425S2-CS2103T-T10-1_tp_master","sinceDate":"2025-04-05","untilDate":"2025-04-10"},{"location":{"location":"https://github.com/AY2425S2-CS2103T-T10-2/tp.git","repoName":"tp","organization":"AY2425S2-CS2103T-T10-2","domainName":"github"},"branch":"master","displayName":"AY2425S2-CS2103T-T10-2/tp[master]","outputFolderName":"AY2425S2-CS2103T-T10-2_tp_master","sinceDate":"2025-04-05","untilDate":"2025-04-10"},{"location":{"location":"https://github.com/AY2425S2-CS2103T-T10-3/tp.git","repoName":"tp","organization":"AY2425S2-CS2103T-T10-3","domainName":"github"},"branch":"master","displayName":"AY2425S2-CS2103T-T10-3/tp[master]","outputFolderName":"AY2425S2-CS2103T-T10-3_tp_master","sinceDate":"2025-04-05","untilDate":"2025-04-10"},{"location":{"location":"https://github.com/AY2425S2-CS2103T-T11-1/tp.git","repoName":"tp","organization":"AY2425S2-CS2103T-T11-1","domainName":"github"},"branch":"master","displayName":"AY2425S2-CS2103T-T11-1/tp[master]","outputFolderName":"AY2425S2-CS2103T-T11-1_tp_master","sinceDate":"2025-04-05","untilDate":"2025-04-10"},{"location":{"location":"https://github.com/AY2425S2-CS2103T-T11-2/tp.git","repoName":"tp","organization":"AY2425S2-CS2103T-T11-2","domainName":"github"},"branch":"master","displayName":"AY2425S2-CS2103T-T11-2/tp[master]","outputFolderName":"AY2425S2-CS2103T-T11-2_tp_master","sinceDate":"2025-04-05","untilDate":"2025-04-10"},{"location":{"location":"https://github.com/AY2425S2-CS2103T-T11-3/tp.git","repoName":"tp","organization":"AY2425S2-CS2103T-T11-3","domainName":"github"},"branch":"master","displayName":"AY2425S2-CS2103T-T11-3/tp[master]","outputFolderName":"AY2425S2-CS2103T-T11-3_tp_master","sinceDate":"2025-04-05","untilDate":"2025-04-10"},{"location":{"location":"https://github.com/AY2425S2-CS2103T-T11-4/tp.git","repoName":"tp","organization":"AY2425S2-CS2103T-T11-4","domainName":"github"},"branch":"master","displayName":"AY2425S2-CS2103T-T11-4/tp[master]","outputFolderName":"AY2425S2-CS2103T-T11-4_tp_master","sinceDate":"2025-04-05","untilDate":"2025-04-10"},{"location":{"location":"https://github.com/AY2425S2-CS2103T-T12-1/tp.git","repoName":"tp","organization":"AY2425S2-CS2103T-T12-1","domainName":"github"},"branch":"master","displayName":"AY2425S2-CS2103T-T12-1/tp[master]","outputFolderName":"AY2425S2-CS2103T-T12-1_tp_master","sinceDate":"2025-04-05","untilDate":"2025-04-10"},{"location":{"location":"https://github.com/AY2425S2-CS2103T-T12-2/tp.git","repoName":"tp","organization":"AY2425S2-CS2103T-T12-2","domainName":"github"},"branch":"master","displayName":"AY2425S2-CS2103T-T12-2/tp[master]","outputFolderName":"AY2425S2-CS2103T-T12-2_tp_master","sinceDate":"2025-04-05","untilDate":"2025-04-10"},{"location":{"location":"https://github.com/AY2425S2-CS2103T-T12-3/tp.git","repoName":"tp","organization":"AY2425S2-CS2103T-T12-3","domainName":"github"},"branch":"master","displayName":"AY2425S2-CS2103T-T12-3/tp[master]","outputFolderName":"AY2425S2-CS2103T-T12-3_tp_master","sinceDate":"2025-04-05","untilDate":"2025-04-10"},{"location":{"location":"https://github.com/AY2425S2-CS2103T-T12-4/tp.git","repoName":"tp","organization":"AY2425S2-CS2103T-T12-4","domainName":"github"},"branch":"master","displayName":"AY2425S2-CS2103T-T12-4/tp[master]","outputFolderName":"AY2425S2-CS2103T-T12-4_tp_master","sinceDate":"2025-04-05","untilDate":"2025-04-10"},{"location":{"location":"https://github.com/AY2425S2-CS2103T-T13-1/tp.git","repoName":"tp","organization":"AY2425S2-CS2103T-T13-1","domainName":"github"},"branch":"master","displayName":"AY2425S2-CS2103T-T13-1/tp[master]","outputFolderName":"AY2425S2-CS2103T-T13-1_tp_master","sinceDate":"2025-04-05","untilDate":"2025-04-10"},{"location":{"location":"https://github.com/AY2425S2-CS2103T-T13-2/tp.git","repoName":"tp","organization":"AY2425S2-CS2103T-T13-2","domainName":"github"},"branch":"master","displayName":"AY2425S2-CS2103T-T13-2/tp[master]","outputFolderName":"AY2425S2-CS2103T-T13-2_tp_master","sinceDate":"2025-04-05","untilDate":"2025-04-10"},{"location":{"location":"https://github.com/AY2425S2-CS2103T-T13-3/tp.git","repoName":"tp","organization":"AY2425S2-CS2103T-T13-3","domainName":"github"},"branch":"master","displayName":"AY2425S2-CS2103T-T13-3/tp[master]","outputFolderName":"AY2425S2-CS2103T-T13-3_tp_master","sinceDate":"2025-04-05","untilDate":"2025-04-10"},{"location":{"location":"https://github.com/AY2425S2-CS2103T-T13-4/tp.git","repoName":"tp","organization":"AY2425S2-CS2103T-T13-4","domainName":"github"},"branch":"master","displayName":"AY2425S2-CS2103T-T13-4/tp[master]","outputFolderName":"AY2425S2-CS2103T-T13-4_tp_master","sinceDate":"2025-04-05","untilDate":"2025-04-10"},{"location":{"location":"https://github.com/AY2425S2-CS2103T-T14-1/tp.git","repoName":"tp","organization":"AY2425S2-CS2103T-T14-1","domainName":"github"},"branch":"master","displayName":"AY2425S2-CS2103T-T14-1/tp[master]","outputFolderName":"AY2425S2-CS2103T-T14-1_tp_master","sinceDate":"2025-04-05","untilDate":"2025-04-10"},{"location":{"location":"https://github.com/AY2425S2-CS2103T-T14-2/tp.git","repoName":"tp","organization":"AY2425S2-CS2103T-T14-2","domainName":"github"},"branch":"master","displayName":"AY2425S2-CS2103T-T14-2/tp[master]","outputFolderName":"AY2425S2-CS2103T-T14-2_tp_master","sinceDate":"2025-04-05","untilDate":"2025-04-10"},{"location":{"location":"https://github.com/AY2425S2-CS2103T-T14-3/tp.git","repoName":"tp","organization":"AY2425S2-CS2103T-T14-3","domainName":"github"},"branch":"master","displayName":"AY2425S2-CS2103T-T14-3/tp[master]","outputFolderName":"AY2425S2-CS2103T-T14-3_tp_master","sinceDate":"2025-04-05","untilDate":"2025-04-10"},{"location":{"location":"https://github.com/AY2425S2-CS2103T-T14-4/tp.git","repoName":"tp","organization":"AY2425S2-CS2103T-T14-4","domainName":"github"},"branch":"master","displayName":"AY2425S2-CS2103T-T14-4/tp[master]","outputFolderName":"AY2425S2-CS2103T-T14-4_tp_master","sinceDate":"2025-04-05","untilDate":"2025-04-10"},{"location":{"location":"https://github.com/AY2425S2-CS2103T-T15-1a/tp.git","repoName":"tp","organization":"AY2425S2-CS2103T-T15-1a","domainName":"github"},"branch":"master","displayName":"AY2425S2-CS2103T-T15-1a/tp[master]","outputFolderName":"AY2425S2-CS2103T-T15-1a_tp_master","sinceDate":"2025-04-05","untilDate":"2025-04-10"},{"location":{"location":"https://github.com/AY2425S2-CS2103T-T15-2/tp.git","repoName":"tp","organization":"AY2425S2-CS2103T-T15-2","domainName":"github"},"branch":"master","displayName":"AY2425S2-CS2103T-T15-2/tp[master]","outputFolderName":"AY2425S2-CS2103T-T15-2_tp_master","sinceDate":"2025-04-05","untilDate":"2025-04-10"},{"location":{"location":"https://github.com/AY2425S2-CS2103T-T15-3/tp.git","repoName":"tp","organization":"AY2425S2-CS2103T-T15-3","domainName":"github"},"branch":"master","displayName":"AY2425S2-CS2103T-T15-3/tp[master]","outputFolderName":"AY2425S2-CS2103T-T15-3_tp_master","sinceDate":"2025-04-05","untilDate":"2025-04-10"},{"location":{"location":"https://github.com/AY2425S2-CS2103T-T15-4/tp.git","repoName":"tp","organization":"AY2425S2-CS2103T-T15-4","domainName":"github"},"branch":"master","displayName":"AY2425S2-CS2103T-T15-4/tp[master]","outputFolderName":"AY2425S2-CS2103T-T15-4_tp_master","sinceDate":"2025-04-05","untilDate":"2025-04-10"},{"location":{"location":"https://github.com/AY2425S2-CS2103T-T16-1/tp.git","repoName":"tp","organization":"AY2425S2-CS2103T-T16-1","domainName":"github"},"branch":"master","displayName":"AY2425S2-CS2103T-T16-1/tp[master]","outputFolderName":"AY2425S2-CS2103T-T16-1_tp_master","sinceDate":"2025-04-05","untilDate":"2025-04-10"},{"location":{"location":"https://github.com/AY2425S2-CS2103T-T16-2/tp.git","repoName":"tp","organization":"AY2425S2-CS2103T-T16-2","domainName":"github"},"branch":"master","displayName":"AY2425S2-CS2103T-T16-2/tp[master]","outputFolderName":"AY2425S2-CS2103T-T16-2_tp_master","sinceDate":"2025-04-05","untilDate":"2025-04-10"},{"location":{"location":"https://github.com/AY2425S2-CS2103T-T16-3/tp.git","repoName":"tp","organization":"AY2425S2-CS2103T-T16-3","domainName":"github"},"branch":"master","displayName":"AY2425S2-CS2103T-T16-3/tp[master]","outputFolderName":"AY2425S2-CS2103T-T16-3_tp_master","sinceDate":"2025-04-05","untilDate":"2025-04-10"},{"location":{"location":"https://github.com/AY2425S2-CS2103T-T16-4/tp.git","repoName":"tp","organization":"AY2425S2-CS2103T-T16-4","domainName":"github"},"branch":"master","displayName":"AY2425S2-CS2103T-T16-4/tp[master]","outputFolderName":"AY2425S2-CS2103T-T16-4_tp_master","sinceDate":"2025-04-05","untilDate":"2025-04-10"},{"location":{"location":"https://github.com/AY2425S2-CS2103T-T17-1/tp.git","repoName":"tp","organization":"AY2425S2-CS2103T-T17-1","domainName":"github"},"branch":"master","displayName":"AY2425S2-CS2103T-T17-1/tp[master]","outputFolderName":"AY2425S2-CS2103T-T17-1_tp_master","sinceDate":"2025-04-05","untilDate":"2025-04-10"},{"location":{"location":"https://github.com/AY2425S2-CS2103T-T17-2/tp.git","repoName":"tp","organization":"AY2425S2-CS2103T-T17-2","domainName":"github"},"branch":"master","displayName":"AY2425S2-CS2103T-T17-2/tp[master]","outputFolderName":"AY2425S2-CS2103T-T17-2_tp_master","sinceDate":"2025-04-05","untilDate":"2025-04-10"},{"location":{"location":"https://github.com/AY2425S2-CS2103T-T17-3/tp.git","repoName":"tp","organization":"AY2425S2-CS2103T-T17-3","domainName":"github"},"branch":"master","displayName":"AY2425S2-CS2103T-T17-3/tp[master]","outputFolderName":"AY2425S2-CS2103T-T17-3_tp_master","sinceDate":"2025-04-05","untilDate":"2025-04-10"},{"location":{"location":"https://github.com/AY2425S2-CS2103T-T17-4/tp.git","repoName":"tp","organization":"AY2425S2-CS2103T-T17-4","domainName":"github"},"branch":"master","displayName":"AY2425S2-CS2103T-T17-4/tp[master]","outputFolderName":"AY2425S2-CS2103T-T17-4_tp_master","sinceDate":"2025-04-05","untilDate":"2025-04-10"},{"location":{"location":"https://github.com/AY2425S2-CS2103-F08-1/tp.git","repoName":"tp","organization":"AY2425S2-CS2103-F08-1","domainName":"github"},"branch":"master","displayName":"AY2425S2-CS2103-F08-1/tp[master]","outputFolderName":"AY2425S2-CS2103-F08-1_tp_master","sinceDate":"2025-04-05","untilDate":"2025-04-10"},{"location":{"location":"https://github.com/AY2425S2-CS2103-F08-2/tp.git","repoName":"tp","organization":"AY2425S2-CS2103-F08-2","domainName":"github"},"branch":"master","displayName":"AY2425S2-CS2103-F08-2/tp[master]","outputFolderName":"AY2425S2-CS2103-F08-2_tp_master","sinceDate":"2025-04-05","untilDate":"2025-04-10"},{"location":{"location":"https://github.com/AY2425S2-CS2103-F08-3/tp.git","repoName":"tp","organization":"AY2425S2-CS2103-F08-3","domainName":"github"},"branch":"master","displayName":"AY2425S2-CS2103-F08-3/tp[master]","outputFolderName":"AY2425S2-CS2103-F08-3_tp_master","sinceDate":"2025-04-05","untilDate":"2025-04-10"},{"location":{"location":"https://github.com/AY2425S2-CS2103-F08-4/tp.git","repoName":"tp","organization":"AY2425S2-CS2103-F08-4","domainName":"github"},"branch":"master","displayName":"AY2425S2-CS2103-F08-4/tp[master]","outputFolderName":"AY2425S2-CS2103-F08-4_tp_master","sinceDate":"2025-04-05","untilDate":"2025-04-10"},{"location":{"location":"https://github.com/AY2425S2-CS2103-F09-1/tp.git","repoName":"tp","organization":"AY2425S2-CS2103-F09-1","domainName":"github"},"branch":"master","displayName":"AY2425S2-CS2103-F09-1/tp[master]","outputFolderName":"AY2425S2-CS2103-F09-1_tp_master","sinceDate":"2025-04-05","untilDate":"2025-04-10"},{"location":{"location":"https://github.com/AY2425S2-CS2103-F09-2/tp.git","repoName":"tp","organization":"AY2425S2-CS2103-F09-2","domainName":"github"},"branch":"master","displayName":"AY2425S2-CS2103-F09-2/tp[master]","outputFolderName":"AY2425S2-CS2103-F09-2_tp_master","sinceDate":"2025-04-05","untilDate":"2025-04-10"},{"location":{"location":"https://github.com/AY2425S2-CS2103-F09-3/tp.git","repoName":"tp","organization":"AY2425S2-CS2103-F09-3","domainName":"github"},"branch":"master","displayName":"AY2425S2-CS2103-F09-3/tp[master]","outputFolderName":"AY2425S2-CS2103-F09-3_tp_master","sinceDate":"2025-04-05","untilDate":"2025-04-10"},{"location":{"location":"https://github.com/AY2425S2-CS2103-F09-4/tp.git","repoName":"tp","organization":"AY2425S2-CS2103-F09-4","domainName":"github"},"branch":"master","displayName":"AY2425S2-CS2103-F09-4/tp[master]","outputFolderName":"AY2425S2-CS2103-F09-4_tp_master","sinceDate":"2025-04-05","untilDate":"2025-04-10"},{"location":{"location":"https://github.com/AY2425S2-CS2103-F10-1/tp.git","repoName":"tp","organization":"AY2425S2-CS2103-F10-1","domainName":"github"},"branch":"master","displayName":"AY2425S2-CS2103-F10-1/tp[master]","outputFolderName":"AY2425S2-CS2103-F10-1_tp_master","sinceDate":"2025-04-05","untilDate":"2025-04-10"},{"location":{"location":"https://github.com/AY2425S2-CS2103T-F10-1/tp.git","repoName":"tp","organization":"AY2425S2-CS2103T-F10-1","domainName":"github"},"branch":"master","displayName":"AY2425S2-CS2103T-F10-1/tp[master]","outputFolderName":"AY2425S2-CS2103T-F10-1_tp_master","sinceDate":"2025-04-05","untilDate":"2025-04-10"},{"location":{"location":"https://github.com/AY2425S2-CS2103-F10-2/tp.git","repoName":"tp","organization":"AY2425S2-CS2103-F10-2","domainName":"github"},"branch":"master","displayName":"AY2425S2-CS2103-F10-2/tp[master]","outputFolderName":"AY2425S2-CS2103-F10-2_tp_master","sinceDate":"2025-04-05","untilDate":"2025-04-10"},{"location":{"location":"https://github.com/AY2425S2-CS2103T-F10-2/tp.git","repoName":"tp","organization":"AY2425S2-CS2103T-F10-2","domainName":"github"},"branch":"master","displayName":"AY2425S2-CS2103T-F10-2/tp[master]","outputFolderName":"AY2425S2-CS2103T-F10-2_tp_master","sinceDate":"2025-04-05","untilDate":"2025-04-10"},{"location":{"location":"https://github.com/AY2425S2-CS2103-F10-3/tp.git","repoName":"tp","organization":"AY2425S2-CS2103-F10-3","domainName":"github"},"branch":"master","displayName":"AY2425S2-CS2103-F10-3/tp[master]","outputFolderName":"AY2425S2-CS2103-F10-3_tp_master","sinceDate":"2025-04-05","untilDate":"2025-04-10"},{"location":{"location":"https://github.com/AY2425S2-CS2103T-F10-3/tp.git","repoName":"tp","organization":"AY2425S2-CS2103T-F10-3","domainName":"github"},"branch":"master","displayName":"AY2425S2-CS2103T-F10-3/tp[master]","outputFolderName":"AY2425S2-CS2103T-F10-3_tp_master","sinceDate":"2025-04-05","untilDate":"2025-04-10"},{"location":{"location":"https://github.com/AY2425S2-CS2103-F10-4/tp.git","repoName":"tp","organization":"AY2425S2-CS2103-F10-4","domainName":"github"},"branch":"master","displayName":"AY2425S2-CS2103-F10-4/tp[master]","outputFolderName":"AY2425S2-CS2103-F10-4_tp_master","sinceDate":"2025-04-05","untilDate":"2025-04-10"},{"location":{"location":"https://github.com/AY2425S2-CS2103T-F10-4/tp.git","repoName":"tp","organization":"AY2425S2-CS2103T-F10-4","domainName":"github"},"branch":"master","displayName":"AY2425S2-CS2103T-F10-4/tp[master]","outputFolderName":"AY2425S2-CS2103T-F10-4_tp_master","sinceDate":"2025-04-05","untilDate":"2025-04-10"},{"location":{"location":"https://github.com/AY2425S2-CS2103T-F11-1/tp.git","repoName":"tp","organization":"AY2425S2-CS2103T-F11-1","domainName":"github"},"branch":"master","displayName":"AY2425S2-CS2103T-F11-1/tp[master]","outputFolderName":"AY2425S2-CS2103T-F11-1_tp_master","sinceDate":"2025-04-05","untilDate":"2025-04-10"},{"location":{"location":"https://github.com/AY2425S2-CS2103T-F11-2/tp.git","repoName":"tp","organization":"AY2425S2-CS2103T-F11-2","domainName":"github"},"branch":"master","displayName":"AY2425S2-CS2103T-F11-2/tp[master]","outputFolderName":"AY2425S2-CS2103T-F11-2_tp_master","sinceDate":"2025-04-05","untilDate":"2025-04-10"},{"location":{"location":"https://github.com/AY2425S2-CS2103T-F11-3/tp.git","repoName":"tp","organization":"AY2425S2-CS2103T-F11-3","domainName":"github"},"branch":"master","displayName":"AY2425S2-CS2103T-F11-3/tp[master]","outputFolderName":"AY2425S2-CS2103T-F11-3_tp_master","sinceDate":"2025-04-05","untilDate":"2025-04-10"},{"location":{"location":"https://github.com/AY2425S2-CS2103T-F11-4/tp.git","repoName":"tp","organization":"AY2425S2-CS2103T-F11-4","domainName":"github"},"branch":"master","displayName":"AY2425S2-CS2103T-F11-4/tp[master]","outputFolderName":"AY2425S2-CS2103T-F11-4_tp_master","sinceDate":"2025-04-05","untilDate":"2025-04-10"},{"location":{"location":"https://github.com/AY2425S2-CS2103T-F12-1/tp.git","repoName":"tp","organization":"AY2425S2-CS2103T-F12-1","domainName":"github"},"branch":"master","displayName":"AY2425S2-CS2103T-F12-1/tp[master]","outputFolderName":"AY2425S2-CS2103T-F12-1_tp_master","sinceDate":"2025-04-05","untilDate":"2025-04-10"},{"location":{"location":"https://github.com/AY2425S2-CS2103T-F12-2/tp.git","repoName":"tp","organization":"AY2425S2-CS2103T-F12-2","domainName":"github"},"branch":"master","displayName":"AY2425S2-CS2103T-F12-2/tp[master]","outputFolderName":"AY2425S2-CS2103T-F12-2_tp_master","sinceDate":"2025-04-05","untilDate":"2025-04-10"},{"location":{"location":"https://github.com/AY2425S2-CS2103T-F12-3/tp.git","repoName":"tp","organization":"AY2425S2-CS2103T-F12-3","domainName":"github"},"branch":"master","displayName":"AY2425S2-CS2103T-F12-3/tp[master]","outputFolderName":"AY2425S2-CS2103T-F12-3_tp_master","sinceDate":"2025-04-05","untilDate":"2025-04-10"},{"location":{"location":"https://github.com/AY2425S2-CS2103T-F12-4/tp.git","repoName":"tp","organization":"AY2425S2-CS2103T-F12-4","domainName":"github"},"branch":"master","displayName":"AY2425S2-CS2103T-F12-4/tp[master]","outputFolderName":"AY2425S2-CS2103T-F12-4_tp_master","sinceDate":"2025-04-05","untilDate":"2025-04-10"},{"location":{"location":"https://github.com/AY2425S2-CS2103T-F13-1/tp.git","repoName":"tp","organization":"AY2425S2-CS2103T-F13-1","domainName":"github"},"branch":"master","displayName":"AY2425S2-CS2103T-F13-1/tp[master]","outputFolderName":"AY2425S2-CS2103T-F13-1_tp_master","sinceDate":"2025-04-05","untilDate":"2025-04-10"},{"location":{"location":"https://github.com/AY2425S2-CS2103T-F13-2/tp.git","repoName":"tp","organization":"AY2425S2-CS2103T-F13-2","domainName":"github"},"branch":"master","displayName":"AY2425S2-CS2103T-F13-2/tp[master]","outputFolderName":"AY2425S2-CS2103T-F13-2_tp_master","sinceDate":"2025-04-05","untilDate":"2025-04-10"},{"location":{"location":"https://github.com/AY2425S2-CS2103T-F13-3/tp.git","repoName":"tp","organization":"AY2425S2-CS2103T-F13-3","domainName":"github"},"branch":"master","displayName":"AY2425S2-CS2103T-F13-3/tp[master]","outputFolderName":"AY2425S2-CS2103T-F13-3_tp_master","sinceDate":"2025-04-05","untilDate":"2025-04-10"},{"location":{"location":"https://github.com/AY2425S2-CS2103T-F13-4/tp.git","repoName":"tp","organization":"AY2425S2-CS2103T-F13-4","domainName":"github"},"branch":"master","displayName":"AY2425S2-CS2103T-F13-4/tp[master]","outputFolderName":"AY2425S2-CS2103T-F13-4_tp_master","sinceDate":"2025-04-05","untilDate":"2025-04-10"},{"location":{"location":"https://github.com/AY2425S2-CS2103T-F14-1/tp.git","repoName":"tp","organization":"AY2425S2-CS2103T-F14-1","domainName":"github"},"branch":"master","displayName":"AY2425S2-CS2103T-F14-1/tp[master]","outputFolderName":"AY2425S2-CS2103T-F14-1_tp_master","sinceDate":"2025-04-05","untilDate":"2025-04-10"},{"location":{"location":"https://github.com/AY2425S2-CS2103T-F14-2/tp.git","repoName":"tp","organization":"AY2425S2-CS2103T-F14-2","domainName":"github"},"branch":"master","displayName":"AY2425S2-CS2103T-F14-2/tp[master]","outputFolderName":"AY2425S2-CS2103T-F14-2_tp_master","sinceDate":"2025-04-05","untilDate":"2025-04-10"},{"location":{"location":"https://github.com/AY2425S2-CS2103T-F14-3/tp.git","repoName":"tp","organization":"AY2425S2-CS2103T-F14-3","domainName":"github"},"branch":"master","displayName":"AY2425S2-CS2103T-F14-3/tp[master]","outputFolderName":"AY2425S2-CS2103T-F14-3_tp_master","sinceDate":"2025-04-05","untilDate":"2025-04-10"},{"location":{"location":"https://github.com/AY2425S2-CS2103T-F14-4/tp.git","repoName":"tp","organization":"AY2425S2-CS2103T-F14-4","domainName":"github"},"branch":"master","displayName":"AY2425S2-CS2103T-F14-4/tp[master]","outputFolderName":"AY2425S2-CS2103T-F14-4_tp_master","sinceDate":"2025-04-05","untilDate":"2025-04-10"},{"location":{"location":"https://github.com/AY2425S2-CS2103-F15-1/tp.git","repoName":"tp","organization":"AY2425S2-CS2103-F15-1","domainName":"github"},"branch":"master","displayName":"AY2425S2-CS2103-F15-1/tp[master]","outputFolderName":"AY2425S2-CS2103-F15-1_tp_master","sinceDate":"2025-04-05","untilDate":"2025-04-10"},{"location":{"location":"https://github.com/AY2425S2-CS2103-F15-2/tp.git","repoName":"tp","organization":"AY2425S2-CS2103-F15-2","domainName":"github"},"branch":"master","displayName":"AY2425S2-CS2103-F15-2/tp[master]","outputFolderName":"AY2425S2-CS2103-F15-2_tp_master","sinceDate":"2025-04-05","untilDate":"2025-04-10"},{"location":{"location":"https://github.com/AY2425S2-CS2103-F15-3/tp.git","repoName":"tp","organization":"AY2425S2-CS2103-F15-3","domainName":"github"},"branch":"master","displayName":"AY2425S2-CS2103-F15-3/tp[master]","outputFolderName":"AY2425S2-CS2103-F15-3_tp_master","sinceDate":"2025-04-05","untilDate":"2025-04-10"},{"location":{"location":"https://github.com/AY2425S2-CS2103-F15-4/tp.git","repoName":"tp","organization":"AY2425S2-CS2103-F15-4","domainName":"github"},"branch":"master","displayName":"AY2425S2-CS2103-F15-4/tp[master]","outputFolderName":"AY2425S2-CS2103-F15-4_tp_master","sinceDate":"2025-04-05","untilDate":"2025-04-10"}],"errorSet":[],"sinceDate":"2025-04-05","untilDate":"2025-04-10","isSinceDateProvided":true,"isUntilDateProvided":false,"supportedDomainUrlMap":{"NOT_RECOGNIZED":{"BRANCH":"","REPO_URL":"UNSUPPORTED","BASE_URL":"UNSUPPORTED","HISTORY_PATH":"","COMMIT_PATH":"","BLAME_PATH":""},"github":{"BRANCH":"tree/$BRANCH","REPO_URL":"https://github.com/$ORGANIZATION/$REPO_NAME/","BASE_URL":"https://github.com/","HISTORY_PATH":"commits/$BRANCH/$FILE_PATH","COMMIT_PATH":"commit/$COMMIT_HASH","BLAME_PATH":"blame/$BRANCH/$FILE_PATH"}},"isAuthorshipAnalyzed":false,"blurbs":{"urlBlurbMap":{"https://github.com/AY2425S2-CS2103T-W13-2/tp/tree/master":"**Product:** [ClientConnect](https://ay2425s2-cs2103t-w13-2.github.io/tp)","https://github.com/AY2425S2-CS2103-F09-2/tp/tree/master":"**Product:** [EduEase](https://ay2425s2-cs2103-f09-2.github.io/tp)","https://github.com/AY2425S2-CS2103T-T09-2/tp/tree/master":"**Product:** [Klinix](https://ay2425s2-cs2103t-t09-2.github.io/tp)","https://github.com/AY2425S2-CS2103T-F10-1/tp/tree/master":"**Product:** [TeamSync](https://ay2425s2-cs2103t-f10-1.github.io/tp)","https://github.com/AY2425S2-CS2103T-F12-4/tp/tree/master":"**Product:** [H\u0027Reers](https://ay2425s2-cs2103t-f12-4.github.io/tp)","https://github.com/AY2425S2-CS2103T-F14-2/tp/tree/master":"**Product:** [HRelper](https://ay2425s2-cs2103t-f14-2.github.io/tp)","https://github.com/AY2425S2-CS2103T-T15-4/tp/tree/master":"**Product:** [ConnectEase](https://ay2425s2-cs2103t-t15-4.github.io/tp)","https://github.com/AY2425S2-CS2103T-T17-2/tp/tree/master":"**Product:** [CareConnect](https://ay2425s2-cs2103t-t17-2.github.io/tp)","https://github.com/AY2425S2-CS2103-F15-4/tp/tree/master":"**Product:** [HRtisan](https://ay2425s2-cs2103-f15-4.github.io/tp)","https://github.com/AY2425S2-CS2103T-T11-3/tp/tree/master":"**Product:** [ResiConnect](https://ay2425s2-cs2103t-t11-3.github.io/tp)","https://github.com/AY2425S2-CS2103T-T13-1/tp/tree/master":"**Product:** [FitFlow](https://ay2425s2-cs2103t-t13-1.github.io/tp)","https://github.com/AY2425S2-CS2103T-W09-3/tp/tree/master":"**Product:** [MedLogger](https://ay2425s2-cs2103t-w09-3.github.io/tp)","https://github.com/AY2425S2-CS2103T-T08-2/tp/tree/master":"**Product:** [KrustyKrab](https://ay2425s2-cs2103t-t08-2.github.io/tp)","https://github.com/AY2425S2-CS2103-F08-2/tp/tree/master":"**Product:** [InsureBook](https://ay2425s2-cs2103-f08-2.github.io/tp)","https://github.com/AY2425S2-CS2103T-T08-4/tp/tree/master":"**Product:** [TalentMatch](https://ay2425s2-cs2103t-t08-4.github.io/tp)","https://github.com/AY2425S2-CS2103-F08-4/tp/tree/master":"**Product:** [TutorConnect](https://ay2425s2-cs2103-f08-4.github.io/tp)","https://github.com/AY2425S2-CS2103-W11-1/tp/tree/master":"**Product:** [Mentorstack](https://ay2425s2-cs2103-w11-1.github.io/tp)","https://github.com/AY2425S2-CS2103T-T14-4/tp/tree/master":"**Product:** [AscendNetwork](https://ay2425s2-cs2103t-t14-4.github.io/tp)","https://github.com/AY2425S2-CS2103T-T16-2/tp/tree/master":"**Product:** [InnSync](https://ay2425s2-cs2103t-t16-2.github.io/tp)","https://github.com/AY2425S2-CS2103T-T10-3/tp/tree/master":"**Product:** [Better Call TA](https://ay2425s2-cs2103t-t10-3.github.io/tp)","https://github.com/AY2425S2-CS2103T-T12-1/tp/tree/master":"**Product:** [TABook](https://ay2425s2-cs2103t-t12-1.github.io/tp)","https://github.com/AY2425S2-CS2103T-W12-2/tp/tree/master":"**Product:** [WealthVault](https://ay2425s2-cs2103t-w12-2.github.io/tp)","https://github.com/AY2425S2-CS2103-F15-1/tp/tree/master":"**Product:** [TAskbook](https://ay2425s2-cs2103-f15-1.github.io/tp)","https://github.com/AY2425S2-CS2103T-F10-3/tp/tree/master":"**Product:** [CollabSync](https://ay2425s2-cs2103t-f10-3.github.io/tp)","https://github.com/AY2425S2-CS2103T-F12-1/tp/tree/master":"**Product:** [Fit Friends](https://ay2425s2-cs2103t-f12-1.github.io/tp)","https://github.com/AY2425S2-CS2103T-F11-1/tp/tree/master":"**Product:** [HubHealth](https://ay2425s2-cs2103t-f11-1.github.io/tp)","https://github.com/AY2425S2-CS2103T-F13-4/tp/tree/master":"**Product:** [ClassHive](https://ay2425s2-cs2103t-f13-4.github.io/tp)","https://github.com/AY2425S2-CS2103T-T09-4/tp/tree/master":"**Product:** [CCAttendance](https://ay2425s2-cs2103t-t09-4.github.io/tp)","https://github.com/AY2425S2-CS2103T-T10-2/tp/tree/master":"**Product:** [DeskFlow](https://ay2425s2-cs2103t-t10-2.github.io/tp)","https://github.com/AY2425S2-CS2103-F10-2/tp/tree/master":"**Product:** [ClientNest](https://ay2425s2-cs2103-f10-2.github.io/tp)","https://github.com/AY2425S2-CS2103T-T13-4/tp/tree/master":"**Product:** [TutorTrack](https://ay2425s2-cs2103t-t13-4.github.io/tp)","https://github.com/AY2425S2-CS2103T-T15-2/tp/tree/master":"**Product:** [JCRoster+](https://ay2425s2-cs2103t-t15-2.github.io/tp)","https://github.com/AY2425S2-CS2103T-W13-4/tp/tree/master":"**Product:** [CraftConnect](https://ay2425s2-cs2103t-w13-4.github.io/tp)","https://github.com/AY2425S2-CS2103-F15-2/tp/tree/master":"**Product:** [TutorSynch](https://ay2425s2-cs2103-f15-2.github.io/tp)","https://github.com/AY2425S2-CS2103T-F11-3/tp/tree/master":"**Product:** [HealthSync](https://ay2425s2-cs2103t-f11-3.github.io/tp)","https://github.com/AY2425S2-CS2103T-F13-1/tp/tree/master":"**Product:** [NeuroSync](https://ay2425s2-cs2103t-f13-1.github.io/tp)","https://github.com/AY2425S2-CS2103T-F14-4/tp/tree/master":"**Product:** [TrackUp](https://ay2425s2-cs2103t-f14-4.github.io/tp)","https://github.com/AY2425S2-CS2103T-T13-3/tp/tree/master":"**Product:** [NUSMeet](https://ay2425s2-cs2103t-t13-3.github.io/tp)","https://github.com/AY2425S2-CS2103T-F11-4/tp/tree/master":"**Product:** [Wanted](https://ay2425s2-cs2103t-f11-4.github.io/tp)","https://github.com/AY2425S2-CS2103T-F13-2/tp/tree/master":"**Product:** [PowerBake](https://ay2425s2-cs2103t-f13-2.github.io/tp)","https://github.com/AY2425S2-CS2103-F10-3/tp/tree/master":"**Product:** [TuitionBook](https://ay2425s2-cs2103-f10-3.github.io/tp)","https://github.com/AY2425S2-CS2103T-T16-4/tp/tree/master":"**Product:** [TutorRec](https://ay2425s2-cs2103t-t16-4.github.io/tp)","https://github.com/AY2425S2-CS2103T-W13-3/tp/tree/master":"**Product:** [BookVault](https://ay2425s2-cs2103t-w13-3.github.io/tp)","https://github.com/AY2425S2-CS2103-F15-3/tp/tree/master":"**Product:** [RecruitTrackPro](https://ay2425s2-cs2103-f15-3.github.io/tp)","https://github.com/AY2425S2-CS2103T-T11-4/tp/tree/master":"**Product:** [FinClient](https://ay2425s2-cs2103t-t11-4.github.io/tp)","https://github.com/AY2425S2-CS2103T-T13-2/tp/tree/master":"**Product:** [MediBook](https://ay2425s2-cs2103t-t13-2.github.io/tp)","https://github.com/AY2425S2-CS2103T-T10-1/tp/tree/master":"**Product:** [TalentFolio](https://ay2425s2-cs2103t-t10-1.github.io/tp)","https://github.com/AY2425S2-CS2103T-W12-3/tp/tree/master":"**Product:** [Prof-iler](https://ay2425s2-cs2103t-w12-3.github.io/tp)","https://github.com/AY2425S2-CS2103-F08-3/tp/tree/master":"**Product:** [MatchEstate.](https://ay2425s2-cs2103-f08-3.github.io/tp)","https://github.com/AY2425S2-CS2103T-T08-3/tp/tree/master":"**Product:** [CafeConnect](https://ay2425s2-cs2103t-t08-3.github.io/tp)","https://github.com/AY2425S2-CS2103T-F13-3/tp/tree/master":"**Product:** [HireHive](https://ay2425s2-cs2103t-f13-3.github.io/tp)","https://github.com/AY2425S2-CS2103T-T16-3/tp/tree/master":"**Product:** [QuickHire](https://ay2425s2-cs2103t-t16-3.github.io/tp)","https://github.com/AY2425S2-CS2103T-T12-2/tp/tree/master":"**Product:** [A Caring Book](https://ay2425s2-cs2103t-t12-2.github.io/tp)","https://github.com/AY2425S2-CS2103-F10-4/tp/tree/master":"**Product:** [TutorProMax](https://ay2425s2-cs2103-f10-4.github.io/tp)","https://github.com/AY2425S2-CS2103T-T09-1/tp/tree/master":"**Product:** [INcontact](https://ay2425s2-cs2103t-t09-1.github.io/tp)","https://github.com/AY2425S2-CS2103-F09-1/tp/tree/master":"**Product:** [TravelHub](https://ay2425s2-cs2103-f09-1.github.io/tp)","https://github.com/AY2425S2-CS2103-W11-2/tp/tree/master":"**Product:** [InternHive](https://ay2425s2-cs2103-w11-2.github.io/tp)","https://github.com/AY2425S2-CS2103T-T09-3/tp/tree/master":"**Product:** [GastroBook](https://ay2425s2-cs2103t-t09-3.github.io/tp)","https://github.com/AY2425S2-CS2103-F09-3/tp/tree/master":"**Product:** [Listify](https://ay2425s2-cs2103-f09-3.github.io/tp)","https://github.com/AY2425S2-CS2103T-T15-3/tp/tree/master":"**Product:** [HR Nexus](https://ay2425s2-cs2103t-t15-3.github.io/tp)","https://github.com/AY2425S2-CS2103T-T17-1/tp/tree/master":"**Product:** [Notarius](https://ay2425s2-cs2103t-t17-1.github.io/tp)","https://github.com/AY2425S2-CS2103T-W09-4/tp/tree/master":"**Product:** [HappyEverAfter](https://ay2425s2-cs2103t-w09-4.github.io/tp)","https://github.com/AY2425S2-CS2103T-T11-2/tp/tree/master":"**Product:** [CareBook](https://ay2425s2-cs2103t-t11-2.github.io/tp)","https://github.com/AY2425S2-CS2103T-W13-1/tp/tree/master":"**Product:** [ScoopBook](https://ay2425s2-cs2103t-w13-1.github.io/tp)","https://github.com/AY2425S2-CS2103T-F11-2/tp/tree/master":"**Product:** [VitaBook](https://ay2425s2-cs2103t-f11-2.github.io/tp)","https://github.com/AY2425S2-CS2103T-F10-2/tp/tree/master":"**Product:** [Em-Social](https://ay2425s2-cs2103t-f10-2.github.io/tp)","https://github.com/AY2425S2-CS2103T-W12-1/tp/tree/master":"**Product:** [TenantTrack](https://ay2425s2-cs2103t-w12-1.github.io/tp)","https://github.com/AY2425S2-CS2103T-T08-1/tp/tree/master":"**Product:** [BiteBook](https://ay2425s2-cs2103t-t08-1.github.io/tp)","https://github.com/AY2425S2-CS2103T-F14-3/tp/tree/master":"**Product:** [RecruitIntel](https://ay2425s2-cs2103t-f14-3.github.io/tp)","https://github.com/AY2425S2-CS2103-F10-1/tp/tree/master":"**Product:** [ArtHive](https://ay2425s2-cs2103-f10-1.github.io/tp)","https://github.com/AY2425S2-CS2103T-T11-1/tp/tree/master":"**Product:** [NUSMates](https://ay2425s2-cs2103t-t11-1.github.io/tp)","https://github.com/AY2425S2-CS2103T-T14-3/tp/tree/master":"**Product:** [WhoDat](https://ay2425s2-cs2103t-t14-3.github.io/tp)","https://github.com/AY2425S2-CS2103T-T16-1/tp/tree/master":"**Product:** [NUSConnect](https://ay2425s2-cs2103t-t16-1.github.io/tp)","https://github.com/AY2425S2-CS2103T-T15-1a/tp/tree/master":"**Product:** [HRQuickAccess](https://ay2425s2-cs2103t-t15-1a.github.io/tp)","https://github.com/AY2425S2-CS2103T-F10-4/tp/tree/master":"**Product:** [ContactS](https://ay2425s2-cs2103t-f10-4.github.io/tp)","https://github.com/AY2425S2-CS2103T-F12-2/tp/tree/master":"**Product:** [EasyWeds](https://ay2425s2-cs2103t-f12-2.github.io/tp)","https://github.com/AY2425S2-CS2103T-T17-4/tp/tree/master":"**Product:** [AcademySource](https://ay2425s2-cs2103t-t17-4.github.io/tp)","https://github.com/AY2425S2-CS2103T-T12-4/tp/tree/master":"**Product:** [ SilverCare](https://ay2425s2-cs2103t-t12-4.github.io/tp)","https://github.com/AY2425S2-CS2103T-T14-2/tp/tree/master":"**Product:** [The Sharkives](https://ay2425s2-cs2103t-t14-2.github.io/tp)","https://github.com/AY2425S2-CS2103T-W09-1/tp/tree/master":"**Product:** [RecruitTrack](https://ay2425s2-cs2103t-w09-1.github.io/tp)","https://github.com/AY2425S2-CS2103T-F12-3/tp/tree/master":"**Product:** [Wedding Hero](https://ay2425s2-cs2103t-f12-3.github.io/tp)","https://github.com/AY2425S2-CS2103T-F14-1/tp/tree/master":"**Product:** [conTAct](https://ay2425s2-cs2103t-f14-1.github.io/tp)","https://github.com/AY2425S2-CS2103T-T17-3/tp/tree/master":"**Product:** [Tutorly](https://ay2425s2-cs2103t-t17-3.github.io/tp)","https://github.com/AY2425S2-CS2103T-W12-4/tp/tree/master":"**Product:** [TAssist](https://ay2425s2-cs2103t-w12-4.github.io/tp)","https://github.com/AY2425S2-CS2103T-W09-2/tp/tree/master":"**Product:** [Guest Note](https://ay2425s2-cs2103t-w09-2.github.io/tp)","https://github.com/AY2425S2-CS2103T-T12-3/tp/tree/master":"**Product:** [REconnect](https://ay2425s2-cs2103t-t12-3.github.io/tp)","https://github.com/AY2425S2-CS2103T-T14-1/tp/tree/master":"**Product:** [WhoAreYouAgain?](https://ay2425s2-cs2103t-t14-1.github.io/tp)","https://github.com/AY2425S2-CS2103-F08-1/tp/tree/master":"**Product:** [Reserve Mate](https://ay2425s2-cs2103-f08-1.github.io/tp)","https://github.com/AY2425S2-CS2103-F09-4/tp/tree/master":"**Product:** [TeamScape](https://ay2425s2-cs2103-f09-4.github.io/tp)"}},"isPortfolio":false}
