{"authorDailyContributionsMap":{"lilduckling":[{"date":"2025-04-07","commitResults":[{"hash":"077b41364ff5b3191acad335b62b32cac512a0b9","isMergeCommit":true,"messageTitle":"Merge pull request #192 from jodielzy/branch-UG-matchUi","messageBody":"Update Ui.png on UG","fileTypesAndContributionMap":{}},{"hash":"24207a26c5a110412be0d378b8fcf657c7b0d40c","isMergeCommit":true,"messageTitle":"Merge pull request #193 from datletu/telegram-bug","messageBody":"Telegram bug","fileTypesAndContributionMap":{}},{"hash":"f4e5ea7f86b54c0c1e0e1715286b8330c9e6b476","isMergeCommit":true,"messageTitle":"Merge pull request #190 from vrisdng/branch-FixAddIssues","messageBody":"Fix the issues related to add command and UG/DG","fileTypesAndContributionMap":{}},{"hash":"12da678f4cda5d0449b15c733ab4667420cba529","isMergeCommit":false,"messageTitle":"Fix bug - UML related: issue 145, 148, 186, 189 - UG related: 175, 178, 181, 183, 184 - Change find and delete to table format","messageBody":"","fileTypesAndContributionMap":{"other":{"insertions":1,"deletions":1},"docs":{"insertions":74,"deletions":90}}},{"hash":"e7385966b2e34a6f92b7374c0e74423a8f1d8837","isMergeCommit":false,"messageTitle":"Update spelling","messageBody":"","fileTypesAndContributionMap":{"docs":{"insertions":1,"deletions":1}}},{"hash":"622153e1614a7ee98f7e4ead4a53299526295a11","isMergeCommit":true,"messageTitle":"Merge pull request #195 from jodielzy/branch-update-UG","messageBody":"Branch update ug","fileTypesAndContributionMap":{}},{"hash":"530cda84734aeb3decf978db7135579803d02d30","isMergeCommit":false,"messageTitle":"fix more bug - Update help url in the help window and UG - Change glossary in DG - Change NFR in Dg","messageBody":"","fileTypesAndContributionMap":{"functional-code":{"insertions":1,"deletions":1},"docs":{"insertions":36,"deletions":10}}},{"hash":"afa12bc357a66cb83cf9a4e41d1937287bd2a677","isMergeCommit":false,"messageTitle":"resolve","messageBody":"","fileTypesAndContributionMap":{"docs":{"insertions":1,"deletions":1}}},{"hash":"369bb0ca413c25d254c08f0f2f91ae3c618fefcc","isMergeCommit":false,"messageTitle":"fix readme and config","messageBody":"","fileTypesAndContributionMap":{"other":{"insertions":1,"deletions":1},"docs":{"insertions":8,"deletions":10}}}]},{"date":"2025-04-08","commitResults":[{"hash":"44d7f25a522cc6a21c63917756576821bed42cff","isMergeCommit":true,"messageTitle":"Merge pull request #200 from jodielzy/fix-UG-DG-Bugs","messageBody":"Fix DG Bug of \"unscrollable bar\"","fileTypesAndContributionMap":{}},{"hash":"1768d27c68d3040b5ca81af74722ab38dadd6cd1","isMergeCommit":true,"messageTitle":"Merge pull request #201 from vrisdng/branch-FixUG-Mai","messageBody":"Fix more UserGuide and DeveloperGuide","fileTypesAndContributionMap":{}},{"hash":"9f6de27ed5c29fd37688429e759ba9f0c886cf1b","isMergeCommit":false,"messageTitle":"fix link in UG","messageBody":"","fileTypesAndContributionMap":{"docs":{"insertions":42,"deletions":3}}},{"hash":"981d2ca09ef970d655913124248c6bee6c96e608","isMergeCommit":true,"messageTitle":"Merge pull request #205 from jodielzy/branch-fix-DG-bugs","messageBody":"Fix duplicate Glossary and unscrollable bar","fileTypesAndContributionMap":{}},{"hash":"a1a076851cf8a58e0bb8e2863d016af7d177c839","isMergeCommit":false,"messageTitle":"Update planned enhancements","messageBody":"","fileTypesAndContributionMap":{"docs":{"insertions":6,"deletions":4}}},{"hash":"cf201038dace94744550e178299fb3ab82b91620","isMergeCommit":true,"messageTitle":"Merge pull request #210 from datletu/master","messageBody":"fix ug for load addressbook","fileTypesAndContributionMap":{}},{"hash":"debb8759489c6ea7409bc775bb22c0eac146c277","isMergeCommit":false,"messageTitle":"Fix UML","messageBody":"","fileTypesAndContributionMap":{"docs":{"insertions":8,"deletions":6}}},{"hash":"c39862611a3a76f7b4990540558641994021d134","isMergeCommit":false,"messageTitle":"update index","messageBody":"","fileTypesAndContributionMap":{"docs":{"insertions":4,"deletions":4}}}]}],"vrisdng":[{"date":"2025-04-06","commitResults":[{"hash":"1fdad2341306079935e593749d3df97cf85531fa","isMergeCommit":false,"messageTitle":"Fix #140","messageBody":"Error message should give more precise description: conTAct not address book.\n","fileTypesAndContributionMap":{"functional-code":{"insertions":1,"deletions":1}}},{"hash":"4746cb5bdf584ee71d8b7dc376e30f2a84adf651","isMergeCommit":false,"messageTitle":"Fix #142","messageBody":"","fileTypesAndContributionMap":{"functional-code":{"insertions":3,"deletions":4},"docs":{"insertions":4,"deletions":4}}},{"hash":"95a7bc4ea319270ca1e923289c00b83af84ef6d0","isMergeCommit":false,"messageTitle":"Fix #146","messageBody":"","fileTypesAndContributionMap":{"docs":{"insertions":2,"deletions":2}}},{"hash":"47aa0fff701b920776c1f2c06126b56830c7be6a","isMergeCommit":false,"messageTitle":"Fix #158","messageBody":"","fileTypesAndContributionMap":{"docs":{"insertions":7,"deletions":0}}},{"hash":"65833033f41d4169d915bc61b1d717ef1eac0378","isMergeCommit":false,"messageTitle":"Fix #159","messageBody":"","fileTypesAndContributionMap":{"functional-code":{"insertions":1,"deletions":1}}},{"hash":"887cddcf9d60d5aa33a58fec5e40284ee0ffb8f8","isMergeCommit":false,"messageTitle":"Fix #163","messageBody":"","fileTypesAndContributionMap":{"functional-code":{"insertions":2,"deletions":2},"docs":{"insertions":5,"deletions":4}}}]},{"date":"2025-04-07","commitResults":[{"hash":"57a4006e6ddfd091b6faa20fd4f7a09425cc62ce","isMergeCommit":false,"messageTitle":"Fix #130","messageBody":"","fileTypesAndContributionMap":{"functional-code":{"insertions":13,"deletions":7},"docs":{"insertions":1,"deletions":1}}},{"hash":"6e21b44b658da9153bfe9e53dd1fc51543b26205","isMergeCommit":false,"messageTitle":"Fix checkstyle and tests","messageBody":"","fileTypesAndContributionMap":{"functional-code":{"insertions":22,"deletions":3},"test-code":{"insertions":10,"deletions":6}}},{"hash":"334c7420022a589ac2d006a130bb9f218561a26f","isMergeCommit":true,"messageTitle":"Merge branch \u0027master\u0027 into branch-FixAddIssues","messageBody":"","fileTypesAndContributionMap":{}},{"hash":"f8c3d261e834476329a23be4bbcb982c35cd6bac","isMergeCommit":true,"messageTitle":"Merge pull request #197 from jodielzy/branch-update-UG","messageBody":"Update UG","fileTypesAndContributionMap":{}},{"hash":"ce40d73ca12f1433c262cd86fd2bbe4dff82bedf","isMergeCommit":false,"messageTitle":"Modify the standout in add section","messageBody":"","fileTypesAndContributionMap":{"docs":{"insertions":10,"deletions":11}}},{"hash":"9cddc8297da4e74e95d1313dd01e1c8e9e100cac","isMergeCommit":false,"messageTitle":"Update UserGuide.md","messageBody":"","fileTypesAndContributionMap":{"docs":{"insertions":25,"deletions":13}}}]},{"date":"2025-04-08","commitResults":[{"hash":"4b5640baf404638deb8dc38f9475a938d1ff8db6","isMergeCommit":false,"messageTitle":"Fix more UserGuide and DeveloperGuide","messageBody":"","fileTypesAndContributionMap":{"docs":{"insertions":2,"deletions":2}}},{"hash":"b9b5e0761bc150d4e748d99c09d97efcd967de4e","isMergeCommit":true,"messageTitle":"Merge branch \u0027master\u0027 into branch-FixUG-Mai","messageBody":"","fileTypesAndContributionMap":{}},{"hash":"e2a13aee00c7c564bd680a718bbcf177fd1dcb0c","isMergeCommit":false,"messageTitle":"Fix UG.md","messageBody":"","fileTypesAndContributionMap":{"docs":{"insertions":13,"deletions":25}}},{"hash":"2bfbfc9c1da05a91f644467e204f5e6cbf190206","isMergeCommit":true,"messageTitle":"Merge pull request #204 from vrisdng/branch-FixUG-Mai","messageBody":"Fix UG.md","fileTypesAndContributionMap":{}},{"hash":"1c2dfa00d95d72c4c0f18ceb85d63bbd06e97255","isMergeCommit":true,"messageTitle":"Merge pull request #212 from vrisdng/branch-FixUIpng","messageBody":"Update Ui.png","fileTypesAndContributionMap":{}},{"hash":"c35d8ca062d14456ba5c6512720136436db4342b","isMergeCommit":false,"messageTitle":"Update UserGuide.md","messageBody":"","fileTypesAndContributionMap":{"docs":{"insertions":3,"deletions":3}}},{"hash":"7851974cfdd69e1832a02c2aca58f943cac35139","isMergeCommit":true,"messageTitle":"Merge pull request #213 from vrisdng/branch-FixUIpng","messageBody":"Update UserGuide.md","fileTypesAndContributionMap":{}},{"hash":"759267c35a66a644c324d45b97cfd6536d888a47","isMergeCommit":true,"messageTitle":"Merge pull request #214 from jodielzy/branch-fix-DG-bugs","messageBody":"Add \"cd\" into UG instructions","fileTypesAndContributionMap":{}}]}],"datletu":[{"date":"2025-04-06","commitResults":[{"hash":"c39757bea9eaa25dcbeff849ed11753e92d98428","isMergeCommit":false,"messageTitle":"fix the error message when load comment is used and the file is corrupted","messageBody":"","fileTypesAndContributionMap":{"functional-code":{"insertions":6,"deletions":1}}},{"hash":"54ead783acdcfe62a13efa91ada4f0446e52bf72","isMergeCommit":false,"messageTitle":"update userguide for load and save","messageBody":"","fileTypesAndContributionMap":{"docs":{"insertions":4,"deletions":1}}}]},{"date":"2025-04-07","commitResults":[{"hash":"80ce8e4616cba067e4f92dcba9dccbfb1b857df1","isMergeCommit":false,"messageTitle":"changed up the dg and save command empty filename error message","messageBody":"","fileTypesAndContributionMap":{"functional-code":{"insertions":1,"deletions":1},"docs":{"insertions":6,"deletions":4}}},{"hash":"658dce5eee994997cc2f4dd3a56eaf0ed883faa5","isMergeCommit":false,"messageTitle":"add dg about load","messageBody":"","fileTypesAndContributionMap":{"docs":{"insertions":6,"deletions":2}}},{"hash":"cdfcdab09f81deebf91702c96ad196715c88b190","isMergeCommit":false,"messageTitle":"add check for invalid telegram username","messageBody":"update ug to mention that only student ID will\nbe checked for uniqueness\n","fileTypesAndContributionMap":{"functional-code":{"insertions":2,"deletions":1},"docs":{"insertions":2,"deletions":0},"test-code":{"insertions":4,"deletions":0}}}]},{"date":"2025-04-08","commitResults":[{"hash":"95355dae46d90cdf24fd07f4b49aaee63831b632","isMergeCommit":false,"messageTitle":"change dg to remove redo and add load command stuff","messageBody":"","fileTypesAndContributionMap":{"docs":{"insertions":1,"deletions":86}}},{"hash":"19784beeb2788038f95ffa0768bb48b6842d0d79","isMergeCommit":false,"messageTitle":"fix jar file name","messageBody":"","fileTypesAndContributionMap":{"docs":{"insertions":1,"deletions":1}}},{"hash":"a6f3a18f71e196aa2ac465a1cd45e63b04905483","isMergeCommit":false,"messageTitle":"change jar name again","messageBody":"","fileTypesAndContributionMap":{"docs":{"insertions":1,"deletions":1}}},{"hash":"b8e56ec31287812c5924d3f18539bb7ea1ac4bc8","isMergeCommit":true,"messageTitle":"Merge branch \u0027master\u0027 into branch-fix-DG-bugs","messageBody":"","fileTypesAndContributionMap":{}},{"hash":"a8bf1212497b5c0bfa7aa5999a1c81b635e7f20f","isMergeCommit":true,"messageTitle":"Merge pull request #209 from jodielzy/branch-fix-DG-bugs","messageBody":"Add Appendix: Efforts in DG","fileTypesAndContributionMap":{}},{"hash":"c7753e2024a074ad658b46ea1c55a668b32707cf","isMergeCommit":false,"messageTitle":"fix ug for load addressbook","messageBody":"","fileTypesAndContributionMap":{"docs":{"insertions":1,"deletions":0}}},{"hash":"892a98183256837d268d6dce87f490c0bb4553e8","isMergeCommit":true,"messageTitle":"Merge branch \u0027master\u0027 into fixbug3","messageBody":"","fileTypesAndContributionMap":{}},{"hash":"1dc9f6fa1865cc91f4f7761e11a65d8b8e5d4eca","isMergeCommit":true,"messageTitle":"Merge pull request #211 from lilduckling/fixbug3","messageBody":"Update planned enhancements","fileTypesAndContributionMap":{}},{"hash":"4abe2b139f727d1d1a48d126f8ab507f6fe10812","isMergeCommit":true,"messageTitle":"Merge pull request #218 from lilduckling/print","messageBody":"update index","fileTypesAndContributionMap":{}}]}],"jodielzy":[{"date":"2025-04-07","commitResults":[{"hash":"d97f194494bfc3afee895c7c1a30f6aeea4d7161","isMergeCommit":false,"messageTitle":"Update Ui.png on UG","messageBody":"Image on User Guide will now match the actual product.\n","fileTypesAndContributionMap":{"other":{"insertions":1,"deletions":1},"docs":{"insertions":1,"deletions":1}}},{"hash":"ea57956fa2191aac0d9d191f8e95189d23ab3160","isMergeCommit":false,"messageTitle":"Update User Guide","messageBody":"Changed \"persons\" to \"students\"\n","fileTypesAndContributionMap":{"docs":{"insertions":6,"deletions":8}}},{"hash":"92ae94df63b360465ff7aed9dbbcf61812004d2b","isMergeCommit":false,"messageTitle":"Modify the name of app to \"conTAct\"","messageBody":"","fileTypesAndContributionMap":{"functional-code":{"insertions":1,"deletions":1}}},{"hash":"70fc76faa969e5db999ce44c60c913bc7d08171c","isMergeCommit":false,"messageTitle":"Change all \"conTActs\" to \"conTAct\"","messageBody":"","fileTypesAndContributionMap":{"docs":{"insertions":2,"deletions":2}}},{"hash":"5d1c83a782cd4a62b7d0bc3bdef4139914b487c5","isMergeCommit":false,"messageTitle":"Update Use Cases in DG","messageBody":"","fileTypesAndContributionMap":{"docs":{"insertions":203,"deletions":18}}},{"hash":"4693a0d41267cd6d3c0bf1b872cef0e994a8d744","isMergeCommit":false,"messageTitle":"Correct spelling error in DG","messageBody":"","fileTypesAndContributionMap":{"docs":{"insertions":8,"deletions":8}}},{"hash":"1f99677473dd0bed1ed222736444999c74f24f43","isMergeCommit":true,"messageTitle":"Merge pull request #194 from lilduckling/FIXBUG","messageBody":"Fix bug","fileTypesAndContributionMap":{}},{"hash":"c18639f2b39d3ec53b110f279a30e6dc6c86cc0a","isMergeCommit":false,"messageTitle":"Update UG to classify and commands and fix some bugs","messageBody":"","fileTypesAndContributionMap":{"other":{"insertions":1,"deletions":1},"docs":{"insertions":141,"deletions":111}}},{"hash":"c78cec491e31287034e1ada5d39e1c45cfc99416","isMergeCommit":false,"messageTitle":"Update table of content in UG","messageBody":"","fileTypesAndContributionMap":{"docs":{"insertions":1,"deletions":1}}},{"hash":"5631da1a3c84d59e2e0579c5e7f3c32dcd401d28","isMergeCommit":false,"messageTitle":"Update UG","messageBody":"","fileTypesAndContributionMap":{"docs":{"insertions":28,"deletions":32}}},{"hash":"d1afd2d2a901902a98d4bc69ea43fdacb6664e4b","isMergeCommit":true,"messageTitle":"Merge pull request #196 from lilduckling/fixbug2","messageBody":"fix more bug","fileTypesAndContributionMap":{}},{"hash":"02d855fbd923372f15fbe9d3caa26f6263afe28a","isMergeCommit":true,"messageTitle":"Merge pull request #198 from vrisdng/branch-FixUG-Mai","messageBody":"Modify the standout in add section","fileTypesAndContributionMap":{}},{"hash":"bc1bcfa30e5efb4d8a9bc2245d9b37a8a236fecb","isMergeCommit":false,"messageTitle":"Fix DG Bug of \"unscrollable bar\"","messageBody":"","fileTypesAndContributionMap":{"docs":{"insertions":3,"deletions":1}}}]},{"date":"2025-04-08","commitResults":[{"hash":"0fec956b28155e635c3039658f55ea7a4b4e004e","isMergeCommit":true,"messageTitle":"Merge pull request #199 from vrisdng/branch-FixUG-Mai","messageBody":"Update UserGuide.md","fileTypesAndContributionMap":{}},{"hash":"f43ca7d5d86de18ad5249be57567b39c41d5cb48","isMergeCommit":true,"messageTitle":"Merge pull request #202 from lilduckling/fixbug3","messageBody":"fix readme and config","fileTypesAndContributionMap":{}},{"hash":"195b5a7651565e2acff2a3b4e849fcd9c436e52f","isMergeCommit":true,"messageTitle":"Merge pull request #203 from lilduckling/fixbug3","messageBody":"fix link in UG","fileTypesAndContributionMap":{}},{"hash":"3878d4d147b7faefce1c1c6a27b0ee4f5859a21c","isMergeCommit":false,"messageTitle":"Fix duplicate Glossary and unscrollable bar","messageBody":"","fileTypesAndContributionMap":{"docs":{"insertions":2,"deletions":2}}},{"hash":"8a9a68f20efc1551a15b30ef3a7028cad62ad1f6","isMergeCommit":true,"messageTitle":"Merge pull request #206 from datletu/master","messageBody":"change dg to remove redo and add load command stuff","fileTypesAndContributionMap":{}},{"hash":"c69017c895313b602f02b705d24ee435bccdd653","isMergeCommit":true,"messageTitle":"Merge pull request #207 from lilduckling/fixbug3","messageBody":"Update UI pic","fileTypesAndContributionMap":{}},{"hash":"88441a93351ad28acd9e6a286cd12515a0e80b10","isMergeCommit":false,"messageTitle":"Add Appendix: Efforts in DG","messageBody":"","fileTypesAndContributionMap":{"docs":{"insertions":35,"deletions":2}}},{"hash":"e26edd38e66b91fab6b9b90308b1ece8ab7946ac","isMergeCommit":false,"messageTitle":"Update jar file name","messageBody":"","fileTypesAndContributionMap":{"docs":{"insertions":1,"deletions":1}}},{"hash":"07c8478c6518dd77c4a7d73e4b764d7e15d4c91e","isMergeCommit":true,"messageTitle":"Merge pull request #208 from datletu/master","messageBody":"fix jar file name","fileTypesAndContributionMap":{}},{"hash":"24ac3a2a614b405901b28cc9b66ee7fe1c55d1ac","isMergeCommit":false,"messageTitle":"Add \"cd\" into UG instructions","messageBody":"","fileTypesAndContributionMap":{"other":{"insertions":1,"deletions":1},"docs":{"insertions":5,"deletions":3}}},{"hash":"c845fcca4ecfbb640a96d029238cb4cbbff39be4","isMergeCommit":false,"messageTitle":"Update UG","messageBody":"","fileTypesAndContributionMap":{"docs":{"insertions":1,"deletions":1}}},{"hash":"31965ada4217d70b3ea0cdb6162f9032fa870cb1","isMergeCommit":true,"messageTitle":"Merge pull request #216 from lilduckling/Fix-UML","messageBody":"Fix UML","fileTypesAndContributionMap":{}}]}]},"authorFileTypeContributionMap":{"lilduckling":{"docs":126,"functional-code":1,"test-code":0,"other":3},"vrisdng":{"docs":17,"functional-code":40,"test-code":10},"datletu":{"docs":14,"functional-code":9,"test-code":4},"jodielzy":{"docs":328,"functional-code":1,"test-code":0,"other":1}},"authorContributionVariance":{"lilduckling":9441.6875,"vrisdng":1923.6875,"datletu":1256.6875,"jodielzy":59865.5},"authorDisplayNameMap":{"lilduckling":"CS2103T-F14-1 NGUY.. DUC","vrisdng":"CS2103T-F14-1 DUON.. MAI","datletu":"CS2103T-F14-1 LE T.. DAT","jodielzy":"CS2103T-F14-1 JODI..YING"}}
