{"authorDailyContributionsMap":{"lilduckling":[{"date":"2025-04-07","commitResults":[{"hash":"077b41364ff5b3191acad335b62b32cac512a0b9","isMergeCommit":true,"messageTitle":"Merge pull request #192 from jodielzy/branch-UG-matchUi","messageBody":"Update Ui.png on UG","fileTypesAndContributionMap":{}},{"hash":"24207a26c5a110412be0d378b8fcf657c7b0d40c","isMergeCommit":true,"messageTitle":"Merge pull request #193 from datletu/telegram-bug","messageBody":"Telegram bug","fileTypesAndContributionMap":{}},{"hash":"f4e5ea7f86b54c0c1e0e1715286b8330c9e6b476","isMergeCommit":true,"messageTitle":"Merge pull request #190 from vrisdng/branch-FixAddIssues","messageBody":"Fix the issues related to add command and UG/DG","fileTypesAndContributionMap":{}}]}],"vrisdng":[{"date":"2025-04-06","commitResults":[{"hash":"1fdad2341306079935e593749d3df97cf85531fa","isMergeCommit":false,"messageTitle":"Fix #140","messageBody":"Error message should give more precise description: conTAct not address book.\n","fileTypesAndContributionMap":{"functional-code":{"insertions":1,"deletions":1}}},{"hash":"4746cb5bdf584ee71d8b7dc376e30f2a84adf651","isMergeCommit":false,"messageTitle":"Fix #142","messageBody":"","fileTypesAndContributionMap":{"functional-code":{"insertions":3,"deletions":4},"docs":{"insertions":4,"deletions":4}}},{"hash":"95a7bc4ea319270ca1e923289c00b83af84ef6d0","isMergeCommit":false,"messageTitle":"Fix #146","messageBody":"","fileTypesAndContributionMap":{"docs":{"insertions":2,"deletions":2}}},{"hash":"47aa0fff701b920776c1f2c06126b56830c7be6a","isMergeCommit":false,"messageTitle":"Fix #158","messageBody":"","fileTypesAndContributionMap":{"docs":{"insertions":7,"deletions":0}}},{"hash":"65833033f41d4169d915bc61b1d717ef1eac0378","isMergeCommit":false,"messageTitle":"Fix #159","messageBody":"","fileTypesAndContributionMap":{"functional-code":{"insertions":1,"deletions":1}}},{"hash":"887cddcf9d60d5aa33a58fec5e40284ee0ffb8f8","isMergeCommit":false,"messageTitle":"Fix #163","messageBody":"","fileTypesAndContributionMap":{"functional-code":{"insertions":2,"deletions":2},"docs":{"insertions":5,"deletions":4}}}]},{"date":"2025-04-07","commitResults":[{"hash":"57a4006e6ddfd091b6faa20fd4f7a09425cc62ce","isMergeCommit":false,"messageTitle":"Fix #130","messageBody":"","fileTypesAndContributionMap":{"functional-code":{"insertions":13,"deletions":7},"docs":{"insertions":1,"deletions":1}}},{"hash":"6e21b44b658da9153bfe9e53dd1fc51543b26205","isMergeCommit":false,"messageTitle":"Fix checkstyle and tests","messageBody":"","fileTypesAndContributionMap":{"functional-code":{"insertions":22,"deletions":3},"test-code":{"insertions":10,"deletions":6}}},{"hash":"334c7420022a589ac2d006a130bb9f218561a26f","isMergeCommit":true,"messageTitle":"Merge branch \u0027master\u0027 into branch-FixAddIssues","messageBody":"","fileTypesAndContributionMap":{}}]}],"datletu":[{"date":"2025-04-06","commitResults":[{"hash":"c39757bea9eaa25dcbeff849ed11753e92d98428","isMergeCommit":false,"messageTitle":"fix the error message when load comment is used and the file is corrupted","messageBody":"","fileTypesAndContributionMap":{"functional-code":{"insertions":6,"deletions":1}}},{"hash":"54ead783acdcfe62a13efa91ada4f0446e52bf72","isMergeCommit":false,"messageTitle":"update userguide for load and save","messageBody":"","fileTypesAndContributionMap":{"docs":{"insertions":4,"deletions":1}}}]},{"date":"2025-04-07","commitResults":[{"hash":"80ce8e4616cba067e4f92dcba9dccbfb1b857df1","isMergeCommit":false,"messageTitle":"changed up the dg and save command empty filename error message","messageBody":"","fileTypesAndContributionMap":{"functional-code":{"insertions":1,"deletions":1},"docs":{"insertions":6,"deletions":4}}},{"hash":"658dce5eee994997cc2f4dd3a56eaf0ed883faa5","isMergeCommit":false,"messageTitle":"add dg about load","messageBody":"","fileTypesAndContributionMap":{"docs":{"insertions":6,"deletions":2}}},{"hash":"cdfcdab09f81deebf91702c96ad196715c88b190","isMergeCommit":false,"messageTitle":"add check for invalid telegram username","messageBody":"update ug to mention that only student ID will\nbe checked for uniqueness\n","fileTypesAndContributionMap":{"functional-code":{"insertions":2,"deletions":1},"docs":{"insertions":2,"deletions":0},"test-code":{"insertions":4,"deletions":0}}}]}],"jodielzy":[{"date":"2025-04-07","commitResults":[{"hash":"d97f194494bfc3afee895c7c1a30f6aeea4d7161","isMergeCommit":false,"messageTitle":"Update Ui.png on UG","messageBody":"Image on User Guide will now match the actual product.\n","fileTypesAndContributionMap":{"other":{"insertions":1,"deletions":1},"docs":{"insertions":1,"deletions":1}}},{"hash":"ea57956fa2191aac0d9d191f8e95189d23ab3160","isMergeCommit":false,"messageTitle":"Update User Guide","messageBody":"Changed \"persons\" to \"students\"\n","fileTypesAndContributionMap":{"docs":{"insertions":6,"deletions":8}}},{"hash":"92ae94df63b360465ff7aed9dbbcf61812004d2b","isMergeCommit":false,"messageTitle":"Modify the name of app to \"conTAct\"","messageBody":"","fileTypesAndContributionMap":{"functional-code":{"insertions":1,"deletions":1}}},{"hash":"70fc76faa969e5db999ce44c60c913bc7d08171c","isMergeCommit":false,"messageTitle":"Change all \"conTActs\" to \"conTAct\"","messageBody":"","fileTypesAndContributionMap":{"docs":{"insertions":2,"deletions":2}}},{"hash":"5d1c83a782cd4a62b7d0bc3bdef4139914b487c5","isMergeCommit":false,"messageTitle":"Update Use Cases in DG","messageBody":"","fileTypesAndContributionMap":{"docs":{"insertions":203,"deletions":18}}},{"hash":"4693a0d41267cd6d3c0bf1b872cef0e994a8d744","isMergeCommit":false,"messageTitle":"Correct spelling error in DG","messageBody":"","fileTypesAndContributionMap":{"docs":{"insertions":8,"deletions":8}}}]}]},"authorFileTypeContributionMap":{"lilduckling":{"docs":0,"functional-code":0,"test-code":0},"vrisdng":{"docs":16,"functional-code":40,"test-code":10},"datletu":{"docs":18,"functional-code":9,"test-code":4},"jodielzy":{"docs":213,"functional-code":1,"test-code":0,"other":1}},"authorContributionVariance":{"lilduckling":0.0,"vrisdng":690.8889,"datletu":141.55556,"jodielzy":15138.0},"authorDisplayNameMap":{"lilduckling":"CS2103T-F14-1 NGUY.. DUC","vrisdng":"CS2103T-F14-1 DUON.. MAI","datletu":"CS2103T-F14-1 LE T.. DAT","jodielzy":"CS2103T-F14-1 JODI..YING"}}
