{"authorDailyContributionsMap":{"lilduckling":[{"date":"2025-04-07","commitResults":[{"hash":"077b41364ff5b3191acad335b62b32cac512a0b9","isMergeCommit":true,"messageTitle":"Merge pull request #192 from jodielzy/branch-UG-matchUi","messageBody":"Update Ui.png on UG","fileTypesAndContributionMap":{}},{"hash":"24207a26c5a110412be0d378b8fcf657c7b0d40c","isMergeCommit":true,"messageTitle":"Merge pull request #193 from datletu/telegram-bug","messageBody":"Telegram bug","fileTypesAndContributionMap":{}}]}],"vrisdng":[],"datletu":[{"date":"2025-04-06","commitResults":[{"hash":"c39757bea9eaa25dcbeff849ed11753e92d98428","isMergeCommit":false,"messageTitle":"fix the error message when load comment is used and the file is corrupted","messageBody":"","fileTypesAndContributionMap":{"functional-code":{"insertions":6,"deletions":1}}},{"hash":"54ead783acdcfe62a13efa91ada4f0446e52bf72","isMergeCommit":false,"messageTitle":"update userguide for load and save","messageBody":"","fileTypesAndContributionMap":{"docs":{"insertions":4,"deletions":1}}}]},{"date":"2025-04-07","commitResults":[{"hash":"80ce8e4616cba067e4f92dcba9dccbfb1b857df1","isMergeCommit":false,"messageTitle":"changed up the dg and save command empty filename error message","messageBody":"","fileTypesAndContributionMap":{"functional-code":{"insertions":1,"deletions":1},"docs":{"insertions":6,"deletions":4}}},{"hash":"658dce5eee994997cc2f4dd3a56eaf0ed883faa5","isMergeCommit":false,"messageTitle":"add dg about load","messageBody":"","fileTypesAndContributionMap":{"docs":{"insertions":6,"deletions":2}}},{"hash":"cdfcdab09f81deebf91702c96ad196715c88b190","isMergeCommit":false,"messageTitle":"add check for invalid telegram username","messageBody":"update ug to mention that only student ID will\nbe checked for uniqueness\n","fileTypesAndContributionMap":{"functional-code":{"insertions":2,"deletions":1},"docs":{"insertions":2,"deletions":0},"test-code":{"insertions":4,"deletions":0}}}]}],"jodielzy":[{"date":"2025-04-07","commitResults":[{"hash":"d97f194494bfc3afee895c7c1a30f6aeea4d7161","isMergeCommit":false,"messageTitle":"Update Ui.png on UG","messageBody":"Image on User Guide will now match the actual product.\n","fileTypesAndContributionMap":{"other":{"insertions":1,"deletions":1},"docs":{"insertions":1,"deletions":1}}},{"hash":"ea57956fa2191aac0d9d191f8e95189d23ab3160","isMergeCommit":false,"messageTitle":"Update User Guide","messageBody":"Changed \"persons\" to \"students\"\n","fileTypesAndContributionMap":{"docs":{"insertions":6,"deletions":8}}},{"hash":"92ae94df63b360465ff7aed9dbbcf61812004d2b","isMergeCommit":false,"messageTitle":"Modify the name of app to \"conTAct\"","messageBody":"","fileTypesAndContributionMap":{"functional-code":{"insertions":1,"deletions":1}}},{"hash":"70fc76faa969e5db999ce44c60c913bc7d08171c","isMergeCommit":false,"messageTitle":"Change all \"conTActs\" to \"conTAct\"","messageBody":"","fileTypesAndContributionMap":{"docs":{"insertions":2,"deletions":2}}},{"hash":"5d1c83a782cd4a62b7d0bc3bdef4139914b487c5","isMergeCommit":false,"messageTitle":"Update Use Cases in DG","messageBody":"","fileTypesAndContributionMap":{"docs":{"insertions":203,"deletions":18}}},{"hash":"4693a0d41267cd6d3c0bf1b872cef0e994a8d744","isMergeCommit":false,"messageTitle":"Correct spelling error in DG","messageBody":"","fileTypesAndContributionMap":{"docs":{"insertions":8,"deletions":8}}}]}]},"authorFileTypeContributionMap":{"lilduckling":{"docs":0,"functional-code":0,"test-code":0},"vrisdng":{"docs":0,"functional-code":0,"test-code":0},"datletu":{"docs":18,"functional-code":9,"test-code":4},"jodielzy":{"docs":214,"functional-code":1,"test-code":0,"other":1}},"authorContributionVariance":{"lilduckling":0.0,"vrisdng":0.0,"datletu":141.55556,"jodielzy":15138.0},"authorDisplayNameMap":{"lilduckling":"CS2103T-F14-1 NGUY.. DUC","vrisdng":"CS2103T-F14-1 DUON.. MAI","datletu":"CS2103T-F14-1 LE T.. DAT","jodielzy":"CS2103T-F14-1 JODI..YING"}}
