{"authorDailyContributionsMap":{"zeotheburrito":[],"m0destly":[],"deannapoh":[],"nat-ong555":[],"Ditzchann":[]},"authorFileTypeContributionMap":{"zeotheburrito":{"docs":0,"functional-code":0,"test-code":0},"m0destly":{"docs":0,"functional-code":0,"test-code":0},"deannapoh":{"docs":0,"functional-code":0,"test-code":0},"nat-ong555":{"docs":0,"functional-code":0,"test-code":0},"Ditzchann":{"docs":0,"functional-code":0,"test-code":0}},"authorContributionVariance":{"zeotheburrito":0.0,"m0destly":0.0,"deannapoh":0.0,"nat-ong555":0.0,"Ditzchann":0.0},"authorDisplayNameMap":{"zeotheburrito":"CS2103T-F13-3 WONG..NWEI","m0destly":"CS2103T-F13-3 LAM ..HONG","deannapoh":"CS2103T-F13-3 POH ..ANNA","nat-ong555":"CS2103T-F13-3 ONG ..ALIE","Ditzchann":"CS2103T-F13-3 CALE.. ZHE"}}
