{"authorDailyContributionsMap":{"zeotheburrito":[{"date":"2025-04-07","commitResults":[{"hash":"5d8633115e88e87db190322cd8ac77fa4698d38a","isMergeCommit":false,"messageTitle":"Set limit for tag offset from -4 to +4","messageBody":"","fileTypesAndContributionMap":{"functional-code":{"insertions":8,"deletions":0}}},{"hash":"27a6354d827fcc960f9876edbd296855407586ed","isMergeCommit":false,"messageTitle":"Update UG errors and to explain tag offset limit","messageBody":"","fileTypesAndContributionMap":{"docs":{"insertions":7,"deletions":4}}},{"hash":"24d8a9f824db68821d097ce63ea87001a0c4bcc7","isMergeCommit":true,"messageTitle":"Merge branch \u0027master\u0027 into branch-TagLimit","messageBody":"","fileTypesAndContributionMap":{}},{"hash":"bce8b8061e50eebc4445486dee6dfdf7fcc65e34","isMergeCommit":true,"messageTitle":"Merge pull request #287 from zeotheburrito/branch-TagLimit","messageBody":"Add tag offset limit and update description in UG","fileTypesAndContributionMap":{}}]}],"m0destly":[{"date":"2025-04-06","commitResults":[{"hash":"555567cdaf350f425f5e78da891addb562515618","isMergeCommit":false,"messageTitle":"Add note indicator in personCard and fix copy bug","messageBody":"","fileTypesAndContributionMap":{"functional-code":{"insertions":36,"deletions":22}}}]},{"date":"2025-04-07","commitResults":[{"hash":"3132aa93799febac50b601c360f624e8655a6b51","isMergeCommit":false,"messageTitle":"Update save message","messageBody":"","fileTypesAndContributionMap":{"functional-code":{"insertions":2,"deletions":1}}},{"hash":"0730e96a3d240ca36df837de76d19831860f9559","isMergeCommit":false,"messageTitle":"Change save message","messageBody":"","fileTypesAndContributionMap":{"functional-code":{"insertions":1,"deletions":1}}},{"hash":"5e3681532dd89188192fdb8f61a60c0ddf548408","isMergeCommit":false,"messageTitle":"Update the message","messageBody":"","fileTypesAndContributionMap":{"functional-code":{"insertions":1,"deletions":1}}},{"hash":"5fd69522a887cb1f2dafe98531fe8145681e5776","isMergeCommit":false,"messageTitle":"Specify commands must be successful","messageBody":"","fileTypesAndContributionMap":{"functional-code":{"insertions":1,"deletions":1}}},{"hash":"709f91ee6ac354a1ab95772ba13fa9b4e9cc7b15","isMergeCommit":true,"messageTitle":"Merge pull request #286 from m0destly/updateSave","messageBody":"Update save message","fileTypesAndContributionMap":{}},{"hash":"5bee4b43c4cd989b4729b31554b3674628bb932e","isMergeCommit":false,"messageTitle":"Update JavaDocs","messageBody":"","fileTypesAndContributionMap":{"functional-code":{"insertions":3,"deletions":3}}},{"hash":"a8399960bb166b1885b8849e0dbc9db08a563d80","isMergeCommit":true,"messageTitle":"Merge pull request #292 from m0destly/fixNote","messageBody":"Add note indicator in personCard and fix copy bug","fileTypesAndContributionMap":{}}]}],"deannapoh":[{"date":"2025-04-06","commitResults":[{"hash":"0203e9225b46764259a6cc4b8e2d723d76772c61","isMergeCommit":false,"messageTitle":"Fix bugs in add command from PE-D","messageBody":"","fileTypesAndContributionMap":{"functional-code":{"insertions":5,"deletions":4}}},{"hash":"4bcfe0620b1dbfc8d575b6749b0cbdec71b0fbdf","isMergeCommit":false,"messageTitle":"Edit tests","messageBody":"","fileTypesAndContributionMap":{"test-code":{"insertions":48,"deletions":15}}},{"hash":"b2731a0e045a8a1e3d1fc6b506a29eaec30325e1","isMergeCommit":false,"messageTitle":"Fix checkstyle errors","messageBody":"","fileTypesAndContributionMap":{"test-code":{"insertions":3,"deletions":3}}},{"hash":"2194903e0d1c4cf1a1b91cbb1a5cbcda93adefb7","isMergeCommit":false,"messageTitle":"Fix checkstyle error","messageBody":"","fileTypesAndContributionMap":{"test-code":{"insertions":1,"deletions":1}}},{"hash":"d1a8e02b68676e69c4b670274401349af60529db","isMergeCommit":false,"messageTitle":"Edit UserGuide.md","messageBody":"","fileTypesAndContributionMap":{"docs":{"insertions":55,"deletions":27}}},{"hash":"b2b298a3809b2ed254b1636f5d0e12c1c3c044b1","isMergeCommit":false,"messageTitle":"Fix error message","messageBody":"","fileTypesAndContributionMap":{"functional-code":{"insertions":1,"deletions":1}}},{"hash":"cfd6c8aceb0e7420daa81c34082777cb06b608f6","isMergeCommit":false,"messageTitle":"Edit Add Command in UserGuide.md","messageBody":"","fileTypesAndContributionMap":{"docs":{"insertions":10,"deletions":8}}},{"hash":"6ec253184a1871f27f8b2f1416174d0c1da3afed","isMergeCommit":false,"messageTitle":"Edit error message in Email.java so that it is clearer","messageBody":"","fileTypesAndContributionMap":{"functional-code":{"insertions":1,"deletions":1}}},{"hash":"f8358d879aab9450a16b617ac82f0cf114ff2f15","isMergeCommit":false,"messageTitle":"Add hyperlinks to command summary","messageBody":"","fileTypesAndContributionMap":{"docs":{"insertions":37,"deletions":32}}}]},{"date":"2025-04-07","commitResults":[{"hash":"f599c476d1507c8bbb9902b90c1ba1a6c4d03cbe","isMergeCommit":false,"messageTitle":"Add acknowledgements and fix links in DeveloperGuide.md","messageBody":"","fileTypesAndContributionMap":{"docs":{"insertions":7,"deletions":7}}},{"hash":"d73dd3d375547209fe9b89c23d46061d801e7f11","isMergeCommit":false,"messageTitle":"Edit hyperlinks and add acknowledgement and use case in DG","messageBody":"","fileTypesAndContributionMap":{"docs":{"insertions":93,"deletions":12}}},{"hash":"9d5c03db83cdcc293472df82b1288945b15f3394","isMergeCommit":false,"messageTitle":"Add additional details for clear command in UG","messageBody":"","fileTypesAndContributionMap":{"docs":{"insertions":4,"deletions":1}}},{"hash":"6a2dd91099c4e8ab52b7dd7f9478f328c091a5e1","isMergeCommit":true,"messageTitle":"Merge pull request #285 from deannapoh/fix-DG-after-PE-D","messageBody":"DG: Add acknowledgements; Edit hyperlinks; Add use case for add, list, edit and find command ","fileTypesAndContributionMap":{}},{"hash":"96879a33e19cb45b62cd524356998d8930c3905e","isMergeCommit":false,"messageTitle":"Use suggestions from PR","messageBody":"","fileTypesAndContributionMap":{"functional-code":{"insertions":3,"deletions":2}}},{"hash":"9b13095b0f11fd7f3d616f7a886a68f83bde0544","isMergeCommit":true,"messageTitle":"Merge pull request #280 from deannapoh/fix-bugs-from-pe-d","messageBody":"Fix bugs for Add Command from PE-D","fileTypesAndContributionMap":{}},{"hash":"e77b07c480371d7809af81f3b4e0ff47f4782626","isMergeCommit":false,"messageTitle":"Fix typos in UserGuide.md","messageBody":"","fileTypesAndContributionMap":{"docs":{"insertions":1,"deletions":1}}},{"hash":"9fcd751bfb11e94f6b4a25d2a524b8f139fae4ba","isMergeCommit":true,"messageTitle":"Merge pull request #281 from deannapoh/fix-UG-after-PE-D","messageBody":"Fix Add Command part of UG ","fileTypesAndContributionMap":{}},{"hash":"2b5ee0978085a7c56fdb91f9f629c5e969714e3e","isMergeCommit":true,"messageTitle":"Merge branch \u0027fix-DG-after-PE-D\u0027","messageBody":"","fileTypesAndContributionMap":{}},{"hash":"b01c75fba9ecdd88eb0be550ae68b272d195f2f6","isMergeCommit":false,"messageTitle":"Make directions clearer when 2 people have the same name","messageBody":"","fileTypesAndContributionMap":{"functional-code":{"insertions":1,"deletions":1}}},{"hash":"167d485e744ea603ac8093b2085eedf230163864","isMergeCommit":true,"messageTitle":"Merge branch \u0027AY2425S2-CS2103T-F13-3:master\u0027 into master","messageBody":"","fileTypesAndContributionMap":{}},{"hash":"1514fc269941c0f450d81605539d9de97d66844c","isMergeCommit":true,"messageTitle":"Merge pull request #289 from deannapoh/make-error-message-clearer","messageBody":"Edit message on what user should do when there are duplicate names so it is clearer","fileTypesAndContributionMap":{}},{"hash":"cf823fa27c6a08bfa632df54b4adaea8a5046bfc","isMergeCommit":true,"messageTitle":"Merge branch \u0027master\u0027 of https://github.com/deannapoh/tp","messageBody":"","fileTypesAndContributionMap":{}},{"hash":"ec5c88c4046dda8c157ef3f52d0a7031ee2a49c3","isMergeCommit":false,"messageTitle":"Revert definition of duplicates in Add command","messageBody":"","fileTypesAndContributionMap":{"functional-code":{"insertions":20,"deletions":3}}},{"hash":"4bfe878011ba6958262ad99ffb06a8adc12dc13a","isMergeCommit":false,"messageTitle":"Edit User Guide and Developer Guide to reflect revert","messageBody":"","fileTypesAndContributionMap":{"docs":{"insertions":9,"deletions":9}}},{"hash":"9dd4513daccb01f479929567f54cc8e8a23f9cb0","isMergeCommit":false,"messageTitle":"Edit test cases","messageBody":"","fileTypesAndContributionMap":{"test-code":{"insertions":6,"deletions":6}}},{"hash":"051f096aebbd829cfc5f82b10345fd619732abd5","isMergeCommit":false,"messageTitle":"Add note about definition of duplicate persons in intro","messageBody":"","fileTypesAndContributionMap":{"docs":{"insertions":3,"deletions":0}}},{"hash":"bb4e6470639ce228094d8faba98ef15331aeb4f2","isMergeCommit":true,"messageTitle":"Merge pull request #298 from deannapoh/revert-add-command","messageBody":"Revert add command","fileTypesAndContributionMap":{}}]}],"nat-ong555":[{"date":"2025-04-07","commitResults":[{"hash":"1b347d562f32a3f079fd0110fe361721392a9acc","isMergeCommit":false,"messageTitle":"Edit UG","messageBody":"","fileTypesAndContributionMap":{"docs":{"insertions":15,"deletions":10}}},{"hash":"193f5735eda6c01081f2d5fab684b84a8d834b9f","isMergeCommit":false,"messageTitle":"Update formatting styles","messageBody":"","fileTypesAndContributionMap":{"docs":{"insertions":14,"deletions":5}}},{"hash":"3893b5b0825aafecf2f4ab74408016948763c46a","isMergeCommit":false,"messageTitle":"Edit minor details","messageBody":"","fileTypesAndContributionMap":{"docs":{"insertions":2,"deletions":2}}},{"hash":"7908b2f7f745d9eaca126e06cda1d43e41a4ecb8","isMergeCommit":false,"messageTitle":"Edit minor changes","messageBody":"","fileTypesAndContributionMap":{"docs":{"insertions":2,"deletions":1}}},{"hash":"cc9b7a41f5179122cbae7f02b58510996d6d0dc3","isMergeCommit":true,"messageTitle":"Merge branch \u0027master\u0027 into fix-ped","messageBody":"","fileTypesAndContributionMap":{}},{"hash":"20ad073f4d771d04f2614b4fdf84a8f02e44c4f9","isMergeCommit":false,"messageTitle":"Update UserGuide.md","messageBody":"","fileTypesAndContributionMap":{"docs":{"insertions":1,"deletions":1}}},{"hash":"6a6667425bd66d08b969bb90d6ebef7fa1fdb777","isMergeCommit":true,"messageTitle":"Merge pull request #294 from nat-ong555/fix-ped","messageBody":"Update delete, edit, find command in UG","fileTypesAndContributionMap":{}}]}],"Ditzchann":[{"date":"2025-04-06","commitResults":[{"hash":"0541ff7a611a0453f913d9a5cc5f4e3dea3264a3","isMergeCommit":false,"messageTitle":"Handle integer overflow","messageBody":"","fileTypesAndContributionMap":{"functional-code":{"insertions":35,"deletions":10},"test-code":{"insertions":6,"deletions":5}}}]},{"date":"2025-04-07","commitResults":[{"hash":"07f9b0e21870a4daad00b9aa7b1a2cc88c4df772","isMergeCommit":false,"messageTitle":"Add test cases","messageBody":"","fileTypesAndContributionMap":{"test-code":{"insertions":13,"deletions":0}}},{"hash":"04e71fd251d4a5bf9daabc7bb003338d4de8dc11","isMergeCommit":true,"messageTitle":"Merge pull request #282 from Ditzchann/branch-overflow","messageBody":"Fix integer overflow issues","fileTypesAndContributionMap":{}},{"hash":"ef86faa5e26d0dabde14fdf444a5532e67e08ea8","isMergeCommit":false,"messageTitle":"Allow consecutive filter commands to stack","messageBody":"","fileTypesAndContributionMap":{"functional-code":{"insertions":19,"deletions":7},"test-code":{"insertions":5,"deletions":0}}},{"hash":"c3a90cdb99731663dea090cf6f26e1ff50cf4b38","isMergeCommit":false,"messageTitle":"Change date prefix to \"id/\"","messageBody":"","fileTypesAndContributionMap":{"functional-code":{"insertions":1,"deletions":1},"test-code":{"insertions":3,"deletions":3}}},{"hash":"9b723051ab7061ef45f2af09c7550731562742c8","isMergeCommit":true,"messageTitle":"Merge pull request #284 from Ditzchann/branch-dateCommand","messageBody":"Change date prefix to \"id/\"","fileTypesAndContributionMap":{}},{"hash":"efb61fc368daae1df1f0dda6d45073e37a890ecd","isMergeCommit":false,"messageTitle":"Reorder user guide commands","messageBody":"","fileTypesAndContributionMap":{"docs":{"insertions":98,"deletions":56}}},{"hash":"06db408278e332ed972675643b2c2de196a5ea19","isMergeCommit":false,"messageTitle":"Update table of contents","messageBody":"","fileTypesAndContributionMap":{"docs":{"insertions":22,"deletions":20}}},{"hash":"39b40039b98ca7f1b7c462fa915c5e5dc3142050","isMergeCommit":false,"messageTitle":"Update UserGuide.md","messageBody":"","fileTypesAndContributionMap":{"docs":{"insertions":14,"deletions":14}}},{"hash":"c4da4c0083f7b63305438f645872b9aead4eb21b","isMergeCommit":true,"messageTitle":"Merge remote-tracking branch \u0027upstream/master\u0027 into branch-ug","messageBody":"","fileTypesAndContributionMap":{}},{"hash":"335bff142ee3e9ac82ee67ce5079611aa9dd9412","isMergeCommit":true,"messageTitle":"Merge branch \u0027master\u0027 into branch-filterfix","messageBody":"","fileTypesAndContributionMap":{}},{"hash":"12938a613be0e76a9c289ae12c05c6a1f179bd92","isMergeCommit":true,"messageTitle":"Merge pull request #283 from Ditzchann/branch-filterfix","messageBody":"Allow consecutive filter commands to stack","fileTypesAndContributionMap":{}},{"hash":"70a99cc43a92806a849e34fd3016904e78068dff","isMergeCommit":true,"messageTitle":"Merge remote-tracking branch \u0027upstream/master\u0027 into branch-ug","messageBody":"","fileTypesAndContributionMap":{}},{"hash":"8dea3abc1b7b29bfd88264e17afa2e3b68bb8179","isMergeCommit":true,"messageTitle":"Merge pull request #296 from Ditzchann/branch-ug","messageBody":"Edit User Guide","fileTypesAndContributionMap":{}}]}]},"authorFileTypeContributionMap":{"zeotheburrito":{"docs":5,"functional-code":8,"test-code":0},"m0destly":{"docs":0,"functional-code":20,"test-code":0},"deannapoh":{"docs":153,"functional-code":26,"test-code":44},"nat-ong555":{"docs":28,"functional-code":0,"test-code":0},"Ditzchann":{"docs":100,"functional-code":54,"test-code":27}},"authorContributionVariance":{"zeotheburrito":80.22222,"m0destly":604.22217,"deannapoh":11536.223,"nat-ong555":624.2222,"Ditzchann":14190.223},"authorDisplayNameMap":{"zeotheburrito":"CS2103T-F13-3 WONG..NWEI","m0destly":"CS2103T-F13-3 LAM ..HONG","deannapoh":"CS2103T-F13-3 POH ..ANNA","nat-ong555":"CS2103T-F13-3 ONG ..ALIE","Ditzchann":"CS2103T-F13-3 CALE.. ZHE"}}
