{"authorDailyContributionsMap":{"zeotheburrito":[{"date":"2025-04-07","commitResults":[{"hash":"5d8633115e88e87db190322cd8ac77fa4698d38a","isMergeCommit":false,"messageTitle":"Set limit for tag offset from -4 to +4","messageBody":"","fileTypesAndContributionMap":{"functional-code":{"insertions":8,"deletions":0}}},{"hash":"27a6354d827fcc960f9876edbd296855407586ed","isMergeCommit":false,"messageTitle":"Update UG errors and to explain tag offset limit","messageBody":"","fileTypesAndContributionMap":{"docs":{"insertions":7,"deletions":4}}},{"hash":"24d8a9f824db68821d097ce63ea87001a0c4bcc7","isMergeCommit":true,"messageTitle":"Merge branch \u0027master\u0027 into branch-TagLimit","messageBody":"","fileTypesAndContributionMap":{}},{"hash":"bce8b8061e50eebc4445486dee6dfdf7fcc65e34","isMergeCommit":true,"messageTitle":"Merge pull request #287 from zeotheburrito/branch-TagLimit","messageBody":"Add tag offset limit and update description in UG","fileTypesAndContributionMap":{}}]}],"m0destly":[{"date":"2025-04-07","commitResults":[{"hash":"3132aa93799febac50b601c360f624e8655a6b51","isMergeCommit":false,"messageTitle":"Update save message","messageBody":"","fileTypesAndContributionMap":{"functional-code":{"insertions":2,"deletions":1}}},{"hash":"0730e96a3d240ca36df837de76d19831860f9559","isMergeCommit":false,"messageTitle":"Change save message","messageBody":"","fileTypesAndContributionMap":{"functional-code":{"insertions":1,"deletions":1}}},{"hash":"5e3681532dd89188192fdb8f61a60c0ddf548408","isMergeCommit":false,"messageTitle":"Update the message","messageBody":"","fileTypesAndContributionMap":{"functional-code":{"insertions":1,"deletions":1}}},{"hash":"5fd69522a887cb1f2dafe98531fe8145681e5776","isMergeCommit":false,"messageTitle":"Specify commands must be successful","messageBody":"","fileTypesAndContributionMap":{"functional-code":{"insertions":1,"deletions":1}}},{"hash":"709f91ee6ac354a1ab95772ba13fa9b4e9cc7b15","isMergeCommit":true,"messageTitle":"Merge pull request #286 from m0destly/updateSave","messageBody":"Update save message","fileTypesAndContributionMap":{}}]}],"deannapoh":[{"date":"2025-04-06","commitResults":[{"hash":"0203e9225b46764259a6cc4b8e2d723d76772c61","isMergeCommit":false,"messageTitle":"Fix bugs in add command from PE-D","messageBody":"","fileTypesAndContributionMap":{"functional-code":{"insertions":5,"deletions":4}}},{"hash":"4bcfe0620b1dbfc8d575b6749b0cbdec71b0fbdf","isMergeCommit":false,"messageTitle":"Edit tests","messageBody":"","fileTypesAndContributionMap":{"test-code":{"insertions":48,"deletions":15}}},{"hash":"b2731a0e045a8a1e3d1fc6b506a29eaec30325e1","isMergeCommit":false,"messageTitle":"Fix checkstyle errors","messageBody":"","fileTypesAndContributionMap":{"test-code":{"insertions":3,"deletions":3}}},{"hash":"2194903e0d1c4cf1a1b91cbb1a5cbcda93adefb7","isMergeCommit":false,"messageTitle":"Fix checkstyle error","messageBody":"","fileTypesAndContributionMap":{"test-code":{"insertions":1,"deletions":1}}},{"hash":"d1a8e02b68676e69c4b670274401349af60529db","isMergeCommit":false,"messageTitle":"Edit UserGuide.md","messageBody":"","fileTypesAndContributionMap":{"docs":{"insertions":55,"deletions":27}}},{"hash":"b2b298a3809b2ed254b1636f5d0e12c1c3c044b1","isMergeCommit":false,"messageTitle":"Fix error message","messageBody":"","fileTypesAndContributionMap":{"functional-code":{"insertions":1,"deletions":1}}},{"hash":"cfd6c8aceb0e7420daa81c34082777cb06b608f6","isMergeCommit":false,"messageTitle":"Edit Add Command in UserGuide.md","messageBody":"","fileTypesAndContributionMap":{"docs":{"insertions":10,"deletions":8}}},{"hash":"6ec253184a1871f27f8b2f1416174d0c1da3afed","isMergeCommit":false,"messageTitle":"Edit error message in Email.java so that it is clearer","messageBody":"","fileTypesAndContributionMap":{"functional-code":{"insertions":1,"deletions":1}}},{"hash":"f8358d879aab9450a16b617ac82f0cf114ff2f15","isMergeCommit":false,"messageTitle":"Add hyperlinks to command summary","messageBody":"","fileTypesAndContributionMap":{"docs":{"insertions":37,"deletions":32}}}]},{"date":"2025-04-07","commitResults":[{"hash":"f599c476d1507c8bbb9902b90c1ba1a6c4d03cbe","isMergeCommit":false,"messageTitle":"Add acknowledgements and fix links in DeveloperGuide.md","messageBody":"","fileTypesAndContributionMap":{"docs":{"insertions":7,"deletions":7}}},{"hash":"d73dd3d375547209fe9b89c23d46061d801e7f11","isMergeCommit":false,"messageTitle":"Edit hyperlinks and add acknowledgement and use case in DG","messageBody":"","fileTypesAndContributionMap":{"docs":{"insertions":93,"deletions":12}}},{"hash":"9d5c03db83cdcc293472df82b1288945b15f3394","isMergeCommit":false,"messageTitle":"Add additional details for clear command in UG","messageBody":"","fileTypesAndContributionMap":{"docs":{"insertions":4,"deletions":1}}},{"hash":"6a2dd91099c4e8ab52b7dd7f9478f328c091a5e1","isMergeCommit":true,"messageTitle":"Merge pull request #285 from deannapoh/fix-DG-after-PE-D","messageBody":"DG: Add acknowledgements; Edit hyperlinks; Add use case for add, list, edit and find command ","fileTypesAndContributionMap":{}},{"hash":"96879a33e19cb45b62cd524356998d8930c3905e","isMergeCommit":false,"messageTitle":"Use suggestions from PR","messageBody":"","fileTypesAndContributionMap":{"functional-code":{"insertions":3,"deletions":2}}},{"hash":"9b13095b0f11fd7f3d616f7a886a68f83bde0544","isMergeCommit":true,"messageTitle":"Merge pull request #280 from deannapoh/fix-bugs-from-pe-d","messageBody":"Fix bugs for Add Command from PE-D","fileTypesAndContributionMap":{}},{"hash":"e77b07c480371d7809af81f3b4e0ff47f4782626","isMergeCommit":false,"messageTitle":"Fix typos in UserGuide.md","messageBody":"","fileTypesAndContributionMap":{"docs":{"insertions":1,"deletions":1}}},{"hash":"9fcd751bfb11e94f6b4a25d2a524b8f139fae4ba","isMergeCommit":true,"messageTitle":"Merge pull request #281 from deannapoh/fix-UG-after-PE-D","messageBody":"Fix Add Command part of UG ","fileTypesAndContributionMap":{}}]}],"nat-ong555":[],"Ditzchann":[{"date":"2025-04-06","commitResults":[{"hash":"0541ff7a611a0453f913d9a5cc5f4e3dea3264a3","isMergeCommit":false,"messageTitle":"Handle integer overflow","messageBody":"","fileTypesAndContributionMap":{"functional-code":{"insertions":35,"deletions":10},"test-code":{"insertions":6,"deletions":5}}}]},{"date":"2025-04-07","commitResults":[{"hash":"07f9b0e21870a4daad00b9aa7b1a2cc88c4df772","isMergeCommit":false,"messageTitle":"Add test cases","messageBody":"","fileTypesAndContributionMap":{"test-code":{"insertions":13,"deletions":0}}},{"hash":"04e71fd251d4a5bf9daabc7bb003338d4de8dc11","isMergeCommit":true,"messageTitle":"Merge pull request #282 from Ditzchann/branch-overflow","messageBody":"Fix integer overflow issues","fileTypesAndContributionMap":{}},{"hash":"c3a90cdb99731663dea090cf6f26e1ff50cf4b38","isMergeCommit":false,"messageTitle":"Change date prefix to \"id/\"","messageBody":"","fileTypesAndContributionMap":{"functional-code":{"insertions":1,"deletions":1},"test-code":{"insertions":3,"deletions":3}}},{"hash":"9b723051ab7061ef45f2af09c7550731562742c8","isMergeCommit":true,"messageTitle":"Merge pull request #284 from Ditzchann/branch-dateCommand","messageBody":"Change date prefix to \"id/\"","fileTypesAndContributionMap":{}}]}]},"authorFileTypeContributionMap":{"zeotheburrito":{"docs":5,"functional-code":8,"test-code":0},"m0destly":{"docs":0,"functional-code":2,"test-code":0},"deannapoh":{"docs":170,"functional-code":6,"test-code":48},"nat-ong555":{"docs":0,"functional-code":0,"test-code":0},"Ditzchann":{"docs":0,"functional-code":36,"test-code":22}},"authorContributionVariance":{"zeotheburrito":80.22222,"m0destly":18.0,"deannapoh":10672.667,"nat-ong555":0.0,"Ditzchann":533.5556},"authorDisplayNameMap":{"zeotheburrito":"CS2103T-F13-3 WONG..NWEI","m0destly":"CS2103T-F13-3 LAM ..HONG","deannapoh":"CS2103T-F13-3 POH ..ANNA","nat-ong555":"CS2103T-F13-3 ONG ..ALIE","Ditzchann":"CS2103T-F13-3 CALE.. ZHE"}}
