{"authorDailyContributionsMap":{"zeotheburrito":[],"m0destly":[],"deannapoh":[],"nat-ong555":[],"Ditzchann":[{"date":"2025-04-06","commitResults":[{"hash":"0541ff7a611a0453f913d9a5cc5f4e3dea3264a3","isMergeCommit":false,"messageTitle":"Handle integer overflow","messageBody":"","fileTypesAndContributionMap":{"functional-code":{"insertions":35,"deletions":10},"test-code":{"insertions":6,"deletions":5}}}]},{"date":"2025-04-07","commitResults":[{"hash":"07f9b0e21870a4daad00b9aa7b1a2cc88c4df772","isMergeCommit":false,"messageTitle":"Add test cases","messageBody":"","fileTypesAndContributionMap":{"test-code":{"insertions":13,"deletions":0}}},{"hash":"04e71fd251d4a5bf9daabc7bb003338d4de8dc11","isMergeCommit":true,"messageTitle":"Merge pull request #282 from Ditzchann/branch-overflow","messageBody":"Fix integer overflow issues","fileTypesAndContributionMap":{}}]}]},"authorFileTypeContributionMap":{"zeotheburrito":{"docs":0,"functional-code":0,"test-code":0},"m0destly":{"docs":0,"functional-code":0,"test-code":0},"deannapoh":{"docs":0,"functional-code":0,"test-code":0},"nat-ong555":{"docs":0,"functional-code":0,"test-code":0},"Ditzchann":{"docs":0,"functional-code":35,"test-code":19}},"authorContributionVariance":{"zeotheburrito":0.0,"m0destly":0.0,"deannapoh":0.0,"nat-ong555":0.0,"Ditzchann":572.6667},"authorDisplayNameMap":{"zeotheburrito":"CS2103T-F13-3 WONG..NWEI","m0destly":"CS2103T-F13-3 LAM ..HONG","deannapoh":"CS2103T-F13-3 POH ..ANNA","nat-ong555":"CS2103T-F13-3 ONG ..ALIE","Ditzchann":"CS2103T-F13-3 CALE.. ZHE"}}
