{"authorDailyContributionsMap":{"weien02":[{"date":"2025-04-07","commitResults":[{"hash":"b6203797840a0aadca694258257aa41b106b459a","isMergeCommit":false,"messageTitle":"Add assignment sequence diagram and description","messageBody":"","fileTypesAndContributionMap":{"docs":{"insertions":139,"deletions":1}}},{"hash":"3c5ace755f0b284a56ac70c58281ed4d739c2610","isMergeCommit":false,"messageTitle":"Fix formatting and spelling","messageBody":"","fileTypesAndContributionMap":{"docs":{"insertions":5,"deletions":5}}},{"hash":"8c8223d8e4cb511b967ea0cdf4092e3d135ae8fb","isMergeCommit":false,"messageTitle":"Fix method signature","messageBody":"","fileTypesAndContributionMap":{"docs":{"insertions":1,"deletions":1}}},{"hash":"5993beb040c86d314e5e79c89e72607429f7a7bc","isMergeCommit":true,"messageTitle":"Merge pull request #270 from weien02/update-dg","messageBody":"Add assignment sequence diagram and description to DG","fileTypesAndContributionMap":{}},{"hash":"25f4efb49898061651e0c2ce57c770c634fd035b","isMergeCommit":false,"messageTitle":"Update DG diagrams","messageBody":"","fileTypesAndContributionMap":{"docs":{"insertions":3,"deletions":1}}},{"hash":"9331a352413c8da478d7414cd5962d6eaeb9b942","isMergeCommit":false,"messageTitle":"Update more DG diagrams","messageBody":"","fileTypesAndContributionMap":{"docs":{"insertions":1,"deletions":1}}}]},{"date":"2025-04-08","commitResults":[{"hash":"b09cbfd533550547661cc1b7ad13e9123f5d6039","isMergeCommit":true,"messageTitle":"Merge pull request #274 from weien02/update-dg","messageBody":"Update DG diagrams","fileTypesAndContributionMap":{}}]}],"zwliew":[{"date":"2025-04-06","commitResults":[{"hash":"d452a7b2fd817e3e2819549fc94b2a6220cf2d3f","isMergeCommit":false,"messageTitle":"Discard changes to src/main/java/seedu/address/logic/parser/AddAssignmentCommandParser.java","messageBody":"","fileTypesAndContributionMap":{"functional-code":{"insertions":1,"deletions":1}}},{"hash":"edf5fa21a9f1030c0cc627b610f70697888675cf","isMergeCommit":false,"messageTitle":"EditAssignmentCommandParser: remove changes to penalty parsing","messageBody":"","fileTypesAndContributionMap":{"functional-code":{"insertions":1,"deletions":1}}},{"hash":"3c93b3a3db385ab597dc90acf6ea989e8230db12","isMergeCommit":false,"messageTitle":"ParserUtil: remove penalty parser","messageBody":"","fileTypesAndContributionMap":{"functional-code":{"insertions":0,"deletions":19}}},{"hash":"90c551bb8cfc064ce8b2e6d515b4b9138c71e2ef","isMergeCommit":false,"messageTitle":"fix: remove penalty","messageBody":"","fileTypesAndContributionMap":{"functional-code":{"insertions":11,"deletions":13}}},{"hash":"4d52ef3bb978f46fd122ec925cdac86778afcc4e","isMergeCommit":true,"messageTitle":"Merge pull request #267 from dexterkwxn/fix/remove-grade-assignment","messageBody":"fix: remove grade assignments and penalty; add planned enhancements","fileTypesAndContributionMap":{}},{"hash":"00dbf65b45e76aa2e9d23a91e6b534047033e662","isMergeCommit":false,"messageTitle":"fix(#210): Improve clarity of output for show-group-details","messageBody":"","fileTypesAndContributionMap":{"functional-code":{"insertions":4,"deletions":4}}},{"hash":"29964e53d2d607c96c8cf02c740ef333721d135e","isMergeCommit":false,"messageTitle":"fix(#174): fix edit-group command failing when name is not provided","messageBody":"","fileTypesAndContributionMap":{"functional-code":{"insertions":5,"deletions":4}}},{"hash":"48e0b25832e3d1fb9876657ff7cba53540099d98","isMergeCommit":false,"messageTitle":"fix: Allow group to be edited with the same name","messageBody":"","fileTypesAndContributionMap":{"functional-code":{"insertions":1,"deletions":1}}},{"hash":"e81b873bb8fe4a6b8d708773a624f27ba0569d4c","isMergeCommit":false,"messageTitle":"fix(#197): add UG note stating that name fields are case-sensitive","messageBody":"","fileTypesAndContributionMap":{"docs":{"insertions":3,"deletions":0}}},{"hash":"e12275c8772087fa94fc1fb0a97b4509deec0f6a","isMergeCommit":false,"messageTitle":"fix(#208): constrain phone numbers to 15 digits","messageBody":"","fileTypesAndContributionMap":{"functional-code":{"insertions":2,"deletions":2},"docs":{"insertions":1,"deletions":0}}},{"hash":"72a9d6ddcfbc3f5c02bbd4932bb7794871c3d64b","isMergeCommit":false,"messageTitle":"fix(#233): disallow empty edits for edit-group","messageBody":"","fileTypesAndContributionMap":{"functional-code":{"insertions":3,"deletions":0}}},{"hash":"61afc9191c07611c17a01069e4fe1350ff4c1bbf","isMergeCommit":false,"messageTitle":"fix(#258): refresh the group details list when (un)marking attendance","messageBody":"","fileTypesAndContributionMap":{"functional-code":{"insertions":2,"deletions":0}}},{"hash":"618689f0b34a06d9856481fe5b4fe379d6082652","isMergeCommit":false,"messageTitle":"fix: Remove grade-assignment and penalty from UG","messageBody":"","fileTypesAndContributionMap":{"docs":{"insertions":6,"deletions":26}}},{"hash":"24c876f2eedb3cdf23dd8ddb5b1c6ec77dd9f701","isMergeCommit":false,"messageTitle":"fix(#204/#227): display updated group details after deleting a member","messageBody":"","fileTypesAndContributionMap":{"functional-code":{"insertions":1,"deletions":0}}},{"hash":"e3b253b68470eaf8627850e936bad95a8d6bcbe2","isMergeCommit":false,"messageTitle":"fix: Describe output of (un)mark-attendance and improve UG formatting","messageBody":"","fileTypesAndContributionMap":{"docs":{"insertions":74,"deletions":25}}},{"hash":"c5e315d5910186b66996b080c9be2ad59fe7e70c","isMergeCommit":false,"messageTitle":"fix(#192): Change `P/` prefix to `n/`","messageBody":"","fileTypesAndContributionMap":{"functional-code":{"insertions":2,"deletions":2},"docs":{"insertions":45,"deletions":45}}},{"hash":"b727becea3c05ba53386dde79471b1d90be8b413","isMergeCommit":false,"messageTitle":"fix(#244): copy attendance and assignments over when editing a group","messageBody":"","fileTypesAndContributionMap":{"functional-code":{"insertions":5,"deletions":1}}},{"hash":"17785207bffdf46ac00d2ac27b60fb7449da6ca7","isMergeCommit":false,"messageTitle":"fix(#193): Update the GroupMemberDetail when editing a Person","messageBody":"","fileTypesAndContributionMap":{"functional-code":{"insertions":8,"deletions":3}}},{"hash":"c6c2b8aa57c04b0461a82c2015cefff5392c6a7b","isMergeCommit":false,"messageTitle":"fix(#257): note in UG that group members are assumed to be students","messageBody":"","fileTypesAndContributionMap":{"docs":{"insertions":1,"deletions":0}}},{"hash":"016d49b46033ead1044b01f86a8b48334ce602c6","isMergeCommit":false,"messageTitle":"fix(#259): specify that group and assignment names must be non-empty","messageBody":"","fileTypesAndContributionMap":{"functional-code":{"insertions":2,"deletions":2}}},{"hash":"ca9242bc596c7b32a82111ea0a3ddd2f25d5ca78","isMergeCommit":false,"messageTitle":"fix(#225): rephrase UG examples for `find` and `find-group`","messageBody":"","fileTypesAndContributionMap":{"docs":{"insertions":4,"deletions":4}}}]},{"date":"2025-04-07","commitResults":[{"hash":"2db0e9569d8ed4f8d731a72df06b99f79edb7bc3","isMergeCommit":false,"messageTitle":"fix: Fix checkstyle issues with previous changes","messageBody":"","fileTypesAndContributionMap":{"functional-code":{"insertions":4,"deletions":4}}},{"hash":"064d145d995e16f8883b1c3f61f1690bdb03b2b2","isMergeCommit":false,"messageTitle":"fix(#248): Display up to 999 members in list-group","messageBody":"","fileTypesAndContributionMap":{"functional-code":{"insertions":1,"deletions":1}}},{"hash":"e67628236d86ac1093df291421ea662d0ecc999e","isMergeCommit":false,"messageTitle":"fix(#180): note in the UG that phone numbers need not be unique","messageBody":"","fileTypesAndContributionMap":{"docs":{"insertions":11,"deletions":6}}},{"hash":"aa47256777f2dee6cb4e3e7e079e9b4d283e8e3a","isMergeCommit":false,"messageTitle":"fix(#209): improve error message for invalid and negative indexes","messageBody":"","fileTypesAndContributionMap":{"functional-code":{"insertions":6,"deletions":14},"test-code":{"insertions":4,"deletions":4}}},{"hash":"230053d27f8191a43693e66c8da0c369ff16423e","isMergeCommit":false,"messageTitle":"fix(#238): Nicely format assignment details in add-assignment output","messageBody":"","fileTypesAndContributionMap":{"functional-code":{"insertions":6,"deletions":1}}},{"hash":"5a0b1afcfaf1ed1c711e03284b38880fe48ed60b","isMergeCommit":false,"messageTitle":"fix: Fix checkstyle in DG after previous changes","messageBody":"","fileTypesAndContributionMap":{"docs":{"insertions":2,"deletions":2}}},{"hash":"4675bc065e702f4fbdc6cf5a2a975083c0bcfd81","isMergeCommit":false,"messageTitle":"fix: Allow multiple tags in edit-group","messageBody":"","fileTypesAndContributionMap":{"functional-code":{"insertions":1,"deletions":1}}},{"hash":"6ae7464756894b0d69f7d805e375576a0ba6538d","isMergeCommit":false,"messageTitle":"chore: Add invalid index tests for DeleteGroupCommandParser and EditGroupCommandParser","messageBody":"","fileTypesAndContributionMap":{"test-code":{"insertions":106,"deletions":0}}},{"hash":"3b7a04c7829b01565da2c3439b6133c3c8045351","isMergeCommit":false,"messageTitle":"feat: Properly display group details on any cmd that modifies a group","messageBody":"","fileTypesAndContributionMap":{"functional-code":{"insertions":11,"deletions":6}}},{"hash":"a60dc8c810159db00290fc82d641eacfb221e0da","isMergeCommit":false,"messageTitle":"fix: Clear old tags when updating the DetailBox for show-group-details","messageBody":"","fileTypesAndContributionMap":{"functional-code":{"insertions":1,"deletions":0}}},{"hash":"ec04fdd31753afa1203cc5d1a6d2f780b5af0920","isMergeCommit":false,"messageTitle":"chore: Consolidate common notes about NAME format in UG","messageBody":"","fileTypesAndContributionMap":{"docs":{"insertions":24,"deletions":18}}},{"hash":"10de4d3028d7967613200440cd5c44df6e9c53e7","isMergeCommit":false,"messageTitle":"fix(#219): mention, in the UG, that duplicate tags are merged","messageBody":"","fileTypesAndContributionMap":{"docs":{"insertions":3,"deletions":0}}},{"hash":"f72a47ea5619c388510110bc835e9fc06a40fec6","isMergeCommit":false,"messageTitle":"fix(#173): move `help` to top of command summary in UG","messageBody":"","fileTypesAndContributionMap":{"docs":{"insertions":1,"deletions":1}}},{"hash":"f7dc020234307ffb0c2d8febe616a85a9a2c9eef","isMergeCommit":false,"messageTitle":"fix(#185): introduce the 4 main entities in the intro of the UG","messageBody":"","fileTypesAndContributionMap":{"docs":{"insertions":23,"deletions":6}}},{"hash":"5bfadc3eb3b5b74e644f22f4cccb2974ef9f2824","isMergeCommit":false,"messageTitle":"fix(#217): Validate tags the same way as names","messageBody":"","fileTypesAndContributionMap":{"functional-code":{"insertions":1,"deletions":1},"docs":{"insertions":2,"deletions":2},"test-code":{"insertions":2,"deletions":2}}},{"hash":"48fbffe59207b13b6b98c977fdd56f501762db66","isMergeCommit":false,"messageTitle":"test: Add tests for ParserUtil.parseGroupName","messageBody":"","fileTypesAndContributionMap":{"test-code":{"insertions":23,"deletions":0}}},{"hash":"b92c97cd780a75b2efe086b516e0fb9c66e7ad01","isMergeCommit":false,"messageTitle":"fix(#214): show the user how to find out more about the `find` cmd","messageBody":"","fileTypesAndContributionMap":{"docs":{"insertions":1,"deletions":1}}},{"hash":"1f9b3c8bcefd7f709143a39c2135c44c2b3f4136","isMergeCommit":false,"messageTitle":"chore: Improve phrasing of NAME field constraints","messageBody":"","fileTypesAndContributionMap":{"docs":{"insertions":2,"deletions":5}}},{"hash":"a15934b9334bcf865d5c5311fd548bcaf23df310","isMergeCommit":false,"messageTitle":"fix(#179): swap positions of edit/delete-assignment in UG","messageBody":"","fileTypesAndContributionMap":{"docs":{"insertions":11,"deletions":11}}},{"hash":"cf5251643e21301531d6167d330c5d8287cc32a3","isMergeCommit":false,"messageTitle":"fix(#202): remove repetitive tip on optional tags","messageBody":"","fileTypesAndContributionMap":{"docs":{"insertions":0,"deletions":10}}},{"hash":"06adc564c83eef98f9bb3032b1a541f0ed45ee38","isMergeCommit":false,"messageTitle":"fix(#206): fix minor grammatical mistake in UG","messageBody":"","fileTypesAndContributionMap":{"docs":{"insertions":2,"deletions":2}}},{"hash":"b3e1cff5d494d9ffd3736f3d49f98524d7250898","isMergeCommit":false,"messageTitle":"fix(#176): fix typo in UG","messageBody":"","fileTypesAndContributionMap":{"docs":{"insertions":1,"deletions":1}}},{"hash":"6065ff2a0a383041eae7507e04b360d8ba3f9d93","isMergeCommit":false,"messageTitle":"fix(#235): reorder glossary terms in DG by alphabetical order","messageBody":"","fileTypesAndContributionMap":{"docs":{"insertions":7,"deletions":4}}},{"hash":"e0312edbc41daf00cf078e486419a378ea7e51a2","isMergeCommit":false,"messageTitle":"fix: convert h4 headings bolded text to remove it from the ToC","messageBody":"","fileTypesAndContributionMap":{"docs":{"insertions":39,"deletions":39}}},{"hash":"0aa60d86c2a53091123b15ff0e494079ebd3fabd","isMergeCommit":true,"messageTitle":"Merge pull request #269 from zwliew/fix/bug-fixes-zwliew","messageBody":"fix: Fix most code-related and some doc-related bug reports","fileTypesAndContributionMap":{}}]},{"date":"2025-04-08","commitResults":[{"hash":"7db197f13dac0f516c1119edfe331edf34b0632e","isMergeCommit":false,"messageTitle":"fix: Fix typo in UG","messageBody":"","fileTypesAndContributionMap":{"docs":{"insertions":1,"deletions":1}}},{"hash":"4346973b8660a5d65f97f3de88817ad9aec12a6f","isMergeCommit":false,"messageTitle":"fix: State that apostrophes are valid in names too","messageBody":"","fileTypesAndContributionMap":{"docs":{"insertions":2,"deletions":2}}},{"hash":"5e1600f3a7c15ff96cacf2c70030a9cb3b514f5f","isMergeCommit":false,"messageTitle":"fix(docs): Add images and expected output","messageBody":"","fileTypesAndContributionMap":{"docs":{"insertions":163,"deletions":72}}},{"hash":"6e5bf1e60314a3137291aec56ed8e3fcc45d1dd4","isMergeCommit":false,"messageTitle":"fix: Make show-attendance easier to read by increasing size of window","messageBody":"","fileTypesAndContributionMap":{"functional-code":{"insertions":1,"deletions":1}}},{"hash":"8963012aea79c69ccfcf5d9eaecb78c6cc3f93b4","isMergeCommit":false,"messageTitle":"fix: Show group details when adding/deleting/editing assignment","messageBody":"","fileTypesAndContributionMap":{"functional-code":{"insertions":7,"deletions":6}}},{"hash":"95fac24d643204338b9b8d8f6361b407ee694864","isMergeCommit":false,"messageTitle":"fix: Display assignment details in show-group-details","messageBody":"","fileTypesAndContributionMap":{"functional-code":{"insertions":4,"deletions":1}}},{"hash":"bd817083435dffcb90a286b2ccff10a2b8bfe244","isMergeCommit":false,"messageTitle":"Add iamge of add-assignment to UG","messageBody":"","fileTypesAndContributionMap":{"docs":{"insertions":4,"deletions":2}}},{"hash":"7f7137c9cfdf957ecc07fdb350c021ca81b3d005","isMergeCommit":false,"messageTitle":"fix checkstyle","messageBody":"","fileTypesAndContributionMap":{"functional-code":{"insertions":2,"deletions":1}}},{"hash":"1d80f109277be41b819cc6381465c4db93abb76c","isMergeCommit":false,"messageTitle":"Add a slight brief about the two lists","messageBody":"","fileTypesAndContributionMap":{"docs":{"insertions":4,"deletions":0}}},{"hash":"a740f42ac345b29ea9af7ec2f6d2abf07a8c736b","isMergeCommit":false,"messageTitle":"add before and after images of delete","messageBody":"","fileTypesAndContributionMap":{"docs":{"insertions":9,"deletions":0}}},{"hash":"18b0c08345d3a3dd038b34a18ac61bd51aa81dd6","isMergeCommit":false,"messageTitle":"improve explanation of output for cmds without screenshots","messageBody":"","fileTypesAndContributionMap":{"docs":{"insertions":14,"deletions":6}}},{"hash":"5e8b0c537aa6f83af839a02a1d4a98c5f4e159ef","isMergeCommit":false,"messageTitle":"improve quicks tart guide","messageBody":"","fileTypesAndContributionMap":{"docs":{"insertions":6,"deletions":1}}},{"hash":"68298aeb48e0d8361e5ee39e6b378cea6a2b0873","isMergeCommit":false,"messageTitle":"Fix typo","messageBody":"Co-authored-by: Dexter Kwxn \u003cdexter.kwxn@gmail.com\u003e","fileTypesAndContributionMap":{"docs":{"insertions":1,"deletions":1}}},{"hash":"28cb9057ad22da87cf6082a9eb1f73ff98518fdd","isMergeCommit":false,"messageTitle":"Add known limitation for names","messageBody":"Co-authored-by: Dexter Kwxn \u003cdexter.kwxn@gmail.com\u003e","fileTypesAndContributionMap":{"docs":{"insertions":4,"deletions":0}}},{"hash":"1c6abf45c0740135011a96d0a6a719f5c251aef1","isMergeCommit":false,"messageTitle":"Add Planned enhancement for names in DG","messageBody":"","fileTypesAndContributionMap":{"docs":{"insertions":4,"deletions":0}}},{"hash":"45cda1372e8f64b8f63458504cbf44144a1d43b4","isMergeCommit":false,"messageTitle":"Fix formatting of planned enhancement","messageBody":"","fileTypesAndContributionMap":{"docs":{"insertions":1,"deletions":1}}},{"hash":"d50c9c76cc1ad6b1c256881e44bb79352c798ca9","isMergeCommit":true,"messageTitle":"Merge pull request #272 from zwliew/fix/bug-fixes-zwliew","messageBody":"fix: Fix some UG-related bug reports","fileTypesAndContributionMap":{}},{"hash":"3398967604f1100eb71bb0e12068e368add61ac3","isMergeCommit":false,"messageTitle":"Fix minor typo","messageBody":"","fileTypesAndContributionMap":{"docs":{"insertions":5,"deletions":5}}},{"hash":"0039dda2cd1546d2796ec04c92d635c547f4ed3b","isMergeCommit":true,"messageTitle":"Merge pull request #275 from zwliew/fix/bug-fixes-zwliew","messageBody":"Fix minor typo in UG","tags":["v1.6"],"fileTypesAndContributionMap":{}}]}],"lyhthaddeus":[],"avinazz3":[],"dexterkwxn":[{"date":"2025-04-06","commitResults":[{"hash":"4edd7a9eb886489e62a84c4e9187d4ad515345c2","isMergeCommit":false,"messageTitle":"Add planned enhancements","messageBody":"","fileTypesAndContributionMap":{"docs":{"insertions":23,"deletions":1}}},{"hash":"145e41304f376caa3f1863c117a88109c79ed875","isMergeCommit":false,"messageTitle":"Remove grade assignment; Fix penalty bugs","messageBody":"","fileTypesAndContributionMap":{"functional-code":{"insertions":22,"deletions":6}}},{"hash":"349e13ebb3b6281eed020daa46e2acefa5b77f28","isMergeCommit":false,"messageTitle":"Add checkstyle","messageBody":"","fileTypesAndContributionMap":{"functional-code":{"insertions":5,"deletions":0}}},{"hash":"0d6d2335ec169c722bc111472370367782bf77f7","isMergeCommit":false,"messageTitle":"Fix name validation bug","messageBody":"","fileTypesAndContributionMap":{"functional-code":{"insertions":1,"deletions":1}}},{"hash":"cb9a5aeb2558b87952a848241541c97d6d8d1e40","isMergeCommit":false,"messageTitle":"Fix group name validation bug","messageBody":"","fileTypesAndContributionMap":{"functional-code":{"insertions":1,"deletions":1}}},{"hash":"8b3431f8d330e2dedddc325e7a79cc2af00bd097","isMergeCommit":false,"messageTitle":"Fix regex format so - is escaped properly","messageBody":"","fileTypesAndContributionMap":{"functional-code":{"insertions":1,"deletions":1}}},{"hash":"b53c98551c0cfc6cef76f8fff640f74360a62838","isMergeCommit":false,"messageTitle":"Update docs/DeveloperGuide.md","messageBody":"Co-authored-by: Zhao Wei Liew \u003czhaoweiliew@gmail.com\u003e","fileTypesAndContributionMap":{"docs":{"insertions":1,"deletions":1}}},{"hash":"b38a6b948335504cc2ceb866f94c32d3221d14fc","isMergeCommit":false,"messageTitle":"Update docs/DeveloperGuide.md","messageBody":"Co-authored-by: Zhao Wei Liew \u003czhaoweiliew@gmail.com\u003e","fileTypesAndContributionMap":{"docs":{"insertions":1,"deletions":1}}},{"hash":"a6f82c72285ab26caa2284a6f6fb4b9b646b1791","isMergeCommit":false,"messageTitle":"Update docs/DeveloperGuide.md","messageBody":"Co-authored-by: Zhao Wei Liew \u003czhaoweiliew@gmail.com\u003e","fileTypesAndContributionMap":{"docs":{"insertions":1,"deletions":1}}},{"hash":"cbf9fba6c718ea7c72509fe4c3f3fac394a2264d","isMergeCommit":false,"messageTitle":"Update docs/DeveloperGuide.md","messageBody":"Co-authored-by: Zhao Wei Liew \u003czhaoweiliew@gmail.com\u003e","fileTypesAndContributionMap":{"docs":{"insertions":1,"deletions":1}}},{"hash":"9832265f5816f94caf0f81fb95bbbf7f7b3a7c6c","isMergeCommit":false,"messageTitle":"Update docs/DeveloperGuide.md","messageBody":"Co-authored-by: Zhao Wei Liew \u003czhaoweiliew@gmail.com\u003e","fileTypesAndContributionMap":{"docs":{"insertions":1,"deletions":1}}}]},{"date":"2025-04-07","commitResults":[{"hash":"0b21760766877f24a14375a3c042a92e3ada2cf4","isMergeCommit":false,"messageTitle":"Test css change","messageBody":"","fileTypesAndContributionMap":{"docs":{"insertions":0,"deletions":6}}},{"hash":"f38849e5bcc9682209ddbd9d8d8dcd95cc80a9ce","isMergeCommit":false,"messageTitle":"Fix use cases heading","messageBody":"","fileTypesAndContributionMap":{"docs":{"insertions":1,"deletions":29}}},{"hash":"8aa47840ed4248bced11ce14fb32c220e9195b87","isMergeCommit":false,"messageTitle":"Add Effort and Manual Testing section","messageBody":"","fileTypesAndContributionMap":{"functional-code":{"insertions":2,"deletions":1},"docs":{"insertions":77,"deletions":31}}},{"hash":"eb81a74a514fe5909a9d8db3c2063a2ca04a24a6","isMergeCommit":false,"messageTitle":"Rewrote effort section","messageBody":"","fileTypesAndContributionMap":{"docs":{"insertions":4,"deletions":32}}},{"hash":"0d888e27efee79b3c1d380414174dc591f540b44","isMergeCommit":false,"messageTitle":"Add bold to Use Case header","messageBody":"","fileTypesAndContributionMap":{"docs":{"insertions":1,"deletions":1}}},{"hash":"103123148f18b44b041bad9c051101be1438c344","isMergeCommit":false,"messageTitle":"Change group name error message","messageBody":"","fileTypesAndContributionMap":{"functional-code":{"insertions":4,"deletions":2}}},{"hash":"8ac9f78b720b5c5bc954fe4b2b84b7c5238cc8b3","isMergeCommit":false,"messageTitle":"Add code formatting","messageBody":"","fileTypesAndContributionMap":{"docs":{"insertions":1,"deletions":1}}},{"hash":"88bf05d30deb4924b56781cbeb6bfeeb15a9a75e","isMergeCommit":false,"messageTitle":"Fix indentation","messageBody":"","fileTypesAndContributionMap":{"docs":{"insertions":2,"deletions":2}}},{"hash":"062d9e13f9639c62f77fd51e2580b86b6addde02","isMergeCommit":false,"messageTitle":"Fix even more indentation","messageBody":"","fileTypesAndContributionMap":{"docs":{"insertions":9,"deletions":9}}},{"hash":"6d2239722253a86e33b3afc0fde58c50faf807fd","isMergeCommit":false,"messageTitle":"Add small change in Effort section","messageBody":"","fileTypesAndContributionMap":{"docs":{"insertions":1,"deletions":1}}},{"hash":"709f6089f23a898ceee17482b57a85ad2cdf7cfa","isMergeCommit":false,"messageTitle":"Update docs/DeveloperGuide.md","messageBody":"Co-authored-by: Zhao Wei Liew \u003czhaoweiliew@gmail.com\u003e","fileTypesAndContributionMap":{"docs":{"insertions":1,"deletions":1}}},{"hash":"df8b38023f5a86676bead79feb039a62f3453b57","isMergeCommit":false,"messageTitle":"Update src/main/java/seedu/address/model/group/Group.java","messageBody":"Co-authored-by: Zhao Wei Liew \u003czhaoweiliew@gmail.com\u003e","fileTypesAndContributionMap":{"functional-code":{"insertions":2,"deletions":2}}},{"hash":"2c89ac83e76af98adb371cc118c82ab8abf0adbd","isMergeCommit":false,"messageTitle":"Update docs/DeveloperGuide.md","messageBody":"Co-authored-by: Zhao Wei Liew \u003czhaoweiliew@gmail.com\u003e","fileTypesAndContributionMap":{"docs":{"insertions":1,"deletions":1}}},{"hash":"b43ff4682bd6a8c0a82d3ce8c0fa3f33be362d0b","isMergeCommit":false,"messageTitle":"Update src/main/java/seedu/address/model/person/Name.java","messageBody":"Co-authored-by: Zhao Wei Liew \u003czhaoweiliew@gmail.com\u003e","fileTypesAndContributionMap":{"functional-code":{"insertions":2,"deletions":2}}},{"hash":"0548bae353389f529367fde802fdb57832ec0358","isMergeCommit":false,"messageTitle":"Update docs/DeveloperGuide.md","messageBody":"Co-authored-by: Zhao Wei Liew \u003czhaoweiliew@gmail.com\u003e","fileTypesAndContributionMap":{"docs":{"insertions":1,"deletions":0}}},{"hash":"63ea045eaefcad5f9e71352c6a49f7a0c7c96bdf","isMergeCommit":false,"messageTitle":"Update docs/DeveloperGuide.md","messageBody":"Co-authored-by: Zhao Wei Liew \u003czhaoweiliew@gmail.com\u003e","fileTypesAndContributionMap":{"docs":{"insertions":1,"deletions":1}}},{"hash":"ba9ae4f13f2ab1ef9c33d2a5fa96e3899660bca1","isMergeCommit":false,"messageTitle":"Update docs/DeveloperGuide.md","messageBody":"Co-authored-by: Zhao Wei Liew \u003czhaoweiliew@gmail.com\u003e","fileTypesAndContributionMap":{"docs":{"insertions":1,"deletions":1}}},{"hash":"ded50a4197f689db08c107225fa8dbb76675a46b","isMergeCommit":false,"messageTitle":"Update docs/DeveloperGuide.md","messageBody":"Co-authored-by: Zhao Wei Liew \u003czhaoweiliew@gmail.com\u003e","fileTypesAndContributionMap":{"docs":{"insertions":1,"deletions":1}}},{"hash":"ef069373fa0b569af52b8c871c04c87515fdc845","isMergeCommit":false,"messageTitle":"Update docs/DeveloperGuide.md","messageBody":"Co-authored-by: Zhao Wei Liew \u003czhaoweiliew@gmail.com\u003e","fileTypesAndContributionMap":{"docs":{"insertions":1,"deletions":1}}},{"hash":"66ee8b5d83ed53581eadd9d1af0c9325a223fb9c","isMergeCommit":false,"messageTitle":"Update docs/DeveloperGuide.md","messageBody":"Co-authored-by: Zhao Wei Liew \u003czhaoweiliew@gmail.com\u003e","fileTypesAndContributionMap":{"docs":{"insertions":1,"deletions":1}}},{"hash":"49a2bff25dcb96618a025b532bd1481e24dd07ad","isMergeCommit":false,"messageTitle":"Update docs/DeveloperGuide.md","messageBody":"Co-authored-by: Zhao Wei Liew \u003czhaoweiliew@gmail.com\u003e","fileTypesAndContributionMap":{"docs":{"insertions":1,"deletions":1}}},{"hash":"81b72cd7e0c2abe3f33588f156aaabaf0c95ffda","isMergeCommit":false,"messageTitle":"Update docs/DeveloperGuide.md","messageBody":"Co-authored-by: Zhao Wei Liew \u003czhaoweiliew@gmail.com\u003e","fileTypesAndContributionMap":{"docs":{"insertions":1,"deletions":1}}},{"hash":"69de2b9af460b046006652d0fc462fb1971ef6ec","isMergeCommit":false,"messageTitle":"Change Use Case headers","messageBody":"","fileTypesAndContributionMap":{"docs":{"insertions":17,"deletions":17}}},{"hash":"8f94d62696b808748a92dbc6444bd33ed741b836","isMergeCommit":true,"messageTitle":"Merge pull request #271 from dexterkwxn/fix/update-dg","messageBody":"Update Effort and Manual Testing sections in DG","fileTypesAndContributionMap":{}}]}]},"authorFileTypeContributionMap":{"weien02":{"docs":141,"functional-code":0,"test-code":0},"zwliew":{"docs":321,"functional-code":83,"test-code":135},"lyhthaddeus":{"docs":0,"functional-code":0,"test-code":0},"avinazz3":{"docs":0,"functional-code":0,"test-code":0},"dexterkwxn":{"docs":103,"functional-code":12,"test-code":0}},"authorContributionVariance":{"weien02":4680.75,"zwliew":27178.5,"lyhthaddeus":0.0,"avinazz3":0.0,"dexterkwxn":12953.1875},"authorDisplayNameMap":{"weien02":"CS2103T-T12-1 NG W..I EN","zwliew":"CS2103T-T12-1 LIEW.. WEI","lyhthaddeus":"CS2103T-T12-1 LIM ..DEUS","avinazz3":"CS2103T-T12-1 AVIN..OVAN","dexterkwxn":"CS2103T-T12-1 DEXT..KWAN"}}
