{"authorDailyContributionsMap":{"weien02":[{"date":"2025-04-07","commitResults":[{"hash":"b6203797840a0aadca694258257aa41b106b459a","isMergeCommit":false,"messageTitle":"Add assignment sequence diagram and description","messageBody":"","fileTypesAndContributionMap":{"docs":{"insertions":139,"deletions":1}}},{"hash":"3c5ace755f0b284a56ac70c58281ed4d739c2610","isMergeCommit":false,"messageTitle":"Fix formatting and spelling","messageBody":"","fileTypesAndContributionMap":{"docs":{"insertions":5,"deletions":5}}},{"hash":"8c8223d8e4cb511b967ea0cdf4092e3d135ae8fb","isMergeCommit":false,"messageTitle":"Fix method signature","messageBody":"","fileTypesAndContributionMap":{"docs":{"insertions":1,"deletions":1}}},{"hash":"5993beb040c86d314e5e79c89e72607429f7a7bc","isMergeCommit":true,"messageTitle":"Merge pull request #270 from weien02/update-dg","messageBody":"Add assignment sequence diagram and description to DG","fileTypesAndContributionMap":{}}]}],"zwliew":[{"date":"2025-04-06","commitResults":[{"hash":"d452a7b2fd817e3e2819549fc94b2a6220cf2d3f","isMergeCommit":false,"messageTitle":"Discard changes to src/main/java/seedu/address/logic/parser/AddAssignmentCommandParser.java","messageBody":"","fileTypesAndContributionMap":{"functional-code":{"insertions":1,"deletions":1}}},{"hash":"edf5fa21a9f1030c0cc627b610f70697888675cf","isMergeCommit":false,"messageTitle":"EditAssignmentCommandParser: remove changes to penalty parsing","messageBody":"","fileTypesAndContributionMap":{"functional-code":{"insertions":1,"deletions":1}}},{"hash":"3c93b3a3db385ab597dc90acf6ea989e8230db12","isMergeCommit":false,"messageTitle":"ParserUtil: remove penalty parser","messageBody":"","fileTypesAndContributionMap":{"functional-code":{"insertions":0,"deletions":19}}},{"hash":"90c551bb8cfc064ce8b2e6d515b4b9138c71e2ef","isMergeCommit":false,"messageTitle":"fix: remove penalty","messageBody":"","fileTypesAndContributionMap":{"functional-code":{"insertions":11,"deletions":13}}},{"hash":"4d52ef3bb978f46fd122ec925cdac86778afcc4e","isMergeCommit":true,"messageTitle":"Merge pull request #267 from dexterkwxn/fix/remove-grade-assignment","messageBody":"fix: remove grade assignments and penalty; add planned enhancements","fileTypesAndContributionMap":{}},{"hash":"00dbf65b45e76aa2e9d23a91e6b534047033e662","isMergeCommit":false,"messageTitle":"fix(#210): Improve clarity of output for show-group-details","messageBody":"","fileTypesAndContributionMap":{"functional-code":{"insertions":4,"deletions":4}}},{"hash":"29964e53d2d607c96c8cf02c740ef333721d135e","isMergeCommit":false,"messageTitle":"fix(#174): fix edit-group command failing when name is not provided","messageBody":"","fileTypesAndContributionMap":{"functional-code":{"insertions":5,"deletions":4}}},{"hash":"48e0b25832e3d1fb9876657ff7cba53540099d98","isMergeCommit":false,"messageTitle":"fix: Allow group to be edited with the same name","messageBody":"","fileTypesAndContributionMap":{"functional-code":{"insertions":1,"deletions":1}}},{"hash":"e81b873bb8fe4a6b8d708773a624f27ba0569d4c","isMergeCommit":false,"messageTitle":"fix(#197): add UG note stating that name fields are case-sensitive","messageBody":"","fileTypesAndContributionMap":{"docs":{"insertions":3,"deletions":0}}},{"hash":"e12275c8772087fa94fc1fb0a97b4509deec0f6a","isMergeCommit":false,"messageTitle":"fix(#208): constrain phone numbers to 15 digits","messageBody":"","fileTypesAndContributionMap":{"functional-code":{"insertions":2,"deletions":2},"docs":{"insertions":1,"deletions":0}}},{"hash":"72a9d6ddcfbc3f5c02bbd4932bb7794871c3d64b","isMergeCommit":false,"messageTitle":"fix(#233): disallow empty edits for edit-group","messageBody":"","fileTypesAndContributionMap":{"functional-code":{"insertions":3,"deletions":0}}},{"hash":"61afc9191c07611c17a01069e4fe1350ff4c1bbf","isMergeCommit":false,"messageTitle":"fix(#258): refresh the group details list when (un)marking attendance","messageBody":"","fileTypesAndContributionMap":{"functional-code":{"insertions":2,"deletions":0}}},{"hash":"618689f0b34a06d9856481fe5b4fe379d6082652","isMergeCommit":false,"messageTitle":"fix: Remove grade-assignment and penalty from UG","messageBody":"","fileTypesAndContributionMap":{"docs":{"insertions":6,"deletions":26}}},{"hash":"24c876f2eedb3cdf23dd8ddb5b1c6ec77dd9f701","isMergeCommit":false,"messageTitle":"fix(#204/#227): display updated group details after deleting a member","messageBody":"","fileTypesAndContributionMap":{"functional-code":{"insertions":1,"deletions":0}}},{"hash":"e3b253b68470eaf8627850e936bad95a8d6bcbe2","isMergeCommit":false,"messageTitle":"fix: Describe output of (un)mark-attendance and improve UG formatting","messageBody":"","fileTypesAndContributionMap":{"docs":{"insertions":74,"deletions":25}}},{"hash":"c5e315d5910186b66996b080c9be2ad59fe7e70c","isMergeCommit":false,"messageTitle":"fix(#192): Change `P/` prefix to `n/`","messageBody":"","fileTypesAndContributionMap":{"functional-code":{"insertions":2,"deletions":2},"docs":{"insertions":45,"deletions":45}}},{"hash":"b727becea3c05ba53386dde79471b1d90be8b413","isMergeCommit":false,"messageTitle":"fix(#244): copy attendance and assignments over when editing a group","messageBody":"","fileTypesAndContributionMap":{"functional-code":{"insertions":5,"deletions":1}}},{"hash":"17785207bffdf46ac00d2ac27b60fb7449da6ca7","isMergeCommit":false,"messageTitle":"fix(#193): Update the GroupMemberDetail when editing a Person","messageBody":"","fileTypesAndContributionMap":{"functional-code":{"insertions":8,"deletions":3}}},{"hash":"c6c2b8aa57c04b0461a82c2015cefff5392c6a7b","isMergeCommit":false,"messageTitle":"fix(#257): note in UG that group members are assumed to be students","messageBody":"","fileTypesAndContributionMap":{"docs":{"insertions":1,"deletions":0}}},{"hash":"016d49b46033ead1044b01f86a8b48334ce602c6","isMergeCommit":false,"messageTitle":"fix(#259): specify that group and assignment names must be non-empty","messageBody":"","fileTypesAndContributionMap":{"functional-code":{"insertions":2,"deletions":2}}},{"hash":"ca9242bc596c7b32a82111ea0a3ddd2f25d5ca78","isMergeCommit":false,"messageTitle":"fix(#225): rephrase UG examples for `find` and `find-group`","messageBody":"","fileTypesAndContributionMap":{"docs":{"insertions":4,"deletions":4}}}]},{"date":"2025-04-07","commitResults":[{"hash":"2db0e9569d8ed4f8d731a72df06b99f79edb7bc3","isMergeCommit":false,"messageTitle":"fix: Fix checkstyle issues with previous changes","messageBody":"","fileTypesAndContributionMap":{"functional-code":{"insertions":4,"deletions":4}}},{"hash":"064d145d995e16f8883b1c3f61f1690bdb03b2b2","isMergeCommit":false,"messageTitle":"fix(#248): Display up to 999 members in list-group","messageBody":"","fileTypesAndContributionMap":{"functional-code":{"insertions":1,"deletions":1}}},{"hash":"e67628236d86ac1093df291421ea662d0ecc999e","isMergeCommit":false,"messageTitle":"fix(#180): note in the UG that phone numbers need not be unique","messageBody":"","fileTypesAndContributionMap":{"docs":{"insertions":11,"deletions":6}}},{"hash":"aa47256777f2dee6cb4e3e7e079e9b4d283e8e3a","isMergeCommit":false,"messageTitle":"fix(#209): improve error message for invalid and negative indexes","messageBody":"","fileTypesAndContributionMap":{"functional-code":{"insertions":6,"deletions":14},"test-code":{"insertions":4,"deletions":4}}},{"hash":"230053d27f8191a43693e66c8da0c369ff16423e","isMergeCommit":false,"messageTitle":"fix(#238): Nicely format assignment details in add-assignment output","messageBody":"","fileTypesAndContributionMap":{"functional-code":{"insertions":6,"deletions":1}}},{"hash":"5a0b1afcfaf1ed1c711e03284b38880fe48ed60b","isMergeCommit":false,"messageTitle":"fix: Fix checkstyle in DG after previous changes","messageBody":"","fileTypesAndContributionMap":{"docs":{"insertions":2,"deletions":2}}},{"hash":"4675bc065e702f4fbdc6cf5a2a975083c0bcfd81","isMergeCommit":false,"messageTitle":"fix: Allow multiple tags in edit-group","messageBody":"","fileTypesAndContributionMap":{"functional-code":{"insertions":1,"deletions":1}}},{"hash":"6ae7464756894b0d69f7d805e375576a0ba6538d","isMergeCommit":false,"messageTitle":"chore: Add invalid index tests for DeleteGroupCommandParser and EditGroupCommandParser","messageBody":"","fileTypesAndContributionMap":{"test-code":{"insertions":106,"deletions":0}}},{"hash":"3b7a04c7829b01565da2c3439b6133c3c8045351","isMergeCommit":false,"messageTitle":"feat: Properly display group details on any cmd that modifies a group","messageBody":"","fileTypesAndContributionMap":{"functional-code":{"insertions":11,"deletions":6}}},{"hash":"a60dc8c810159db00290fc82d641eacfb221e0da","isMergeCommit":false,"messageTitle":"fix: Clear old tags when updating the DetailBox for show-group-details","messageBody":"","fileTypesAndContributionMap":{"functional-code":{"insertions":1,"deletions":0}}},{"hash":"ec04fdd31753afa1203cc5d1a6d2f780b5af0920","isMergeCommit":false,"messageTitle":"chore: Consolidate common notes about NAME format in UG","messageBody":"","fileTypesAndContributionMap":{"docs":{"insertions":24,"deletions":18}}},{"hash":"10de4d3028d7967613200440cd5c44df6e9c53e7","isMergeCommit":false,"messageTitle":"fix(#219): mention, in the UG, that duplicate tags are merged","messageBody":"","fileTypesAndContributionMap":{"docs":{"insertions":3,"deletions":0}}},{"hash":"f72a47ea5619c388510110bc835e9fc06a40fec6","isMergeCommit":false,"messageTitle":"fix(#173): move `help` to top of command summary in UG","messageBody":"","fileTypesAndContributionMap":{"docs":{"insertions":1,"deletions":1}}},{"hash":"f7dc020234307ffb0c2d8febe616a85a9a2c9eef","isMergeCommit":false,"messageTitle":"fix(#185): introduce the 4 main entities in the intro of the UG","messageBody":"","fileTypesAndContributionMap":{"docs":{"insertions":23,"deletions":6}}},{"hash":"5bfadc3eb3b5b74e644f22f4cccb2974ef9f2824","isMergeCommit":false,"messageTitle":"fix(#217): Validate tags the same way as names","messageBody":"","fileTypesAndContributionMap":{"functional-code":{"insertions":1,"deletions":1},"docs":{"insertions":2,"deletions":2},"test-code":{"insertions":2,"deletions":2}}},{"hash":"48fbffe59207b13b6b98c977fdd56f501762db66","isMergeCommit":false,"messageTitle":"test: Add tests for ParserUtil.parseGroupName","messageBody":"","fileTypesAndContributionMap":{"test-code":{"insertions":23,"deletions":0}}},{"hash":"b92c97cd780a75b2efe086b516e0fb9c66e7ad01","isMergeCommit":false,"messageTitle":"fix(#214): show the user how to find out more about the `find` cmd","messageBody":"","fileTypesAndContributionMap":{"docs":{"insertions":1,"deletions":1}}},{"hash":"1f9b3c8bcefd7f709143a39c2135c44c2b3f4136","isMergeCommit":false,"messageTitle":"chore: Improve phrasing of NAME field constraints","messageBody":"","fileTypesAndContributionMap":{"docs":{"insertions":2,"deletions":5}}},{"hash":"a15934b9334bcf865d5c5311fd548bcaf23df310","isMergeCommit":false,"messageTitle":"fix(#179): swap positions of edit/delete-assignment in UG","messageBody":"","fileTypesAndContributionMap":{"docs":{"insertions":11,"deletions":11}}},{"hash":"cf5251643e21301531d6167d330c5d8287cc32a3","isMergeCommit":false,"messageTitle":"fix(#202): remove repetitive tip on optional tags","messageBody":"","fileTypesAndContributionMap":{"docs":{"insertions":0,"deletions":10}}},{"hash":"06adc564c83eef98f9bb3032b1a541f0ed45ee38","isMergeCommit":false,"messageTitle":"fix(#206): fix minor grammatical mistake in UG","messageBody":"","fileTypesAndContributionMap":{"docs":{"insertions":2,"deletions":2}}},{"hash":"b3e1cff5d494d9ffd3736f3d49f98524d7250898","isMergeCommit":false,"messageTitle":"fix(#176): fix typo in UG","messageBody":"","fileTypesAndContributionMap":{"docs":{"insertions":1,"deletions":1}}},{"hash":"6065ff2a0a383041eae7507e04b360d8ba3f9d93","isMergeCommit":false,"messageTitle":"fix(#235): reorder glossary terms in DG by alphabetical order","messageBody":"","fileTypesAndContributionMap":{"docs":{"insertions":7,"deletions":4}}},{"hash":"e0312edbc41daf00cf078e486419a378ea7e51a2","isMergeCommit":false,"messageTitle":"fix: convert h4 headings bolded text to remove it from the ToC","messageBody":"","fileTypesAndContributionMap":{"docs":{"insertions":39,"deletions":39}}},{"hash":"0aa60d86c2a53091123b15ff0e494079ebd3fabd","isMergeCommit":true,"messageTitle":"Merge pull request #269 from zwliew/fix/bug-fixes-zwliew","messageBody":"fix: Fix most code-related and some doc-related bug reports","fileTypesAndContributionMap":{}}]}],"lyhthaddeus":[],"avinazz3":[],"dexterkwxn":[{"date":"2025-04-06","commitResults":[{"hash":"4edd7a9eb886489e62a84c4e9187d4ad515345c2","isMergeCommit":false,"messageTitle":"Add planned enhancements","messageBody":"","fileTypesAndContributionMap":{"docs":{"insertions":23,"deletions":1}}},{"hash":"145e41304f376caa3f1863c117a88109c79ed875","isMergeCommit":false,"messageTitle":"Remove grade assignment; Fix penalty bugs","messageBody":"","fileTypesAndContributionMap":{"functional-code":{"insertions":22,"deletions":6}}},{"hash":"349e13ebb3b6281eed020daa46e2acefa5b77f28","isMergeCommit":false,"messageTitle":"Add checkstyle","messageBody":"","fileTypesAndContributionMap":{"functional-code":{"insertions":5,"deletions":0}}},{"hash":"0d6d2335ec169c722bc111472370367782bf77f7","isMergeCommit":false,"messageTitle":"Fix name validation bug","messageBody":"","fileTypesAndContributionMap":{"functional-code":{"insertions":1,"deletions":1}}},{"hash":"cb9a5aeb2558b87952a848241541c97d6d8d1e40","isMergeCommit":false,"messageTitle":"Fix group name validation bug","messageBody":"","fileTypesAndContributionMap":{"functional-code":{"insertions":1,"deletions":1}}},{"hash":"8b3431f8d330e2dedddc325e7a79cc2af00bd097","isMergeCommit":false,"messageTitle":"Fix regex format so - is escaped properly","messageBody":"","fileTypesAndContributionMap":{"functional-code":{"insertions":1,"deletions":1}}},{"hash":"b53c98551c0cfc6cef76f8fff640f74360a62838","isMergeCommit":false,"messageTitle":"Update docs/DeveloperGuide.md","messageBody":"Co-authored-by: Zhao Wei Liew \u003czhaoweiliew@gmail.com\u003e","fileTypesAndContributionMap":{"docs":{"insertions":1,"deletions":1}}},{"hash":"b38a6b948335504cc2ceb866f94c32d3221d14fc","isMergeCommit":false,"messageTitle":"Update docs/DeveloperGuide.md","messageBody":"Co-authored-by: Zhao Wei Liew \u003czhaoweiliew@gmail.com\u003e","fileTypesAndContributionMap":{"docs":{"insertions":1,"deletions":1}}},{"hash":"a6f82c72285ab26caa2284a6f6fb4b9b646b1791","isMergeCommit":false,"messageTitle":"Update docs/DeveloperGuide.md","messageBody":"Co-authored-by: Zhao Wei Liew \u003czhaoweiliew@gmail.com\u003e","fileTypesAndContributionMap":{"docs":{"insertions":1,"deletions":1}}},{"hash":"cbf9fba6c718ea7c72509fe4c3f3fac394a2264d","isMergeCommit":false,"messageTitle":"Update docs/DeveloperGuide.md","messageBody":"Co-authored-by: Zhao Wei Liew \u003czhaoweiliew@gmail.com\u003e","fileTypesAndContributionMap":{"docs":{"insertions":1,"deletions":1}}},{"hash":"9832265f5816f94caf0f81fb95bbbf7f7b3a7c6c","isMergeCommit":false,"messageTitle":"Update docs/DeveloperGuide.md","messageBody":"Co-authored-by: Zhao Wei Liew \u003czhaoweiliew@gmail.com\u003e","fileTypesAndContributionMap":{"docs":{"insertions":1,"deletions":1}}}]}]},"authorFileTypeContributionMap":{"weien02":{"docs":139,"functional-code":0,"test-code":0},"zwliew":{"docs":170,"functional-code":72,"test-code":135},"lyhthaddeus":{"docs":0,"functional-code":0,"test-code":0},"avinazz3":{"docs":0,"functional-code":0,"test-code":0},"dexterkwxn":{"docs":18,"functional-code":7,"test-code":0}},"authorContributionVariance":{"weien02":5134.222,"zwliew":34844.223,"lyhthaddeus":0.0,"avinazz3":0.0,"dexterkwxn":1184.2222},"authorDisplayNameMap":{"weien02":"CS2103T-T12-1 NG W..I EN","zwliew":"CS2103T-T12-1 LIEW.. WEI","lyhthaddeus":"CS2103T-T12-1 LIM ..DEUS","avinazz3":"CS2103T-T12-1 AVIN..OVAN","dexterkwxn":"CS2103T-T12-1 DEXT..KWAN"}}
