{"authorDailyContributionsMap":{"jingchun19":[],"meglwhy":[],"malihahaque":[],"MrAsparag00se":[{"date":"2025-04-05","commitResults":[{"hash":"98573ca2a56cf93d1dc971ba2bfcb7566dce0265","isMergeCommit":false,"messageTitle":"Undo defining duplicate changes","messageBody":"","fileTypesAndContributionMap":{"functional-code":{"insertions":6,"deletions":6}}},{"hash":"49e3f9cc89cdcb1ef5dcfd739191510f27d8a95c","isMergeCommit":false,"messageTitle":"Update DeveloperGuide.md","messageBody":"","fileTypesAndContributionMap":{"docs":{"insertions":1,"deletions":1}}},{"hash":"38f1989c6d221b8aa14ffd4a243b397a3dce93c2","isMergeCommit":false,"messageTitle":"Update DeveloperGuide.md","messageBody":"1. Removed the notifications\r\n2. Amended add session notes to specify only when editing notes","fileTypesAndContributionMap":{"docs":{"insertions":1,"deletions":8}}},{"hash":"d706f3745235928b197cbf82b2114dcbc7fdaaaa","isMergeCommit":false,"messageTitle":"Update UserGuide.md","messageBody":"Remove tagging from add command","fileTypesAndContributionMap":{"docs":{"insertions":2,"deletions":3}}},{"hash":"7166bd74d9a0d761f2406715ae0c92d40f512e87","isMergeCommit":false,"messageTitle":"Improved User Guide","messageBody":"","fileTypesAndContributionMap":{"functional-code":{"insertions":2,"deletions":2},"docs":{"insertions":63,"deletions":29}}},{"hash":"99954d273cb67b4dfa190317da34e5eb5d60ac75","isMergeCommit":false,"messageTitle":"Disallow add or edit session to past","messageBody":"","fileTypesAndContributionMap":{"functional-code":{"insertions":41,"deletions":8}}},{"hash":"812d50f5a9308bbb8c6fd8dd3c11898ad9282b01","isMergeCommit":true,"messageTitle":"Merge pull request #242 from MrAsparag00se/redefineDuplicateHousehold","messageBody":"Only same address are duplicate","fileTypesAndContributionMap":{}},{"hash":"a2cbd212643b87b07ec1bc9e0340cd410241ea84","isMergeCommit":true,"messageTitle":"Merge pull request #286 from MrAsparag00se/editError","messageBody":"Edit error","fileTypesAndContributionMap":{}},{"hash":"65cfdf68fd5ba00265b0425a45ee7b3298fc60af","isMergeCommit":true,"messageTitle":"Merge pull request #287 from MrAsparag00se/pastDates","messageBody":"Past dates","fileTypesAndContributionMap":{}}]}]},"authorFileTypeContributionMap":{"jingchun19":{"docs":0,"functional-code":0,"test-code":0},"meglwhy":{"docs":0,"functional-code":0,"test-code":0},"malihahaque":{"docs":0,"functional-code":0,"test-code":0},"MrAsparag00se":{"docs":61,"functional-code":47,"test-code":0}},"authorContributionVariance":{"jingchun19":0.0,"meglwhy":0.0,"malihahaque":0.0,"MrAsparag00se":0.0},"authorDisplayNameMap":{"jingchun19":"CS2103T-F10-2 ONG ..CHUN","meglwhy":"CS2103T-F10-2 LOW .. YEN","malihahaque":"CS2103T-F10-2 HAQU..LIHA","MrAsparag00se":"CS2103T-F10-2 GABR.. WEI"}}
