{"authorDailyContributionsMap":{"jingchun19":[],"meglwhy":[{"date":"2025-04-07","commitResults":[{"hash":"55e007a2b421a173eba30b6771469d8ba99f3225","isMergeCommit":false,"messageTitle":"Add scroll bar to household list panel","messageBody":"","fileTypesAndContributionMap":{"functional-code":{"insertions":10,"deletions":6}}},{"hash":"45a654875989551f84db1e2aecbd9f9a2ccbedab","isMergeCommit":false,"messageTitle":"Fix view-full-s to trim whitespaces","messageBody":"","fileTypesAndContributionMap":{"functional-code":{"insertions":17,"deletions":47}}},{"hash":"2b6e3d866fb0fbdad3b3b5a8d6709942bb9c7f71","isMergeCommit":false,"messageTitle":"Fix checkstyle","messageBody":"","fileTypesAndContributionMap":{"functional-code":{"insertions":8,"deletions":3}}},{"hash":"479a2bea67659d608e74cbd09d323b9d64289150","isMergeCommit":true,"messageTitle":"Merge pull request #294 from meglwhy/v1.6","messageBody":"Add horizontal scrollbar to household panel and trim whitespaces for view-full-s ","fileTypesAndContributionMap":{}},{"hash":"5ff2a1772a503241948015ce364cdb005def086e","isMergeCommit":true,"messageTitle":"Merge pull request #292 from malihahaque/uml-diagrams","messageBody":"Add Model and UI UML diagrams","fileTypesAndContributionMap":{}}]}],"malihahaque":[{"date":"2025-04-06","commitResults":[{"hash":"9f4cb966093be9d1641a54ef4bc3617bc4c4a4f7","isMergeCommit":false,"messageTitle":"fix delete-s and edit-s bugs","messageBody":"","fileTypesAndContributionMap":{"functional-code":{"insertions":25,"deletions":12}}},{"hash":"3b2429a3c34a885ed2e73561ce87fc05f5421a35","isMergeCommit":true,"messageTitle":"Merge pull request #289 from MrAsparag00se/UserGuide-7","messageBody":"User guide 7","fileTypesAndContributionMap":{}},{"hash":"b3d69a5530156a5fe3f84a6eb996519c8c251f3c","isMergeCommit":false,"messageTitle":"standardise error messages across command classes","messageBody":"","fileTypesAndContributionMap":{"functional-code":{"insertions":18,"deletions":24}}}]},{"date":"2025-04-07","commitResults":[{"hash":"45e46c409eb55c30e82381b3becaee0d10a1e01e","isMergeCommit":false,"messageTitle":"add Model and UI UML diagrams","messageBody":"","fileTypesAndContributionMap":{"functional-code":{"insertions":0,"deletions":44},"docs":{"insertions":82,"deletions":61},"test-code":{"insertions":0,"deletions":70}}}]}],"MrAsparag00se":[{"date":"2025-04-05","commitResults":[{"hash":"98573ca2a56cf93d1dc971ba2bfcb7566dce0265","isMergeCommit":false,"messageTitle":"Undo defining duplicate changes","messageBody":"","fileTypesAndContributionMap":{"functional-code":{"insertions":6,"deletions":6}}},{"hash":"49e3f9cc89cdcb1ef5dcfd739191510f27d8a95c","isMergeCommit":false,"messageTitle":"Update DeveloperGuide.md","messageBody":"","fileTypesAndContributionMap":{"docs":{"insertions":1,"deletions":1}}},{"hash":"38f1989c6d221b8aa14ffd4a243b397a3dce93c2","isMergeCommit":false,"messageTitle":"Update DeveloperGuide.md","messageBody":"1. Removed the notifications\r\n2. Amended add session notes to specify only when editing notes","fileTypesAndContributionMap":{"docs":{"insertions":1,"deletions":8}}},{"hash":"d706f3745235928b197cbf82b2114dcbc7fdaaaa","isMergeCommit":false,"messageTitle":"Update UserGuide.md","messageBody":"Remove tagging from add command","fileTypesAndContributionMap":{"docs":{"insertions":2,"deletions":3}}},{"hash":"7166bd74d9a0d761f2406715ae0c92d40f512e87","isMergeCommit":false,"messageTitle":"Improved User Guide","messageBody":"","fileTypesAndContributionMap":{"functional-code":{"insertions":2,"deletions":2},"docs":{"insertions":63,"deletions":29}}},{"hash":"99954d273cb67b4dfa190317da34e5eb5d60ac75","isMergeCommit":false,"messageTitle":"Disallow add or edit session to past","messageBody":"","fileTypesAndContributionMap":{"functional-code":{"insertions":41,"deletions":8}}},{"hash":"812d50f5a9308bbb8c6fd8dd3c11898ad9282b01","isMergeCommit":true,"messageTitle":"Merge pull request #242 from MrAsparag00se/redefineDuplicateHousehold","messageBody":"Only same address are duplicate","fileTypesAndContributionMap":{}},{"hash":"a2cbd212643b87b07ec1bc9e0340cd410241ea84","isMergeCommit":true,"messageTitle":"Merge pull request #286 from MrAsparag00se/editError","messageBody":"Edit error","fileTypesAndContributionMap":{}},{"hash":"65cfdf68fd5ba00265b0425a45ee7b3298fc60af","isMergeCommit":true,"messageTitle":"Merge pull request #287 from MrAsparag00se/pastDates","messageBody":"Past dates","fileTypesAndContributionMap":{}}]},{"date":"2025-04-06","commitResults":[{"hash":"0e08be2c15c55a0694ad04ba04da63592c3274cb","isMergeCommit":true,"messageTitle":"Merge pull request #288 from malihahaque/bug-sesh","messageBody":"fix delete-s and edit-s bugs","fileTypesAndContributionMap":{}},{"hash":"a1fd7ce9cd16c2675d5982587c11d1e7be6c0535","isMergeCommit":false,"messageTitle":"User guide aesthetics","messageBody":"","fileTypesAndContributionMap":{"docs":{"insertions":147,"deletions":128}}},{"hash":"ced520542a330318ea30a5537b56603e8ac3403a","isMergeCommit":false,"messageTitle":"More fix user guide","messageBody":"","fileTypesAndContributionMap":{"docs":{"insertions":7,"deletions":7}}},{"hash":"6a1ca8a33c6ffac31fe922b03327d687553cb669","isMergeCommit":false,"messageTitle":"Fix edit wrong error","messageBody":"","fileTypesAndContributionMap":{"functional-code":{"insertions":16,"deletions":6},"test-code":{"insertions":75,"deletions":41}}},{"hash":"e8bb8f953cf549fe495c456c57d0d4f0379aa470","isMergeCommit":true,"messageTitle":"Merge pull request #290 from malihahaque/fix-error-messages","messageBody":"standardise error messages across command classes","fileTypesAndContributionMap":{}},{"hash":"285e12434ce9e83a9d1b304c3980998c6814486a","isMergeCommit":true,"messageTitle":"Merge pull request #291 from MrAsparag00se/editIncorrectError","messageBody":"Fix edit wrong error","fileTypesAndContributionMap":{}}]}]},"authorFileTypeContributionMap":{"jingchun19":{"docs":0,"functional-code":0,"test-code":0},"meglwhy":{"docs":0,"functional-code":28,"test-code":0},"malihahaque":{"docs":69,"functional-code":43,"test-code":0},"MrAsparag00se":{"docs":170,"functional-code":63,"test-code":74}},"authorContributionVariance":{"jingchun19":0.0,"meglwhy":1840.2222,"malihahaque":11552.667,"MrAsparag00se":30752.666},"authorDisplayNameMap":{"jingchun19":"CS2103T-F10-2 ONG ..CHUN","meglwhy":"CS2103T-F10-2 LOW .. YEN","malihahaque":"CS2103T-F10-2 HAQU..LIHA","MrAsparag00se":"CS2103T-F10-2 GABR.. WEI"}}
