{"authorDailyContributionsMap":{"jingchun19":[{"date":"2025-04-08","commitResults":[{"hash":"705f0ed4c38a74fddc835ed1f689e70a4a89eb03","isMergeCommit":false,"messageTitle":"Fixed Edit Session and improved readability of code.","messageBody":"","fileTypesAndContributionMap":{"functional-code":{"insertions":37,"deletions":26},"test-code":{"insertions":0,"deletions":11}}}]}],"meglwhy":[{"date":"2025-04-07","commitResults":[{"hash":"55e007a2b421a173eba30b6771469d8ba99f3225","isMergeCommit":false,"messageTitle":"Add scroll bar to household list panel","messageBody":"","fileTypesAndContributionMap":{"functional-code":{"insertions":10,"deletions":6}}},{"hash":"45a654875989551f84db1e2aecbd9f9a2ccbedab","isMergeCommit":false,"messageTitle":"Fix view-full-s to trim whitespaces","messageBody":"","fileTypesAndContributionMap":{"functional-code":{"insertions":17,"deletions":47}}},{"hash":"2b6e3d866fb0fbdad3b3b5a8d6709942bb9c7f71","isMergeCommit":false,"messageTitle":"Fix checkstyle","messageBody":"","fileTypesAndContributionMap":{"functional-code":{"insertions":8,"deletions":3}}},{"hash":"479a2bea67659d608e74cbd09d323b9d64289150","isMergeCommit":true,"messageTitle":"Merge pull request #294 from meglwhy/v1.6","messageBody":"Add horizontal scrollbar to household panel and trim whitespaces for view-full-s ","fileTypesAndContributionMap":{}},{"hash":"5ff2a1772a503241948015ce364cdb005def086e","isMergeCommit":true,"messageTitle":"Merge pull request #292 from malihahaque/uml-diagrams","messageBody":"Add Model and UI UML diagrams","fileTypesAndContributionMap":{}},{"hash":"bcb7aaf2bbac9b797bea1e821078931a0ef3d0ce","isMergeCommit":false,"messageTitle":"Fix truncated error message","messageBody":"","fileTypesAndContributionMap":{"functional-code":{"insertions":9,"deletions":1}}},{"hash":"f573e3f03cb0233ea29604b8674716b7a74e4ed5","isMergeCommit":true,"messageTitle":"Merge pull request #297 from meglwhy/1.6","messageBody":"Fix truncated error message","fileTypesAndContributionMap":{}},{"hash":"7a98e5f7d1a8ab7f1e88bb63cf5c6c792c645068","isMergeCommit":false,"messageTitle":"Add images","messageBody":"","fileTypesAndContributionMap":{"docs":{"insertions":2,"deletions":2}}},{"hash":"c2fab8729a72669a1f8aeecce1667e6230a17241","isMergeCommit":true,"messageTitle":"Merge branch \u0027master\u0027 into images","messageBody":"","fileTypesAndContributionMap":{}},{"hash":"8ba8d9d4cfabce7fda44b09eca965d46070a574d","isMergeCommit":true,"messageTitle":"Merge pull request #307 from meglwhy/images","messageBody":"Add images","fileTypesAndContributionMap":{}}]}],"malihahaque":[{"date":"2025-04-06","commitResults":[{"hash":"9f4cb966093be9d1641a54ef4bc3617bc4c4a4f7","isMergeCommit":false,"messageTitle":"fix delete-s and edit-s bugs","messageBody":"","fileTypesAndContributionMap":{"functional-code":{"insertions":25,"deletions":12}}},{"hash":"3b2429a3c34a885ed2e73561ce87fc05f5421a35","isMergeCommit":true,"messageTitle":"Merge pull request #289 from MrAsparag00se/UserGuide-7","messageBody":"User guide 7","fileTypesAndContributionMap":{}},{"hash":"b3d69a5530156a5fe3f84a6eb996519c8c251f3c","isMergeCommit":false,"messageTitle":"standardise error messages across command classes","messageBody":"","fileTypesAndContributionMap":{"functional-code":{"insertions":18,"deletions":24}}}]},{"date":"2025-04-07","commitResults":[{"hash":"45e46c409eb55c30e82381b3becaee0d10a1e01e","isMergeCommit":false,"messageTitle":"add Model and UI UML diagrams","messageBody":"","fileTypesAndContributionMap":{"functional-code":{"insertions":0,"deletions":44},"docs":{"insertions":82,"deletions":61},"test-code":{"insertions":0,"deletions":70}}},{"hash":"09c25427f8cff1d0dafc43808c4ffaf3d61a215a","isMergeCommit":false,"messageTitle":"elaborate and fix commands in UG","messageBody":"","fileTypesAndContributionMap":{"docs":{"insertions":114,"deletions":105}}},{"hash":"c2155bea1f32bad9cd8bfa7af68bc3f94d93c819","isMergeCommit":false,"messageTitle":"elaborate and fix commands in UG","messageBody":"","fileTypesAndContributionMap":{"docs":{"insertions":34,"deletions":31}}},{"hash":"82628380e19bc2f7a2040c2e1504319112713cf3","isMergeCommit":false,"messageTitle":"elaborate and fix commands in UG","messageBody":"","fileTypesAndContributionMap":{"docs":{"insertions":1,"deletions":1}}},{"hash":"1aed2c9d76a5232d629e231b8a06b68de8d2f91a","isMergeCommit":false,"messageTitle":"elaborate and fix commands in UG","messageBody":"","fileTypesAndContributionMap":{"docs":{"insertions":1,"deletions":1}}},{"hash":"fd40c093d3a5fcfae2de36c72249af50192a8837","isMergeCommit":false,"messageTitle":"elaborate and fix commands in UG","messageBody":"","fileTypesAndContributionMap":{"docs":{"insertions":5,"deletions":5}}},{"hash":"292f6da93041e3c35b7a5a9a7643b9f0d128c4f6","isMergeCommit":true,"messageTitle":"Merge pull request #303 from malihahaque/ug-final","messageBody":"elaborate and fix commands in UG","fileTypesAndContributionMap":{}},{"hash":"a622190d13c97dc5d8e5e2a5deb3d05deda63995","isMergeCommit":false,"messageTitle":"finalise UG","messageBody":"","fileTypesAndContributionMap":{"docs":{"insertions":10,"deletions":6}}},{"hash":"19c545b065ddc51cd18fc608b0684359c8923644","isMergeCommit":true,"messageTitle":"Merge pull request #304 from malihahaque/ug-final","messageBody":"finalise UG","fileTypesAndContributionMap":{}},{"hash":"8898ee032ecabc21367811998a5b85d43fb6c1a1","isMergeCommit":false,"messageTitle":"finalise UG","messageBody":"","fileTypesAndContributionMap":{"docs":{"insertions":0,"deletions":1}}},{"hash":"02bbf62fdcd91eeef632496a0af68917353a2ce0","isMergeCommit":true,"messageTitle":"Merge pull request #305 from malihahaque/master","messageBody":"finalise UG","fileTypesAndContributionMap":{}},{"hash":"58acc5217508c6e8191f0162523f9a78d290dc8e","isMergeCommit":false,"messageTitle":"update website","messageBody":"","fileTypesAndContributionMap":{"docs":{"insertions":6,"deletions":11}}},{"hash":"f9e58523d5b7842911452875fd9d95aa5053a4be","isMergeCommit":true,"messageTitle":"Merge pull request #306 from malihahaque/fix-website","messageBody":"update website","fileTypesAndContributionMap":{}}]},{"date":"2025-04-08","commitResults":[{"hash":"96415a10cb379ba2224d3ca357b91de466ad95da","isMergeCommit":true,"messageTitle":"Merge pull request #311 from jingchun19/fix-edit-session-v2","messageBody":"Fixed Edit Session and improved readability of code.","fileTypesAndContributionMap":{}},{"hash":"72d317fccd702dba7fcb2bec4a9c448869cc66ca","isMergeCommit":false,"messageTitle":"make command errors more specific","messageBody":"","fileTypesAndContributionMap":{"functional-code":{"insertions":13,"deletions":2}}},{"hash":"b9e7f4f07fc4a1265dc36c3f2453f61c8d445f80","isMergeCommit":false,"messageTitle":"make command errors more specific","messageBody":"","fileTypesAndContributionMap":{"functional-code":{"insertions":0,"deletions":2}}},{"hash":"ff73f63ef4bbbb8b77a60ba0335e412f4ca4fb7c","isMergeCommit":true,"messageTitle":"Merge pull request #312 from MrAsparag00se/plannedEnhancements","messageBody":"Fix exit command","fileTypesAndContributionMap":{}},{"hash":"6993a1e42ed3e5aef4148a2f8df4c022950f87fb","isMergeCommit":true,"messageTitle":"Merge pull request #313 from malihahaque/edit-s-message","messageBody":"Edit-s message","fileTypesAndContributionMap":{}},{"hash":"324de70e3fa101efd590c5ada58074e59d54f423","isMergeCommit":false,"messageTitle":"finalise ug","messageBody":"","fileTypesAndContributionMap":{"docs":{"insertions":298,"deletions":51}}},{"hash":"81b8ca14bd0da8dc31710f836199233c59974ece","isMergeCommit":false,"messageTitle":"finalise ug","messageBody":"","fileTypesAndContributionMap":{"docs":{"insertions":1,"deletions":1}}},{"hash":"add5790a152b7e70ff31e8419cf4d75f22625e61","isMergeCommit":true,"messageTitle":"Merge pull request #314 from malihahaque/dg-final","messageBody":"Finalise DG","fileTypesAndContributionMap":{}},{"hash":"a7f8c0d38225dee7dc04114a5b1ac23b31fba4ac","isMergeCommit":false,"messageTitle":"finalise ug","messageBody":"","fileTypesAndContributionMap":{"docs":{"insertions":2,"deletions":14}}},{"hash":"946cfa0cb9509c92d41d3aae5aed8942aa170892","isMergeCommit":true,"messageTitle":"Merge pull request #315 from malihahaque/dg-final","messageBody":"fix dg","fileTypesAndContributionMap":{}},{"hash":"ce13ef8372182ae05b181375eb72c71d003b405b","isMergeCommit":false,"messageTitle":"finalise ug","messageBody":"","fileTypesAndContributionMap":{"docs":{"insertions":1,"deletions":2}}},{"hash":"16bd243c86c001de41531973c7f93ccf8ae4aa0a","isMergeCommit":false,"messageTitle":"finalise ug","messageBody":"","fileTypesAndContributionMap":{"docs":{"insertions":21,"deletions":21}}},{"hash":"11c07299f3caf954d3bdbf861f56ed1dae7bce57","isMergeCommit":true,"messageTitle":"Merge pull request #316 from malihahaque/dg-final","messageBody":"Fix UML for proposed features","fileTypesAndContributionMap":{}},{"hash":"dbd253ad94c373238177b6c0d2ba4b5935b93b08","isMergeCommit":false,"messageTitle":"polish dg","messageBody":"","fileTypesAndContributionMap":{"docs":{"insertions":6,"deletions":6}}},{"hash":"81e9865d53d1a665dfffdbbce8931bcd8db3e1d0","isMergeCommit":false,"messageTitle":"polish dg","messageBody":"","fileTypesAndContributionMap":{"docs":{"insertions":1,"deletions":1}}},{"hash":"9474956914ff1c5fa11079c1aba352fee3c8e28b","isMergeCommit":true,"messageTitle":"Merge pull request #317 from malihahaque/dg-final","messageBody":"Polish DG","fileTypesAndContributionMap":{}}]}],"MrAsparag00se":[{"date":"2025-04-05","commitResults":[{"hash":"98573ca2a56cf93d1dc971ba2bfcb7566dce0265","isMergeCommit":false,"messageTitle":"Undo defining duplicate changes","messageBody":"","fileTypesAndContributionMap":{"functional-code":{"insertions":6,"deletions":6}}},{"hash":"49e3f9cc89cdcb1ef5dcfd739191510f27d8a95c","isMergeCommit":false,"messageTitle":"Update DeveloperGuide.md","messageBody":"","fileTypesAndContributionMap":{"docs":{"insertions":1,"deletions":1}}},{"hash":"38f1989c6d221b8aa14ffd4a243b397a3dce93c2","isMergeCommit":false,"messageTitle":"Update DeveloperGuide.md","messageBody":"1. Removed the notifications\r\n2. Amended add session notes to specify only when editing notes","fileTypesAndContributionMap":{"docs":{"insertions":1,"deletions":8}}},{"hash":"d706f3745235928b197cbf82b2114dcbc7fdaaaa","isMergeCommit":false,"messageTitle":"Update UserGuide.md","messageBody":"Remove tagging from add command","fileTypesAndContributionMap":{"docs":{"insertions":2,"deletions":3}}},{"hash":"7166bd74d9a0d761f2406715ae0c92d40f512e87","isMergeCommit":false,"messageTitle":"Improved User Guide","messageBody":"","fileTypesAndContributionMap":{"functional-code":{"insertions":2,"deletions":2},"docs":{"insertions":63,"deletions":29}}},{"hash":"99954d273cb67b4dfa190317da34e5eb5d60ac75","isMergeCommit":false,"messageTitle":"Disallow add or edit session to past","messageBody":"","fileTypesAndContributionMap":{"functional-code":{"insertions":41,"deletions":8}}},{"hash":"812d50f5a9308bbb8c6fd8dd3c11898ad9282b01","isMergeCommit":true,"messageTitle":"Merge pull request #242 from MrAsparag00se/redefineDuplicateHousehold","messageBody":"Only same address are duplicate","fileTypesAndContributionMap":{}},{"hash":"a2cbd212643b87b07ec1bc9e0340cd410241ea84","isMergeCommit":true,"messageTitle":"Merge pull request #286 from MrAsparag00se/editError","messageBody":"Edit error","fileTypesAndContributionMap":{}},{"hash":"65cfdf68fd5ba00265b0425a45ee7b3298fc60af","isMergeCommit":true,"messageTitle":"Merge pull request #287 from MrAsparag00se/pastDates","messageBody":"Past dates","fileTypesAndContributionMap":{}}]},{"date":"2025-04-06","commitResults":[{"hash":"0e08be2c15c55a0694ad04ba04da63592c3274cb","isMergeCommit":true,"messageTitle":"Merge pull request #288 from malihahaque/bug-sesh","messageBody":"fix delete-s and edit-s bugs","fileTypesAndContributionMap":{}},{"hash":"a1fd7ce9cd16c2675d5982587c11d1e7be6c0535","isMergeCommit":false,"messageTitle":"User guide aesthetics","messageBody":"","fileTypesAndContributionMap":{"docs":{"insertions":147,"deletions":128}}},{"hash":"ced520542a330318ea30a5537b56603e8ac3403a","isMergeCommit":false,"messageTitle":"More fix user guide","messageBody":"","fileTypesAndContributionMap":{"docs":{"insertions":7,"deletions":7}}},{"hash":"6a1ca8a33c6ffac31fe922b03327d687553cb669","isMergeCommit":false,"messageTitle":"Fix edit wrong error","messageBody":"","fileTypesAndContributionMap":{"functional-code":{"insertions":16,"deletions":6},"test-code":{"insertions":75,"deletions":41}}},{"hash":"e8bb8f953cf549fe495c456c57d0d4f0379aa470","isMergeCommit":true,"messageTitle":"Merge pull request #290 from malihahaque/fix-error-messages","messageBody":"standardise error messages across command classes","fileTypesAndContributionMap":{}},{"hash":"285e12434ce9e83a9d1b304c3980998c6814486a","isMergeCommit":true,"messageTitle":"Merge pull request #291 from MrAsparag00se/editIncorrectError","messageBody":"Fix edit wrong error","fileTypesAndContributionMap":{}}]},{"date":"2025-04-07","commitResults":[{"hash":"db292a7428998b5fcd9f6d43f4bdecd5111a25da","isMergeCommit":false,"messageTitle":"Fix edit-s error","messageBody":"","fileTypesAndContributionMap":{"functional-code":{"insertions":37,"deletions":31},"test-code":{"insertions":0,"deletions":11}}},{"hash":"6b5ed6d7de2b123b320feeb9fb2f9ee839685feb","isMergeCommit":false,"messageTitle":"User guide nits","messageBody":"","fileTypesAndContributionMap":{"docs":{"insertions":3,"deletions":3}}},{"hash":"1250507955b067d3201a9b9574ea1a472657c1c2","isMergeCommit":true,"messageTitle":"Merge pull request #299 from MrAsparag00se/UserGuide-8","messageBody":"User guide nits","fileTypesAndContributionMap":{}},{"hash":"7966fc241f29b8f8874e3d8ab820b3d45f2e0d0e","isMergeCommit":false,"messageTitle":"Fix more UG nits","messageBody":"","fileTypesAndContributionMap":{"docs":{"insertions":2,"deletions":2}}},{"hash":"1ec922d272090b9e22cb15d8808410bf0abf3a5a","isMergeCommit":true,"messageTitle":"Merge pull request #298 from MrAsparag00se/editsError","messageBody":"Fix edit-s error","fileTypesAndContributionMap":{}},{"hash":"60ee79b0af02700de8c55cddc755a4264ee5147b","isMergeCommit":false,"messageTitle":"Revert \"Fix edit-s error\"","messageBody":"","fileTypesAndContributionMap":{"functional-code":{"insertions":31,"deletions":37},"test-code":{"insertions":11,"deletions":0}}},{"hash":"6cff7ffe9a535ed02671ed136a131c59df702363","isMergeCommit":true,"messageTitle":"Merge pull request #301 from AY2425S2-CS2103T-F10-2/revert-298-editsError","messageBody":"Revert \"Fix edit-s error\"","fileTypesAndContributionMap":{}},{"hash":"c64ae77b3559a1f611dbeba7567ff887e060740c","isMergeCommit":true,"messageTitle":"Merge pull request #300 from MrAsparag00se/UserGuide-8","messageBody":"Fix more UG nits","fileTypesAndContributionMap":{}},{"hash":"26faac7629db0e1fcf85d73e49775776cccc61a9","isMergeCommit":true,"messageTitle":"Merge branch \u0027master\u0027 into ug-final","messageBody":"","fileTypesAndContributionMap":{}},{"hash":"248294bc3f0e05db2bd465bf1fb880c9abfd0c12","isMergeCommit":true,"messageTitle":"Merge pull request #302 from malihahaque/ug-final","messageBody":"Elaborate commands and finalise UG","fileTypesAndContributionMap":{}},{"hash":"5d052deb314a32310c61d340838ded43378ab7cc","isMergeCommit":false,"messageTitle":"Fix some nits","messageBody":"","fileTypesAndContributionMap":{"functional-code":{"insertions":0,"deletions":7}}}]},{"date":"2025-04-08","commitResults":[{"hash":"d55b5c8e82ccfb4341d2c33117b3efa21b4e6424","isMergeCommit":false,"messageTitle":"Add manual testing planned enhancement","messageBody":"","fileTypesAndContributionMap":{"docs":{"insertions":75,"deletions":43}}},{"hash":"3cd48a614e5e79491b92c28d30d766a7a88502eb","isMergeCommit":false,"messageTitle":"Checkstyle","messageBody":"","fileTypesAndContributionMap":{"docs":{"insertions":7,"deletions":7}}},{"hash":"c18f831e0e142e6830c6069d27676ea0b9c1a2b5","isMergeCommit":true,"messageTitle":"Merge branch \u0027master\u0027 into manualTesting","messageBody":"","fileTypesAndContributionMap":{}},{"hash":"18e60dc09952866233ab1c75ff34b9880e902d76","isMergeCommit":true,"messageTitle":"Merge pull request #309 from MrAsparag00se/manualTesting","messageBody":"Manual testing and planned enhancements","fileTypesAndContributionMap":{}},{"hash":"0f1a0a7d32666c9082b59ae81492f7bf1a843fc7","isMergeCommit":false,"messageTitle":"Add two more PE","messageBody":"","fileTypesAndContributionMap":{"docs":{"insertions":3,"deletions":1}}},{"hash":"5dfc94da7ec2fec1e05f89828e44077d3f20c2d3","isMergeCommit":true,"messageTitle":"Merge pull request #310 from MrAsparag00se/plannedEnhancements","messageBody":"Add two more PE","fileTypesAndContributionMap":{}},{"hash":"906b81896f68685f1f9ac79c687cdc87b9790ca4","isMergeCommit":false,"messageTitle":"Fix exit command","messageBody":"","fileTypesAndContributionMap":{"functional-code":{"insertions":4,"deletions":0}}}]}]},"authorFileTypeContributionMap":{"jingchun19":{"docs":0,"functional-code":34,"test-code":0},"meglwhy":{"docs":3,"functional-code":37,"test-code":0},"malihahaque":{"docs":485,"functional-code":51,"test-code":0},"MrAsparag00se":{"docs":202,"functional-code":67,"test-code":74}},"authorContributionVariance":{"jingchun19":1026.75,"meglwhy":2067.1875,"malihahaque":60207.688,"MrAsparag00se":13294.1875},"authorDisplayNameMap":{"jingchun19":"CS2103T-F10-2 ONG ..CHUN","meglwhy":"CS2103T-F10-2 LOW .. YEN","malihahaque":"CS2103T-F10-2 HAQU..LIHA","MrAsparag00se":"CS2103T-F10-2 GABR.. WEI"}}
