{"authorDailyContributionsMap":{"nicholasohjj":[{"date":"2025-04-05","commitResults":[{"hash":"52776477e0d029cb7cb84b1857b49bdcc53d49d3","isMergeCommit":false,"messageTitle":"Modify name constructor","messageBody":"","fileTypesAndContributionMap":{"functional-code":{"insertions":18,"deletions":1}}},{"hash":"e1857945f8ea4de501138da878973721da448dbc","isMergeCommit":false,"messageTitle":"Remove null check for name formatting","messageBody":"","fileTypesAndContributionMap":{"functional-code":{"insertions":1,"deletions":4},"docs":{"insertions":10,"deletions":4},"test-code":{"insertions":1,"deletions":1}}},{"hash":"23eee0d27ec7d720a98cff0615f89294fbcd5716","isMergeCommit":false,"messageTitle":"Modify StudentTest","messageBody":"","fileTypesAndContributionMap":{"test-code":{"insertions":0,"deletions":1}}},{"hash":"942ef7dee81504290729571613cf5ad7ac908d86","isMergeCommit":false,"messageTitle":"Modify listcommand usage in UG","messageBody":"","fileTypesAndContributionMap":{"docs":{"insertions":3,"deletions":0}}},{"hash":"184590a7c5ac6474b9173297270ef0455d19a7dc","isMergeCommit":false,"messageTitle":"Resolves #283","messageBody":"","fileTypesAndContributionMap":{"docs":{"insertions":8,"deletions":0}}},{"hash":"77b7a3cee0cc65d3d455e07cc611e85ec79f9d23","isMergeCommit":false,"messageTitle":"Resolves #313","messageBody":"","fileTypesAndContributionMap":{"docs":{"insertions":58,"deletions":31}}},{"hash":"9dbfd179c01c5cb79b36227f6bd4f4059aa1951a","isMergeCommit":false,"messageTitle":"Resolves missing white space (1 line changed)","messageBody":"","fileTypesAndContributionMap":{"functional-code":{"insertions":1,"deletions":1}}},{"hash":"d57d42eea0fec0fd6a07f643ec048c5e4ba0f6b9","isMergeCommit":false,"messageTitle":"Resolves #277","messageBody":"","fileTypesAndContributionMap":{"docs":{"insertions":18,"deletions":0}}},{"hash":"450654c4e6b0a2bd01b330defd5b0cf0c29ef84a","isMergeCommit":false,"messageTitle":"Improve message usage for listlessons","messageBody":"","fileTypesAndContributionMap":{"functional-code":{"insertions":6,"deletions":6}}},{"hash":"4a1087847582e55f957e93c14a790374d39f2999","isMergeCommit":false,"messageTitle":"Fix checking of invalid dates","messageBody":"","fileTypesAndContributionMap":{"functional-code":{"insertions":6,"deletions":0}}},{"hash":"82b5f2c86eff9a419273711506996f7af1be44e1","isMergeCommit":false,"messageTitle":"Edit Date","messageBody":"","fileTypesAndContributionMap":{"functional-code":{"insertions":1,"deletions":9}}},{"hash":"7a091223e63200e236dc6566deff8298a97b25c2","isMergeCommit":false,"messageTitle":"Edit UG to resolve #268","messageBody":"","fileTypesAndContributionMap":{"docs":{"insertions":7,"deletions":0}}},{"hash":"ec93bc383af4028815aacd21472362e1e5a5f117","isMergeCommit":false,"messageTitle":"Add editassignment to table in UG","messageBody":"","fileTypesAndContributionMap":{"docs":{"insertions":1,"deletions":0}}},{"hash":"3248fd4b38197ed46e0d259ca3e34053a5ef369b","isMergeCommit":false,"messageTitle":"Resolve #296","messageBody":"","fileTypesAndContributionMap":{"docs":{"insertions":10,"deletions":8}}},{"hash":"d4c5eff6bc005f7b931f021c3503d8a495e0d515","isMergeCommit":false,"messageTitle":"Resolves #267","messageBody":"","fileTypesAndContributionMap":{"docs":{"insertions":13,"deletions":0}}},{"hash":"56a557ad8125f2b3754cc5b37af5e7239ab75aa7","isMergeCommit":false,"messageTitle":"Improve DG with manual testing instructions","messageBody":"","fileTypesAndContributionMap":{"docs":{"insertions":119,"deletions":0}}},{"hash":"92cceb04a64aec154a38276e7be379cffb60b739","isMergeCommit":false,"messageTitle":"Fix differing error messages","messageBody":"","fileTypesAndContributionMap":{"functional-code":{"insertions":1,"deletions":2}}},{"hash":"11dc85da51b306cfb5a57854784b0d4d50c70112","isMergeCommit":false,"messageTitle":"fix style checks","messageBody":"","fileTypesAndContributionMap":{"functional-code":{"insertions":2,"deletions":1}}},{"hash":"88fdae37e2182cea1d03c40356645e82b1334b45","isMergeCommit":false,"messageTitle":"fix style checks","messageBody":"","fileTypesAndContributionMap":{"functional-code":{"insertions":2,"deletions":2}}}]},{"date":"2025-04-06","commitResults":[{"hash":"bc4bbda168c48d129a4d5f0197afff0326b83457","isMergeCommit":true,"messageTitle":"Modify name constructor (#327)","messageBody":"Resolves #288\n","fileTypesAndContributionMap":{}},{"hash":"2b34a7f237784ba0a20642c377cebd2174f1a4f6","isMergeCommit":true,"messageTitle":"Resolve merge conflicts","messageBody":"","fileTypesAndContributionMap":{}},{"hash":"53b724c4cfffb00175ceb670788c5481ab5ff29b","isMergeCommit":true,"messageTitle":"Update DG  (#337)","messageBody":"Fixes #303.\nFixes #304.\nFixes #319.\nFixes #306.\nFixes #257.\n","fileTypesAndContributionMap":{}},{"hash":"5f04dc90167914325e494989b0f8a76aee863d1e","isMergeCommit":true,"messageTitle":"Update UG for mark assignment example to be clearer (#336)","messageBody":"Fixes #295\n","fileTypesAndContributionMap":{}},{"hash":"25cd75c76c0d91b0c4c03efb52958684ff5c105b","isMergeCommit":true,"messageTitle":"Update application name to TutorTrack (#335)","messageBody":"Fixes #275\n","fileTypesAndContributionMap":{}},{"hash":"fb70ea6f2152c669dfa25ea5e8065507905b61d0","isMergeCommit":true,"messageTitle":"Update UG to move table of contents up (#334)","messageBody":"Fixes #273.\nFixes #294.\n","fileTypesAndContributionMap":{}},{"hash":"97d04bb936ee61fe1fc5cf3044c09d0da0c6a31a","isMergeCommit":true,"messageTitle":"Update site-wide settings for UG and DG to product name (#333)","messageBody":"Fixes #255.\nFixes #256.\nFixes #278.\nFixes #298.\n","fileTypesAndContributionMap":{}},{"hash":"cf44e78852de3f96e1515b93108a8160d179a1a4","isMergeCommit":true,"messageTitle":"Update UML diagrams and images (#341)","messageBody":"Fixes #340\n","fileTypesAndContributionMap":{}},{"hash":"4f6669c3ed9ca1d225ce2b53804dd773feb42fcb","isMergeCommit":true,"messageTitle":"Branch DG (#339)","messageBody":"Fixes #338\n","fileTypesAndContributionMap":{}}]},{"date":"2025-04-07","commitResults":[{"hash":"d67cefcce042b68d5009bc40e47ce5a0a1c44cce","isMergeCommit":false,"messageTitle":"Modify target users in UG","messageBody":"","fileTypesAndContributionMap":{"docs":{"insertions":4,"deletions":4}}},{"hash":"79e28cc04b82570fbc7518aa126370dbe08c67d9","isMergeCommit":false,"messageTitle":"Add FAQ on why identical names is not allowed","messageBody":"","fileTypesAndContributionMap":{"docs":{"insertions":28,"deletions":0}}},{"hash":"81496a72254c7414fb495da655c78d771fda6908","isMergeCommit":false,"messageTitle":"Add capitalisation to assignments","messageBody":"","fileTypesAndContributionMap":{"functional-code":{"insertions":16,"deletions":3},"test-code":{"insertions":9,"deletions":9}}},{"hash":"37b482454698272df66656ca180e8628525ac69f","isMergeCommit":false,"messageTitle":"Modify UG to reflect changes","messageBody":"","fileTypesAndContributionMap":{"docs":{"insertions":24,"deletions":0}}},{"hash":"7fb6c3d562bb251e3d3eeb7d9112bca9c3402ba0","isMergeCommit":false,"messageTitle":"Modify Assignment","messageBody":"","fileTypesAndContributionMap":{"functional-code":{"insertions":1,"deletions":1}}},{"hash":"cfc9b97a5b6579beea927c6fbca9c946415f8ec8","isMergeCommit":true,"messageTitle":"Update implementation section and its UML diagrams in DG (#349)","messageBody":"Fixes #260\n","fileTypesAndContributionMap":{}},{"hash":"46ad512d7839cdd0311ddd0f5caa58b1f26b0dc9","isMergeCommit":true,"messageTitle":"Documentation bugs from PE Dry Run (#348)","messageBody":"Fixes #315\n- Adds description for students, lessons and assignments\n\nFixes #318\n\nFixes #320\n\nFixes #325\n","fileTypesAndContributionMap":{}},{"hash":"10992597581e112813ea109f1c6856b7d3569083","isMergeCommit":true,"messageTitle":"Modify UML diagram (#347)","messageBody":"Fixes #258\n","fileTypesAndContributionMap":{}},{"hash":"612c829d70d966de6ef1208ae174b24c5fe41c04","isMergeCommit":true,"messageTitle":"Merge branch \u0027master\u0027 into edit-ug","messageBody":"","fileTypesAndContributionMap":{}},{"hash":"f6cb7a820d515a446e98b6259a669e54fc4979be","isMergeCommit":false,"messageTitle":"Resolve issue","messageBody":"","fileTypesAndContributionMap":{"functional-code":{"insertions":2,"deletions":1},"docs":{"insertions":1,"deletions":2}}},{"hash":"2f4d1896e4157d848c3e6ae2b4772e26163a98d0","isMergeCommit":true,"messageTitle":"Merge branch \u0027master\u0027 into add_assignment","messageBody":"","fileTypesAndContributionMap":{}},{"hash":"b98709408ce353e3f2c8fd7c4f6ed1768c414a06","isMergeCommit":false,"messageTitle":"Modify delete assignment","messageBody":"","fileTypesAndContributionMap":{"functional-code":{"insertions":5,"deletions":1}}},{"hash":"66f49b819aaec3789f38250c31fbd237296d971f","isMergeCommit":true,"messageTitle":"Change same student criteria (#351)","messageBody":"Changed identifying duplicate student by name to by any of name, phone\nnumber, or email. This will disallow duplicate phone numbers and email\nwhile allowing students with same names but different phone numbers and\nemails to be added.\n","fileTypesAndContributionMap":{}},{"hash":"f0dec243dafd164753ce385799cfa7d571e497b3","isMergeCommit":true,"messageTitle":"Add capitalisation to assignments (#344)","messageBody":"Resolves #292\n","fileTypesAndContributionMap":{}},{"hash":"4dcef8839bea610be035a203dbbea2ae119ac5b1","isMergeCommit":false,"messageTitle":"Change indentation of DG","messageBody":"","fileTypesAndContributionMap":{"docs":{"insertions":12,"deletions":12}}},{"hash":"30be52fbe06ceffc2c6832e557e88c675a9a6f68","isMergeCommit":false,"messageTitle":"Refactor UG","messageBody":"","fileTypesAndContributionMap":{"docs":{"insertions":3,"deletions":4}}},{"hash":"eaa028ebdd0f2e29d9dc24216546b7df5027f5e0","isMergeCommit":true,"messageTitle":"Remove lesson timing constraint (#354)","messageBody":"Removed the lesson timing constraints between 8am and 10pm.\n","fileTypesAndContributionMap":{}},{"hash":"36d0667b393f66e8b0dd35a479ec538302393c53","isMergeCommit":true,"messageTitle":"PE Bug fixing (#352)","messageBody":"* Fix date not throwing invalid date\n* Add sample lessons for testing, resolves #297\n* Add restriction to Singaporean tutors #259\n","fileTypesAndContributionMap":{}},{"hash":"4c3405a110b6cf552274a7d7816f424e797f5636","isMergeCommit":true,"messageTitle":"Update UG (#356)","messageBody":"Fixes #305\n","fileTypesAndContributionMap":{}},{"hash":"8a3c2731d822f69953bb4608c9abf75d7820f0ce","isMergeCommit":true,"messageTitle":"Resolve conflicts","messageBody":"","fileTypesAndContributionMap":{}},{"hash":"50a5350a5d66d4302ad5de696eae872425ea6470","isMergeCommit":true,"messageTitle":"Refactor UG (#355)","messageBody":"","fileTypesAndContributionMap":{}},{"hash":"05c523fa8248ca1030ef62d240b85d31c16dc32d","isMergeCommit":true,"messageTitle":"Implement duplicate subject check (#358)","messageBody":"Raise error when duplicate subjects are added.\n","fileTypesAndContributionMap":{}},{"hash":"5743e9dcda71ba8d42bbacc9386b01fe8be656cb","isMergeCommit":false,"messageTitle":"Implement auto-cap for subject","messageBody":"","fileTypesAndContributionMap":{"functional-code":{"insertions":7,"deletions":1}}},{"hash":"45bcfb1cad8afb54323dc934c9798bc47c206953","isMergeCommit":true,"messageTitle":"Update UG (#357)","messageBody":"","fileTypesAndContributionMap":{}},{"hash":"a58b655dfc040bc3eb9d9d0df37a626bca8e96a6","isMergeCommit":false,"messageTitle":"Edit editstudentcommand to check for existing student names","messageBody":"","fileTypesAndContributionMap":{"functional-code":{"insertions":12,"deletions":0}}},{"hash":"1cc3dc9b2e5612609cc6310f113f8f147d3e9ef2","isMergeCommit":true,"messageTitle":"Check for student view before deleting student (#364)","messageBody":"Now deleting student command must be done on the student list page.\n","fileTypesAndContributionMap":{}}]},{"date":"2025-04-08","commitResults":[{"hash":"37a0dfa8435c5e5d1ce9b5da59bf61ef4322fae8","isMergeCommit":true,"messageTitle":"Final debug (#365)","messageBody":"Fixes issues related to assignments\n","fileTypesAndContributionMap":{}}]}],"Charlesl12":[{"date":"2025-04-05","commitResults":[{"hash":"814e7c0831e016098931c96234af2a23ce8a5969","isMergeCommit":false,"messageTitle":"Update UG to move table of contents up","messageBody":"","fileTypesAndContributionMap":{"docs":{"insertions":6,"deletions":5}}},{"hash":"c45084b282a719a5c16881a11c84ad910a762199","isMergeCommit":false,"messageTitle":"Update application name to TutorTrack","messageBody":"","fileTypesAndContributionMap":{"functional-code":{"insertions":1,"deletions":1}}},{"hash":"1a48a10aa98f65c090f1f607e269ae81291b9e3a","isMergeCommit":false,"messageTitle":"Add heading for table of contents in UG","messageBody":"","fileTypesAndContributionMap":{"docs":{"insertions":3,"deletions":2}}},{"hash":"b272ce9eaf584312305b08a041ef800d20f890b6","isMergeCommit":false,"messageTitle":"Update UG for mark assignment example to be clearer","messageBody":"","fileTypesAndContributionMap":{"docs":{"insertions":1,"deletions":1}}},{"hash":"92c94eafd6f82633b3aa6b347a0f7b447e26cc30","isMergeCommit":false,"messageTitle":"Update DG table of contents to be neater","messageBody":"","fileTypesAndContributionMap":{"docs":{"insertions":11,"deletions":5}}},{"hash":"699d5fbac1feba3294b7eb1d1cb64ae152f53202","isMergeCommit":false,"messageTitle":"Remove feature from user stories in DG","messageBody":"","fileTypesAndContributionMap":{"docs":{"insertions":2,"deletions":1}}},{"hash":"be4e54f910e339c522072da6dc68d88f43fa2996","isMergeCommit":false,"messageTitle":"Update use case for add student in DG","messageBody":"","fileTypesAndContributionMap":{"docs":{"insertions":1,"deletions":1}}},{"hash":"50b063801300ae080adacf48dc75edd6adc0d4e1","isMergeCommit":false,"messageTitle":"Update DG for planned enhancements","messageBody":"","fileTypesAndContributionMap":{"docs":{"insertions":2,"deletions":1}}}]},{"date":"2025-04-06","commitResults":[{"hash":"0f7dce649f5d9db84812ee21668512adbfcb27c9","isMergeCommit":true,"messageTitle":"Merge branch \u0027master\u0027 into branch_DG","messageBody":"","fileTypesAndContributionMap":{}},{"hash":"4b0527bb9c22e0e678f6dc3a2934e168572d8a59","isMergeCommit":false,"messageTitle":"Update UML diagram","messageBody":"","fileTypesAndContributionMap":{"docs":{"insertions":3,"deletions":3}}},{"hash":"f3bd92c135f1b97bd0fa9de47d9ef1e3c92e351d","isMergeCommit":false,"messageTitle":"Add extra tests to check","messageBody":"","fileTypesAndContributionMap":{"test-code":{"insertions":243,"deletions":0}}},{"hash":"7e18511d2abd969fafed4fe957c2fde68c8b2d9f","isMergeCommit":false,"messageTitle":"Add test for edit lesson and edit student parsers","messageBody":"","fileTypesAndContributionMap":{"test-code":{"insertions":130,"deletions":0}}},{"hash":"10a01252e7385215b6f3201fe117e65461f8816e","isMergeCommit":true,"messageTitle":"Merge branch \u0027master\u0027 into branch_DG","messageBody":"","fileTypesAndContributionMap":{}},{"hash":"ffbf8039bd42fc3aae0b7079d0a78374f4263e86","isMergeCommit":false,"messageTitle":"Update DG to include lesson details in logic and model components","messageBody":"","fileTypesAndContributionMap":{"docs":{"insertions":12,"deletions":8}}},{"hash":"5c827ad8b97e22dba6475941a8d290d414d36048","isMergeCommit":false,"messageTitle":"Update UML diagrams and images","messageBody":"","fileTypesAndContributionMap":{"docs":{"insertions":3,"deletions":3}}}]},{"date":"2025-04-07","commitResults":[{"hash":"8454e938dbdd4bec67ab1ab7a8782862a0d98c47","isMergeCommit":true,"messageTitle":"Merge branch \u0027AY2425S2-CS2103T-T13-4:master\u0027 into branch-testing","messageBody":"","fileTypesAndContributionMap":{}},{"hash":"f3cdff0a9f7553fba19903093407de59a68cd943","isMergeCommit":false,"messageTitle":"Adhere to checkstyle","messageBody":"","fileTypesAndContributionMap":{"test-code":{"insertions":6,"deletions":7}}},{"hash":"bc2ab3103f4d35604f3b29d967af9ad52569de70","isMergeCommit":false,"messageTitle":"Modify UML diagram","messageBody":"","fileTypesAndContributionMap":{"docs":{"insertions":3,"deletions":3}}},{"hash":"6ca12c0871522b9b91d3b7aa583059578f7982af","isMergeCommit":false,"messageTitle":"Update implementation section and its UML diagrams in DG","messageBody":"","fileTypesAndContributionMap":{"docs":{"insertions":51,"deletions":52}}},{"hash":"8436b6885a23cbdd6eabcfecc793de8548f845d7","isMergeCommit":false,"messageTitle":"Remove previous version of manual testing","messageBody":"","fileTypesAndContributionMap":{"docs":{"insertions":5,"deletions":52}}},{"hash":"c978b103b55400849f4a8405770d3698554d1278","isMergeCommit":false,"messageTitle":"Reduce TOC size","messageBody":"","fileTypesAndContributionMap":{"docs":{"insertions":8,"deletions":8}}},{"hash":"7850b36d2aff9c6856e4efe2786527b6d657a8aa","isMergeCommit":false,"messageTitle":"Update TOC","messageBody":"","fileTypesAndContributionMap":{"docs":{"insertions":2,"deletions":4}}},{"hash":"addeedcea2bf6484deb87ca15fbd4e57bfd43663","isMergeCommit":false,"messageTitle":"Adhere to checkstyle","messageBody":"","fileTypesAndContributionMap":{"docs":{"insertions":1,"deletions":1}}},{"hash":"318c437b8869e4ecc519f5d346ea19c59c6b7198","isMergeCommit":false,"messageTitle":"Update index.md to TutorTrack","messageBody":"","fileTypesAndContributionMap":{"docs":{"insertions":1,"deletions":1}}},{"hash":"58d8461203a98e7ff2b154e0c05b891cbce9a2bd","isMergeCommit":false,"messageTitle":"Fix TOC not showing in UG and DG","messageBody":"","fileTypesAndContributionMap":{"docs":{"insertions":3,"deletions":5}}},{"hash":"a5459123e414d505085cc8c6cdcb8dd2e57bc81c","isMergeCommit":false,"messageTitle":"Update UG","messageBody":"","fileTypesAndContributionMap":{"docs":{"insertions":26,"deletions":7}}},{"hash":"e9f283b32b2b5be4f18f95245a2e676843ff3f78","isMergeCommit":false,"messageTitle":"Update UG","messageBody":"","fileTypesAndContributionMap":{"docs":{"insertions":3,"deletions":1}}},{"hash":"b02ef47fa46dee98b503bbe26bed58f15a47f330","isMergeCommit":false,"messageTitle":"Update UG","messageBody":"","fileTypesAndContributionMap":{"docs":{"insertions":1,"deletions":3}}}]}],"jiangsuwangjing":[{"date":"2025-04-07","commitResults":[{"hash":"f9c3b607238b78388da13b721a2f9905681a61b9","isMergeCommit":false,"messageTitle":"Change same student criteria","messageBody":"","fileTypesAndContributionMap":{"functional-code":{"insertions":5,"deletions":4},"test-code":{"insertions":6,"deletions":5}}},{"hash":"e8602d07b827f3287baac7e6fb9d519aa64488fb","isMergeCommit":false,"messageTitle":"Remove lesson timing constraint","messageBody":"","fileTypesAndContributionMap":{"functional-code":{"insertions":2,"deletions":4},"test-code":{"insertions":2,"deletions":2}}},{"hash":"9694f49c8f69c2edbb4cc02813ff608796a4fff9","isMergeCommit":true,"messageTitle":"Merge branch \u0027master\u0027 into branch-bug-fix","messageBody":"","fileTypesAndContributionMap":{}},{"hash":"d28ebe17924c23f35628ac9d73afe48ce4ed844d","isMergeCommit":false,"messageTitle":"Implement case sensitive","messageBody":"","fileTypesAndContributionMap":{"functional-code":{"insertions":9,"deletions":2}}},{"hash":"85c7a2916a085b5507061531f0daabeffd9eadd5","isMergeCommit":false,"messageTitle":"Check for student view","messageBody":"","fileTypesAndContributionMap":{"functional-code":{"insertions":14,"deletions":1},"test-code":{"insertions":6,"deletions":0}}},{"hash":"8c099c5143407a1c5ebac7d0884e974960a81e2b","isMergeCommit":false,"messageTitle":"Change error message","messageBody":"","fileTypesAndContributionMap":{"functional-code":{"insertions":1,"deletions":1}}}]},{"date":"2025-04-08","commitResults":[{"hash":"fd6ccf11a586dbc5b761e18bf9449c929402e79c","isMergeCommit":false,"messageTitle":"Check view for delete lesson","messageBody":"","fileTypesAndContributionMap":{"functional-code":{"insertions":5,"deletions":0},"test-code":{"insertions":2,"deletions":0}}},{"hash":"f2ae78b27c652e75aed3fc2ed49157c7f14f5e85","isMergeCommit":true,"messageTitle":"Fix equality checks for date and time (#370)","messageBody":"Fixes #362\n","fileTypesAndContributionMap":{}}]}],"andong0909":[{"date":"2025-04-07","commitResults":[{"hash":"539345ebf441e18285d9b0eb19cb59c5cf1b413b","isMergeCommit":false,"messageTitle":"Fix user guide on list_lessons","messageBody":"","fileTypesAndContributionMap":{"docs":{"insertions":2,"deletions":2}}},{"hash":"86a7cbec22ba4441651fe753a8b72543bd8a7f8d","isMergeCommit":false,"messageTitle":"Fix user guide on list_lessons","messageBody":"","fileTypesAndContributionMap":{"docs":{"insertions":31,"deletions":0}}},{"hash":"6bafe2798adaa08e24f9d3d38000603893120571","isMergeCommit":false,"messageTitle":"Fix user guide on readability","messageBody":"","fileTypesAndContributionMap":{"docs":{"insertions":2,"deletions":0}}},{"hash":"cd65eda4d4e168dbe50a4015365766413dea50ba","isMergeCommit":true,"messageTitle":"Merge branch \u0027master\u0027 into PE-documentation-bugs","messageBody":"# Conflicts:\n#\tdocs/UserGuide.md\n#\tdocs/diagrams/BetterModelClassDiagram.puml\n","fileTypesAndContributionMap":{}},{"hash":"7da95c037fe2448528245c79961ec92d901e6095","isMergeCommit":false,"messageTitle":"Fix class diagram to include assignments","messageBody":"","fileTypesAndContributionMap":{"docs":{"insertions":94,"deletions":18}}},{"hash":"658065e45b3ca2eaef2fcb66b381aa491f59a23e","isMergeCommit":false,"messageTitle":"Fix assignment bugs","messageBody":"","fileTypesAndContributionMap":{"functional-code":{"insertions":3,"deletions":3}}},{"hash":"df311084450513d6324f64b8d09572cdc1961d07","isMergeCommit":false,"messageTitle":"Fix documentation bugs","messageBody":"","fileTypesAndContributionMap":{"docs":{"insertions":32,"deletions":24}}}]},{"date":"2025-04-08","commitResults":[{"hash":"a02475f03ccfd6dfa3086197ddf071a806c8be65","isMergeCommit":true,"messageTitle":"Merge branch \u0027master\u0027 into final-debug","messageBody":"# Conflicts:\n#\tdocs/UserGuide.md\n","fileTypesAndContributionMap":{}},{"hash":"8f8b30877ea8f20a31344338523d56199414cb2a","isMergeCommit":true,"messageTitle":"Implement auto-cap for subject (#361)","messageBody":"Resolves #360\nResolves #359\n","fileTypesAndContributionMap":{}},{"hash":"c40715365c4b03f2af1162ed9dfdf90b4958eadf","isMergeCommit":true,"messageTitle":"Merge branch \u0027master\u0027 into final-debug","messageBody":"","fileTypesAndContributionMap":{}},{"hash":"e5cbccfd57745b132bfa31b2998ba63891b48592","isMergeCommit":false,"messageTitle":"Change to clearer success message","messageBody":"","fileTypesAndContributionMap":{"functional-code":{"insertions":2,"deletions":2}}},{"hash":"8c71206bc5877abe2208148212ebd42781acef03","isMergeCommit":false,"messageTitle":"Fix documentation bugs","messageBody":"","fileTypesAndContributionMap":{"docs":{"insertions":23,"deletions":144}}},{"hash":"2ad495631308f193ca6c65b24d64a8596ec18922","isMergeCommit":true,"messageTitle":"Merge branch \u0027master\u0027 into final-debug","messageBody":"","fileTypesAndContributionMap":{}},{"hash":"47b927de245c6a029558fe6d9f818085194468f2","isMergeCommit":false,"messageTitle":"Fix equality checks for date and time","messageBody":"","fileTypesAndContributionMap":{"functional-code":{"insertions":2,"deletions":3}}}]}],"GZTan23":[{"date":"2025-04-06","commitResults":[{"hash":"04ae48a76726a42fd00b889b494b211f379c2ffb","isMergeCommit":true,"messageTitle":"Resolves missing white space (12 lines changed) (#329)","messageBody":"Closes #321\n","fileTypesAndContributionMap":{}},{"hash":"ba88895911c3078ddad83e91d7db7c3b3d1b2de9","isMergeCommit":true,"messageTitle":"Fix checking of invalid dates (#330)","messageBody":"Closes #268\n","fileTypesAndContributionMap":{}},{"hash":"addff3555db98bd957c1587bdbcb2143aad73a06","isMergeCommit":true,"messageTitle":"Improve DG with manual testing instructions (#331)","messageBody":"Resolves #262\n","fileTypesAndContributionMap":{}},{"hash":"3c8b5077607ece5644b99f90646c44d416967191","isMergeCommit":true,"messageTitle":"Fix differing error messages (#332)","messageBody":"Resolves #279\n","fileTypesAndContributionMap":{}},{"hash":"046be6ad48e176e83c8e6663bb2e911a6e7feb90","isMergeCommit":false,"messageTitle":"Update docs/UserGuide.md","messageBody":"Co-authored-by: Copilot \u003c175728472+Copilot@users.noreply.github.com\u003e","fileTypesAndContributionMap":{"docs":{"insertions":1,"deletions":1}}},{"hash":"577893f488f33572c0bd0d61b4eb01f86161b6d9","isMergeCommit":true,"messageTitle":"Modify listcommand usage in UG (#328)","messageBody":"Closes #314\n","fileTypesAndContributionMap":{}}]},{"date":"2025-04-07","commitResults":[{"hash":"e373847b27ec1a5796bb0485a04a895557449193","isMergeCommit":false,"messageTitle":"Add warning for clear command, fixes #317","messageBody":"","fileTypesAndContributionMap":{"docs":{"insertions":4,"deletions":0}}},{"hash":"51423fd61ef8a18c71ada0c5b7cc4ec6822c879f","isMergeCommit":false,"messageTitle":"Add custom commands to Planned Enhancements, fixes #284 and fixes #316","messageBody":"","fileTypesAndContributionMap":{"docs":{"insertions":1,"deletions":1}}},{"hash":"1e9eb7be99097273a90c64f159dcba43b182d5b6","isMergeCommit":false,"messageTitle":"Update user stories, resolves #302","messageBody":"","fileTypesAndContributionMap":{"docs":{"insertions":2,"deletions":2}}},{"hash":"d8f65e07a30d30c100c0accd569b038f63d3e0b8","isMergeCommit":false,"messageTitle":"Update error message for assignment, resolves #286","messageBody":"","fileTypesAndContributionMap":{"functional-code":{"insertions":1,"deletions":1}}},{"hash":"1e4679e35164e2f9f727e7cfac14ae2b5bd9a007","isMergeCommit":false,"messageTitle":"Update edit_student to edit lessons related, resolves #326 and resolves #289","messageBody":"","fileTypesAndContributionMap":{"functional-code":{"insertions":21,"deletions":3},"test-code":{"insertions":1,"deletions":1}}},{"hash":"03507c3915910e231ffb593d7e75aacd4c8c8cc1","isMergeCommit":true,"messageTitle":"Add tests (#345)","messageBody":"Fixes #346\n","fileTypesAndContributionMap":{}},{"hash":"e48296212bf28049a002bb555dba52fea91cd4b5","isMergeCommit":false,"messageTitle":"Fix date not throwing error with invalid date","messageBody":"","fileTypesAndContributionMap":{"functional-code":{"insertions":7,"deletions":3},"docs":{"insertions":3,"deletions":2},"test-code":{"insertions":2,"deletions":2}}},{"hash":"e0b16162fe0af24d7c014a434639c8448dcfc614","isMergeCommit":false,"messageTitle":"Add sample lessons for testing","messageBody":"","fileTypesAndContributionMap":{"functional-code":{"insertions":28,"deletions":0}}},{"hash":"f1bddb71cbf148522ff9a040af92089125643d51","isMergeCommit":true,"messageTitle":"General bug fixing (#342)","messageBody":"* Add warning for clear command in UG\n* Add custom commands to Planned Enhancements in DG\n* Fix user story\n* Update error message for assignment to reflect STUDENT INDEX instead\n* Update edit_student to edit lessons related as well, and by extension,\nfixes the delete cascading of students\n","fileTypesAndContributionMap":{}},{"hash":"2143c17176fc5f8486058257740ee5df7b920a21","isMergeCommit":true,"messageTitle":"Modify target users in UG (#343)","messageBody":"Resolves #301\nResolves #254\n","fileTypesAndContributionMap":{}},{"hash":"b62444e6bc630885e000d41888afac6cf615e892","isMergeCommit":true,"messageTitle":"Fix TOC not showing in UG and DG (#350)","messageBody":"","fileTypesAndContributionMap":{}},{"hash":"4525d90cd37bd102a5eca5ddbf24dff6cd122b71","isMergeCommit":true,"messageTitle":"Fix merge conflict","messageBody":"","fileTypesAndContributionMap":{}},{"hash":"256ff3636b4ccac8cc0f02af1917d6eac6967670","isMergeCommit":false,"messageTitle":"Add justification for phone number restriction","messageBody":"","fileTypesAndContributionMap":{"docs":{"insertions":2,"deletions":2}}},{"hash":"feef070d761389d3643b753dfc6dbda2c8fea093","isMergeCommit":true,"messageTitle":"Change indentation of DG (#353)","messageBody":"Resolves #299\n","fileTypesAndContributionMap":{}},{"hash":"e25cd10fef11aa04745fbae0430ec354ba613725","isMergeCommit":false,"messageTitle":"Fix failing test and add working hours to Planned Enhancements","messageBody":"","fileTypesAndContributionMap":{"functional-code":{"insertions":4,"deletions":1},"docs":{"insertions":1,"deletions":1}}}]},{"date":"2025-04-08","commitResults":[{"hash":"16a87a1dca57d15d0ff54e61da1fe0473163fade","isMergeCommit":true,"messageTitle":"Implement view check for delete lesson (#367)","messageBody":"Implement checking for current view for deleting lessons and only allow\nthe command on lesson page.\n","fileTypesAndContributionMap":{}},{"hash":"de0b3faba232d6ea2006586e39465b88068509a1","isMergeCommit":true,"messageTitle":"Final debug 2 (#369)","messageBody":"Fixes #363\n\nFixes #366\n\nFixes #368\n","fileTypesAndContributionMap":{}}]}]},"authorFileTypeContributionMap":{"nicholasohjj":{"docs":229,"functional-code":66,"test-code":9},"Charlesl12":{"docs":110,"functional-code":1,"test-code":372,"other":1},"jiangsuwangjing":{"docs":0,"functional-code":34,"test-code":16},"andong0909":{"docs":75,"functional-code":6,"test-code":0},"GZTan23":{"docs":12,"functional-code":61,"test-code":3}},"authorContributionVariance":{"nicholasohjj":21588.188,"Charlesl12":26731.188,"jiangsuwangjing":721.1875,"andong0909":9513.6875,"GZTan23":1704.75},"authorDisplayNameMap":{"nicholasohjj":"CS2103T-T13-4 NICH.. JUN","Charlesl12":"CS2103T-T13-4 CHAR.. WEI","jiangsuwangjing":"CS2103T-T13-4 WANG..MENG","andong0909":"CS2103T-T13-4 YAN ..DONG","GZTan23":"CS2103T-T13-4 TAN ..HONG"}}
