{"authorDailyContributionsMap":{"loyaltypollution":[{"date":"2025-04-07","commitResults":[{"hash":"d67ed7350119080f8d0847b664f84fea53e32035","isMergeCommit":false,"messageTitle":"Fix error not thrown in CommandParser","messageBody":"","fileTypesAndContributionMap":{"functional-code":{"insertions":6,"deletions":6}}}]}],"findingfaey":[],"WhiteBear82":[{"date":"2025-04-06","commitResults":[{"hash":"c50829cc3110e702bcb8904e9af324fe1ce20b8b","isMergeCommit":false,"messageTitle":"Fix AlphaBug ScreenshotsQC","messageBody":"","fileTypesAndContributionMap":{"docs":{"insertions":32,"deletions":32}}},{"hash":"4fbd802b88c325117384e8b30cfa17d1b3fe9f77","isMergeCommit":true,"messageTitle":"Merge remote-tracking branch \u0027upstream/master\u0027 into branch-Fix-AlphaBug-ScreenshotsQC","messageBody":"","fileTypesAndContributionMap":{}},{"hash":"64febbb796000fd3457ff5bfefe11b10e2ba0734","isMergeCommit":false,"messageTitle":"Fix PEDBugs UGWrongWording","messageBody":"","fileTypesAndContributionMap":{"docs":{"insertions":2,"deletions":2}}},{"hash":"1d0d63b85dd7483ddae49fd1bf329e5855d00ad0","isMergeCommit":true,"messageTitle":"Merge pull request #456 from WhiteBear82/branch-Fix-PEDBugs-UGWrongWording","messageBody":"Branch fix ped bugs ug wrong wording","fileTypesAndContributionMap":{}}]}],"rannn367":[],"Jsjk112344":[{"date":"2025-04-07","commitResults":[{"hash":"478537caa6b2f13c0c1b72f7bbe6e39868531cce","isMergeCommit":false,"messageTitle":"Fix #452","messageBody":"","fileTypesAndContributionMap":{"docs":{"insertions":1,"deletions":1}}},{"hash":"d7593408ea5eda80111f9ea9f161b5343caf4954","isMergeCommit":false,"messageTitle":"Fix qca customer id","messageBody":"","fileTypesAndContributionMap":{"docs":{"insertions":1,"deletions":1}}},{"hash":"94b5695c0b295d05ccdb6b4e88d8b1d8ac662301","isMergeCommit":false,"messageTitle":"Fix issues with userguide and tag","messageBody":"","fileTypesAndContributionMap":{"functional-code":{"insertions":2,"deletions":1},"docs":{"insertions":86,"deletions":11}}},{"hash":"3dc0efcc777333873a6673a252b03dd9800d7852","isMergeCommit":false,"messageTitle":"FIx issues with User Guide","messageBody":"","fileTypesAndContributionMap":{"functional-code":{"insertions":2,"deletions":1},"docs":{"insertions":2,"deletions":0}}},{"hash":"27399ab41566a4f6de4fbd73964257ef69ce1bff","isMergeCommit":false,"messageTitle":"Fix tag wording","messageBody":"","fileTypesAndContributionMap":{"functional-code":{"insertions":1,"deletions":1}}},{"hash":"d529c7ea131e73d6e5c0e6f49c30be078e4cee33","isMergeCommit":false,"messageTitle":"Fix tag wording","messageBody":"","fileTypesAndContributionMap":{"functional-code":{"insertions":1,"deletions":1}}},{"hash":"c46da42a35bca1d3f2902f68e57c21b151f4e41c","isMergeCommit":false,"messageTitle":"Fix UG issues","messageBody":"","fileTypesAndContributionMap":{"functional-code":{"insertions":0,"deletions":1},"docs":{"insertions":4,"deletions":4}}},{"hash":"9af36bbd761b901cbf09dba1d3d6776ffa2999b5","isMergeCommit":false,"messageTitle":"Fix phone number error","messageBody":"","fileTypesAndContributionMap":{"functional-code":{"insertions":2,"deletions":2},"docs":{"insertions":1,"deletions":1}}},{"hash":"48ddfc6521a7404360c28dababd78736ecc06e18","isMergeCommit":false,"messageTitle":"Remove remark from model class diagram","messageBody":"","fileTypesAndContributionMap":{"docs":{"insertions":1,"deletions":11}}},{"hash":"29542d157716a87e68623d6952f34dea1ec900e6","isMergeCommit":true,"messageTitle":"Merge pull request #457 from Jsjk112344/fix-Documentation-errors","messageBody":"Update UG to fix PE-D bugs","fileTypesAndContributionMap":{}},{"hash":"bd9456e568721ecd4a8cc08d8ebbf186fb639421","isMergeCommit":true,"messageTitle":"Merge pull request #463 from loyaltypollution/FixCommandParser","messageBody":"Fix error not thrown in CommandParser","fileTypesAndContributionMap":{}}]}]},"authorFileTypeContributionMap":{"loyaltypollution":{"docs":0,"functional-code":6,"test-code":0},"findingfaey":{"docs":0,"functional-code":0,"test-code":0},"WhiteBear82":{"docs":2,"functional-code":0,"test-code":0},"rannn367":{"docs":0,"functional-code":0,"test-code":0},"Jsjk112344":{"docs":84,"functional-code":4,"test-code":0}},"authorContributionVariance":{"loyaltypollution":32.0,"findingfaey":0.0,"WhiteBear82":1027.5557,"rannn367":0.0,"Jsjk112344":4355.555},"authorDisplayNameMap":{"loyaltypollution":"CS2103T-T08-3 LIM ..RREN","findingfaey":"CS2103T-T08-3 YANG.. FEI","WhiteBear82":"CS2103T-T08-3 VICT..RONG","rannn367":"CS2103T-T08-3 ALIC.. RAN","Jsjk112344":"CS2103T-T08-3 JUST..KHYE"}}
