{"authorDailyContributionsMap":{"loyaltypollution":[{"date":"2025-04-07","commitResults":[{"hash":"d67ed7350119080f8d0847b664f84fea53e32035","isMergeCommit":false,"messageTitle":"Fix error not thrown in CommandParser","messageBody":"","fileTypesAndContributionMap":{"functional-code":{"insertions":6,"deletions":6}}},{"hash":"5ba341f1267f41f20e4eb75ede61c39ad8721b8a","isMergeCommit":false,"messageTitle":"Add remark to user visible aspects","messageBody":"","fileTypesAndContributionMap":{"functional-code":{"insertions":21,"deletions":6}}},{"hash":"eb5e6eff3b40c40794536e5ff1ec6f3ea98ee71e","isMergeCommit":false,"messageTitle":"Add codecov test","messageBody":"","fileTypesAndContributionMap":{"test-code":{"insertions":4,"deletions":0}}},{"hash":"55f10f4c827bdd21e888f4ed8785846b99b63dc0","isMergeCommit":false,"messageTitle":"Modify testcase for codecov","messageBody":"","fileTypesAndContributionMap":{"test-code":{"insertions":2,"deletions":2}}},{"hash":"3affcc902fa5fa8565b05dfc4cd6f163c72f2cdf","isMergeCommit":false,"messageTitle":"Fix FindCommand","messageBody":"","fileTypesAndContributionMap":{"functional-code":{"insertions":14,"deletions":11},"test-code":{"insertions":3,"deletions":2}}},{"hash":"efcbb10a4a176fdb979207a1cd8bef54f740e707","isMergeCommit":false,"messageTitle":"Fix Id int validation","messageBody":"","fileTypesAndContributionMap":{"functional-code":{"insertions":21,"deletions":7}}}]}],"findingfaey":[{"date":"2025-04-08","commitResults":[{"hash":"25d51eea22e95010e72bacd1a4b7474d53855422","isMergeCommit":false,"messageTitle":"edit UI images for v1.6","messageBody":"","fileTypesAndContributionMap":{"docs":{"insertions":1,"deletions":1}}},{"hash":"20cf7fddf2a724d9b4009b2dfcd2690ca1eda0f5","isMergeCommit":true,"messageTitle":"Merge pull request #476 from findingfaey/v1.6-ug-images","messageBody":"edit UI images for v1.6","fileTypesAndContributionMap":{}},{"hash":"77c8612643908d20854bc8d6c5a6092b47decac6","isMergeCommit":false,"messageTitle":"fix staff edit","messageBody":"","fileTypesAndContributionMap":{"functional-code":{"insertions":14,"deletions":2}}},{"hash":"c062cdf7e84b63ee9a9951b33cbbbd6bcade8888","isMergeCommit":false,"messageTitle":"still haven\u0027t finished fixing tests for staffedit","messageBody":"","fileTypesAndContributionMap":{"test-code":{"insertions":14,"deletions":64}}}]}],"WhiteBear82":[{"date":"2025-04-06","commitResults":[{"hash":"c50829cc3110e702bcb8904e9af324fe1ce20b8b","isMergeCommit":false,"messageTitle":"Fix AlphaBug ScreenshotsQC","messageBody":"","fileTypesAndContributionMap":{"docs":{"insertions":32,"deletions":32}}},{"hash":"4fbd802b88c325117384e8b30cfa17d1b3fe9f77","isMergeCommit":true,"messageTitle":"Merge remote-tracking branch \u0027upstream/master\u0027 into branch-Fix-AlphaBug-ScreenshotsQC","messageBody":"","fileTypesAndContributionMap":{}},{"hash":"64febbb796000fd3457ff5bfefe11b10e2ba0734","isMergeCommit":false,"messageTitle":"Fix PEDBugs UGWrongWording","messageBody":"","fileTypesAndContributionMap":{"docs":{"insertions":2,"deletions":2}}},{"hash":"1d0d63b85dd7483ddae49fd1bf329e5855d00ad0","isMergeCommit":true,"messageTitle":"Merge pull request #456 from WhiteBear82/branch-Fix-PEDBugs-UGWrongWording","messageBody":"Branch fix ped bugs ug wrong wording","fileTypesAndContributionMap":{}}]}],"rannn367":[],"Jsjk112344":[{"date":"2025-04-07","commitResults":[{"hash":"478537caa6b2f13c0c1b72f7bbe6e39868531cce","isMergeCommit":false,"messageTitle":"Fix #452","messageBody":"","fileTypesAndContributionMap":{"docs":{"insertions":1,"deletions":1}}},{"hash":"d7593408ea5eda80111f9ea9f161b5343caf4954","isMergeCommit":false,"messageTitle":"Fix qca customer id","messageBody":"","fileTypesAndContributionMap":{"docs":{"insertions":1,"deletions":1}}},{"hash":"94b5695c0b295d05ccdb6b4e88d8b1d8ac662301","isMergeCommit":false,"messageTitle":"Fix issues with userguide and tag","messageBody":"","fileTypesAndContributionMap":{"functional-code":{"insertions":2,"deletions":1},"docs":{"insertions":86,"deletions":11}}},{"hash":"3dc0efcc777333873a6673a252b03dd9800d7852","isMergeCommit":false,"messageTitle":"FIx issues with User Guide","messageBody":"","fileTypesAndContributionMap":{"functional-code":{"insertions":2,"deletions":1},"docs":{"insertions":2,"deletions":0}}},{"hash":"27399ab41566a4f6de4fbd73964257ef69ce1bff","isMergeCommit":false,"messageTitle":"Fix tag wording","messageBody":"","fileTypesAndContributionMap":{"functional-code":{"insertions":1,"deletions":1}}},{"hash":"d529c7ea131e73d6e5c0e6f49c30be078e4cee33","isMergeCommit":false,"messageTitle":"Fix tag wording","messageBody":"","fileTypesAndContributionMap":{"functional-code":{"insertions":1,"deletions":1}}},{"hash":"c46da42a35bca1d3f2902f68e57c21b151f4e41c","isMergeCommit":false,"messageTitle":"Fix UG issues","messageBody":"","fileTypesAndContributionMap":{"functional-code":{"insertions":0,"deletions":1},"docs":{"insertions":4,"deletions":4}}},{"hash":"9af36bbd761b901cbf09dba1d3d6776ffa2999b5","isMergeCommit":false,"messageTitle":"Fix phone number error","messageBody":"","fileTypesAndContributionMap":{"functional-code":{"insertions":2,"deletions":2},"docs":{"insertions":1,"deletions":1}}},{"hash":"48ddfc6521a7404360c28dababd78736ecc06e18","isMergeCommit":false,"messageTitle":"Remove remark from model class diagram","messageBody":"","fileTypesAndContributionMap":{"docs":{"insertions":1,"deletions":11}}},{"hash":"29542d157716a87e68623d6952f34dea1ec900e6","isMergeCommit":true,"messageTitle":"Merge pull request #457 from Jsjk112344/fix-Documentation-errors","messageBody":"Update UG to fix PE-D bugs","fileTypesAndContributionMap":{}},{"hash":"bd9456e568721ecd4a8cc08d8ebbf186fb639421","isMergeCommit":true,"messageTitle":"Merge pull request #463 from loyaltypollution/FixCommandParser","messageBody":"Fix error not thrown in CommandParser","fileTypesAndContributionMap":{}},{"hash":"7d771cb04f066984e4ae5ffda7c1c828bb2a8988","isMergeCommit":false,"messageTitle":"FIx user guide issues","messageBody":"","fileTypesAndContributionMap":{"docs":{"insertions":7,"deletions":3}}},{"hash":"ec72c54c02d59866a94f2ec173ea8287b05d7358","isMergeCommit":false,"messageTitle":"Update hyperlink issues","messageBody":"","fileTypesAndContributionMap":{"docs":{"insertions":1,"deletions":1}}},{"hash":"50a13a12cf237cf74eebcb72bae510a677495802","isMergeCommit":false,"messageTitle":"Fix staff and customer error messages","messageBody":"","fileTypesAndContributionMap":{"functional-code":{"insertions":8,"deletions":0},"test-code":{"insertions":6,"deletions":4}}},{"hash":"b978fab3e38fcff5f7138506b4a28ad60769d5e6","isMergeCommit":true,"messageTitle":"Merge pull request #465 from loyaltypollution/AddRemarkPublic","messageBody":"Add remark to user visible aspects","fileTypesAndContributionMap":{}},{"hash":"7f4469dc15a5cf57536247123686bc3908d6cba5","isMergeCommit":false,"messageTitle":"update DG to include some enhancements","messageBody":"","fileTypesAndContributionMap":{"docs":{"insertions":21,"deletions":0}}},{"hash":"4fce40dd087dbf65b55be9ded6d1a2118e13f3f6","isMergeCommit":false,"messageTitle":"fix DG style issues","messageBody":"","fileTypesAndContributionMap":{"docs":{"insertions":1,"deletions":1}}},{"hash":"88e5804480d5eb132266b95fb3431bb5aeb91c0e","isMergeCommit":true,"messageTitle":"Merge branch \u0027master\u0027 of https://github.com/AY2425S2-CS2103T-T08-3/tp into edit-docs","messageBody":"","fileTypesAndContributionMap":{}},{"hash":"11246a222670218c69cfe4ff601024f230a848a1","isMergeCommit":false,"messageTitle":"merge from upstream","messageBody":"","fileTypesAndContributionMap":{"other":{"insertions":7,"deletions":1}}},{"hash":"7306ac989b15f2422d55638eb2f7d5bd4937cd63","isMergeCommit":true,"messageTitle":"Merge pull request #467 from Jsjk112344/edit-docs","messageBody":"FIx user guide issues","fileTypesAndContributionMap":{}},{"hash":"32600fdbddf2dbe968dd15a1700cedf8adeb9afa","isMergeCommit":false,"messageTitle":"Add period to fix issue","messageBody":"","fileTypesAndContributionMap":{"docs":{"insertions":1,"deletions":1}}},{"hash":"55912bbb2c817459b0cabddd16e4680e4bea177d","isMergeCommit":false,"messageTitle":"Update Customer and Staff","messageBody":"","fileTypesAndContributionMap":{"functional-code":{"insertions":19,"deletions":2},"docs":{"insertions":17,"deletions":5}}}]},{"date":"2025-04-08","commitResults":[{"hash":"5bd2fe0ff8646daa7b08c5ce13d16b169f3f281f","isMergeCommit":false,"messageTitle":"Fix customer edit command","messageBody":"","fileTypesAndContributionMap":{"functional-code":{"insertions":10,"deletions":3},"test-code":{"insertions":7,"deletions":4}}},{"hash":"d1e25a79b71d8acd099c8f2be6ecc7bc93aa0391","isMergeCommit":false,"messageTitle":"Fix style with editcustomer","messageBody":"","fileTypesAndContributionMap":{"functional-code":{"insertions":1,"deletions":1}}},{"hash":"c6ecdde053d89d5ffbcdd54af11fc885dfe2af76","isMergeCommit":false,"messageTitle":"Update UG with remark","messageBody":"","fileTypesAndContributionMap":{"docs":{"insertions":4,"deletions":4}}},{"hash":"548ef514c87622a7c38000b528119274175fff38","isMergeCommit":false,"messageTitle":"remove unused import","messageBody":"","fileTypesAndContributionMap":{"functional-code":{"insertions":0,"deletions":1}}},{"hash":"f75cc9b1d8f8c423476518dea6adf46c1d17e3ba","isMergeCommit":true,"messageTitle":"Merge branch \u0027master\u0027 of https://github.com/AY2425S2-CS2103T-T08-3/tp into edit-documentation-for-remark","messageBody":"","fileTypesAndContributionMap":{}},{"hash":"0d859ebeae512e02880d1f04155e1d76c15e79a1","isMergeCommit":false,"messageTitle":"Fix remark diagram","messageBody":"","fileTypesAndContributionMap":{"docs":{"insertions":17,"deletions":3}}},{"hash":"dfa8b61d377873f65ffc761070591bf8739bc75f","isMergeCommit":false,"messageTitle":"Fix style","messageBody":"","fileTypesAndContributionMap":{"docs":{"insertions":1,"deletions":1}}},{"hash":"20cda525d36236d110109fa7e2a23effea5ded33","isMergeCommit":false,"messageTitle":"Update summary","messageBody":"","fileTypesAndContributionMap":{"docs":{"insertions":2,"deletions":0}}},{"hash":"a686ca4846988edb0e25a42db896929972d98a33","isMergeCommit":true,"messageTitle":"Merge pull request #469 from Jsjk112344/edit-documentation-for-remark","messageBody":"Add period to fix issue","fileTypesAndContributionMap":{}},{"hash":"0928f8e2866131b13359ac4fb2055f3cd18ca658","isMergeCommit":true,"messageTitle":"Merge pull request #470 from loyaltypollution/FixFindCommand","messageBody":"Fix FindCommand","fileTypesAndContributionMap":{}},{"hash":"0038783ba6eb5d1a2e42763d99f6a40c2dda8d57","isMergeCommit":true,"messageTitle":"Merge pull request #472 from loyaltypollution/FixIdField","messageBody":"Fix Id int validation","fileTypesAndContributionMap":{}},{"hash":"3e4dc2f9bc52a8df5c9b9256b6c21852759263f6","isMergeCommit":false,"messageTitle":"Update UG and keywords","messageBody":"","fileTypesAndContributionMap":{"functional-code":{"insertions":2,"deletions":2},"docs":{"insertions":4,"deletions":0}}},{"hash":"73b83945db5524fed59774406ded59ec01bb3a7e","isMergeCommit":false,"messageTitle":"Fix style issues","messageBody":"","fileTypesAndContributionMap":{"functional-code":{"insertions":1,"deletions":1}}},{"hash":"51ebc9d2934f69b36f6f0b5a04e2d5d94aeab711","isMergeCommit":true,"messageTitle":"Merge pull request #474 from Jsjk112344/edit-documentation-for-remark","messageBody":"Update UG and keywords","fileTypesAndContributionMap":{}},{"hash":"a40456d5ca7ec5f384d9736c410295bb9e501c63","isMergeCommit":true,"messageTitle":"Merge pull request #478 from findingfaey/fix-staff-edit","messageBody":"fix staff edit","fileTypesAndContributionMap":{}},{"hash":"b892135a4e22c5a102b1097d2068be18d18c9b2d","isMergeCommit":false,"messageTitle":"Fix fi error","messageBody":"","fileTypesAndContributionMap":{"functional-code":{"insertions":3,"deletions":2}}},{"hash":"62b5601cdc08a64e4b294a54169f91834d4689a4","isMergeCommit":false,"messageTitle":"Update style issues","messageBody":"","fileTypesAndContributionMap":{"functional-code":{"insertions":1,"deletions":1}}},{"hash":"105882ccd03dea64cccecfc7eefe926932823c28","isMergeCommit":false,"messageTitle":"update UG","messageBody":"","fileTypesAndContributionMap":{"docs":{"insertions":3,"deletions":3}}},{"hash":"2e3ac0016c49027692aaf11165b20a2132c7d1e3","isMergeCommit":false,"messageTitle":"Add planned enhancements","messageBody":"","fileTypesAndContributionMap":{"docs":{"insertions":9,"deletions":1}}},{"hash":"77ed17fb32a7da81e1b612eb0ca1a67e32fb3c77","isMergeCommit":false,"messageTitle":"Fix UG errors","messageBody":"","fileTypesAndContributionMap":{"docs":{"insertions":1,"deletions":1}}},{"hash":"38701cca5912712cfb5675f747772e8dc7bfcee1","isMergeCommit":true,"messageTitle":"Merge pull request #479 from Jsjk112344/edit-documentation-for-remark","messageBody":"Fix fi error","fileTypesAndContributionMap":{}},{"hash":"2dd86b898febd2a756a40e32079d8481eaee0ac5","isMergeCommit":false,"messageTitle":"edit dg planned-enhancements","messageBody":"","fileTypesAndContributionMap":{"docs":{"insertions":8,"deletions":0}}},{"hash":"d63bee82359987fc38942b83eef271e7d89051a4","isMergeCommit":false,"messageTitle":"Fix style issues","messageBody":"","fileTypesAndContributionMap":{"docs":{"insertions":3,"deletions":2}}},{"hash":"474581d750c13027e87ed5dcc720e627d9ff42d3","isMergeCommit":false,"messageTitle":"update DG","messageBody":"","fileTypesAndContributionMap":{"docs":{"insertions":8,"deletions":1}}},{"hash":"fe3752ae12fdfd5a103e9350f84d01e9cd02b0ec","isMergeCommit":true,"messageTitle":"Merge pull request #480 from Jsjk112344/edit-documentation-for-remark","messageBody":"edit dg planned-enhancements","fileTypesAndContributionMap":{}}]}]},"authorFileTypeContributionMap":{"loyaltypollution":{"docs":0,"functional-code":61,"test-code":7},"findingfaey":{"docs":1,"functional-code":14,"test-code":14},"WhiteBear82":{"docs":2,"functional-code":0,"test-code":0},"rannn367":{"docs":0,"functional-code":0,"test-code":0},"Jsjk112344":{"docs":176,"functional-code":41,"test-code":13,"other":7}},"authorContributionVariance":{"loyaltypollution":2067.1875,"findingfaey":1728.0,"WhiteBear82":867.0,"rannn367":0.0,"Jsjk112344":10302.75},"authorDisplayNameMap":{"loyaltypollution":"CS2103T-T08-3 LIM ..RREN","findingfaey":"CS2103T-T08-3 YANG.. FEI","WhiteBear82":"CS2103T-T08-3 VICT..RONG","rannn367":"CS2103T-T08-3 ALIC.. RAN","Jsjk112344":"CS2103T-T08-3 JUST..KHYE"}}
