{"authorDailyContributionsMap":{"Windofbitter":[{"date":"2025-04-06","commitResults":[{"hash":"f40d36e00923e8c155be840f915601ba50e744e7","isMergeCommit":false,"messageTitle":"Fix some erros found in ug during pe-d","messageBody":"","fileTypesAndContributionMap":{"docs":{"insertions":32,"deletions":30}}},{"hash":"484158deb1e87dc48b66e950cfb530b37f0eb0f2","isMergeCommit":false,"messageTitle":"Add table of content to ug","messageBody":"","fileTypesAndContributionMap":{"docs":{"insertions":25,"deletions":0}}},{"hash":"292bfcf94e5a383d9a512c178da0dd545ca6c6d9","isMergeCommit":false,"messageTitle":"Add sorting algorithm for find command","messageBody":"","fileTypesAndContributionMap":{"docs":{"insertions":8,"deletions":0}}},{"hash":"bb4c4a2958e948466330aba383bd56fa6338d5aa","isMergeCommit":false,"messageTitle":"Fix erros in add command summary","messageBody":"","fileTypesAndContributionMap":{"docs":{"insertions":1,"deletions":1}}},{"hash":"6fae40a57752d622ea496de9b04bc29d915b6bf3","isMergeCommit":false,"messageTitle":"Add prefix for find command examples","messageBody":"","fileTypesAndContributionMap":{"docs":{"insertions":1,"deletions":1}}},{"hash":"6ae50c77cbc81fd21adf190ed675c7b8526d9ddc","isMergeCommit":false,"messageTitle":"Add duplicate values to invalid behviour in part 10","messageBody":"","fileTypesAndContributionMap":{"docs":{"insertions":1,"deletions":1}}},{"hash":"602496222fc2fba8a9b877c7909abd0a9c86aac3","isMergeCommit":false,"messageTitle":"Move the invalid operations up one line","messageBody":"","fileTypesAndContributionMap":{"docs":{"insertions":2,"deletions":2}}},{"hash":"3b29187fb1f62314d337a9b9034bcc88484b8a52","isMergeCommit":false,"messageTitle":"Add more details in automatic course archival","messageBody":"","fileTypesAndContributionMap":{"docs":{"insertions":6,"deletions":1}}},{"hash":"d54cfb298709d01673e4b5228efc395c7fdd68d2","isMergeCommit":false,"messageTitle":"Fix ug to add punctuations and remove \u0027s\u0027 from acquanitance","messageBody":"","fileTypesAndContributionMap":{"docs":{"insertions":24,"deletions":26}}},{"hash":"f3db31ac71fd9b6a91601c60375dac9e7985375a","isMergeCommit":false,"messageTitle":"Add missing full-stop","messageBody":"","fileTypesAndContributionMap":{"docs":{"insertions":9,"deletions":9}}}]},{"date":"2025-04-07","commitResults":[{"hash":"be4ab0c705a597e43b6378ddf7612892931e9e64","isMergeCommit":false,"messageTitle":"Add duplicate checks for current courses with previous courses","messageBody":"","fileTypesAndContributionMap":{"functional-code":{"insertions":31,"deletions":2}}},{"hash":"7b205f5f00bbf11a775c5f41b19ef988fc56c299","isMergeCommit":false,"messageTitle":"Update some checking logic","messageBody":"","fileTypesAndContributionMap":{"functional-code":{"insertions":15,"deletions":2}}},{"hash":"19ec9e77a18c7d89dfc7d08867cfd29a37fb1841","isMergeCommit":true,"messageTitle":"Merge branch \u0027master\u0027 into update-check-duplicate-course","messageBody":"","fileTypesAndContributionMap":{}},{"hash":"0cd2eda02a4fb321157ee8f30fe83c63ce9dc52a","isMergeCommit":false,"messageTitle":"Correct error messages","messageBody":"","fileTypesAndContributionMap":{"functional-code":{"insertions":6,"deletions":6}}},{"hash":"6be9a0a8c47b65486529723000fdc8a7a486331d","isMergeCommit":true,"messageTitle":"Merge branch \u0027update-check-duplicate-course\u0027 of https://github.com/Windofbitter/tp into update-check-duplicate-course \"Update duplicate check\"","messageBody":"","fileTypesAndContributionMap":{}},{"hash":"909536c7af6fca5eff86a7d930f2209305444e65","isMergeCommit":false,"messageTitle":"Fix checkstyle errors","messageBody":"","fileTypesAndContributionMap":{"functional-code":{"insertions":1,"deletions":1}}},{"hash":"d35cbd5d4d026035c498033b72350d930f5ed617","isMergeCommit":true,"messageTitle":"Merge pull request #269 from Xavierlhm/branch-modify-dg","messageBody":"Modify developer guide","fileTypesAndContributionMap":{}}]}],"zuoshihua":[{"date":"2025-04-07","commitResults":[{"hash":"f4db7c7ec1fc1db269078fb0fa06171c068f5a56","isMergeCommit":true,"messageTitle":"Merge pull request #258 from Windofbitter/add-toc-ug","messageBody":"Add toc ug","fileTypesAndContributionMap":{}},{"hash":"0c23305e3a3e0967a8be646f2b989b63a6a6e882","isMergeCommit":true,"messageTitle":"Merge pull request #257 from Windofbitter/fix-pe-d-ug","messageBody":"Fix some erros found in ug during pe-d","fileTypesAndContributionMap":{}},{"hash":"f82d333150dd973e6f658d370537edadd25a5acf","isMergeCommit":true,"messageTitle":"Merge pull request #259 from TiewJiaLiang/Update-DG","messageBody":"Update DG","fileTypesAndContributionMap":{}},{"hash":"7fed28d8864f654cf8b3d7100af672285c701e48","isMergeCommit":true,"messageTitle":"Merge pull request #260 from TiewJiaLiang/Edit-Message","messageBody":"Edit message","fileTypesAndContributionMap":{}},{"hash":"41c90ca521a90a3100ec03650748e78fdbdb0acf","isMergeCommit":false,"messageTitle":"Update DG","messageBody":"","fileTypesAndContributionMap":{"docs":{"insertions":49,"deletions":48}}},{"hash":"57cfb8618d5de4148e35bec1b952ae32372c47e9","isMergeCommit":false,"messageTitle":"Update UG links","messageBody":"","fileTypesAndContributionMap":{"docs":{"insertions":22,"deletions":20}}},{"hash":"7946c4844fd990cf48adea367ceb06faf552419b","isMergeCommit":false,"messageTitle":"Update links","messageBody":"","fileTypesAndContributionMap":{"docs":{"insertions":5,"deletions":21}}}]}],"TiewJiaLiang":[{"date":"2025-04-06","commitResults":[{"hash":"85d8e1d2d2fbf59e3757160b0f6659d39a499077","isMergeCommit":false,"messageTitle":"Update DG","messageBody":"","fileTypesAndContributionMap":{"docs":{"insertions":106,"deletions":73}}},{"hash":"9f43f0e52bf7594e5bef75e9df41d352a9570b26","isMergeCommit":false,"messageTitle":"Edit message","messageBody":"","fileTypesAndContributionMap":{"functional-code":{"insertions":7,"deletions":7}}},{"hash":"5633f7fc0695a55723e94eb07a92f42c7e02f31a","isMergeCommit":false,"messageTitle":"Fix Checkstyle","messageBody":"","fileTypesAndContributionMap":{"functional-code":{"insertions":2,"deletions":1}}},{"hash":"aa6fba252fabe17df9430c1a9376b3378c8818a8","isMergeCommit":false,"messageTitle":"Fix checkstyle","messageBody":"","fileTypesAndContributionMap":{"functional-code":{"insertions":2,"deletions":2}}}]},{"date":"2025-04-07","commitResults":[{"hash":"0b6b710b8836fab1600bb26b04205eb6b222052f","isMergeCommit":false,"messageTitle":"Update uppercase","messageBody":"","fileTypesAndContributionMap":{"functional-code":{"insertions":4,"deletions":0}}},{"hash":"b46f3085c8c6b6cb83da1e93d0505d9b8e458d8a","isMergeCommit":false,"messageTitle":"Fix checkstyle","messageBody":"","fileTypesAndContributionMap":{"functional-code":{"insertions":1,"deletions":1}}},{"hash":"0ab16c2fe81528c00632e2717792430362e13653","isMergeCommit":false,"messageTitle":"Update email","messageBody":"","fileTypesAndContributionMap":{"functional-code":{"insertions":1,"deletions":1}}},{"hash":"fb0d93dfb576f6309ab9766e04b8d8642f47084c","isMergeCommit":true,"messageTitle":"Merge pull request #264 from Windofbitter/update-check-duplicate-course","messageBody":"Update check duplicate course","fileTypesAndContributionMap":{}},{"hash":"471761a7ee5fa3cf88944cfe89615033133a29c2","isMergeCommit":true,"messageTitle":"Merge pull request #261 from xa0412/Branch-update-name-limit-constraint","messageBody":"Update name length to a limit of 50 characters","fileTypesAndContributionMap":{}},{"hash":"25ca7eb10dd24eefb7b665644c43bd81d05d69da","isMergeCommit":true,"messageTitle":"Merge pull request #263 from Xavierlhm/branch-modify-phone-regex","messageBody":"Modify phone number regex","fileTypesAndContributionMap":{}},{"hash":"a1b83d542569662d68c549400ff3f4d0c3449dcf","isMergeCommit":true,"messageTitle":"Merge pull request #272 from xa0412/Branch-update-help-window","messageBody":"Update to restore help window when minimize","fileTypesAndContributionMap":{}},{"hash":"a4aaf096fc7c3d42fc72a56a973162826bd4076c","isMergeCommit":true,"messageTitle":"Merge pull request #273 from Xavierlhm/branch-update-dg","messageBody":"Update developer guide","fileTypesAndContributionMap":{}},{"hash":"8c42e576511a0baf4b1c4fdffe86acaa57436f53","isMergeCommit":true,"messageTitle":"Merge pull request #275 from zuoshihua/update-address-regex","messageBody":"Update DG","fileTypesAndContributionMap":{}},{"hash":"8fd7201fa15e83e08b1f0ae787973b1faab564a6","isMergeCommit":true,"messageTitle":"Merge pull request #277 from zuoshihua/update-about-us","messageBody":"Update About Us","fileTypesAndContributionMap":{}}]}],"xa0412":[{"date":"2025-04-07","commitResults":[{"hash":"1a1bb861d85c809ecf4ede0452dc55139f06ab67","isMergeCommit":false,"messageTitle":"Update name length to a limit under 30 characters","messageBody":"","fileTypesAndContributionMap":{"functional-code":{"insertions":3,"deletions":2}}},{"hash":"227e96459d45b776b83a4f00ead72bdd0a133cff","isMergeCommit":false,"messageTitle":"Update name length limit to 50 instead of 30","messageBody":"","fileTypesAndContributionMap":{"functional-code":{"insertions":3,"deletions":2},"test-code":{"insertions":4,"deletions":3}}},{"hash":"534beb1a7b11894e01164c6a1fee3b51a5045df0","isMergeCommit":false,"messageTitle":"Update check style","messageBody":"","fileTypesAndContributionMap":{"functional-code":{"insertions":2,"deletions":2}}},{"hash":"2b9d2c3426ab576ad9600ea4d40f36c2646df394","isMergeCommit":false,"messageTitle":"Update name class","messageBody":"","fileTypesAndContributionMap":{"functional-code":{"insertions":4,"deletions":5}}},{"hash":"d69ae42d6fb3c14d0e2a8591b0936b774060958d","isMergeCommit":true,"messageTitle":"Merge branch \u0027master\u0027 into Branch-update-name-limit-constraint","messageBody":"","fileTypesAndContributionMap":{}},{"hash":"d276192d2160585080e5e2b65966973d73ae982f","isMergeCommit":true,"messageTitle":"Merge pull request #267 from TiewJiaLiang/Update-Email","messageBody":"Update email","fileTypesAndContributionMap":{}},{"hash":"3c1c44de0fab7ae030b487f1a3e189d71fc19f64","isMergeCommit":false,"messageTitle":"Update name to only accept special character Update UserGuide","messageBody":"","fileTypesAndContributionMap":{"functional-code":{"insertions":3,"deletions":3},"docs":{"insertions":9,"deletions":9}}},{"hash":"513cd4c25bac0be20af1d117d76088bcbc889b81","isMergeCommit":true,"messageTitle":"Merge pull request #265 from TiewJiaLiang/Update-UpperCase","messageBody":"Update upper case","fileTypesAndContributionMap":{}},{"hash":"e0962863532b8fb5b51f9da2ab8e37f33683bed8","isMergeCommit":false,"messageTitle":"Update to restore help window when minimize Update user guide Update name error message","messageBody":"","fileTypesAndContributionMap":{"functional-code":{"insertions":7,"deletions":3},"docs":{"insertions":1,"deletions":1}}}]}],"Xavierlhm":[{"date":"2025-04-07","commitResults":[{"hash":"7a508df20d91e70c729c4aa1ffd5c3563b5d3f0a","isMergeCommit":false,"messageTitle":"Modify phone number regex","messageBody":"","fileTypesAndContributionMap":{"functional-code":{"insertions":1,"deletions":1}}},{"hash":"57a15ce980bd199a4e111a7b532539008805135f","isMergeCommit":false,"messageTitle":"Modify test for new regex","messageBody":"","fileTypesAndContributionMap":{"test-code":{"insertions":2,"deletions":2}}},{"hash":"78d852292f3451208f3e82eae3066c8278c8bd8a","isMergeCommit":false,"messageTitle":"Modify developer guide","messageBody":"","fileTypesAndContributionMap":{"docs":{"insertions":27,"deletions":0}}},{"hash":"03fba2fab90c915401634995ec73bb69ac6dc03c","isMergeCommit":false,"messageTitle":"Update developer guide","messageBody":"","fileTypesAndContributionMap":{"docs":{"insertions":14,"deletions":0}}}]}]},"authorFileTypeContributionMap":{"Windofbitter":{"docs":81,"functional-code":48,"test-code":0},"zuoshihua":{"docs":36,"functional-code":0,"test-code":0},"TiewJiaLiang":{"docs":77,"functional-code":11,"test-code":0},"xa0412":{"docs":8,"functional-code":8,"test-code":4},"Xavierlhm":{"docs":24,"functional-code":1,"test-code":2}},"authorContributionVariance":{"Windofbitter":5550.222,"zuoshihua":6050.0,"TiewJiaLiang":8547.555,"xa0412":968.0,"Xavierlhm":490.8889},"authorDisplayNameMap":{"Windofbitter":"CS2103T-T13-3 BAIZ.. CAI","zuoshihua":"CS2103T-T13-3 TAN ..SHUA","TiewJiaLiang":"CS2103T-T13-3 TIEW..IANG","xa0412":"CS2103T-T13-3 XIAO..O AO","Xavierlhm":"CS2103T-T13-3 XAVI..MING"}}
