[{"path":"src/main/java/seedu/address/ui/FindWindow.java","fileType":"functional-code","lines":[{"lineNumber":1,"author":{"gitId":"-"},"content":"package seedu.address.ui;","lastModifiedDate":"2025-03-11","isFullCredit":false},{"lineNumber":2,"author":{"gitId":"-"},"content":"","lastModifiedDate":"2025-03-11","isFullCredit":false},{"lineNumber":3,"author":{"gitId":"-"},"content":"import java.util.logging.Logger;","lastModifiedDate":"2025-03-11","isFullCredit":false},{"lineNumber":4,"author":{"gitId":"-"},"content":"","lastModifiedDate":"2025-03-11","isFullCredit":false},{"lineNumber":5,"author":{"gitId":"-"},"content":"import javafx.collections.ObservableList;","lastModifiedDate":"2025-03-11","isFullCredit":false},{"lineNumber":6,"author":{"gitId":"-"},"content":"import javafx.fxml.FXML;","lastModifiedDate":"2025-03-11","isFullCredit":false},{"lineNumber":7,"author":{"gitId":"-"},"content":"import javafx.scene.layout.VBox;","lastModifiedDate":"2025-03-11","isFullCredit":false},{"lineNumber":8,"author":{"gitId":"WeiHungLoh"},"content":"import javafx.stage.Modality;","lastModifiedDate":"2025-04-05","isFullCredit":false},{"lineNumber":9,"author":{"gitId":"-"},"content":"import javafx.stage.Stage;","lastModifiedDate":"2025-03-11","isFullCredit":false},{"lineNumber":10,"author":{"gitId":"-"},"content":"import seedu.address.commons.core.LogsCenter;","lastModifiedDate":"2025-03-11","isFullCredit":false},{"lineNumber":11,"author":{"gitId":"-"},"content":"import seedu.address.model.student.Student;","lastModifiedDate":"2025-03-19","isFullCredit":false},{"lineNumber":12,"author":{"gitId":"-"},"content":"","lastModifiedDate":"2025-03-11","isFullCredit":false},{"lineNumber":13,"author":{"gitId":"-"},"content":"/**","lastModifiedDate":"2025-03-11","isFullCredit":false},{"lineNumber":14,"author":{"gitId":"-"},"content":" * Controller for the Find Window.","lastModifiedDate":"2025-03-11","isFullCredit":false},{"lineNumber":15,"author":{"gitId":"-"},"content":" * This version only shows the result in the PersonListPanel.","lastModifiedDate":"2025-03-11","isFullCredit":false},{"lineNumber":16,"author":{"gitId":"-"},"content":" */","lastModifiedDate":"2025-03-11","isFullCredit":false},{"lineNumber":17,"author":{"gitId":"-"},"content":"public class FindWindow extends UiPart\u003cStage\u003e {","lastModifiedDate":"2025-03-11","isFullCredit":false},{"lineNumber":18,"author":{"gitId":"-"},"content":"    private static final Logger logger \u003d LogsCenter.getLogger(FindWindow.class);","lastModifiedDate":"2025-03-11","isFullCredit":false},{"lineNumber":19,"author":{"gitId":"-"},"content":"    private static final String FXML \u003d \"FindWindow.fxml\";","lastModifiedDate":"2025-03-11","isFullCredit":false},{"lineNumber":20,"author":{"gitId":"-"},"content":"","lastModifiedDate":"2025-03-11","isFullCredit":false},{"lineNumber":21,"author":{"gitId":"-"},"content":"    @FXML","lastModifiedDate":"2025-03-11","isFullCredit":false},{"lineNumber":22,"author":{"gitId":"-"},"content":"    private VBox studentListPanelPlaceholder;","lastModifiedDate":"2025-04-03","isFullCredit":false},{"lineNumber":23,"author":{"gitId":"-"},"content":"","lastModifiedDate":"2025-03-11","isFullCredit":false},{"lineNumber":24,"author":{"gitId":"-"},"content":"    private StudentFindWindowListPanel studentListPanel;","lastModifiedDate":"2025-03-19","isFullCredit":false},{"lineNumber":25,"author":{"gitId":"-"},"content":"","lastModifiedDate":"2025-03-11","isFullCredit":false},{"lineNumber":26,"author":{"gitId":"-"},"content":"    /**","lastModifiedDate":"2025-03-11","isFullCredit":false},{"lineNumber":27,"author":{"gitId":"-"},"content":"     * Creates a new FindWindow with the given Stage.","lastModifiedDate":"2025-03-11","isFullCredit":false},{"lineNumber":28,"author":{"gitId":"-"},"content":"     *","lastModifiedDate":"2025-03-11","isFullCredit":false},{"lineNumber":29,"author":{"gitId":"-"},"content":"     * @param root Stage to use as the root of the FindWindow.","lastModifiedDate":"2025-03-11","isFullCredit":false},{"lineNumber":30,"author":{"gitId":"-"},"content":"     */","lastModifiedDate":"2025-03-11","isFullCredit":false},{"lineNumber":31,"author":{"gitId":"-"},"content":"    public FindWindow(Stage root) {","lastModifiedDate":"2025-03-11","isFullCredit":false},{"lineNumber":32,"author":{"gitId":"-"},"content":"        super(FXML, root);","lastModifiedDate":"2025-03-11","isFullCredit":false},{"lineNumber":33,"author":{"gitId":"WeiHungLoh"},"content":"        Stage stage \u003d getRoot();","lastModifiedDate":"2025-04-05","isFullCredit":false},{"lineNumber":34,"author":{"gitId":"WeiHungLoh"},"content":"        stage.initModality(Modality.APPLICATION_MODAL);","lastModifiedDate":"2025-04-05","isFullCredit":false},{"lineNumber":35,"author":{"gitId":"WeiHungLoh"},"content":"","lastModifiedDate":"2025-04-05","isFullCredit":false},{"lineNumber":36,"author":{"gitId":"WeiHungLoh"},"content":"        stage.setTitle(\"Find Window (Press ESC to exit and return to Main Window)\");","lastModifiedDate":"2025-04-05","isFullCredit":false},{"lineNumber":37,"author":{"gitId":"WeiHungLoh"},"content":"        stage.setMinWidth(1000);","lastModifiedDate":"2025-04-05","isFullCredit":false},{"lineNumber":38,"author":{"gitId":"WeiHungLoh"},"content":"        stage.setMinHeight(400);","lastModifiedDate":"2025-04-05","isFullCredit":false},{"lineNumber":39,"author":{"gitId":"WeiHungLoh"},"content":"        stage.setResizable(false);","lastModifiedDate":"2025-04-05","isFullCredit":false},{"lineNumber":40,"author":{"gitId":"WeiHungLoh"},"content":"","lastModifiedDate":"2025-04-05","isFullCredit":false},{"lineNumber":41,"author":{"gitId":"WeiHungLoh"},"content":"        if (stage.getScene() !\u003d null) {","lastModifiedDate":"2025-04-05","isFullCredit":false},{"lineNumber":42,"author":{"gitId":"WeiHungLoh"},"content":"            stage.getScene().addEventFilter(javafx.scene.input.KeyEvent.KEY_PRESSED, event -\u003e {","lastModifiedDate":"2025-04-05","isFullCredit":false},{"lineNumber":43,"author":{"gitId":"WeiHungLoh"},"content":"                if (event.getCode() \u003d\u003d javafx.scene.input.KeyCode.ESCAPE) {","lastModifiedDate":"2025-04-05","isFullCredit":false},{"lineNumber":44,"author":{"gitId":"WeiHungLoh"},"content":"                    hide();","lastModifiedDate":"2025-04-05","isFullCredit":false},{"lineNumber":45,"author":{"gitId":"WeiHungLoh"},"content":"                    event.consume();","lastModifiedDate":"2025-04-05","isFullCredit":false},{"lineNumber":46,"author":{"gitId":"WeiHungLoh"},"content":"                }","lastModifiedDate":"2025-04-05","isFullCredit":false},{"lineNumber":47,"author":{"gitId":"WeiHungLoh"},"content":"            });","lastModifiedDate":"2025-04-05","isFullCredit":false},{"lineNumber":48,"author":{"gitId":"WeiHungLoh"},"content":"        }","lastModifiedDate":"2025-04-05","isFullCredit":false},{"lineNumber":49,"author":{"gitId":"-"},"content":"    }","lastModifiedDate":"2025-03-11","isFullCredit":false},{"lineNumber":50,"author":{"gitId":"-"},"content":"","lastModifiedDate":"2025-03-11","isFullCredit":false},{"lineNumber":51,"author":{"gitId":"-"},"content":"    /**","lastModifiedDate":"2025-03-11","isFullCredit":false},{"lineNumber":52,"author":{"gitId":"-"},"content":"     * Creates a new FindWindow.","lastModifiedDate":"2025-03-11","isFullCredit":false},{"lineNumber":53,"author":{"gitId":"-"},"content":"     */","lastModifiedDate":"2025-03-11","isFullCredit":false},{"lineNumber":54,"author":{"gitId":"-"},"content":"    public FindWindow() {","lastModifiedDate":"2025-03-11","isFullCredit":false},{"lineNumber":55,"author":{"gitId":"-"},"content":"        this(new Stage());","lastModifiedDate":"2025-03-11","isFullCredit":false},{"lineNumber":56,"author":{"gitId":"-"},"content":"    }","lastModifiedDate":"2025-03-11","isFullCredit":false},{"lineNumber":57,"author":{"gitId":"-"},"content":"","lastModifiedDate":"2025-03-11","isFullCredit":false},{"lineNumber":58,"author":{"gitId":"-"},"content":"    /**","lastModifiedDate":"2025-03-11","isFullCredit":false},{"lineNumber":59,"author":{"gitId":"-"},"content":"     * Fills up the placeholder of this window","lastModifiedDate":"2025-03-19","isFullCredit":false},{"lineNumber":60,"author":{"gitId":"-"},"content":"     *","lastModifiedDate":"2025-03-11","isFullCredit":false},{"lineNumber":61,"author":{"gitId":"-"},"content":"     * @param studentList","lastModifiedDate":"2025-03-19","isFullCredit":false},{"lineNumber":62,"author":{"gitId":"-"},"content":"     */","lastModifiedDate":"2025-03-11","isFullCredit":false},{"lineNumber":63,"author":{"gitId":"-"},"content":"    public void fillInnerParts(ObservableList\u003cStudent\u003e studentList) {","lastModifiedDate":"2025-03-19","isFullCredit":false},{"lineNumber":64,"author":{"gitId":"-"},"content":"        studentListPanel \u003d new StudentFindWindowListPanel(studentList);","lastModifiedDate":"2025-03-19","isFullCredit":false},{"lineNumber":65,"author":{"gitId":"-"},"content":"        studentListPanelPlaceholder.getChildren().clear();","lastModifiedDate":"2025-04-03","isFullCredit":false},{"lineNumber":66,"author":{"gitId":"-"},"content":"        studentListPanelPlaceholder.getChildren().add(studentListPanel.getRoot());","lastModifiedDate":"2025-04-03","isFullCredit":false},{"lineNumber":67,"author":{"gitId":"-"},"content":"    }","lastModifiedDate":"2025-03-11","isFullCredit":false},{"lineNumber":68,"author":{"gitId":"-"},"content":"","lastModifiedDate":"2025-03-11","isFullCredit":false},{"lineNumber":69,"author":{"gitId":"-"},"content":"    /**","lastModifiedDate":"2025-03-11","isFullCredit":false},{"lineNumber":70,"author":{"gitId":"-"},"content":"     * Closes the Find window.","lastModifiedDate":"2025-03-11","isFullCredit":false},{"lineNumber":71,"author":{"gitId":"-"},"content":"     */","lastModifiedDate":"2025-03-11","isFullCredit":false},{"lineNumber":72,"author":{"gitId":"-"},"content":"    @FXML","lastModifiedDate":"2025-03-11","isFullCredit":false},{"lineNumber":73,"author":{"gitId":"-"},"content":"    private void handleClose() {","lastModifiedDate":"2025-03-11","isFullCredit":false},{"lineNumber":74,"author":{"gitId":"-"},"content":"        getRoot().hide();","lastModifiedDate":"2025-03-11","isFullCredit":false},{"lineNumber":75,"author":{"gitId":"-"},"content":"    }","lastModifiedDate":"2025-03-11","isFullCredit":false},{"lineNumber":76,"author":{"gitId":"-"},"content":"","lastModifiedDate":"2025-03-11","isFullCredit":false},{"lineNumber":77,"author":{"gitId":"-"},"content":"    /**","lastModifiedDate":"2025-03-11","isFullCredit":false},{"lineNumber":78,"author":{"gitId":"-"},"content":"     * Opens the Find window.","lastModifiedDate":"2025-03-11","isFullCredit":false},{"lineNumber":79,"author":{"gitId":"-"},"content":"     */","lastModifiedDate":"2025-03-11","isFullCredit":false},{"lineNumber":80,"author":{"gitId":"-"},"content":"    public void show() {","lastModifiedDate":"2025-03-11","isFullCredit":false},{"lineNumber":81,"author":{"gitId":"-"},"content":"        logger.fine(\"Showing find window\");","lastModifiedDate":"2025-03-11","isFullCredit":false},{"lineNumber":82,"author":{"gitId":"-"},"content":"        getRoot().show();","lastModifiedDate":"2025-03-11","isFullCredit":false},{"lineNumber":83,"author":{"gitId":"-"},"content":"        getRoot().centerOnScreen();","lastModifiedDate":"2025-03-11","isFullCredit":false},{"lineNumber":84,"author":{"gitId":"-"},"content":"    }","lastModifiedDate":"2025-03-11","isFullCredit":false},{"lineNumber":85,"author":{"gitId":"-"},"content":"","lastModifiedDate":"2025-03-11","isFullCredit":false},{"lineNumber":86,"author":{"gitId":"-"},"content":"    /**","lastModifiedDate":"2025-03-11","isFullCredit":false},{"lineNumber":87,"author":{"gitId":"-"},"content":"     * Returns true if the Find window is currently being shown.","lastModifiedDate":"2025-03-11","isFullCredit":false},{"lineNumber":88,"author":{"gitId":"-"},"content":"     */","lastModifiedDate":"2025-03-11","isFullCredit":false},{"lineNumber":89,"author":{"gitId":"-"},"content":"    public boolean isShowing() {","lastModifiedDate":"2025-03-11","isFullCredit":false},{"lineNumber":90,"author":{"gitId":"-"},"content":"        return getRoot().isShowing();","lastModifiedDate":"2025-03-11","isFullCredit":false},{"lineNumber":91,"author":{"gitId":"-"},"content":"    }","lastModifiedDate":"2025-03-11","isFullCredit":false},{"lineNumber":92,"author":{"gitId":"-"},"content":"","lastModifiedDate":"2025-03-11","isFullCredit":false},{"lineNumber":93,"author":{"gitId":"-"},"content":"    /**","lastModifiedDate":"2025-03-11","isFullCredit":false},{"lineNumber":94,"author":{"gitId":"-"},"content":"     * Hides the Find window.","lastModifiedDate":"2025-03-11","isFullCredit":false},{"lineNumber":95,"author":{"gitId":"-"},"content":"     */","lastModifiedDate":"2025-03-11","isFullCredit":false},{"lineNumber":96,"author":{"gitId":"-"},"content":"    public void hide() {","lastModifiedDate":"2025-03-11","isFullCredit":false},{"lineNumber":97,"author":{"gitId":"-"},"content":"        getRoot().hide();","lastModifiedDate":"2025-03-11","isFullCredit":false},{"lineNumber":98,"author":{"gitId":"-"},"content":"    }","lastModifiedDate":"2025-03-11","isFullCredit":false},{"lineNumber":99,"author":{"gitId":"-"},"content":"","lastModifiedDate":"2025-03-11","isFullCredit":false},{"lineNumber":100,"author":{"gitId":"-"},"content":"    /**","lastModifiedDate":"2025-03-11","isFullCredit":false},{"lineNumber":101,"author":{"gitId":"-"},"content":"     * Focuses on the Find window.","lastModifiedDate":"2025-03-11","isFullCredit":false},{"lineNumber":102,"author":{"gitId":"-"},"content":"     */","lastModifiedDate":"2025-03-11","isFullCredit":false},{"lineNumber":103,"author":{"gitId":"-"},"content":"    public void focus() {","lastModifiedDate":"2025-03-11","isFullCredit":false},{"lineNumber":104,"author":{"gitId":"-"},"content":"        getRoot().requestFocus();","lastModifiedDate":"2025-03-11","isFullCredit":false},{"lineNumber":105,"author":{"gitId":"-"},"content":"    }","lastModifiedDate":"2025-03-11","isFullCredit":false},{"lineNumber":106,"author":{"gitId":"-"},"content":"}","lastModifiedDate":"2025-03-11","isFullCredit":false}],"authorContributionMap":{"WeiHungLoh":17,"-":89}}]
