{"authorDailyContributionsMap":{"varuuuun":[],"SahanaAvantika":[],"WeiHungLoh":[{"date":"2025-04-05","commitResults":[{"hash":"56bae6ea0c7a9657516d37b88930c10bcd869cac","isMergeCommit":false,"messageTitle":"Fix bugs in find window","messageBody":"","fileTypesAndContributionMap":{"functional-code":{"insertions":17,"deletions":14}}},{"hash":"b1de52d29871a9234ca7a75f16ea217969e33ef0","isMergeCommit":false,"messageTitle":"Remove unused import","messageBody":"","fileTypesAndContributionMap":{"functional-code":{"insertions":0,"deletions":1}}}]}],"K1mcheee":[],"shuang26":[{"date":"2025-04-05","commitResults":[{"hash":"46d520e071458d7c270c08e3c392b54bc3b681bb","isMergeCommit":true,"messageTitle":"Merge pull request #296 from WeiHungLoh/disable-resize","messageBody":"Fix bugs in find window","fileTypesAndContributionMap":{}}]}]},"authorFileTypeContributionMap":{"varuuuun":{"docs":0,"functional-code":0,"test-code":0},"SahanaAvantika":{"docs":0,"functional-code":0,"test-code":0},"WeiHungLoh":{"docs":0,"functional-code":17,"test-code":0},"K1mcheee":{"docs":0,"functional-code":0,"test-code":0},"shuang26":{"docs":0,"functional-code":0,"test-code":0}},"authorContributionVariance":{"varuuuun":0.0,"SahanaAvantika":0.0,"WeiHungLoh":0.0,"K1mcheee":0.0,"shuang26":0.0},"authorDisplayNameMap":{"varuuuun":"CS2103T-T11-2 SIVA..ARUN","SahanaAvantika":"CS2103T-T11-2 RAME..TIKA","WeiHungLoh":"CS2103T-T11-2 LOH ..HUNG","K1mcheee":"CS2103T-T11-2 KIMB.. JIA","shuang26":"CS2103T-T11-2 LIEW..YUAN"}}
