{"authorDailyContributionsMap":{"varuuuun":[],"SahanaAvantika":[],"WeiHungLoh":[{"date":"2025-04-05","commitResults":[{"hash":"56bae6ea0c7a9657516d37b88930c10bcd869cac","isMergeCommit":false,"messageTitle":"Fix bugs in find window","messageBody":"","fileTypesAndContributionMap":{"functional-code":{"insertions":17,"deletions":14}}},{"hash":"b1de52d29871a9234ca7a75f16ea217969e33ef0","isMergeCommit":false,"messageTitle":"Remove unused import","messageBody":"","fileTypesAndContributionMap":{"functional-code":{"insertions":0,"deletions":1}}}]},{"date":"2025-04-06","commitResults":[{"hash":"a6f414fd658a72fd307c722a1f54deb8ededd0cc","isMergeCommit":false,"messageTitle":"Fix export file name too long bug","messageBody":"","fileTypesAndContributionMap":{"functional-code":{"insertions":9,"deletions":2},"test-code":{"insertions":10,"deletions":1}}},{"hash":"c46624774de1de5ec2122424a5e93fb5f544856d","isMergeCommit":true,"messageTitle":"Merge pull request #298 from shuang26/fix-dg-usecasebug","messageBody":"Fix bug with use case","fileTypesAndContributionMap":{}},{"hash":"6d8949fca5b3e694822ec982c4689966ec02e25c","isMergeCommit":false,"messageTitle":"Update DG and UG to match changes after bug fixes","messageBody":"","fileTypesAndContributionMap":{"docs":{"insertions":109,"deletions":113}}},{"hash":"85a273bb77e093b412568c8a70a2482d6e3531a5","isMergeCommit":false,"messageTitle":"Remove trailing spaces","messageBody":"","fileTypesAndContributionMap":{"docs":{"insertions":27,"deletions":27}}},{"hash":"32780235569c344fe322cc483095e3363802448d","isMergeCommit":true,"messageTitle":"Merge branch \u0027master\u0027 into fix-ug-dg","messageBody":"","fileTypesAndContributionMap":{}},{"hash":"d7ddb5128f04cf0ed97461a8839bc287b901c00f","isMergeCommit":false,"messageTitle":"Remove space","messageBody":"","fileTypesAndContributionMap":{"docs":{"insertions":2,"deletions":2}}},{"hash":"95dd23e0cf329c6c1948ec6e3a5f163553a4307a","isMergeCommit":true,"messageTitle":"Merge branch \u0027fix-ug-dg\u0027 of https://github.com/WeiHungLoh/tp into fix-ug-dg","messageBody":"","fileTypesAndContributionMap":{}},{"hash":"965cdf89080eb97a9e8f554a3c1d3549273491ed","isMergeCommit":false,"messageTitle":"Edit user guide","messageBody":"","fileTypesAndContributionMap":{"docs":{"insertions":2,"deletions":1}}},{"hash":"5e38b9957f679ba9f46fb7f10f5a86fd587733fc","isMergeCommit":false,"messageTitle":"Improve code quality","messageBody":"","fileTypesAndContributionMap":{"functional-code":{"insertions":6,"deletions":2}}},{"hash":"5696d855b5c120f5a632430f8fe824be62f45cad","isMergeCommit":false,"messageTitle":"Improve code quality","messageBody":"","fileTypesAndContributionMap":{"functional-code":{"insertions":2,"deletions":1}}}]}],"K1mcheee":[],"shuang26":[{"date":"2025-04-05","commitResults":[{"hash":"46d520e071458d7c270c08e3c392b54bc3b681bb","isMergeCommit":true,"messageTitle":"Merge pull request #296 from WeiHungLoh/disable-resize","messageBody":"Fix bugs in find window","fileTypesAndContributionMap":{}},{"hash":"818e24d32dec9b4777fe720f353aa822d6534fe9","isMergeCommit":false,"messageTitle":"Fix bug with use case","messageBody":"","fileTypesAndContributionMap":{"docs":{"insertions":8,"deletions":0}}},{"hash":"1aca9c1a3dcaa8e07660da61e52c402b35b9ae76","isMergeCommit":false,"messageTitle":"Fix use case bug","messageBody":"","fileTypesAndContributionMap":{"docs":{"insertions":1,"deletions":1}}},{"hash":"180b83157c1ebfa3ca3177f2f9c2752b4082d9f7","isMergeCommit":false,"messageTitle":"Fix dg bug","messageBody":"","fileTypesAndContributionMap":{"docs":{"insertions":1,"deletions":1}}},{"hash":"047fe9df2c38201f71ad630d1c45ffcc336b8a71","isMergeCommit":false,"messageTitle":"Fix dg bug","messageBody":"","fileTypesAndContributionMap":{"docs":{"insertions":1,"deletions":1}}},{"hash":"2a7fc55566d20b05dc8874a4ef1a55c9e3204bb5","isMergeCommit":false,"messageTitle":"Fix dg bug","messageBody":"","fileTypesAndContributionMap":{"docs":{"insertions":1,"deletions":1}}}]},{"date":"2025-04-06","commitResults":[{"hash":"5ff0c1379d002ece9d40a1e6d3e36ee776195cee","isMergeCommit":true,"messageTitle":"Merge pull request #302 from WeiHungLoh/fix-ug-dg","messageBody":"Update DG and UG to match changes after bug fixes","fileTypesAndContributionMap":{}},{"hash":"81ba7b54ab7665696ca0ba252e5d56994ca48198","isMergeCommit":true,"messageTitle":"Merge pull request #299 from WeiHungLoh/export-fix","messageBody":"FIx bugs in export command","fileTypesAndContributionMap":{}}]}]},"authorFileTypeContributionMap":{"varuuuun":{"docs":0,"functional-code":0,"test-code":0},"SahanaAvantika":{"docs":0,"functional-code":0,"test-code":0},"WeiHungLoh":{"docs":109,"functional-code":31,"test-code":10},"K1mcheee":{"docs":0,"functional-code":0,"test-code":0},"shuang26":{"docs":12,"functional-code":0,"test-code":0}},"authorContributionVariance":{"varuuuun":0.0,"SahanaAvantika":0.0,"WeiHungLoh":20164.0,"K1mcheee":0.0,"shuang26":64.0},"authorDisplayNameMap":{"varuuuun":"CS2103T-T11-2 SIVA..ARUN","SahanaAvantika":"CS2103T-T11-2 RAME..TIKA","WeiHungLoh":"CS2103T-T11-2 LOH ..HUNG","K1mcheee":"CS2103T-T11-2 KIMB.. JIA","shuang26":"CS2103T-T11-2 LIEW..YUAN"}}
