{"authorDailyContributionsMap":{"themintchoco":[{"date":"2025-04-05","commitResults":[{"hash":"1b11a536ba328079b13451c3db5a97fe3dec7026","isMergeCommit":false,"messageTitle":"Fix edit student command reverse","messageBody":"","fileTypesAndContributionMap":{"functional-code":{"insertions":1,"deletions":1}}},{"hash":"2fbb2d5115f8fc19c0a28e2727cf9ae23f4cd1ec","isMergeCommit":false,"messageTitle":"Fix unenrol feedback","messageBody":"","fileTypesAndContributionMap":{"functional-code":{"insertions":7,"deletions":4}}},{"hash":"67310a423168e00b4d629553887e1e698e82fd67","isMergeCommit":false,"messageTitle":"Update Javadocs","messageBody":"","fileTypesAndContributionMap":{"functional-code":{"insertions":2,"deletions":2}}}]},{"date":"2025-04-06","commitResults":[{"hash":"925b0be99d014cf4604d3abbb83f032b63255519","isMergeCommit":false,"messageTitle":"Add null check","messageBody":"","fileTypesAndContributionMap":{"functional-code":{"insertions":1,"deletions":0}}},{"hash":"8ff25c605645b52fbe32518554a4f2c69311feea","isMergeCommit":true,"messageTitle":"Merge pull request #359 from Zhannyhong/view-session-command","messageBody":"Add view session command","fileTypesAndContributionMap":{}}]},{"date":"2025-04-07","commitResults":[{"hash":"d4551f28b1f6cf5e6788eeed7890ad4414558432","isMergeCommit":true,"messageTitle":"Merge pull request #367 from nickt121/edit-session-command","messageBody":"Edit session command","fileTypesAndContributionMap":{}},{"hash":"b40b314cee11316a560da798d47cb5e79989bdbc","isMergeCommit":false,"messageTitle":"Add view student command","messageBody":"","fileTypesAndContributionMap":{"functional-code":{"insertions":75,"deletions":28},"test-code":{"insertions":37,"deletions":18}}},{"hash":"0195c0f4d1ce2f7dccb58067b03ca64d15166371","isMergeCommit":false,"messageTitle":"Update Javadocs","messageBody":"","fileTypesAndContributionMap":{"functional-code":{"insertions":3,"deletions":3}}},{"hash":"6a80ce10af957c3077021640e623c8db61ad31c4","isMergeCommit":true,"messageTitle":"Merge pull request #360 from SociallyIneptWeeb/reset-filter-after-commands","messageBody":"Update session and student filter after commands ran","fileTypesAndContributionMap":{}},{"hash":"a2c85eb97d05a68e3448f226ffc4fe30e8fc9f97","isMergeCommit":true,"messageTitle":"Merge pull request #366 from SociallyIneptWeeb/update-view-command-ug","messageBody":"Update student and session view command in UG and help window","fileTypesAndContributionMap":{}},{"hash":"3fbc728696ae273d19ec3ff47b0f1b0f6e9d171d","isMergeCommit":false,"messageTitle":"Update DG with undo feature","messageBody":"","fileTypesAndContributionMap":{"docs":{"insertions":65,"deletions":91}}},{"hash":"ed9c7fada50b07832a1866f97c931443571a8988","isMergeCommit":false,"messageTitle":"Add sequence diagram","messageBody":"","fileTypesAndContributionMap":{"docs":{"insertions":7,"deletions":1}}},{"hash":"c36d1bb6a374e8a8eea52befa5efa56d38837715","isMergeCommit":false,"messageTitle":"Add handling for large IDs beyond MAX_INT","messageBody":"","fileTypesAndContributionMap":{"functional-code":{"insertions":19,"deletions":2},"test-code":{"insertions":36,"deletions":4}}},{"hash":"20a5a58442e054b869c8e0d3189d245cf6700ca2","isMergeCommit":false,"messageTitle":"Add tests","messageBody":"","fileTypesAndContributionMap":{"test-code":{"insertions":11,"deletions":4}}}]},{"date":"2025-04-08","commitResults":[{"hash":"218375ed219d9ed46b17dfd35f04e938d501e877","isMergeCommit":false,"messageTitle":"Fix pane not expanding","messageBody":"","fileTypesAndContributionMap":{"functional-code":{"insertions":1,"deletions":1}}}]}],"nickt121":[{"date":"2025-04-07","commitResults":[{"hash":"37f3282ab294b29b818ce1775f7d41c6ca5dc4ac","isMergeCommit":false,"messageTitle":"Edit session command","messageBody":"","fileTypesAndContributionMap":{"functional-code":{"insertions":7,"deletions":27},"test-code":{"insertions":0,"deletions":19}}},{"hash":"dcc9ab0e38a2cf1895e4761393bcee01fc6a0180","isMergeCommit":false,"messageTitle":"Update DG table","messageBody":"","fileTypesAndContributionMap":{"docs":{"insertions":23,"deletions":25}}},{"hash":"e6862a47bd99c92f7bfa3f022801ecfcc8283145","isMergeCommit":true,"messageTitle":"Merge pull request #362 from Neilchen863/dg-use-case","messageBody":"Update the use case part in DG","fileTypesAndContributionMap":{}}]},{"date":"2025-04-08","commitResults":[{"hash":"67fc6e5e084c07d0f5748c853f94bfba64e06a2f","isMergeCommit":false,"messageTitle":"Update DG with new planned","messageBody":"","fileTypesAndContributionMap":{"docs":{"insertions":1,"deletions":0}}},{"hash":"91ae2def5c91e343cb9ae8ac7a80f0a9315258e0","isMergeCommit":false,"messageTitle":"Update DeveloperGuide.md","messageBody":"","fileTypesAndContributionMap":{"docs":{"insertions":11,"deletions":5}}},{"hash":"1cd1a808533880aaea999d28339f9d9d4b4792b7","isMergeCommit":false,"messageTitle":"Changed wording of first panned enhancement","messageBody":"","fileTypesAndContributionMap":{"docs":{"insertions":1,"deletions":1}}},{"hash":"33a8c02fb74ab5e8d0ef8f24f528ba2a29f6c0a3","isMergeCommit":false,"messageTitle":"Update DeveloperGuide.md","messageBody":"","fileTypesAndContributionMap":{"docs":{"insertions":1,"deletions":1}}},{"hash":"5fc278d2ab2c565981fccdbbe523f5f114d8ebe2","isMergeCommit":false,"messageTitle":"Update UserGuide.md","messageBody":"","fileTypesAndContributionMap":{"docs":{"insertions":2,"deletions":1}}},{"hash":"2e3adf10b959fd771514352f803499967579c0ab","isMergeCommit":false,"messageTitle":"Update UserGuide.md","messageBody":"","fileTypesAndContributionMap":{"docs":{"insertions":1,"deletions":0}}}]}],"Neilchen863":[{"date":"2025-04-06","commitResults":[{"hash":"550d63b0ed471d391310c16bd96ff725335f2bd7","isMergeCommit":false,"messageTitle":"Include testing of more features/commands","messageBody":"","fileTypesAndContributionMap":{"docs":{"insertions":40,"deletions":16}}},{"hash":"80ef9215cc14f1b3b0c9400bc9e9936a6d9104c2","isMergeCommit":false,"messageTitle":"Make the format consistent","messageBody":"","fileTypesAndContributionMap":{"docs":{"insertions":2,"deletions":1}}},{"hash":"c94372696c0c880c535dfb606422a0da094cc8b2","isMergeCommit":false,"messageTitle":"Update phrasing according to the review","messageBody":"","fileTypesAndContributionMap":{"docs":{"insertions":4,"deletions":4}}},{"hash":"669ec1500ec7d3bb69303c7296d076d70c6691ef","isMergeCommit":false,"messageTitle":"Update manual testing according to the review","messageBody":"","fileTypesAndContributionMap":{"docs":{"insertions":12,"deletions":4}}},{"hash":"3a84457bc9895fcd5741c9e293fb87193bed8a6d","isMergeCommit":false,"messageTitle":"Update the style of manual testing","messageBody":"","fileTypesAndContributionMap":{"docs":{"insertions":1,"deletions":1}}},{"hash":"55897c6c8a506ae7e07d79446aecd7f312128c02","isMergeCommit":false,"messageTitle":"Update the manual testing according to review","messageBody":"","fileTypesAndContributionMap":{"docs":{"insertions":2,"deletions":4}}},{"hash":"e9b655493a5223cd931870be808f74c166970b63","isMergeCommit":false,"messageTitle":"Remove the redo command","messageBody":"","fileTypesAndContributionMap":{"docs":{"insertions":1,"deletions":1}}},{"hash":"2fdaccd810278ef6d6873aa9467721a46192418c","isMergeCommit":false,"messageTitle":"Replace contact by student","messageBody":"","fileTypesAndContributionMap":{"docs":{"insertions":2,"deletions":2}}},{"hash":"07b1984041442238ed6424bc8434f85ff9d9181f","isMergeCommit":false,"messageTitle":"Update the saving data part to separately handle missing and corrupted situations","messageBody":"","fileTypesAndContributionMap":{"docs":{"insertions":8,"deletions":3}}},{"hash":"f8eca868254e3ac00aec11d4038a770f9bbae905","isMergeCommit":false,"messageTitle":"Update UG to include the prerequisite for (un)marking attendance","messageBody":"","fileTypesAndContributionMap":{"docs":{"insertions":5,"deletions":1}}},{"hash":"749ca6e52b9e6ca4511a170f7901197542673bb7","isMergeCommit":false,"messageTitle":"Update the use case part in DG","messageBody":"","fileTypesAndContributionMap":{"docs":{"insertions":52,"deletions":79}}},{"hash":"0f9fdf902893447bc9be32bc3fe9d280ab35a0bb","isMergeCommit":false,"messageTitle":"Updating styles according to the review","messageBody":"","fileTypesAndContributionMap":{"docs":{"insertions":3,"deletions":3}}},{"hash":"87f06ef1a37eec88095e019596ea67d9b132e549","isMergeCommit":false,"messageTitle":"Put the note in bullet point and update the FAQ section","messageBody":"","fileTypesAndContributionMap":{"docs":{"insertions":3,"deletions":3}}}]},{"date":"2025-04-07","commitResults":[{"hash":"b5752c28245ccc952f6dbae22e6fdc481519871b","isMergeCommit":true,"messageTitle":"Merge pull request #365 from Zhannyhong/session-not-found","messageBody":"Update invalid session message to session not found","fileTypesAndContributionMap":{}},{"hash":"331e004db69a1e8e22cd72526275e8f88556f1b6","isMergeCommit":false,"messageTitle":"Update the use case according to the feedback","messageBody":"","fileTypesAndContributionMap":{"docs":{"insertions":17,"deletions":17}}},{"hash":"ba3e2f0b7ef9a300e13d9295eb94a9db02272e2d","isMergeCommit":false,"messageTitle":"Rearrange the steps and replace student id by identifier","messageBody":"","fileTypesAndContributionMap":{"docs":{"insertions":23,"deletions":22}}},{"hash":"e275e8fa018366ecd3ce64adf59291c38efcb523","isMergeCommit":false,"messageTitle":"Put the mark attendance use case behind enrolling student use case","messageBody":"","fileTypesAndContributionMap":{"docs":{"insertions":26,"deletions":26}}}]},{"date":"2025-04-08","commitResults":[{"hash":"948a46532d156d800edc7e1d755ec2b148813066","isMergeCommit":false,"messageTitle":"Add 1a2 to adding a student","messageBody":"","fileTypesAndContributionMap":{"docs":{"insertions":1,"deletions":0}}}]}],"Zhannyhong":[{"date":"2025-04-06","commitResults":[{"hash":"5e073d6ad44170430bff1514cb640ae2024e05ee","isMergeCommit":true,"messageTitle":"Merge pull request #347 from SociallyIneptWeeb/remove-context-command-summary","messageBody":"Remove duplicate context in command summary","fileTypesAndContributionMap":{}},{"hash":"f920829ee9cec20c38bf9b85a436bc79d65b4564","isMergeCommit":false,"messageTitle":"Fix constraint messages of name, phone, tag, and email","messageBody":"","fileTypesAndContributionMap":{"functional-code":{"insertions":7,"deletions":7},"test-code":{"insertions":2,"deletions":1}}},{"hash":"27d8cc1d0e1e3fcc9d3b9700b98d79604f45d3fe","isMergeCommit":false,"messageTitle":"Update docs/UserGuide.md","messageBody":"Co-authored-by: Copilot \u003c175728472+Copilot@users.noreply.github.com\u003e","fileTypesAndContributionMap":{"docs":{"insertions":1,"deletions":1}}},{"hash":"30967704e4b3bd5ea799475f3eac2d38bf1712de","isMergeCommit":false,"messageTitle":"Update docs/UserGuide.md","messageBody":"Co-authored-by: Copilot \u003c175728472+Copilot@users.noreply.github.com\u003e","fileTypesAndContributionMap":{"docs":{"insertions":1,"deletions":1}}},{"hash":"130e14d97256b1575af0c752999307926d23fe09","isMergeCommit":true,"messageTitle":"Merge pull request #349 from SociallyIneptWeeb/ug-consult-update","messageBody":"Update UG based on consult feedback","fileTypesAndContributionMap":{}},{"hash":"962237ff8543c270569dae102856363607b9846c","isMergeCommit":true,"messageTitle":"Merge pull request #351 from SociallyIneptWeeb/catch-invalid-timeslot-json","messageBody":"Handle invalid timeslots in json data","fileTypesAndContributionMap":{}},{"hash":"69b07a1dc7583576a9f4b62496626f799e333fbb","isMergeCommit":false,"messageTitle":"Modify timeslots to only allow end time to be after start time","messageBody":"","fileTypesAndContributionMap":{"functional-code":{"insertions":4,"deletions":6},"test-code":{"insertions":11,"deletions":10}}},{"hash":"f9f5b231ecd1a1c05cf6440b60faae3e1a76b5ce","isMergeCommit":true,"messageTitle":"Merge pull request #348 from SociallyIneptWeeb/search-planned-improvements","messageBody":"Add planned search improvements to UG and DG","fileTypesAndContributionMap":{}},{"hash":"c88cca9e8c9876f1ac2db3577d6bee614cadf691","isMergeCommit":false,"messageTitle":"Move parameter summary to top in User Guide","messageBody":"","fileTypesAndContributionMap":{"docs":{"insertions":34,"deletions":33}}},{"hash":"6abdf01ac55c59371e413c4a212ace4827a4f07e","isMergeCommit":false,"messageTitle":"Rename integer to number","messageBody":"","fileTypesAndContributionMap":{"docs":{"insertions":3,"deletions":2}}},{"hash":"80e127eae9c6fcf1ce5e87c3fd41df9b143842bb","isMergeCommit":true,"messageTitle":"Merge pull request #356 from SociallyIneptWeeb/update-acknowledgements","messageBody":"Add acknowledgement to AB3 in DG","fileTypesAndContributionMap":{}},{"hash":"4f30c02df5858815f301de6928d5082f59440cbc","isMergeCommit":true,"messageTitle":"Merge pull request #357 from SociallyIneptWeeb/acknowledge-libraries-used","messageBody":"Add libraries used to DG","fileTypesAndContributionMap":{}},{"hash":"11d98c764c0b4198d69b7f17a2da74ac01e649ab","isMergeCommit":false,"messageTitle":"Add view session command","messageBody":"","fileTypesAndContributionMap":{"functional-code":{"insertions":76,"deletions":0},"test-code":{"insertions":36,"deletions":0}}},{"hash":"cc9265a85e43b34affd22dd26fdc15c6b507ef25","isMergeCommit":false,"messageTitle":"Update view session command","messageBody":"","fileTypesAndContributionMap":{"functional-code":{"insertions":7,"deletions":17}}},{"hash":"ce83e174ad41acfffd74f182573e134ab72b4056","isMergeCommit":false,"messageTitle":"Update sessionId to use primitive int type","messageBody":"","fileTypesAndContributionMap":{"functional-code":{"insertions":1,"deletions":1}}},{"hash":"28769ff26a82fce889199cf277e5eb528464a1db","isMergeCommit":true,"messageTitle":"Merge pull request #364 from Neilchen863/ug-update","messageBody":"Update UG to include the prerequisite for (un)marking attendance","fileTypesAndContributionMap":{}}]},{"date":"2025-04-07","commitResults":[{"hash":"c8037eb7e698d158b38ce3d232fb7f5a9f276b05","isMergeCommit":false,"messageTitle":"Update invalid session message to session not found","messageBody":"","fileTypesAndContributionMap":{"functional-code":{"insertions":6,"deletions":7},"test-code":{"insertions":6,"deletions":6}}},{"hash":"02b985983016c39526c33debb6fd4229895a5925","isMergeCommit":true,"messageTitle":"Merge pull request #371 from themintchoco/handle-large-id","messageBody":"Add handling for large IDs beyond Integer.MAX_VALUE","fileTypesAndContributionMap":{}}]},{"date":"2025-04-08","commitResults":[{"hash":"55a76c37f65fc662d9f815e29f12222e20e9978f","isMergeCommit":true,"messageTitle":"Merge pull request #372 from themintchoco/fix-pane-not-expand","messageBody":"Fix pane not expanding","fileTypesAndContributionMap":{}},{"hash":"f9313b9f2db84f94d384302d1283fa0fa4f39c21","isMergeCommit":true,"messageTitle":"Merge pull request #373 from Neilchen863/dg-use-case","messageBody":"Updating use case in DG","fileTypesAndContributionMap":{}}]}],"SociallyIneptWeeb":[{"date":"2025-04-06","commitResults":[{"hash":"edcc8b004d40f3daf5f926a7cede36b4902262e0","isMergeCommit":true,"messageTitle":"Merge pull request #345 from themintchoco/fix-undo-name","messageBody":"Fix inability to undo edit of student name","fileTypesAndContributionMap":{}},{"hash":"19e5b331b84cee441eeaf9a89d27332edc0123f1","isMergeCommit":true,"messageTitle":"Merge pull request #346 from themintchoco/fix-unenrol-feedback","messageBody":"Fix removal of feedback when undoing unenrol","fileTypesAndContributionMap":{}},{"hash":"4eec46ca51e4d186af57e01e81ed0aff294a54e2","isMergeCommit":false,"messageTitle":"Remove context column in command summary","messageBody":"","fileTypesAndContributionMap":{"docs":{"insertions":25,"deletions":25}}},{"hash":"a8bba175aa97c7c362e414812ad7f594bb6ee16c","isMergeCommit":false,"messageTitle":"Add planned search improvements to UG and DG","messageBody":"","fileTypesAndContributionMap":{"docs":{"insertions":2,"deletions":2}}},{"hash":"dfa4503cb51101360932f396e242cd2ce06faae5","isMergeCommit":false,"messageTitle":"Remove duplicate tab in context","messageBody":"","fileTypesAndContributionMap":{"docs":{"insertions":25,"deletions":25}}},{"hash":"8fe26d84a1cea4f8b875e407626efe54a6e20b9b","isMergeCommit":false,"messageTitle":"Update UG based on consult feedback","messageBody":"","fileTypesAndContributionMap":{"docs":{"insertions":57,"deletions":43}}},{"hash":"c40faf02ad711b866c1848a8888d9c8c06866ac8","isMergeCommit":false,"messageTitle":"Handle invalid timeslots in json data","messageBody":"","fileTypesAndContributionMap":{"functional-code":{"insertions":2,"deletions":0}}},{"hash":"131a574d7162d11a3aaf8cfa51450217aa089cc9","isMergeCommit":false,"messageTitle":"Add test for start time after end time","messageBody":"","fileTypesAndContributionMap":{"test-code":{"insertions":8,"deletions":0}}},{"hash":"bda8de9b51a3b85dc2bb5ca559047cd236971a3a","isMergeCommit":true,"messageTitle":"Merge pull request #350 from Zhannyhong/fix-message-constraints","messageBody":"Fix constraint messages of name, phone, tag, and email","fileTypesAndContributionMap":{}},{"hash":"d632117ec6f9a20573b1ccb7c61c20b7a53de2be","isMergeCommit":true,"messageTitle":"Merge pull request #353 from Zhannyhong/timeslot-end-after-start","messageBody":"Modify timeslots to only allow end time to be after start time","fileTypesAndContributionMap":{}},{"hash":"e04633daca466b50d3ca4e66152ef677cf825ba1","isMergeCommit":false,"messageTitle":"Refactor view command in UG","messageBody":"","fileTypesAndContributionMap":{"docs":{"insertions":53,"deletions":53}}},{"hash":"e35ee06ed0885be75a809c92c334841bdccf4c38","isMergeCommit":true,"messageTitle":"Merge pull request #354 from Zhannyhong/update-ug","messageBody":"Move parameter summary to top in User Guide","fileTypesAndContributionMap":{}},{"hash":"85ad1410696ed1d9fb0eadcf97c1fbfef2854059","isMergeCommit":true,"messageTitle":"Merge pull request #284 from Neilchen863/manual-testing","messageBody":"Update the manual testing guide in DG","fileTypesAndContributionMap":{}},{"hash":"12a98e07ca9840a59df0b220c68940f04fbe4e37","isMergeCommit":false,"messageTitle":"Add acknowledgement to ab3 in DG","messageBody":"","fileTypesAndContributionMap":{"docs":{"insertions":1,"deletions":1}}},{"hash":"cece7f3ba04f10837415f413ee53c3ef36625f32","isMergeCommit":false,"messageTitle":"Add libraries used to DG","messageBody":"","fileTypesAndContributionMap":{"docs":{"insertions":1,"deletions":0}}},{"hash":"614c562258afb5e831448528caa689567d47518d","isMergeCommit":false,"messageTitle":"Update filter after commands ran","messageBody":"","fileTypesAndContributionMap":{"functional-code":{"insertions":9,"deletions":1},"test-code":{"insertions":0,"deletions":1}}}]},{"date":"2025-04-07","commitResults":[{"hash":"b47befe89e5f33faa3b8ffeacf09aa32d04b811d","isMergeCommit":true,"messageTitle":"Merge branch \u0027master\u0027 into update-view-command-ug","messageBody":"","fileTypesAndContributionMap":{}},{"hash":"09d3c94a2b1945092ff545d6c69fe97419707d18","isMergeCommit":false,"messageTitle":"Update help window message","messageBody":"","fileTypesAndContributionMap":{"functional-code":{"insertions":2,"deletions":2},"docs":{"insertions":3,"deletions":1}}},{"hash":"0bea1f2150948639b071331fa15ca06d937a9a77","isMergeCommit":false,"messageTitle":"Update example output of view in UG","messageBody":"","fileTypesAndContributionMap":{"docs":{"insertions":7,"deletions":4}}},{"hash":"4eb218200ee953b312df715fbf077f5e1ebb16e7","isMergeCommit":false,"messageTitle":"Standardize session ID variable naming in UG","messageBody":"","fileTypesAndContributionMap":{"docs":{"insertions":1,"deletions":1}}},{"hash":"fd2fb3a7f15fe2e1986660ec66aa55e038615a9b","isMergeCommit":true,"messageTitle":"Merge pull request #368 from nickt121/update-dg-table","messageBody":"Update DG table","fileTypesAndContributionMap":{}},{"hash":"178e949035cd3b1acc6b0868c400619c4f95294c","isMergeCommit":true,"messageTitle":"Merge pull request #369 from themintchoco/student-view-command","messageBody":"Add view student command","fileTypesAndContributionMap":{}},{"hash":"7efed5098e3fbf1e0d4fa0a75ef57b16301603b8","isMergeCommit":true,"messageTitle":"Merge branch \u0027master\u0027 into reset-filter-after-commands","messageBody":"","fileTypesAndContributionMap":{}},{"hash":"bba6fb3a8af97e742196dac872a6908c13b70db1","isMergeCommit":false,"messageTitle":"Update filter for new view commands","messageBody":"","fileTypesAndContributionMap":{"functional-code":{"insertions":2,"deletions":0}}},{"hash":"5313e4fb85b3b807657309f3f6ecb63e25ed6cf9","isMergeCommit":true,"messageTitle":"Merge pull request #370 from themintchoco/update-dg-undo","messageBody":"Update DG with undo feature","fileTypesAndContributionMap":{}}]},{"date":"2025-04-08","commitResults":[{"hash":"914c0f877c35b113a6ced7f890590008d57d5412","isMergeCommit":true,"messageTitle":"Merge pull request #374 from nickt121/update-dg-table","messageBody":"Update DG with new planned","fileTypesAndContributionMap":{}}]}]},"authorFileTypeContributionMap":{"themintchoco":{"docs":68,"functional-code":106,"test-code":84},"nickt121":{"docs":22,"functional-code":7,"test-code":0},"Neilchen863":{"docs":125,"functional-code":0,"test-code":0},"Zhannyhong":{"docs":32,"functional-code":83,"test-code":55},"SociallyIneptWeeb":{"docs":104,"functional-code":15,"test-code":8}},"authorContributionVariance":{"themintchoco":29641.5,"nickt121":1714.25,"Neilchen863":11345.1875,"Zhannyhong":12169.1875,"SociallyIneptWeeb":20055.688},"authorDisplayNameMap":{"themintchoco":"CS2103T-T17-3 TAY .. ROY","nickt121":"CS2103T-T17-3 TAN ..CKIE","Neilchen863":"CS2103T-T17-3 CHEN..AHAO","Zhannyhong":"CS2103T-T17-3 LEE ..HONG","SociallyIneptWeeb":"CS2103T-T17-3 LAM ..RYAN"}}
