{"authorDailyContributionsMap":{"themintchoco":[{"date":"2025-04-05","commitResults":[{"hash":"1b11a536ba328079b13451c3db5a97fe3dec7026","isMergeCommit":false,"messageTitle":"Fix edit student command reverse","messageBody":"","fileTypesAndContributionMap":{"functional-code":{"insertions":1,"deletions":1}}},{"hash":"2fbb2d5115f8fc19c0a28e2727cf9ae23f4cd1ec","isMergeCommit":false,"messageTitle":"Fix unenrol feedback","messageBody":"","fileTypesAndContributionMap":{"functional-code":{"insertions":7,"deletions":4}}},{"hash":"67310a423168e00b4d629553887e1e698e82fd67","isMergeCommit":false,"messageTitle":"Update Javadocs","messageBody":"","fileTypesAndContributionMap":{"functional-code":{"insertions":2,"deletions":2}}}]},{"date":"2025-04-06","commitResults":[{"hash":"925b0be99d014cf4604d3abbb83f032b63255519","isMergeCommit":false,"messageTitle":"Add null check","messageBody":"","fileTypesAndContributionMap":{"functional-code":{"insertions":1,"deletions":0}}},{"hash":"8ff25c605645b52fbe32518554a4f2c69311feea","isMergeCommit":true,"messageTitle":"Merge pull request #359 from Zhannyhong/view-session-command","messageBody":"Add view session command","fileTypesAndContributionMap":{}}]}],"nickt121":[],"Neilchen863":[{"date":"2025-04-06","commitResults":[{"hash":"550d63b0ed471d391310c16bd96ff725335f2bd7","isMergeCommit":false,"messageTitle":"Include testing of more features/commands","messageBody":"","fileTypesAndContributionMap":{"docs":{"insertions":40,"deletions":16}}},{"hash":"80ef9215cc14f1b3b0c9400bc9e9936a6d9104c2","isMergeCommit":false,"messageTitle":"Make the format consistent","messageBody":"","fileTypesAndContributionMap":{"docs":{"insertions":2,"deletions":1}}},{"hash":"c94372696c0c880c535dfb606422a0da094cc8b2","isMergeCommit":false,"messageTitle":"Update phrasing according to the review","messageBody":"","fileTypesAndContributionMap":{"docs":{"insertions":4,"deletions":4}}},{"hash":"669ec1500ec7d3bb69303c7296d076d70c6691ef","isMergeCommit":false,"messageTitle":"Update manual testing according to the review","messageBody":"","fileTypesAndContributionMap":{"docs":{"insertions":12,"deletions":4}}},{"hash":"3a84457bc9895fcd5741c9e293fb87193bed8a6d","isMergeCommit":false,"messageTitle":"Update the style of manual testing","messageBody":"","fileTypesAndContributionMap":{"docs":{"insertions":1,"deletions":1}}},{"hash":"55897c6c8a506ae7e07d79446aecd7f312128c02","isMergeCommit":false,"messageTitle":"Update the manual testing according to review","messageBody":"","fileTypesAndContributionMap":{"docs":{"insertions":2,"deletions":4}}},{"hash":"e9b655493a5223cd931870be808f74c166970b63","isMergeCommit":false,"messageTitle":"Remove the redo command","messageBody":"","fileTypesAndContributionMap":{"docs":{"insertions":1,"deletions":1}}},{"hash":"2fdaccd810278ef6d6873aa9467721a46192418c","isMergeCommit":false,"messageTitle":"Replace contact by student","messageBody":"","fileTypesAndContributionMap":{"docs":{"insertions":2,"deletions":2}}},{"hash":"07b1984041442238ed6424bc8434f85ff9d9181f","isMergeCommit":false,"messageTitle":"Update the saving data part to separately handle missing and corrupted situations","messageBody":"","fileTypesAndContributionMap":{"docs":{"insertions":8,"deletions":3}}}]}],"Zhannyhong":[{"date":"2025-04-06","commitResults":[{"hash":"5e073d6ad44170430bff1514cb640ae2024e05ee","isMergeCommit":true,"messageTitle":"Merge pull request #347 from SociallyIneptWeeb/remove-context-command-summary","messageBody":"Remove duplicate context in command summary","fileTypesAndContributionMap":{}},{"hash":"f920829ee9cec20c38bf9b85a436bc79d65b4564","isMergeCommit":false,"messageTitle":"Fix constraint messages of name, phone, tag, and email","messageBody":"","fileTypesAndContributionMap":{"functional-code":{"insertions":7,"deletions":7},"test-code":{"insertions":2,"deletions":1}}},{"hash":"27d8cc1d0e1e3fcc9d3b9700b98d79604f45d3fe","isMergeCommit":false,"messageTitle":"Update docs/UserGuide.md","messageBody":"Co-authored-by: Copilot \u003c175728472+Copilot@users.noreply.github.com\u003e","fileTypesAndContributionMap":{"docs":{"insertions":1,"deletions":1}}},{"hash":"30967704e4b3bd5ea799475f3eac2d38bf1712de","isMergeCommit":false,"messageTitle":"Update docs/UserGuide.md","messageBody":"Co-authored-by: Copilot \u003c175728472+Copilot@users.noreply.github.com\u003e","fileTypesAndContributionMap":{"docs":{"insertions":1,"deletions":1}}},{"hash":"130e14d97256b1575af0c752999307926d23fe09","isMergeCommit":true,"messageTitle":"Merge pull request #349 from SociallyIneptWeeb/ug-consult-update","messageBody":"Update UG based on consult feedback","fileTypesAndContributionMap":{}},{"hash":"962237ff8543c270569dae102856363607b9846c","isMergeCommit":true,"messageTitle":"Merge pull request #351 from SociallyIneptWeeb/catch-invalid-timeslot-json","messageBody":"Handle invalid timeslots in json data","fileTypesAndContributionMap":{}},{"hash":"69b07a1dc7583576a9f4b62496626f799e333fbb","isMergeCommit":false,"messageTitle":"Modify timeslots to only allow end time to be after start time","messageBody":"","fileTypesAndContributionMap":{"functional-code":{"insertions":4,"deletions":6},"test-code":{"insertions":11,"deletions":10}}},{"hash":"f9f5b231ecd1a1c05cf6440b60faae3e1a76b5ce","isMergeCommit":true,"messageTitle":"Merge pull request #348 from SociallyIneptWeeb/search-planned-improvements","messageBody":"Add planned search improvements to UG and DG","fileTypesAndContributionMap":{}},{"hash":"c88cca9e8c9876f1ac2db3577d6bee614cadf691","isMergeCommit":false,"messageTitle":"Move parameter summary to top in User Guide","messageBody":"","fileTypesAndContributionMap":{"docs":{"insertions":34,"deletions":33}}},{"hash":"6abdf01ac55c59371e413c4a212ace4827a4f07e","isMergeCommit":false,"messageTitle":"Rename integer to number","messageBody":"","fileTypesAndContributionMap":{"docs":{"insertions":3,"deletions":2}}},{"hash":"80e127eae9c6fcf1ce5e87c3fd41df9b143842bb","isMergeCommit":true,"messageTitle":"Merge pull request #356 from SociallyIneptWeeb/update-acknowledgements","messageBody":"Add acknowledgement to AB3 in DG","fileTypesAndContributionMap":{}},{"hash":"4f30c02df5858815f301de6928d5082f59440cbc","isMergeCommit":true,"messageTitle":"Merge pull request #357 from SociallyIneptWeeb/acknowledge-libraries-used","messageBody":"Add libraries used to DG","fileTypesAndContributionMap":{}},{"hash":"11d98c764c0b4198d69b7f17a2da74ac01e649ab","isMergeCommit":false,"messageTitle":"Add view session command","messageBody":"","fileTypesAndContributionMap":{"functional-code":{"insertions":76,"deletions":0},"test-code":{"insertions":36,"deletions":0}}},{"hash":"cc9265a85e43b34affd22dd26fdc15c6b507ef25","isMergeCommit":false,"messageTitle":"Update view session command","messageBody":"","fileTypesAndContributionMap":{"functional-code":{"insertions":7,"deletions":17}}},{"hash":"ce83e174ad41acfffd74f182573e134ab72b4056","isMergeCommit":false,"messageTitle":"Update sessionId to use primitive int type","messageBody":"","fileTypesAndContributionMap":{"functional-code":{"insertions":1,"deletions":1}}}]}],"SociallyIneptWeeb":[{"date":"2025-04-06","commitResults":[{"hash":"edcc8b004d40f3daf5f926a7cede36b4902262e0","isMergeCommit":true,"messageTitle":"Merge pull request #345 from themintchoco/fix-undo-name","messageBody":"Fix inability to undo edit of student name","fileTypesAndContributionMap":{}},{"hash":"19e5b331b84cee441eeaf9a89d27332edc0123f1","isMergeCommit":true,"messageTitle":"Merge pull request #346 from themintchoco/fix-unenrol-feedback","messageBody":"Fix removal of feedback when undoing unenrol","fileTypesAndContributionMap":{}},{"hash":"4eec46ca51e4d186af57e01e81ed0aff294a54e2","isMergeCommit":false,"messageTitle":"Remove context column in command summary","messageBody":"","fileTypesAndContributionMap":{"docs":{"insertions":25,"deletions":25}}},{"hash":"a8bba175aa97c7c362e414812ad7f594bb6ee16c","isMergeCommit":false,"messageTitle":"Add planned search improvements to UG and DG","messageBody":"","fileTypesAndContributionMap":{"docs":{"insertions":2,"deletions":2}}},{"hash":"dfa4503cb51101360932f396e242cd2ce06faae5","isMergeCommit":false,"messageTitle":"Remove duplicate tab in context","messageBody":"","fileTypesAndContributionMap":{"docs":{"insertions":25,"deletions":25}}},{"hash":"8fe26d84a1cea4f8b875e407626efe54a6e20b9b","isMergeCommit":false,"messageTitle":"Update UG based on consult feedback","messageBody":"","fileTypesAndContributionMap":{"docs":{"insertions":57,"deletions":43}}},{"hash":"c40faf02ad711b866c1848a8888d9c8c06866ac8","isMergeCommit":false,"messageTitle":"Handle invalid timeslots in json data","messageBody":"","fileTypesAndContributionMap":{"functional-code":{"insertions":2,"deletions":0}}},{"hash":"131a574d7162d11a3aaf8cfa51450217aa089cc9","isMergeCommit":false,"messageTitle":"Add test for start time after end time","messageBody":"","fileTypesAndContributionMap":{"test-code":{"insertions":8,"deletions":0}}},{"hash":"bda8de9b51a3b85dc2bb5ca559047cd236971a3a","isMergeCommit":true,"messageTitle":"Merge pull request #350 from Zhannyhong/fix-message-constraints","messageBody":"Fix constraint messages of name, phone, tag, and email","fileTypesAndContributionMap":{}},{"hash":"d632117ec6f9a20573b1ccb7c61c20b7a53de2be","isMergeCommit":true,"messageTitle":"Merge pull request #353 from Zhannyhong/timeslot-end-after-start","messageBody":"Modify timeslots to only allow end time to be after start time","fileTypesAndContributionMap":{}},{"hash":"e35ee06ed0885be75a809c92c334841bdccf4c38","isMergeCommit":true,"messageTitle":"Merge pull request #354 from Zhannyhong/update-ug","messageBody":"Move parameter summary to top in User Guide","fileTypesAndContributionMap":{}},{"hash":"85ad1410696ed1d9fb0eadcf97c1fbfef2854059","isMergeCommit":true,"messageTitle":"Merge pull request #284 from Neilchen863/manual-testing","messageBody":"Update the manual testing guide in DG","fileTypesAndContributionMap":{}},{"hash":"12a98e07ca9840a59df0b220c68940f04fbe4e37","isMergeCommit":false,"messageTitle":"Add acknowledgement to ab3 in DG","messageBody":"","fileTypesAndContributionMap":{"docs":{"insertions":1,"deletions":1}}},{"hash":"cece7f3ba04f10837415f413ee53c3ef36625f32","isMergeCommit":false,"messageTitle":"Add libraries used to DG","messageBody":"","fileTypesAndContributionMap":{"docs":{"insertions":1,"deletions":0}}}]}]},"authorFileTypeContributionMap":{"themintchoco":{"docs":0,"functional-code":11,"test-code":0},"nickt121":{"docs":0,"functional-code":0,"test-code":0},"Neilchen863":{"docs":55,"functional-code":0,"test-code":0},"Zhannyhong":{"docs":35,"functional-code":77,"test-code":49},"SociallyIneptWeeb":{"docs":47,"functional-code":2,"test-code":8}},"authorContributionVariance":{"themintchoco":64.0,"nickt121":0.0,"Neilchen863":2916.0,"Zhannyhong":17161.0,"SociallyIneptWeeb":11772.25},"authorDisplayNameMap":{"themintchoco":"CS2103T-T17-3 TAY .. ROY","nickt121":"CS2103T-T17-3 TAN ..CKIE","Neilchen863":"CS2103T-T17-3 CHEN..AHAO","Zhannyhong":"CS2103T-T17-3 LEE ..HONG","SociallyIneptWeeb":"CS2103T-T17-3 LAM ..RYAN"}}
