{"authorDailyContributionsMap":{"themintchoco":[{"date":"2025-04-05","commitResults":[{"hash":"1b11a536ba328079b13451c3db5a97fe3dec7026","isMergeCommit":false,"messageTitle":"Fix edit student command reverse","messageBody":"","fileTypesAndContributionMap":{"functional-code":{"insertions":1,"deletions":1}}},{"hash":"2fbb2d5115f8fc19c0a28e2727cf9ae23f4cd1ec","isMergeCommit":false,"messageTitle":"Fix unenrol feedback","messageBody":"","fileTypesAndContributionMap":{"functional-code":{"insertions":7,"deletions":4}}},{"hash":"67310a423168e00b4d629553887e1e698e82fd67","isMergeCommit":false,"messageTitle":"Update Javadocs","messageBody":"","fileTypesAndContributionMap":{"functional-code":{"insertions":2,"deletions":2}}}]},{"date":"2025-04-06","commitResults":[{"hash":"925b0be99d014cf4604d3abbb83f032b63255519","isMergeCommit":false,"messageTitle":"Add null check","messageBody":"","fileTypesAndContributionMap":{"functional-code":{"insertions":1,"deletions":0}}}]}],"nickt121":[],"Neilchen863":[],"Zhannyhong":[{"date":"2025-04-06","commitResults":[{"hash":"5e073d6ad44170430bff1514cb640ae2024e05ee","isMergeCommit":true,"messageTitle":"Merge pull request #347 from SociallyIneptWeeb/remove-context-command-summary","messageBody":"Remove duplicate context in command summary","fileTypesAndContributionMap":{}},{"hash":"f920829ee9cec20c38bf9b85a436bc79d65b4564","isMergeCommit":false,"messageTitle":"Fix constraint messages of name, phone, tag, and email","messageBody":"","fileTypesAndContributionMap":{"functional-code":{"insertions":7,"deletions":7},"test-code":{"insertions":2,"deletions":1}}},{"hash":"27d8cc1d0e1e3fcc9d3b9700b98d79604f45d3fe","isMergeCommit":false,"messageTitle":"Update docs/UserGuide.md","messageBody":"Co-authored-by: Copilot \u003c175728472+Copilot@users.noreply.github.com\u003e","fileTypesAndContributionMap":{"docs":{"insertions":1,"deletions":1}}},{"hash":"30967704e4b3bd5ea799475f3eac2d38bf1712de","isMergeCommit":false,"messageTitle":"Update docs/UserGuide.md","messageBody":"Co-authored-by: Copilot \u003c175728472+Copilot@users.noreply.github.com\u003e","fileTypesAndContributionMap":{"docs":{"insertions":1,"deletions":1}}},{"hash":"130e14d97256b1575af0c752999307926d23fe09","isMergeCommit":true,"messageTitle":"Merge pull request #349 from SociallyIneptWeeb/ug-consult-update","messageBody":"Update UG based on consult feedback","fileTypesAndContributionMap":{}},{"hash":"962237ff8543c270569dae102856363607b9846c","isMergeCommit":true,"messageTitle":"Merge pull request #351 from SociallyIneptWeeb/catch-invalid-timeslot-json","messageBody":"Handle invalid timeslots in json data","fileTypesAndContributionMap":{}},{"hash":"69b07a1dc7583576a9f4b62496626f799e333fbb","isMergeCommit":false,"messageTitle":"Modify timeslots to only allow end time to be after start time","messageBody":"","fileTypesAndContributionMap":{"functional-code":{"insertions":4,"deletions":6},"test-code":{"insertions":11,"deletions":10}}},{"hash":"f9f5b231ecd1a1c05cf6440b60faae3e1a76b5ce","isMergeCommit":true,"messageTitle":"Merge pull request #348 from SociallyIneptWeeb/search-planned-improvements","messageBody":"Add planned search improvements to UG and DG","fileTypesAndContributionMap":{}}]}],"SociallyIneptWeeb":[{"date":"2025-04-06","commitResults":[{"hash":"edcc8b004d40f3daf5f926a7cede36b4902262e0","isMergeCommit":true,"messageTitle":"Merge pull request #345 from themintchoco/fix-undo-name","messageBody":"Fix inability to undo edit of student name","fileTypesAndContributionMap":{}},{"hash":"19e5b331b84cee441eeaf9a89d27332edc0123f1","isMergeCommit":true,"messageTitle":"Merge pull request #346 from themintchoco/fix-unenrol-feedback","messageBody":"Fix removal of feedback when undoing unenrol","fileTypesAndContributionMap":{}},{"hash":"4eec46ca51e4d186af57e01e81ed0aff294a54e2","isMergeCommit":false,"messageTitle":"Remove context column in command summary","messageBody":"","fileTypesAndContributionMap":{"docs":{"insertions":25,"deletions":25}}},{"hash":"a8bba175aa97c7c362e414812ad7f594bb6ee16c","isMergeCommit":false,"messageTitle":"Add planned search improvements to UG and DG","messageBody":"","fileTypesAndContributionMap":{"docs":{"insertions":2,"deletions":2}}},{"hash":"dfa4503cb51101360932f396e242cd2ce06faae5","isMergeCommit":false,"messageTitle":"Remove duplicate tab in context","messageBody":"","fileTypesAndContributionMap":{"docs":{"insertions":25,"deletions":25}}},{"hash":"8fe26d84a1cea4f8b875e407626efe54a6e20b9b","isMergeCommit":false,"messageTitle":"Update UG based on consult feedback","messageBody":"","fileTypesAndContributionMap":{"docs":{"insertions":57,"deletions":43}}},{"hash":"c40faf02ad711b866c1848a8888d9c8c06866ac8","isMergeCommit":false,"messageTitle":"Handle invalid timeslots in json data","messageBody":"","fileTypesAndContributionMap":{"functional-code":{"insertions":2,"deletions":0}}},{"hash":"131a574d7162d11a3aaf8cfa51450217aa089cc9","isMergeCommit":false,"messageTitle":"Add test for start time after end time","messageBody":"","fileTypesAndContributionMap":{"test-code":{"insertions":8,"deletions":0}}},{"hash":"bda8de9b51a3b85dc2bb5ca559047cd236971a3a","isMergeCommit":true,"messageTitle":"Merge pull request #350 from Zhannyhong/fix-message-constraints","messageBody":"Fix constraint messages of name, phone, tag, and email","fileTypesAndContributionMap":{}},{"hash":"d632117ec6f9a20573b1ccb7c61c20b7a53de2be","isMergeCommit":true,"messageTitle":"Merge pull request #353 from Zhannyhong/timeslot-end-after-start","messageBody":"Modify timeslots to only allow end time to be after start time","fileTypesAndContributionMap":{}}]}]},"authorFileTypeContributionMap":{"themintchoco":{"docs":0,"functional-code":11,"test-code":0},"nickt121":{"docs":0,"functional-code":0,"test-code":0},"Neilchen863":{"docs":0,"functional-code":0,"test-code":0},"Zhannyhong":{"docs":2,"functional-code":11,"test-code":13},"SociallyIneptWeeb":{"docs":49,"functional-code":2,"test-code":8}},"authorContributionVariance":{"themintchoco":64.0,"nickt121":0.0,"Neilchen863":0.0,"Zhannyhong":676.0,"SociallyIneptWeeb":11449.0},"authorDisplayNameMap":{"themintchoco":"CS2103T-T17-3 TAY .. ROY","nickt121":"CS2103T-T17-3 TAN ..CKIE","Neilchen863":"CS2103T-T17-3 CHEN..AHAO","Zhannyhong":"CS2103T-T17-3 LEE ..HONG","SociallyIneptWeeb":"CS2103T-T17-3 LAM ..RYAN"}}
