{"authorDailyContributionsMap":{"blacksesamezongzi":[{"date":"2025-04-07","commitResults":[{"hash":"978a3f6ce55b42d0791c28e5a27780600335b299","isMergeCommit":false,"messageTitle":"Add Searching for Members in feature title","messageBody":"","fileTypesAndContributionMap":{"docs":{"insertions":1,"deletions":0}}},{"hash":"58eeb94c15d31a63d2024494e469aa7576ba7468","isMergeCommit":false,"messageTitle":"Add confirmation of maximum number of residents in a room to the future version plan in dev guide and user guide","messageBody":"","fileTypesAndContributionMap":{"docs":{"insertions":6,"deletions":3}}},{"hash":"93984ed0db07845ddd7e4b7f59314c38fc04a8a6","isMergeCommit":true,"messageTitle":"Merge pull request #230 from Alolononon/bug-fix-event","messageBody":"bug fix - fix event ","fileTypesAndContributionMap":{}},{"hash":"9be8651a50a4901412c80cd1074cab51285ca751","isMergeCommit":false,"messageTitle":"Delete trailing whitespace","messageBody":"","fileTypesAndContributionMap":{"docs":{"insertions":14,"deletions":14}}},{"hash":"202a1b305709f83db87a2d2e453206cb333103cb","isMergeCommit":true,"messageTitle":"Merge pull request #240 from Alolononon/fix-name-accept-special-character","messageBody":"bug fix - person name that include exceptions","fileTypesAndContributionMap":{}},{"hash":"17f7b3db58b90e2ab2a7a621433c066fa67c1936","isMergeCommit":false,"messageTitle":"Add new line in dev guide","messageBody":"","fileTypesAndContributionMap":{"docs":{"insertions":1,"deletions":0}}},{"hash":"1b3f3a87d82a9550447edcf4915645757bc19b2a","isMergeCommit":false,"messageTitle":"Add new line in dev guide","messageBody":"","fileTypesAndContributionMap":{"docs":{"insertions":1,"deletions":1}}},{"hash":"c48cb86f2d9f7ee6ae7cf838b18930a3e336ab68","isMergeCommit":false,"messageTitle":"Update DeveloperGuide.md","messageBody":"","fileTypesAndContributionMap":{"docs":{"insertions":1,"deletions":1}}},{"hash":"ad2f87d3b7ee462f93aa3767ed3c8fc7897636a6","isMergeCommit":false,"messageTitle":"Update UserGuide.md","messageBody":"","fileTypesAndContributionMap":{"docs":{"insertions":3,"deletions":3}}}]}],"mhaikelll":[{"date":"2025-04-07","commitResults":[{"hash":"ef50839218b2eeb9d3ad1503751cce36c973020b","isMergeCommit":false,"messageTitle":"Fix matric bug","messageBody":"","fileTypesAndContributionMap":{"functional-code":{"insertions":2,"deletions":1}}},{"hash":"f7bb645cc916e98b0d70ae484ce5e13b29e81a89","isMergeCommit":false,"messageTitle":"Explain search better","messageBody":"","fileTypesAndContributionMap":{"functional-code":{"insertions":1,"deletions":1},"docs":{"insertions":47,"deletions":6}}},{"hash":"3c0989deea297a0274439c96a14ce5626a12ac10","isMergeCommit":false,"messageTitle":"Fix DG hyperlinks and use cases","messageBody":"","fileTypesAndContributionMap":{"docs":{"insertions":12,"deletions":7}}},{"hash":"252ed2878033caa31b07d00a893697fc849dca6f","isMergeCommit":false,"messageTitle":"Fix spelling","messageBody":"","fileTypesAndContributionMap":{"docs":{"insertions":1,"deletions":1}}},{"hash":"7cf2fed518dc43bd3fda671b41fca737b74254fc","isMergeCommit":false,"messageTitle":"Update planned enhancements edit func","messageBody":"","fileTypesAndContributionMap":{"docs":{"insertions":8,"deletions":1}}},{"hash":"437a4b9b6d87a659de99f38cfd4491108dab2f64","isMergeCommit":true,"messageTitle":"Merge pull request #239 from chinpcbenjamin/branch-ug-define-duplicates","messageBody":"Update ug to describe how duplicates are detected","fileTypesAndContributionMap":{}},{"hash":"0de6c04695c0d1725e6048011212a7a104f7b3b3","isMergeCommit":true,"messageTitle":"Merge pull request #233 from chinpcbenjamin/branch-fix-change-to-resiconnectjson","messageBody":"Update data file and build file to be Resiconnect","fileTypesAndContributionMap":{}},{"hash":"462b4b4f84fee7a445a7af29e0ab263a81f750a0","isMergeCommit":true,"messageTitle":"Merge pull request #234 from chinpcbenjamin/branch-fix-levels-trim-zeroes","messageBody":"Accept leading zeroes for level","fileTypesAndContributionMap":{}},{"hash":"c35874af59d86611c1a53faf570ddcddb9f41062","isMergeCommit":true,"messageTitle":"Merge pull request #236 from chinpcbenjamin/branch-fix-room-trim-zeroes","messageBody":"Allow room to have leading zeroes","fileTypesAndContributionMap":{}},{"hash":"f0db3fb68037050e390af8a762692550991220b2","isMergeCommit":false,"messageTitle":"Add tests for matric","messageBody":"","fileTypesAndContributionMap":{"test-code":{"insertions":17,"deletions":6}}},{"hash":"8c46d9d33bde3cc400433ba524d986f0eb0227b7","isMergeCommit":true,"messageTitle":"Merge pull request #241 from chinpcbenjamin/branch-update-ug-definitions","messageBody":"Update definitions section of UG","fileTypesAndContributionMap":{}},{"hash":"7549312738b0d4731b10e51939330e6e2229fab1","isMergeCommit":true,"messageTitle":"Merge pull request #237 from chinpcbenjamin/branch-fix-address-whitespace-trim","messageBody":"Remove multiple whitespaces in address","fileTypesAndContributionMap":{}},{"hash":"4303d537ea2d96b99fd8e1d020ec7455a017b173","isMergeCommit":true,"messageTitle":"Merge pull request #232 from chinpcbenjamin/branch-fix-name-whitespace-trim","messageBody":"Name can now remove extra whitespaces in the middle of the name","fileTypesAndContributionMap":{}},{"hash":"4060dfeef0ad036315bb986655f1a1863ceb17b1","isMergeCommit":false,"messageTitle":"Fix DG TOC","messageBody":"","fileTypesAndContributionMap":{"docs":{"insertions":44,"deletions":2}}}]},{"date":"2025-04-08","commitResults":[{"hash":"dc18a3f971cbd701ee270fc103163bcab825fbce","isMergeCommit":true,"messageTitle":"Merge pull request #245 from chinpcbenjamin/branch-dg-link-fix","messageBody":"Update DG table of contents link","fileTypesAndContributionMap":{}},{"hash":"6fb89c3c44cdc5ffa7b2031029bc323f0ba12f73","isMergeCommit":false,"messageTitle":"Update DG table of contents and version no","messageBody":"","fileTypesAndContributionMap":{"functional-code":{"insertions":1,"deletions":1},"docs":{"insertions":7,"deletions":3}}}]}],"Alolononon":[{"date":"2025-04-07","commitResults":[{"hash":"8330be1f0a79bca6938926c7846808d9200c0b19","isMergeCommit":false,"messageTitle":"fix event duplicate name with differnet case and fix error message","messageBody":"","fileTypesAndContributionMap":{"functional-code":{"insertions":2,"deletions":2},"test-code":{"insertions":10,"deletions":0}}},{"hash":"ab1ef1fe481e7c8537cc16329fdcb63670c667e9","isMergeCommit":false,"messageTitle":"fix person name that include exceptions","messageBody":"","fileTypesAndContributionMap":{"functional-code":{"insertions":16,"deletions":4},"test-code":{"insertions":34,"deletions":4}}},{"hash":"ce1d7cc36c7d72abc8d2adc630802549919efeb6","isMergeCommit":false,"messageTitle":"edit comments","messageBody":"","fileTypesAndContributionMap":{"functional-code":{"insertions":2,"deletions":2}}},{"hash":"b2e1d163b926c2f19dff165925bebea13299fc14","isMergeCommit":true,"messageTitle":"Merge branch \u0027master\u0027 into fix-name-accept-special-character","messageBody":"","fileTypesAndContributionMap":{}},{"hash":"c7b241a1f5a603df6286685195f0221f17928326","isMergeCommit":false,"messageTitle":"update userguide","messageBody":"","fileTypesAndContributionMap":{"docs":{"insertions":2,"deletions":1}}}]},{"date":"2025-04-08","commitResults":[{"hash":"6310c4395ad3adcf221b0b4f56f5125b4fb94488","isMergeCommit":true,"messageTitle":"Merge pull request #244 from mhaikelll/fix-dg-toc","messageBody":"Fix DG TOC","fileTypesAndContributionMap":{}}]}],"chinpcbenjamin":[{"date":"2025-04-07","commitResults":[{"hash":"d69194e5e6612b18def9dcc4c3425ef84cfde3fb","isMergeCommit":false,"messageTitle":"Update Name to detect extra whitespaces in middle of Name","messageBody":"","fileTypesAndContributionMap":{"functional-code":{"insertions":1,"deletions":1},"docs":{"insertions":1,"deletions":1},"test-code":{"insertions":4,"deletions":0}}},{"hash":"96b622ad25a355dbf1d91e1d89d6a518e651cef5","isMergeCommit":false,"messageTitle":"Update data file and build file to be resiconnect","messageBody":"","fileTypesAndContributionMap":{"functional-code":{"insertions":1,"deletions":1},"other":{"insertions":1,"deletions":1}}},{"hash":"7a1408730c5056cb959d51f1dc042e1773e91061","isMergeCommit":false,"messageTitle":"Accept leading zeroes for level","messageBody":"","fileTypesAndContributionMap":{"functional-code":{"insertions":1,"deletions":0},"docs":{"insertions":1,"deletions":1},"test-code":{"insertions":7,"deletions":0}}},{"hash":"e09435823374a2813e7fc143a24e2a231d09f9d2","isMergeCommit":false,"messageTitle":"Allow room to have leading zeroes","messageBody":"","fileTypesAndContributionMap":{"functional-code":{"insertions":1,"deletions":0},"docs":{"insertions":1,"deletions":1},"test-code":{"insertions":6,"deletions":0}}},{"hash":"704d706e7b1097a00f56be0a55b6124ff0a4ea4b","isMergeCommit":false,"messageTitle":"Remove multiple whitespaces in address","messageBody":"","fileTypesAndContributionMap":{"functional-code":{"insertions":1,"deletions":1},"docs":{"insertions":1,"deletions":1},"test-code":{"insertions":4,"deletions":0}}},{"hash":"f8a657ba05380f45006aae1ab9e82552c2b6eb72","isMergeCommit":false,"messageTitle":"Update event name to remove extra whitespaces","messageBody":"","fileTypesAndContributionMap":{"functional-code":{"insertions":1,"deletions":1},"docs":{"insertions":1,"deletions":1},"test-code":{"insertions":2,"deletions":0}}},{"hash":"148ebabe314a3d3037f183783b7aed74ff82caa8","isMergeCommit":false,"messageTitle":"Update ug","messageBody":"","fileTypesAndContributionMap":{"docs":{"insertions":34,"deletions":0}}},{"hash":"f318f01e32b37e9024ae7a16a6249331d25e4434","isMergeCommit":true,"messageTitle":"Merge pull request #231 from mhaikelll/matric-bug","messageBody":"Bug Fix #206: Matric field now allows lowercase letters in input","fileTypesAndContributionMap":{}},{"hash":"6ffcb23d54c30b84583a4f6cf01cc0152368c4e8","isMergeCommit":true,"messageTitle":"Merge pull request #235 from mhaikelll/explain-search-better","messageBody":"Bug Fix #201, 217, 219, 223, 224: Changes to UG/DG regarding partial search and edit functionality","fileTypesAndContributionMap":{}},{"hash":"5128c71a7a835147c932c34c97467c4265160abb","isMergeCommit":true,"messageTitle":"Merge pull request #238 from mhaikelll/dev-guide-updates","messageBody":"Bug Fix #203, 225, 226: Fix all DG hyperlinks and update use cases","fileTypesAndContributionMap":{}},{"hash":"d3db781ac176e81a49c7eda91914730e42d02d65","isMergeCommit":false,"messageTitle":"Update definitions section of UG","messageBody":"","fileTypesAndContributionMap":{"docs":{"insertions":20,"deletions":16}}},{"hash":"458863fd3cf59395bef747c87d956c54baa5f150","isMergeCommit":true,"messageTitle":"Merge branch \u0027master\u0027 into branch-fix-name-whitespace-trim","messageBody":"","fileTypesAndContributionMap":{}},{"hash":"f05e039914ff8647f5078af18819f8dd0279d2e9","isMergeCommit":false,"messageTitle":"Fix ug formatting","messageBody":"","fileTypesAndContributionMap":{"docs":{"insertions":44,"deletions":37}}},{"hash":"521c944b463b070b455ed323f3c92aaacf76c5bd","isMergeCommit":true,"messageTitle":"Merge pull request #243 from blacksesamezongzi/branch-add-number-of-residents-to-future-version","messageBody":"Add confirmation of number of residents in a room to future version planning","fileTypesAndContributionMap":{}}]},{"date":"2025-04-08","commitResults":[{"hash":"ae34cc0eeb0da0e3a706e8759f1d1171c580b41e","isMergeCommit":true,"messageTitle":"Merge pull request #242 from hengjeekuan/branch-update-UG-3","messageBody":"bug-fix update UG","fileTypesAndContributionMap":{}},{"hash":"4063ac36b7d618e48c0356ed2fa3d5692a2591ac","isMergeCommit":false,"messageTitle":"Update DG table of contents link","messageBody":"","fileTypesAndContributionMap":{"docs":{"insertions":1,"deletions":1}}},{"hash":"3da9620f7dc6f510c8fb0a97a88cb2fbbccdf13f","isMergeCommit":true,"messageTitle":"Merge pull request #247 from hengjeekuan/branch-update-UG-4","messageBody":"Update UG","tags":["v1.6"],"fileTypesAndContributionMap":{}}]}],"hengjeekuan":[{"date":"2025-04-07","commitResults":[{"hash":"dc016d29937b20e6566a2d00a8be440242e6ba61","isMergeCommit":false,"messageTitle":"Update hyperlinks in documents","messageBody":"","fileTypesAndContributionMap":{"docs":{"insertions":22,"deletions":22}}}]},{"date":"2025-04-08","commitResults":[{"hash":"10f3033d3d886bb7277d533d59f6efbeadbc62ae","isMergeCommit":false,"messageTitle":"Edit table of contents","messageBody":"","fileTypesAndContributionMap":{"docs":{"insertions":1,"deletions":1}}},{"hash":"c471e012534dd7876db255f12c6258f09667391d","isMergeCommit":true,"messageTitle":"Merge branch \u0027master\u0027 into branch-update-UG-3","messageBody":"# Conflicts:\n#\tdocs/UserGuide.md\n","fileTypesAndContributionMap":{}},{"hash":"a27a568180d0e5736aa31e51f0c09e22569378f4","isMergeCommit":false,"messageTitle":"Edit UG","messageBody":"","fileTypesAndContributionMap":{"docs":{"insertions":208,"deletions":113}}},{"hash":"db8f0edf9526a1b1e6d9f365d9d26a60b6fc781d","isMergeCommit":false,"messageTitle":"Update UG","messageBody":"","fileTypesAndContributionMap":{"docs":{"insertions":4,"deletions":4}}},{"hash":"e184d97288521c760f066555646677d312f3584a","isMergeCommit":false,"messageTitle":"Edit DG","messageBody":"","fileTypesAndContributionMap":{"docs":{"insertions":50,"deletions":0}}},{"hash":"a9d747873cbee8cee1422eb52200fb3890dc6a3a","isMergeCommit":true,"messageTitle":"Merge pull request #246 from mhaikelll/update-dg-final","messageBody":"Update DG table of contents and version no","fileTypesAndContributionMap":{}},{"hash":"67f08e923ed01f6f176155a4502747a61e2a1719","isMergeCommit":false,"messageTitle":"Update UG","messageBody":"","fileTypesAndContributionMap":{"docs":{"insertions":1,"deletions":1}}}]}]},"authorFileTypeContributionMap":{"blacksesamezongzi":{"docs":4,"functional-code":0,"test-code":0},"mhaikelll":{"docs":78,"functional-code":4,"test-code":17},"Alolononon":{"docs":0,"functional-code":18,"test-code":44},"chinpcbenjamin":{"docs":1,"functional-code":6,"test-code":23,"other":1},"hengjeekuan":{"docs":246,"functional-code":0,"test-code":0}},"authorContributionVariance":{"blacksesamezongzi":450.1875,"mhaikelll":4413.1875,"Alolononon":1170.1875,"chinpcbenjamin":7154.75,"hengjeekuan":25760.688},"authorDisplayNameMap":{"blacksesamezongzi":"CS2103T-T11-3 SUN ..IAEN","mhaikelll":"CS2103T-T11-3 MUHA..ASIN","Alolononon":"CS2103T-T11-3 HO J.. TAO","chinpcbenjamin":"CS2103T-T11-3 CHIN..AMIN","hengjeekuan":"CS2103T-T11-3 HENG..KUAN"}}
