{"authorDailyContributionsMap":{"salads-source":[{"date":"2025-04-06","commitResults":[{"hash":"916403612469fbf287881072a4bb930027f5ac4c","isMergeCommit":false,"messageTitle":"Fix EditCommand to preserve display view after performing edit command","messageBody":"","fileTypesAndContributionMap":{"functional-code":{"insertions":1,"deletions":2},"test-code":{"insertions":1,"deletions":0}}},{"hash":"60695520a5e2cdb8f80c8a690090c33868594854","isMergeCommit":false,"messageTitle":"Change error message to include proper format","messageBody":"","fileTypesAndContributionMap":{"functional-code":{"insertions":2,"deletions":1}}},{"hash":"7621e5b2997d7db9cbdfecf11967e058ff7d6466","isMergeCommit":false,"messageTitle":"Add constraint for name field to have maximum length of 50 characters","messageBody":"","fileTypesAndContributionMap":{"functional-code":{"insertions":4,"deletions":2},"test-code":{"insertions":2,"deletions":0}}},{"hash":"d281452730857696f001aa1f9c7c2280ff164e47","isMergeCommit":false,"messageTitle":"Fix name constraint to allow names to contain forward slashes","messageBody":"","fileTypesAndContributionMap":{"functional-code":{"insertions":1,"deletions":1},"test-code":{"insertions":2,"deletions":0}}},{"hash":"0be4f5286890752710c56fb065c6c44b4b8edc01","isMergeCommit":false,"messageTitle":"Fix name constraint to allow names to contain hyphen","messageBody":"","fileTypesAndContributionMap":{"functional-code":{"insertions":1,"deletions":1},"test-code":{"insertions":1,"deletions":0}}},{"hash":"0ad058003c4111df10b6f2fad73863ce3c0260e5","isMergeCommit":false,"messageTitle":"Fix broken links for feature table of contents in user guide","messageBody":"","fileTypesAndContributionMap":{"docs":{"insertions":6,"deletions":6}}},{"hash":"602b96af036d4e112513208445de1852a0f6f6b8","isMergeCommit":false,"messageTitle":"Add index keyword to ensure consistency with add and delete request","messageBody":"","fileTypesAndContributionMap":{"docs":{"insertions":1,"deletions":1}}},{"hash":"8e32c20f82ebeb11c90ca404ece40f8dec569031","isMergeCommit":false,"messageTitle":"Ensure bold consistency for add and remove request","messageBody":"","fileTypesAndContributionMap":{"docs":{"insertions":3,"deletions":3}}}]},{"date":"2025-04-07","commitResults":[{"hash":"1daff259759674232c74436e468f9d5624f18cec","isMergeCommit":false,"messageTitle":"Change clisyntax prefix to be backslash instead of forward slash and add more special character constraints for name field","messageBody":"","fileTypesAndContributionMap":{"functional-code":{"insertions":9,"deletions":10},"test-code":{"insertions":7,"deletions":2}}},{"hash":"32b541e67e13e249dde208d7d4be1f3ea26a401c","isMergeCommit":false,"messageTitle":"Fix user status flow to be unidirectional","messageBody":"","fileTypesAndContributionMap":{"functional-code":{"insertions":5,"deletions":0},"test-code":{"insertions":9,"deletions":0}}},{"hash":"8b84bca90ef347ba51e3f6aebf41a9ffc25dffb5","isMergeCommit":false,"messageTitle":"Allow email field to be more flexible","messageBody":"","fileTypesAndContributionMap":{"functional-code":{"insertions":4,"deletions":6}}},{"hash":"b0e415ba4676890636dbb88c9642dd2cc15d9766","isMergeCommit":false,"messageTitle":"Fix checkstyle errors","messageBody":"","fileTypesAndContributionMap":{"functional-code":{"insertions":2,"deletions":1}}},{"hash":"97fd7a0d0d22ad35926e6e51b4bfb3beb3b2e741","isMergeCommit":false,"messageTitle":"Make email field case insensitive","messageBody":"","fileTypesAndContributionMap":{"functional-code":{"insertions":1,"deletions":1}}},{"hash":"9dad610d47af4574a0215a627ad98b202f9c26cd","isMergeCommit":true,"messageTitle":"Merge pull request #267 from aekyr/fix-bug-ri-rq-exclusive-single","messageBody":"Fix bug to ensure -ri and -rq are exclusive, and ri is not duplicate","fileTypesAndContributionMap":{}},{"hash":"49c74397f0f1ebb95f0877103560aeb99cb01126","isMergeCommit":true,"messageTitle":"Merge pull request #273 from shelialia/branch-fix-phone","messageBody":"Update Phone Constraints","fileTypesAndContributionMap":{}},{"hash":"06d57b842dec25b466fa080f2ef061a6db399cba","isMergeCommit":true,"messageTitle":"Merge pull request #276 from Noob-No-1/Fix-EditCommand-Error-Message-branch","messageBody":"Update editcommand error message","fileTypesAndContributionMap":{}},{"hash":"76e95e9a5b6102ab0fcf0b2c8d41353d52f6bd0c","isMergeCommit":false,"messageTitle":"Fix error message for addCommand to make phone field optional","messageBody":"","fileTypesAndContributionMap":{"functional-code":{"insertions":1,"deletions":1}}},{"hash":"3a2f0925c916d9600538682d8f67747f9e962013","isMergeCommit":true,"messageTitle":"Merge pull request #282 from aekyr/ui-fixes","messageBody":"Fixed bug of shifting text and scroll issue","fileTypesAndContributionMap":{}}]},{"date":"2025-04-08","commitResults":[{"hash":"497e30c317338c44014e28c8e66988448f230220","isMergeCommit":true,"messageTitle":"Merge pull request #286 from Noob-No-1/Fix-Overly-Long-AddCommand-branch","messageBody":"Update AddCommand in UG to segemnt the fields","fileTypesAndContributionMap":{}},{"hash":"8941223ab59acce34dd4ff174d641d11f8dd0cbc","isMergeCommit":true,"messageTitle":"Merge pull request #295 from juniper285/Bug-Fix-2","messageBody":"Fix site TOC","fileTypesAndContributionMap":{}},{"hash":"cc63ccc583e4f95859bb45c39a39f1a744c24342","isMergeCommit":false,"messageTitle":"Remove character constraint for name field","messageBody":"","fileTypesAndContributionMap":{"functional-code":{"insertions":1,"deletions":1},"test-code":{"insertions":2,"deletions":2}}},{"hash":"2159f5139c39bdc57514af1e56f0e3eea19ecb90","isMergeCommit":false,"messageTitle":"Fix message constraint for name field","messageBody":"","fileTypesAndContributionMap":{"functional-code":{"insertions":1,"deletions":2}}},{"hash":"57ff0bdb46a2cd35ea1013549ce0401318505f1c","isMergeCommit":true,"messageTitle":"Merge pull request #307 from aekyr/ug-update-fr-rd-5","messageBody":"Remove duplicate Glossary","fileTypesAndContributionMap":{}}]}],"aekyr":[{"date":"2025-04-07","commitResults":[{"hash":"d509250999c11ff7496bbf5165a244e327412944","isMergeCommit":true,"messageTitle":"Merge pull request #258 from salads-source/branch-UG-bug","messageBody":"UG Bugs ","fileTypesAndContributionMap":{}},{"hash":"c21febd9dc9d69389af05c9464999d2e11753219","isMergeCommit":true,"messageTitle":"Merge pull request #254 from salads-source/branch-editCommand-view","messageBody":"Preserve Display View after EditCommand","fileTypesAndContributionMap":{}},{"hash":"c389a6e851ded403a195568a1d59c99b8855453a","isMergeCommit":false,"messageTitle":"Fix bug to ensure -ri and -rq are exclusive, and ri is not duplicate","messageBody":"","fileTypesAndContributionMap":{"functional-code":{"insertions":5,"deletions":1},"test-code":{"insertions":56,"deletions":0}}},{"hash":"5ce5cf4ef53d5821a412ec114a2b132748446be1","isMergeCommit":false,"messageTitle":"Add test case","messageBody":"","fileTypesAndContributionMap":{"test-code":{"insertions":48,"deletions":0}}},{"hash":"80ad2a794d8dde8d1d4f431b68dd5aae63d7d4cc","isMergeCommit":false,"messageTitle":"Fix bug where -ri can remove future indexes","messageBody":"","fileTypesAndContributionMap":{"functional-code":{"insertions":2,"deletions":2}}},{"hash":"283825235c4d7ec6612cdb4ee1f22745cd3b8a62","isMergeCommit":false,"messageTitle":"Add test case for add and delete case","messageBody":"","fileTypesAndContributionMap":{"test-code":{"insertions":20,"deletions":0}}},{"hash":"ebfdad164b9bd4fd408b533cf2e8fb278a372262","isMergeCommit":false,"messageTitle":"Add test case for trying to delete a request that will be added","messageBody":"","fileTypesAndContributionMap":{"test-code":{"insertions":20,"deletions":0}}},{"hash":"d1ba2cbd157964bd849cf81446811347ec4fa7c9","isMergeCommit":true,"messageTitle":"Merge pull request #256 from salads-source/branch-name-constraint","messageBody":"Change Name Constraints","fileTypesAndContributionMap":{}},{"hash":"685c929a3ba2f060ea5b21d2ed39b45cf385cd0d","isMergeCommit":true,"messageTitle":"Merge pull request #266 from salads-source/branch-checkCommand-bugs","messageBody":"Fix Guest status flow to be unidirectional","fileTypesAndContributionMap":{}},{"hash":"33bb1c545cd7b9a73e42718b240c5fe6b60b5fb3","isMergeCommit":false,"messageTitle":"Fix wrong ToC order","messageBody":"","fileTypesAndContributionMap":{"functional-code":{"insertions":5,"deletions":1},"docs":{"insertions":10,"deletions":8}}},{"hash":"774dc4f84fe4a49fdba12e60571947d45807a558","isMergeCommit":false,"messageTitle":"Update -ri -rq +rq UG","messageBody":"","fileTypesAndContributionMap":{"docs":{"insertions":27,"deletions":8}}},{"hash":"6f37c627d173903a884199effe90fe1004c8a398","isMergeCommit":false,"messageTitle":"Elaborate on request matching for add and delete","messageBody":"","fileTypesAndContributionMap":{"docs":{"insertions":30,"deletions":24}}},{"hash":"66d59dd1823da4952a64caaf1ffa5689925a78d4","isMergeCommit":false,"messageTitle":"Calrify check in, check out, +rq -rq -ri, and constraints","messageBody":"","fileTypesAndContributionMap":{"docs":{"insertions":55,"deletions":33}}},{"hash":"ba559de1a58a8c57940795e6acec2c245feef3de","isMergeCommit":false,"messageTitle":"Fix EditCommandParserTest not using new prefixes","messageBody":"","fileTypesAndContributionMap":{"test-code":{"insertions":4,"deletions":4}}},{"hash":"09c5deea19d1d36535be603a3f5981dc45cc3308","isMergeCommit":true,"messageTitle":"Merge pull request #269 from Noob-No-1/Fix-FindCommand-Empty-Phone-Number-branch","messageBody":"Fix issue where a guest with empty phone number cause find to fail","fileTypesAndContributionMap":{}},{"hash":"47c37fb3e254ddad8725c88173772cc180a0c4cd","isMergeCommit":true,"messageTitle":"Merge pull request #278 from salads-source/branch-addCommand-bugs","messageBody":"Fix error message for addCommand to make phone field optional","fileTypesAndContributionMap":{}},{"hash":"daf183f013c58fe238ad3084abbff50b53a07a53","isMergeCommit":true,"messageTitle":"Merge pull request #271 from shelialia/branch-update-dg","messageBody":"Update Developer Guide to Solve PE-D Bugs","fileTypesAndContributionMap":{}},{"hash":"a973177a0730a0098aacaa052a884b3ae32ee6b4","isMergeCommit":false,"messageTitle":"Fix specifications for room number and link about-us in support team","messageBody":"","fileTypesAndContributionMap":{"docs":{"insertions":3,"deletions":3}}},{"hash":"ff46ae57f5ea73a723a87ceb030b3bae0e0c24bd","isMergeCommit":false,"messageTitle":"Undo accidental change to code","messageBody":"","fileTypesAndContributionMap":{"functional-code":{"insertions":1,"deletions":5}}},{"hash":"90fcdec3d8cb9eccd9f266856e0f94d0ca99d6c4","isMergeCommit":false,"messageTitle":"Fixed bug of shifting text and scroll issue","messageBody":"","fileTypesAndContributionMap":{"functional-code":{"insertions":9,"deletions":6}}},{"hash":"05673be63b5980e4caec3c18ece48dc89267567e","isMergeCommit":false,"messageTitle":"Fix list command not using new prefix","messageBody":"","fileTypesAndContributionMap":{"functional-code":{"insertions":7,"deletions":5}}},{"hash":"9680c0a89779b2140313e38a50d6bc8668044506","isMergeCommit":false,"messageTitle":"Fix minor checkstyle bug","messageBody":"","fileTypesAndContributionMap":{"functional-code":{"insertions":2,"deletions":2}}},{"hash":"711479a910a6c7845c3f1365a28194a4f8700c37","isMergeCommit":false,"messageTitle":"Flip command forward slash to backslash in UG","messageBody":"","fileTypesAndContributionMap":{"docs":{"insertions":70,"deletions":70}}}]},{"date":"2025-04-08","commitResults":[{"hash":"bbedf98cd02c42dd6e248e379bcc3328df4ad8a6","isMergeCommit":true,"messageTitle":"Merge pull request #292 from Noob-No-1/UG-Update-Final-Round-branch","messageBody":"Update UG and clear command message","fileTypesAndContributionMap":{}},{"hash":"e42e90ffddfcb44f423c2195eab3e8fc50367fce","isMergeCommit":true,"messageTitle":"Merge pull request #291 from juniper285/Room-validation","messageBody":"Update Room validation","fileTypesAndContributionMap":{}},{"hash":"1e47e287d2661ac5b80f962540c33bfa2f9653d5","isMergeCommit":false,"messageTitle":"Update UG rd3","messageBody":"","fileTypesAndContributionMap":{"docs":{"insertions":107,"deletions":46}}},{"hash":"ebc37c7788815200c8bdda8dcb54cc02a4fd30cb","isMergeCommit":false,"messageTitle":"Fix support team broken link","messageBody":"","fileTypesAndContributionMap":{"docs":{"insertions":1,"deletions":1}}},{"hash":"d56719f056620ca52156a42e63b1f01ae30e9997","isMergeCommit":true,"messageTitle":"Merge pull request #301 from shelialia/bugfix-final-dg","messageBody":"DG Final Update","fileTypesAndContributionMap":{}},{"hash":"1b6850bcf91fd3ac84bd8841bdca6b638e6f664b","isMergeCommit":false,"messageTitle":"Remove duplicate field constraints","messageBody":"","fileTypesAndContributionMap":{"docs":{"insertions":0,"deletions":30}}},{"hash":"be59533255bf39d5c72e9675c5369a2908feed36","isMergeCommit":false,"messageTitle":"Make error message more specific","messageBody":"","fileTypesAndContributionMap":{"functional-code":{"insertions":1,"deletions":1}}},{"hash":"f2e68be076ac8b24cdfcdd1c74bee3aedd3cb7e6","isMergeCommit":false,"messageTitle":"Fix hyperlink and clarify","messageBody":"","fileTypesAndContributionMap":{"docs":{"insertions":4,"deletions":1}}},{"hash":"b6dc1ebe885c075c061e807f1197e87a3c471010","isMergeCommit":true,"messageTitle":"Merge pull request #305 from shelialia/bugfix-final-dg","messageBody":"Bugfix final dg","fileTypesAndContributionMap":{}},{"hash":"f3b5c6747b8f575f831762ca4ee49ade28cc0776","isMergeCommit":false,"messageTitle":"Add add command specs","messageBody":"","fileTypesAndContributionMap":{"docs":{"insertions":3,"deletions":0}}},{"hash":"1fc61e250493bcba805a4efd257a8587b720bbe3","isMergeCommit":false,"messageTitle":"Add page breaks","messageBody":"","fileTypesAndContributionMap":{"docs":{"insertions":22,"deletions":0}}},{"hash":"36c126f39fd23802deaad2187a2f19db0754caa8","isMergeCommit":false,"messageTitle":"Remove duplicate Glossary","messageBody":"","fileTypesAndContributionMap":{"docs":{"insertions":0,"deletions":1}}}]}],"Noob-No-1":[{"date":"2025-04-07","commitResults":[{"hash":"c431c06432bd20b81923f62dc181501cad07a595","isMergeCommit":false,"messageTitle":"Fix issue where a guest with empty phone number cause find to fail","messageBody":"","fileTypesAndContributionMap":{"functional-code":{"insertions":11,"deletions":4}}},{"hash":"f5b04e256a421288b8cb9b0ecb84d3f031100433","isMergeCommit":true,"messageTitle":"Merge pull request #255 from salads-source/branch-editCommand-message","messageBody":"Change error message to include proper format","fileTypesAndContributionMap":{}},{"hash":"875d5924ca4949ab0ab743fa6450d171050088f5","isMergeCommit":false,"messageTitle":"Add more checks for FieldContainsKeywords","messageBody":"","fileTypesAndContributionMap":{"functional-code":{"insertions":11,"deletions":3}}},{"hash":"1bff32a7eab72e46d3cb51e0b9a83d370b5b8832","isMergeCommit":false,"messageTitle":"Fix duplicate checks","messageBody":"","fileTypesAndContributionMap":{"functional-code":{"insertions":2,"deletions":5}}},{"hash":"8ca616873032b617a8b2e63bf216d664bb21b82b","isMergeCommit":false,"messageTitle":"Update editcommand error message","messageBody":"","fileTypesAndContributionMap":{"functional-code":{"insertions":2,"deletions":0}}},{"hash":"565cc2f310ebba438347914e428946c0d205faf4","isMergeCommit":true,"messageTitle":"Merge pull request #277 from aekyr/Fix-EditCommandParserTest-not-using-prefixes","messageBody":"Fix EditCommandParserTest not using new prefixes","fileTypesAndContributionMap":{}},{"hash":"c0c1b13be5b75748c315b71d64de8cfb486251e8","isMergeCommit":false,"messageTitle":"Fix error message for edit command to match UG","messageBody":"","fileTypesAndContributionMap":{"functional-code":{"insertions":3,"deletions":3}}},{"hash":"2aab16a2cdce9f5d92ac07152de95d2ee8bf2b38","isMergeCommit":true,"messageTitle":"Merge pull request #268 from salads-source/branch-email-bugs","messageBody":"Change Email Constraints","fileTypesAndContributionMap":{}},{"hash":"41349a347adc8b5f84da07dd8432fd8ecd601c68","isMergeCommit":true,"messageTitle":"Merge pull request #283 from aekyr/fix-list-rq","messageBody":"Fix list command not using new prefix","fileTypesAndContributionMap":{}},{"hash":"f33e7270e9fc35ac3edc3d5c788ce95642a540e6","isMergeCommit":true,"messageTitle":"Merge pull request #285 from aekyr/update-ug-fr-rd-2","messageBody":"Flip command forward slash to backslash in UG","fileTypesAndContributionMap":{}},{"hash":"819d526bd1dd9057efebc85de77f749f779256e0","isMergeCommit":false,"messageTitle":"Update AddCommand in UG to segemnt the fields","messageBody":"","fileTypesAndContributionMap":{"docs":{"insertions":19,"deletions":7}}},{"hash":"ce5b84cc82b4336238bc9272c01523a5410e002a","isMergeCommit":true,"messageTitle":"Merge pull request #284 from juniper285/Bug-Fixes","messageBody":"Bug fixes","fileTypesAndContributionMap":{}}]},{"date":"2025-04-08","commitResults":[{"hash":"1c8ff1344cba574f435b4715f4cf0189ec607b65","isMergeCommit":true,"messageTitle":"Merge pull request #290 from shelialia/branch-fix-edit","messageBody":"Add error detection to EditCommand","fileTypesAndContributionMap":{}},{"hash":"ec00954e8e3687aeb1a25cccea5a23833acc864c","isMergeCommit":false,"messageTitle":"Update UG and clear command message","messageBody":"","fileTypesAndContributionMap":{"functional-code":{"insertions":1,"deletions":1},"docs":{"insertions":2,"deletions":2}}},{"hash":"35212fb6d62b919f2402c8d91bdd1b31c8fac53a","isMergeCommit":true,"messageTitle":"Merge pull request #293 from juniper285/Nav-Bar","messageBody":"Edit Nav Bar","fileTypesAndContributionMap":{}},{"hash":"62b11b50585bd4b086d95f0fb24a6f708cf550ff","isMergeCommit":true,"messageTitle":"Merge pull request #294 from shelialia/bugfix-final-dg","messageBody":"Final DG Submission","fileTypesAndContributionMap":{}},{"hash":"bcc3eb567e603847b6d939d92873a87be7586105","isMergeCommit":true,"messageTitle":"Merge pull request #303 from juniper285/Fix-UG","messageBody":"Fix UG","fileTypesAndContributionMap":{}},{"hash":"76ee93eccf977bb0368e2af88cd3f37df7d8e2eb","isMergeCommit":true,"messageTitle":"Merge pull request #304 from aekyr/ug-update-fr-rd-4","messageBody":"Ug update fr rd 4","fileTypesAndContributionMap":{}},{"hash":"1f95b74c60ad9b952f1ddecab7358c46ba7aceb4","isMergeCommit":true,"messageTitle":"Merge pull request #306 from aekyr/ug-update-fr-rd-5","messageBody":"Add add command specs","tags":["v1.6"],"fileTypesAndContributionMap":{}}]}],"juniper285":[{"date":"2025-04-07","commitResults":[{"hash":"9094b1c4f2a2fa3f4c2454d8f899bf0876d5241f","isMergeCommit":true,"messageTitle":"Merge pull request #188 from aekyr/migrate-to-font-awesome","messageBody":"Migrate to font awesome due to bug in PDF printing with MUI","fileTypesAndContributionMap":{}},{"hash":"e1f24b7df1ac62c1b91892d84a2e26e7fa034cfd","isMergeCommit":true,"messageTitle":"Merge pull request #281 from shelialia/branch-update-dg","messageBody":"Update DG II","fileTypesAndContributionMap":{}},{"hash":"e6a6754ca8b1196a4dffbc2487d23688aa4047a9","isMergeCommit":false,"messageTitle":"Change clear command message","messageBody":"","fileTypesAndContributionMap":{"functional-code":{"insertions":1,"deletions":1}}},{"hash":"ee67dab9123bf154c3667e2df76b769c7806e68e","isMergeCommit":false,"messageTitle":"Resolve long name truncation","messageBody":"","fileTypesAndContributionMap":{"functional-code":{"insertions":1,"deletions":1}}},{"hash":"78866adaa778618f449f18c349011d9c73dbcbb5","isMergeCommit":false,"messageTitle":"Change edit command parser error message to be more specific","messageBody":"","fileTypesAndContributionMap":{"functional-code":{"insertions":2,"deletions":1}}},{"hash":"35a3b85df5fad958f1d190cd7cebbe6e62194685","isMergeCommit":false,"messageTitle":"Tighten room validation","messageBody":"","fileTypesAndContributionMap":{"functional-code":{"insertions":2,"deletions":1}}},{"hash":"b734ec2d8b1b2ff5b194d23883aa31a441985bcf","isMergeCommit":false,"messageTitle":"Resolve test cases","messageBody":"","fileTypesAndContributionMap":{"functional-code":{"insertions":2,"deletions":5},"test-code":{"insertions":9,"deletions":6}}}]},{"date":"2025-04-08","commitResults":[{"hash":"4f59a5f09b2757969b07d533886949265736166b","isMergeCommit":false,"messageTitle":"Tighten room validation and edit edit command error text","messageBody":"","fileTypesAndContributionMap":{"functional-code":{"insertions":9,"deletions":3},"test-code":{"insertions":1,"deletions":1}}},{"hash":"a7d4274a3231ba7d572128c6d4d9cf0ff91c1e72","isMergeCommit":false,"messageTitle":"Fix bugs","messageBody":"","fileTypesAndContributionMap":{"functional-code":{"insertions":2,"deletions":2}}},{"hash":"be94b96cb4289dadafb5f462a255b3554c0d3b68","isMergeCommit":false,"messageTitle":"Edit Nav Bar","messageBody":"","fileTypesAndContributionMap":{"docs":{"insertions":10,"deletions":7}}},{"hash":"ba5b3063fd8c7f73864994b86d404d15bd8d22b3","isMergeCommit":false,"messageTitle":"Fix sit TOC","messageBody":"","fileTypesAndContributionMap":{"functional-code":{"insertions":1,"deletions":1},"docs":{"insertions":13,"deletions":13}}},{"hash":"deda9b42346b72dac4a291275bbd328021064f69","isMergeCommit":false,"messageTitle":"Add hyperlinks for terms","messageBody":"","fileTypesAndContributionMap":{"other":{"insertions":1049,"deletions":0},"docs":{"insertions":29,"deletions":30}}},{"hash":"57bfdfb4f044ea2d1cc333311f7c7c31ab9fe04b","isMergeCommit":false,"messageTitle":"Delete bin","messageBody":"","fileTypesAndContributionMap":{"other":{"insertions":0,"deletions":1049}}},{"hash":"f215c5beebc6ac26436bbd67a45970d13241a1da","isMergeCommit":false,"messageTitle":"Add return to top","messageBody":"","fileTypesAndContributionMap":{"docs":{"insertions":13,"deletions":0}}},{"hash":"f1415bd7edc5bd9a4929e669db55f6f821aafbd1","isMergeCommit":true,"messageTitle":"Merge branch \u0027master\u0027 into Fix-whitespace","messageBody":"","fileTypesAndContributionMap":{}},{"hash":"11ec3eca0d30a3455775bd6fa65581161467d7a5","isMergeCommit":true,"messageTitle":"Merge pull request #298 from salads-source/branch-name-bugs","messageBody":"Fix message constraint for name field","fileTypesAndContributionMap":{}},{"hash":"d5b69536e1e3980dc8581a49a91ecf419f520dd1","isMergeCommit":true,"messageTitle":"Merge pull request #299 from aekyr/update-ug-fr-rd-3","messageBody":"Update UG rd3","fileTypesAndContributionMap":{}},{"hash":"e32c3b493440e73203f6dd77b43749ee7a4b08dc","isMergeCommit":true,"messageTitle":"Merge branch \u0027master\u0027 into Fix-whitespace","messageBody":"","fileTypesAndContributionMap":{}},{"hash":"07f3437d8edafa84080405a1cc87ef6444303fbd","isMergeCommit":false,"messageTitle":"Remove random \u003d","messageBody":"","fileTypesAndContributionMap":{"other":{"insertions":1049,"deletions":0},"docs":{"insertions":1,"deletions":1}}},{"hash":"4986e0e802e242c6909a403b8635297da4223920","isMergeCommit":false,"messageTitle":"Delete bin","messageBody":"","fileTypesAndContributionMap":{"other":{"insertions":0,"deletions":1049}}}]}],"shelialia":[{"date":"2025-04-07","commitResults":[{"hash":"5261ab59600ba0c3a1cd73e2a58015d1074b89e6","isMergeCommit":false,"messageTitle":"Add NFRs to DG","messageBody":"","fileTypesAndContributionMap":{"docs":{"insertions":29,"deletions":3}}},{"hash":"6da664aab1e879e923fce9a37126508b80dc10bf","isMergeCommit":false,"messageTitle":"Add check in and checkout tests","messageBody":"","fileTypesAndContributionMap":{"docs":{"insertions":55,"deletions":26}}},{"hash":"1bc44578e752c215d3c776689d389fb6d185459d","isMergeCommit":false,"messageTitle":"Update bulletpoint with AB3","messageBody":"","fileTypesAndContributionMap":{"docs":{"insertions":1,"deletions":1}}},{"hash":"db96fcf3fd7a6e08b84cb4a1ef429229dc5e96b8","isMergeCommit":false,"messageTitle":"Update enhancements","messageBody":"","fileTypesAndContributionMap":{"docs":{"insertions":1,"deletions":3}}},{"hash":"5f187326e0a269ea8dde1b0f03d3176f460f8a79","isMergeCommit":false,"messageTitle":"Fix typo","messageBody":"","fileTypesAndContributionMap":{"docs":{"insertions":1,"deletions":1}}},{"hash":"025dee66c6c623b655e523de9e84c2def840ae28","isMergeCommit":false,"messageTitle":"Update phone test case","messageBody":"","fileTypesAndContributionMap":{"docs":{"insertions":4,"deletions":4}}},{"hash":"7b1a9a7bfc82f4d0f6baee1a92c810bafe17f9da","isMergeCommit":false,"messageTitle":"Update NFR","messageBody":"","fileTypesAndContributionMap":{"docs":{"insertions":6,"deletions":5}}},{"hash":"dbdfef398543d4e5d68fa8e6743e0ca87eb0f107","isMergeCommit":false,"messageTitle":"Update NFR levels and rooms","messageBody":"","fileTypesAndContributionMap":{"docs":{"insertions":5,"deletions":2}}},{"hash":"4c77ca3f7171fb9915b165c159bce0913fc2b220","isMergeCommit":false,"messageTitle":"Add enhancement","messageBody":"","fileTypesAndContributionMap":{"docs":{"insertions":3,"deletions":1}}},{"hash":"302f4d1d1f3856249460e027a1b5d7d538b95ffc","isMergeCommit":true,"messageTitle":"Fix merge conflicts","messageBody":"","fileTypesAndContributionMap":{}},{"hash":"931660a15df820d8530cf52bd548eea6477d3f3e","isMergeCommit":false,"messageTitle":"Update unclear title","messageBody":"","fileTypesAndContributionMap":{"docs":{"insertions":2,"deletions":2}}},{"hash":"61413375bc11673dd8eb9a3130a3d9f6101a9608","isMergeCommit":false,"messageTitle":"Update constraints for phone","messageBody":"","fileTypesAndContributionMap":{"functional-code":{"insertions":9,"deletions":3}}},{"hash":"479aa72a8fe392e703813e7df163d6e46d1496ab","isMergeCommit":false,"messageTitle":"Update failing tests","messageBody":"","fileTypesAndContributionMap":{"test-code":{"insertions":4,"deletions":5}}},{"hash":"bd2779c3c788fa28d7be0c3cbb63b83aa169b3d0","isMergeCommit":true,"messageTitle":"Fix merge conflicts","messageBody":"","fileTypesAndContributionMap":{}},{"hash":"0330794f87352772efc1edfdfa5182d4c60278fb","isMergeCommit":false,"messageTitle":"Fix whitespace","messageBody":"","fileTypesAndContributionMap":{"functional-code":{"insertions":5,"deletions":1},"test-code":{"insertions":1,"deletions":1}}},{"hash":"121f2bc249fc0da2695c06be239bb34b5a9b5fe5","isMergeCommit":false,"messageTitle":"Fix tests","messageBody":"","fileTypesAndContributionMap":{"functional-code":{"insertions":0,"deletions":4},"test-code":{"insertions":1,"deletions":1}}},{"hash":"3f4e0db501025980a945e086f3665fc9f67e4d00","isMergeCommit":false,"messageTitle":"Update constraints","messageBody":"","fileTypesAndContributionMap":{"functional-code":{"insertions":1,"deletions":1}}},{"hash":"6afa3d52ae59586c43017eb94d26be66febbb47e","isMergeCommit":false,"messageTitle":"Update phone tests","messageBody":"","fileTypesAndContributionMap":{"docs":{"insertions":3,"deletions":3}}},{"hash":"cd736a95b6a965d37c556c184c4bcd328b019b8b","isMergeCommit":false,"messageTitle":"Reverted changes","messageBody":"","fileTypesAndContributionMap":{"docs":{"insertions":2,"deletions":2}}},{"hash":"c5eb119e920c0a5c2bbe943dc4e49accaf3d98c0","isMergeCommit":true,"messageTitle":"Merge pull request #280 from aekyr/update-ug-fr-rd-1","messageBody":"Update UG 1.6 Round 1","fileTypesAndContributionMap":{}},{"hash":"86aba3e46ff7f4a73aaca7c98a4ba421d333c23a","isMergeCommit":false,"messageTitle":"Update DG","messageBody":"","fileTypesAndContributionMap":{"docs":{"insertions":4,"deletions":0}}},{"hash":"a4683f0eeb3b8b54a848b395a065c1f325198534","isMergeCommit":false,"messageTitle":"Update DG","messageBody":"","fileTypesAndContributionMap":{"docs":{"insertions":14,"deletions":2}}},{"hash":"b6f5a90ebcd6ed159b9f9d9a092879308419d9b2","isMergeCommit":false,"messageTitle":"Solve failing gradle","messageBody":"","fileTypesAndContributionMap":{"docs":{"insertions":15,"deletions":12}}},{"hash":"347d8c4df449a56da1cb99325765c967f9c37a15","isMergeCommit":false,"messageTitle":"Resolve EOF error","messageBody":"","fileTypesAndContributionMap":{"docs":{"insertions":2,"deletions":2}}},{"hash":"9a6042076548d3870cfaa6e6d52105331aa6be9a","isMergeCommit":false,"messageTitle":"Add error detection to EditCommand","messageBody":"","fileTypesAndContributionMap":{"functional-code":{"insertions":10,"deletions":0}}},{"hash":"b198853e57a172b81fa3880e7d5511ffbb199e42","isMergeCommit":false,"messageTitle":"Resolve failing tests","messageBody":"","fileTypesAndContributionMap":{"test-code":{"insertions":3,"deletions":3}}},{"hash":"7a6106ababe6c3c1c7688939b6c7c2e2def5c485","isMergeCommit":false,"messageTitle":"Fix failed test","messageBody":"","fileTypesAndContributionMap":{"test-code":{"insertions":2,"deletions":2}}},{"hash":"8bac80c4f6da377adc1632fdd5178c82fa1b61e4","isMergeCommit":false,"messageTitle":"Remove extra line","messageBody":"","fileTypesAndContributionMap":{"functional-code":{"insertions":0,"deletions":1}}}]},{"date":"2025-04-08","commitResults":[{"hash":"df9bf8ee63f10146001f5ad556efec05d0d25684","isMergeCommit":false,"messageTitle":"Add list UC extension","messageBody":"","fileTypesAndContributionMap":{"docs":{"insertions":10,"deletions":3}}},{"hash":"f9383db67f0539a26d3924f9363a96a2a5297b04","isMergeCommit":false,"messageTitle":"Remove unnecessary dot","messageBody":"","fileTypesAndContributionMap":{"docs":{"insertions":1,"deletions":1}}},{"hash":"7542f5572d4b8d21edb04b1e6a1c7d8655ee04b7","isMergeCommit":false,"messageTitle":"Rename OS-X to MacOS","messageBody":"","fileTypesAndContributionMap":{"docs":{"insertions":1,"deletions":1}}},{"hash":"f232faeaeec2771c26d8df0f2f2a64c884497b11","isMergeCommit":false,"messageTitle":"Changes to polish","messageBody":"","fileTypesAndContributionMap":{"docs":{"insertions":112,"deletions":92}}},{"hash":"a7d59415b6635af66f29a18a5a91f3d81eb48749","isMergeCommit":false,"messageTitle":"Add a the","messageBody":"","fileTypesAndContributionMap":{"docs":{"insertions":1,"deletions":1}}},{"hash":"c3a4e95b3e2560daa314efbc3a5154e7ea8d35de","isMergeCommit":true,"messageTitle":"Merge pull request #297 from salads-source/branch-name-bugs","messageBody":"Remove character constraint for name field","fileTypesAndContributionMap":{}},{"hash":"521d40e3d852ccaddd51039f0fcba5fcc692c955","isMergeCommit":false,"messageTitle":"Remove plural and correct format","messageBody":"","fileTypesAndContributionMap":{"docs":{"insertions":14,"deletions":14}}},{"hash":"038f6f9d4a9315d41ed77dc2cccb6bcab482034c","isMergeCommit":true,"messageTitle":"Merge pull request #300 from juniper285/Fix-whitespace","messageBody":"Fix whitespace","fileTypesAndContributionMap":{}},{"hash":"943948ab6f85baa048bd178e27c6bbd85c0c8c25","isMergeCommit":false,"messageTitle":"Fix for DG PE","messageBody":"","fileTypesAndContributionMap":{"docs":{"insertions":2,"deletions":2}}},{"hash":"f13f04c02c6bbcb235ebceb47addcbc140ca6f92","isMergeCommit":false,"messageTitle":"Fix grammar","messageBody":"","fileTypesAndContributionMap":{"docs":{"insertions":2,"deletions":2}}},{"hash":"145465fc9a5e61fb30d80851687f3ca4d5368c47","isMergeCommit":true,"messageTitle":"Merge pull request #302 from aekyr/fix-index-forgotten-error-msg","messageBody":"Make error message more specific","fileTypesAndContributionMap":{}}]}]},"authorFileTypeContributionMap":{"salads-source":{"docs":2,"functional-code":26,"test-code":20},"aekyr":{"docs":240,"functional-code":24,"test-code":143},"Noob-No-1":{"docs":1,"functional-code":21,"test-code":0},"juniper285":{"docs":38,"functional-code":12,"test-code":6},"shelialia":{"docs":212,"functional-code":17,"test-code":7}},"authorContributionVariance":{"salads-source":575.25,"aekyr":49929.0,"Noob-No-1":873.0,"juniper285":3503151.8,"shelialia":17783.688},"authorDisplayNameMap":{"salads-source":"CS2103T-W09-2 RON ..I YI","aekyr":"CS2103T-W09-2 LOH ..UCAS","Noob-No-1":"CS2103T-W09-2 ZHAO..IHAO","juniper285":"CS2103T-W09-2 HENG..CHUN","shelialia":"CS2103T-W09-2 TEO ..ELIA"}}
