{"authorDailyContributionsMap":{"salads-source":[{"date":"2025-04-06","commitResults":[{"hash":"916403612469fbf287881072a4bb930027f5ac4c","isMergeCommit":false,"messageTitle":"Fix EditCommand to preserve display view after performing edit command","messageBody":"","fileTypesAndContributionMap":{"functional-code":{"insertions":1,"deletions":2},"test-code":{"insertions":1,"deletions":0}}},{"hash":"60695520a5e2cdb8f80c8a690090c33868594854","isMergeCommit":false,"messageTitle":"Change error message to include proper format","messageBody":"","fileTypesAndContributionMap":{"functional-code":{"insertions":2,"deletions":1}}},{"hash":"7621e5b2997d7db9cbdfecf11967e058ff7d6466","isMergeCommit":false,"messageTitle":"Add constraint for name field to have maximum length of 50 characters","messageBody":"","fileTypesAndContributionMap":{"functional-code":{"insertions":4,"deletions":2},"test-code":{"insertions":2,"deletions":0}}},{"hash":"d281452730857696f001aa1f9c7c2280ff164e47","isMergeCommit":false,"messageTitle":"Fix name constraint to allow names to contain forward slashes","messageBody":"","fileTypesAndContributionMap":{"functional-code":{"insertions":1,"deletions":1},"test-code":{"insertions":2,"deletions":0}}},{"hash":"0be4f5286890752710c56fb065c6c44b4b8edc01","isMergeCommit":false,"messageTitle":"Fix name constraint to allow names to contain hyphen","messageBody":"","fileTypesAndContributionMap":{"functional-code":{"insertions":1,"deletions":1},"test-code":{"insertions":1,"deletions":0}}},{"hash":"0ad058003c4111df10b6f2fad73863ce3c0260e5","isMergeCommit":false,"messageTitle":"Fix broken links for feature table of contents in user guide","messageBody":"","fileTypesAndContributionMap":{"docs":{"insertions":6,"deletions":6}}},{"hash":"602b96af036d4e112513208445de1852a0f6f6b8","isMergeCommit":false,"messageTitle":"Add index keyword to ensure consistency with add and delete request","messageBody":"","fileTypesAndContributionMap":{"docs":{"insertions":1,"deletions":1}}},{"hash":"8e32c20f82ebeb11c90ca404ece40f8dec569031","isMergeCommit":false,"messageTitle":"Ensure bold consistency for add and remove request","messageBody":"","fileTypesAndContributionMap":{"docs":{"insertions":3,"deletions":3}}}]},{"date":"2025-04-07","commitResults":[{"hash":"1daff259759674232c74436e468f9d5624f18cec","isMergeCommit":false,"messageTitle":"Change clisyntax prefix to be backslash instead of forward slash and add more special character constraints for name field","messageBody":"","fileTypesAndContributionMap":{"functional-code":{"insertions":9,"deletions":10},"test-code":{"insertions":7,"deletions":2}}},{"hash":"32b541e67e13e249dde208d7d4be1f3ea26a401c","isMergeCommit":false,"messageTitle":"Fix user status flow to be unidirectional","messageBody":"","fileTypesAndContributionMap":{"functional-code":{"insertions":5,"deletions":0},"test-code":{"insertions":9,"deletions":0}}},{"hash":"9dad610d47af4574a0215a627ad98b202f9c26cd","isMergeCommit":true,"messageTitle":"Merge pull request #267 from aekyr/fix-bug-ri-rq-exclusive-single","messageBody":"Fix bug to ensure -ri and -rq are exclusive, and ri is not duplicate","fileTypesAndContributionMap":{}},{"hash":"49c74397f0f1ebb95f0877103560aeb99cb01126","isMergeCommit":true,"messageTitle":"Merge pull request #273 from shelialia/branch-fix-phone","messageBody":"Update Phone Constraints","fileTypesAndContributionMap":{}}]}],"aekyr":[{"date":"2025-04-07","commitResults":[{"hash":"d509250999c11ff7496bbf5165a244e327412944","isMergeCommit":true,"messageTitle":"Merge pull request #258 from salads-source/branch-UG-bug","messageBody":"UG Bugs ","fileTypesAndContributionMap":{}},{"hash":"c21febd9dc9d69389af05c9464999d2e11753219","isMergeCommit":true,"messageTitle":"Merge pull request #254 from salads-source/branch-editCommand-view","messageBody":"Preserve Display View after EditCommand","fileTypesAndContributionMap":{}},{"hash":"c389a6e851ded403a195568a1d59c99b8855453a","isMergeCommit":false,"messageTitle":"Fix bug to ensure -ri and -rq are exclusive, and ri is not duplicate","messageBody":"","fileTypesAndContributionMap":{"functional-code":{"insertions":5,"deletions":1},"test-code":{"insertions":56,"deletions":0}}},{"hash":"5ce5cf4ef53d5821a412ec114a2b132748446be1","isMergeCommit":false,"messageTitle":"Add test case","messageBody":"","fileTypesAndContributionMap":{"test-code":{"insertions":48,"deletions":0}}},{"hash":"80ad2a794d8dde8d1d4f431b68dd5aae63d7d4cc","isMergeCommit":false,"messageTitle":"Fix bug where -ri can remove future indexes","messageBody":"","fileTypesAndContributionMap":{"functional-code":{"insertions":2,"deletions":2}}},{"hash":"283825235c4d7ec6612cdb4ee1f22745cd3b8a62","isMergeCommit":false,"messageTitle":"Add test case for add and delete case","messageBody":"","fileTypesAndContributionMap":{"test-code":{"insertions":20,"deletions":0}}},{"hash":"ebfdad164b9bd4fd408b533cf2e8fb278a372262","isMergeCommit":false,"messageTitle":"Add test case for trying to delete a request that will be added","messageBody":"","fileTypesAndContributionMap":{"test-code":{"insertions":20,"deletions":0}}},{"hash":"d1ba2cbd157964bd849cf81446811347ec4fa7c9","isMergeCommit":true,"messageTitle":"Merge pull request #256 from salads-source/branch-name-constraint","messageBody":"Change Name Constraints","fileTypesAndContributionMap":{}},{"hash":"685c929a3ba2f060ea5b21d2ed39b45cf385cd0d","isMergeCommit":true,"messageTitle":"Merge pull request #266 from salads-source/branch-checkCommand-bugs","messageBody":"Fix Guest status flow to be unidirectional","fileTypesAndContributionMap":{}}]}],"Noob-No-1":[{"date":"2025-04-07","commitResults":[{"hash":"f5b04e256a421288b8cb9b0ecb84d3f031100433","isMergeCommit":true,"messageTitle":"Merge pull request #255 from salads-source/branch-editCommand-message","messageBody":"Change error message to include proper format","fileTypesAndContributionMap":{}}]}],"juniper285":[{"date":"2025-04-07","commitResults":[{"hash":"9094b1c4f2a2fa3f4c2454d8f899bf0876d5241f","isMergeCommit":true,"messageTitle":"Merge pull request #188 from aekyr/migrate-to-font-awesome","messageBody":"Migrate to font awesome due to bug in PDF printing with MUI","fileTypesAndContributionMap":{}}]}],"shelialia":[{"date":"2025-04-07","commitResults":[{"hash":"61413375bc11673dd8eb9a3130a3d9f6101a9608","isMergeCommit":false,"messageTitle":"Update constraints for phone","messageBody":"","fileTypesAndContributionMap":{"functional-code":{"insertions":9,"deletions":3}}},{"hash":"479aa72a8fe392e703813e7df163d6e46d1496ab","isMergeCommit":false,"messageTitle":"Update failing tests","messageBody":"","fileTypesAndContributionMap":{"test-code":{"insertions":4,"deletions":5}}},{"hash":"bd2779c3c788fa28d7be0c3cbb63b83aa169b3d0","isMergeCommit":true,"messageTitle":"Fix merge conflicts","messageBody":"","fileTypesAndContributionMap":{}},{"hash":"0330794f87352772efc1edfdfa5182d4c60278fb","isMergeCommit":false,"messageTitle":"Fix whitespace","messageBody":"","fileTypesAndContributionMap":{"functional-code":{"insertions":5,"deletions":1},"test-code":{"insertions":1,"deletions":1}}},{"hash":"121f2bc249fc0da2695c06be239bb34b5a9b5fe5","isMergeCommit":false,"messageTitle":"Fix tests","messageBody":"","fileTypesAndContributionMap":{"functional-code":{"insertions":0,"deletions":4},"test-code":{"insertions":1,"deletions":1}}},{"hash":"3f4e0db501025980a945e086f3665fc9f67e4d00","isMergeCommit":false,"messageTitle":"Update constraints","messageBody":"","fileTypesAndContributionMap":{"functional-code":{"insertions":1,"deletions":1}}}]}]},"authorFileTypeContributionMap":{"salads-source":{"docs":10,"functional-code":20,"test-code":20},"aekyr":{"docs":0,"functional-code":7,"test-code":143},"Noob-No-1":{"docs":0,"functional-code":0,"test-code":0},"juniper285":{"docs":0,"functional-code":0,"test-code":0},"shelialia":{"docs":0,"functional-code":9,"test-code":6}},"authorContributionVariance":{"salads-source":392.0,"aekyr":5270.2227,"Noob-No-1":0.0,"juniper285":0.0,"shelialia":304.22223},"authorDisplayNameMap":{"salads-source":"CS2103T-W09-2 RON ..I YI","aekyr":"CS2103T-W09-2 LOH ..UCAS","Noob-No-1":"CS2103T-W09-2 ZHAO..IHAO","juniper285":"CS2103T-W09-2 HENG..CHUN","shelialia":"CS2103T-W09-2 TEO ..ELIA"}}
