{"authorDailyContributionsMap":{"varsha13152":[{"date":"2025-04-06","commitResults":[{"hash":"b0865aeb7bf5c2fcf217d8fb48cd32b2cabbb29c","isMergeCommit":false,"messageTitle":"Update duplicate checking and find command name parsing","messageBody":"","fileTypesAndContributionMap":{"functional-code":{"insertions":24,"deletions":27},"test-code":{"insertions":31,"deletions":17}}},{"hash":"e441909efa869bc21360d1887515ba28d1a23d8c","isMergeCommit":true,"messageTitle":"Merge branch \u0027AY2425S2-CS2103T-T16-2:master\u0027 into update-duplicate-check","messageBody":"","fileTypesAndContributionMap":{}},{"hash":"6d2b76e4082827941c016e5de5c5f0b1a9301d4d","isMergeCommit":false,"messageTitle":"Fix style errors","messageBody":"","fileTypesAndContributionMap":{"functional-code":{"insertions":2,"deletions":2},"test-code":{"insertions":0,"deletions":4}}}]},{"date":"2025-04-07","commitResults":[{"hash":"b69c4d1e1e86be4088db227f55b79998a76e0ecf","isMergeCommit":false,"messageTitle":"Update object checking method","messageBody":"","fileTypesAndContributionMap":{"functional-code":{"insertions":2,"deletions":5}}}]}],"TanXingZhong":[{"date":"2025-04-06","commitResults":[{"hash":"23368f07473917cc2724fd22edd9492fb187127b","isMergeCommit":true,"messageTitle":"Merge branch \u0027master\u0027 of https://github.com/TanXingZhong/tp","messageBody":"","fileTypesAndContributionMap":{}},{"hash":"d4ff71cf51e6d79a41e526c7d71f75bd49d1418b","isMergeCommit":false,"messageTitle":"Fix tag tag, ui for tag and edit","messageBody":"","fileTypesAndContributionMap":{"functional-code":{"insertions":5,"deletions":2}}},{"hash":"78a443ef2091161b061b2c159729ad5023c0af9a","isMergeCommit":false,"messageTitle":"Revert \"Update UI photo and find keywords\"","messageBody":"This reverts commit d7699d763988175f8a9bc8b7a435cd3fce366475.\n","fileTypesAndContributionMap":{"docs":{"insertions":3,"deletions":4}}},{"hash":"73bbf23e05e5efe542a8d86bbb1f3ac9a064dd40","isMergeCommit":false,"messageTitle":"Fix add user tag","messageBody":"","fileTypesAndContributionMap":{"functional-code":{"insertions":4,"deletions":1}}},{"hash":"448709306b0c68f89cbbdd9b1fee484c46ecbc99","isMergeCommit":false,"messageTitle":"Update UG","messageBody":"","fileTypesAndContributionMap":{"docs":{"insertions":54,"deletions":46}}},{"hash":"fe7f668b6650697b7d0b7c4ab3e3a68e82f043fd","isMergeCommit":false,"messageTitle":"UpdateUG","messageBody":"","fileTypesAndContributionMap":{"docs":{"insertions":21,"deletions":21}}},{"hash":"b95857dcac5c166f50b7d2c5ef5c0959ce7f6343","isMergeCommit":false,"messageTitle":"Update UG","messageBody":"","fileTypesAndContributionMap":{"docs":{"insertions":2,"deletions":2}}},{"hash":"a337bc3674d816ed6b269bd68cf2860a90ece349","isMergeCommit":true,"messageTitle":"Merge branch \u0027master\u0027 into branch-Update-UG","messageBody":"","fileTypesAndContributionMap":{}},{"hash":"ec18aa3366c04b4086c1062abe20654bca75a1d9","isMergeCommit":true,"messageTitle":"Merge pull request #341 from monobeartae/branch-memo-ui","messageBody":"Add Text Wrapping for Memo UI","fileTypesAndContributionMap":{}},{"hash":"47ce263570b69754edf03f99f282492443fd2123","isMergeCommit":false,"messageTitle":"Update explaination for star command","messageBody":"","fileTypesAndContributionMap":{"docs":{"insertions":3,"deletions":1}}},{"hash":"0d01758b46439159146df1e72b1f867295dd24c2","isMergeCommit":true,"messageTitle":"Merge branch \u0027branch-Update-UG\u0027 of https://github.com/TanXingZhong/tp into branch-Update-UG","messageBody":"","fileTypesAndContributionMap":{}},{"hash":"2375a3f88a237480ff7869c737777930c88ce938","isMergeCommit":false,"messageTitle":"Update UG to include memo in command summary","messageBody":"","fileTypesAndContributionMap":{"docs":{"insertions":21,"deletions":21}}},{"hash":"8395f6e0a5a0fc02828f77c6a717e62cf1eaf6f4","isMergeCommit":false,"messageTitle":"Spelling fix","messageBody":"","fileTypesAndContributionMap":{"docs":{"insertions":1,"deletions":1}}},{"hash":"980cf37f0f84933998af68850457f4cc29c54681","isMergeCommit":false,"messageTitle":"Update UG","messageBody":"","fileTypesAndContributionMap":{"docs":{"insertions":1,"deletions":1}}},{"hash":"c730905ca95ae7fe9e10c925b7efccb88b318afb","isMergeCommit":false,"messageTitle":"Update UG","messageBody":"","fileTypesAndContributionMap":{"docs":{"insertions":1,"deletions":1}}}]},{"date":"2025-04-07","commitResults":[{"hash":"77d375754269d62c46a218c915bda4547bf6cf3d","isMergeCommit":true,"messageTitle":"Merge pull request #347 from iuhiah/update-messages","messageBody":"Update tag command messages","fileTypesAndContributionMap":{}},{"hash":"e147b72e0a8647fb8356acc4aac94a130bb917ce","isMergeCommit":true,"messageTitle":"Merge branch \u0027master\u0027 into branch-update-dg","messageBody":"","fileTypesAndContributionMap":{}},{"hash":"1c60f971fc28f0554296711f5a755099f8085f09","isMergeCommit":true,"messageTitle":"Merge pull request #342 from monobeartae/branch-update-dg","messageBody":"Add instructions for manual testing to DG","fileTypesAndContributionMap":{}},{"hash":"ff22cdc52e5dc709c8247531a0dfc9483ea59db9","isMergeCommit":true,"messageTitle":"Merge pull request #348 from iuhiah/tag-command","messageBody":"Fix tag command date error messages","fileTypesAndContributionMap":{}},{"hash":"5d80e83819efbd033e20d4ef073c2ff9aba0af9d","isMergeCommit":true,"messageTitle":"Merge pull request #345 from iuhiah/delete-tag","messageBody":"Fix untag command messages","fileTypesAndContributionMap":{}},{"hash":"e35d161d4191e7c67d21ca821140b762bd32f4ed","isMergeCommit":true,"messageTitle":"Merge pull request #350 from iuhiah/tag-command","messageBody":"Fix tag removal logic and exception message","fileTypesAndContributionMap":{}}]}],"iuhiah":[{"date":"2025-04-06","commitResults":[{"hash":"f2ad087b50fb2fcb2e2140674116ea14a9498ead","isMergeCommit":false,"messageTitle":"Fix untag command messages","messageBody":"","fileTypesAndContributionMap":{"functional-code":{"insertions":3,"deletions":3}}},{"hash":"f2cf9a9722287dbdcf3ec6e1d75690fbfb7dba90","isMergeCommit":false,"messageTitle":"Fix untag command message","messageBody":"","fileTypesAndContributionMap":{"functional-code":{"insertions":3,"deletions":13}}},{"hash":"560c9d3a7be34229d7890106fe4a4c0aa9f6b1b0","isMergeCommit":false,"messageTitle":"Fix untag test","messageBody":"","fileTypesAndContributionMap":{"test-code":{"insertions":3,"deletions":1}}},{"hash":"159cebedabcef9011ff1a00802a753076b99ef11","isMergeCommit":false,"messageTitle":"Add separate failure messages for overlapping and equal booking tags","messageBody":"","fileTypesAndContributionMap":{"functional-code":{"insertions":6,"deletions":1}}},{"hash":"02befc195c7cc018545793482ebbef926b3c2351","isMergeCommit":false,"messageTitle":"Update tag command tests with new error messages","messageBody":"","fileTypesAndContributionMap":{"test-code":{"insertions":10,"deletions":3}}},{"hash":"03b50f288cf6410737b4f262f28fff5682ad9235","isMergeCommit":false,"messageTitle":"Remove logger","messageBody":"","fileTypesAndContributionMap":{"test-code":{"insertions":0,"deletions":7}}},{"hash":"f950b0a7faf2ccad66d6e62fa4b9c9f2c6a12eed","isMergeCommit":false,"messageTitle":"Update tag success message","messageBody":"","fileTypesAndContributionMap":{"functional-code":{"insertions":1,"deletions":1}}}]},{"date":"2025-04-07","commitResults":[{"hash":"adc1a7123cd75690906e7e6e14483db33bb50452","isMergeCommit":false,"messageTitle":"Fix empty date error message","messageBody":"","fileTypesAndContributionMap":{"functional-code":{"insertions":8,"deletions":4}}},{"hash":"868ec2c5b680c8c3d33f4863b169b800b49f6357","isMergeCommit":false,"messageTitle":"Fix leap year check","messageBody":"","fileTypesAndContributionMap":{"functional-code":{"insertions":1,"deletions":1},"test-code":{"insertions":3,"deletions":0}}},{"hash":"c5ee5a82fee5e2c655bb61022f2553eec4b9f292","isMergeCommit":false,"messageTitle":"Fix invalid date message","messageBody":"","fileTypesAndContributionMap":{"functional-code":{"insertions":1,"deletions":1}}},{"hash":"2220cdaf992221af8a330cefcd4ac281c3ba640c","isMergeCommit":false,"messageTitle":"Fix checkstyle errors","messageBody":"","fileTypesAndContributionMap":{"functional-code":{"insertions":1,"deletions":1}}},{"hash":"20c1d9e6ca918e30e6a909bce25e7e7b418fe71e","isMergeCommit":false,"messageTitle":"Fix tag removal logic and exception message","messageBody":"","fileTypesAndContributionMap":{"functional-code":{"insertions":19,"deletions":33}}},{"hash":"30431a12ec0a071ae2199d070f6a629814239d71","isMergeCommit":true,"messageTitle":"Merge branch \u0027master\u0027 into tag-command","messageBody":"","fileTypesAndContributionMap":{}},{"hash":"9f2eab360dc48c2d4d6003b6db894ee0484a5fb5","isMergeCommit":false,"messageTitle":"Fix merge conflict error","messageBody":"","fileTypesAndContributionMap":{"functional-code":{"insertions":1,"deletions":1}}},{"hash":"5c759613a1caf6a61e334cc5e7f3fd320bae8cee","isMergeCommit":false,"messageTitle":"Fix checkstyle errors and error message typo","messageBody":"","fileTypesAndContributionMap":{"functional-code":{"insertions":18,"deletions":18}}},{"hash":"21a320bf8dc990568f129e1244616fb048b97903","isMergeCommit":false,"messageTitle":"Fix tests and update command","messageBody":"","fileTypesAndContributionMap":{"functional-code":{"insertions":3,"deletions":1},"test-code":{"insertions":8,"deletions":12}}},{"hash":"fd3180ed6e07e79fc19f1f44947ee955b9255f2f","isMergeCommit":false,"messageTitle":"Update src/main/java/seedu/innsync/logic/commands/UntagCommand.java","messageBody":"","fileTypesAndContributionMap":{"functional-code":{"insertions":9,"deletions":9}}},{"hash":"680919c78fd927c78dc8a29fac44d08f1c2db1d9","isMergeCommit":false,"messageTitle":"Revert lines","messageBody":"","fileTypesAndContributionMap":{"functional-code":{"insertions":9,"deletions":9}}},{"hash":"95e6b07531a6e48e1d331e92af628b8220848307","isMergeCommit":true,"messageTitle":"Merge branch \u0027tag-command\u0027 of https://github.com/iuhiah/tp into tag-command","messageBody":"","fileTypesAndContributionMap":{}},{"hash":"2f856f1a168ff451e926ba47a64f950a3c19df79","isMergeCommit":false,"messageTitle":"Update untag command message usage","messageBody":"","fileTypesAndContributionMap":{"functional-code":{"insertions":3,"deletions":2}}},{"hash":"a83a66f2d357d9131fccbaeb45c596207e20bec3","isMergeCommit":false,"messageTitle":"Update duplicate field message","messageBody":"","fileTypesAndContributionMap":{"functional-code":{"insertions":1,"deletions":1}}},{"hash":"a528d1cc45b7c4902396b859d6a1d7fa676990d7","isMergeCommit":false,"messageTitle":"Update untag command message usage","messageBody":"","fileTypesAndContributionMap":{"functional-code":{"insertions":3,"deletions":2}}},{"hash":"455e5faa6fe188ce2a284ca9f7b279a4fe57344c","isMergeCommit":false,"messageTitle":"Refactor UntagCommand to use BookingTag instead of String for bookingTag parameter","messageBody":"","fileTypesAndContributionMap":{"functional-code":{"insertions":17,"deletions":13},"test-code":{"insertions":20,"deletions":14}}},{"hash":"c658a44ed56d861a4cd8f9e79c5b2acfb054df94","isMergeCommit":true,"messageTitle":"Merge pull request #354 from monobeartae/branch-update-ug","messageBody":"UG: Update Phone Validation and add command usage for prefix","fileTypesAndContributionMap":{}}]}],"monobeartae":[{"date":"2025-04-06","commitResults":[{"hash":"a730d7588d0bc4c18afcccfceb4cb85cb33fe4bc","isMergeCommit":false,"messageTitle":"Add Text Wrapping for Memo UI","messageBody":"","fileTypesAndContributionMap":{"functional-code":{"insertions":1,"deletions":0}}},{"hash":"71a84d1a4d98b77fd1a17d9ff40c1abcc22ec342","isMergeCommit":false,"messageTitle":"Add instructions for manual testing to DG","messageBody":"","fileTypesAndContributionMap":{"docs":{"insertions":53,"deletions":9}}},{"hash":"ab4563d3184ebf3dc0e1779815e8b6d37b64c0fe","isMergeCommit":false,"messageTitle":"Update saving data instructions","messageBody":"","fileTypesAndContributionMap":{"docs":{"insertions":18,"deletions":4}}},{"hash":"859ae3e8b709aefa4c31e54352270574987c025f","isMergeCommit":false,"messageTitle":"Update saving data instructions","messageBody":"","fileTypesAndContributionMap":{"docs":{"insertions":4,"deletions":4}}},{"hash":"0d7efe08f55d8c1f5c8778730345358a1ed8c714","isMergeCommit":false,"messageTitle":"Fix formatting","messageBody":"","fileTypesAndContributionMap":{"docs":{"insertions":20,"deletions":20}}},{"hash":"3abc4e1e948b45111ad04a5e85c65f46ead5a88a","isMergeCommit":false,"messageTitle":"Fix formatting","messageBody":"","fileTypesAndContributionMap":{"docs":{"insertions":20,"deletions":20}}},{"hash":"9ac6f77c7226db968706c021984ac1a3016ea14a","isMergeCommit":true,"messageTitle":"Merge pull request #333 from Reshiro/branch-Fix-Typos","messageBody":"Fix typos in the User Guide and Developer Guide","fileTypesAndContributionMap":{}},{"hash":"cc21b2d9508cffbb39d6bdaef57c4205be0e9b87","isMergeCommit":true,"messageTitle":"Merge branch \u0027master\u0027 of https://github.com/monobeartae/tp into branch-update-dg","messageBody":"","fileTypesAndContributionMap":{}},{"hash":"7fd4e1f34db84206088975923532a34def990c3c","isMergeCommit":false,"messageTitle":"Make note instead of bullet point","messageBody":"","fileTypesAndContributionMap":{"docs":{"insertions":1,"deletions":1}}},{"hash":"e549e27d8c6f2bb0e3c2bb9e30500b42603b5c0e","isMergeCommit":false,"messageTitle":"Fix formatting","messageBody":"","fileTypesAndContributionMap":{"docs":{"insertions":1,"deletions":1}}},{"hash":"163f3dbc30b651520b4ec6728dc3f198986daf70","isMergeCommit":false,"messageTitle":"Fix formatting","messageBody":"","fileTypesAndContributionMap":{"docs":{"insertions":2,"deletions":1}}},{"hash":"21f54ca9c902819b0b93ad9dfd82b04f3c6bfcc4","isMergeCommit":true,"messageTitle":"Merge pull request #340 from TanXingZhong/branch-Fix-Tag","messageBody":"Branch fix tag","fileTypesAndContributionMap":{}},{"hash":"8ee02cd9404e861d366d3eafd204dc819c0ef799","isMergeCommit":false,"messageTitle":"change alphabetical to lexographical","messageBody":"","fileTypesAndContributionMap":{"docs":{"insertions":2,"deletions":2}}},{"hash":"ea63cfdf7323f577b7f4417d7ef3b357b4ad530a","isMergeCommit":false,"messageTitle":"Fizx spelling error","messageBody":"","fileTypesAndContributionMap":{"docs":{"insertions":2,"deletions":2}}},{"hash":"20d922ec300156173dd23cc2cacdbd04e0815b83","isMergeCommit":true,"messageTitle":"Merge pull request #346 from TanXingZhong/branch-Update-UG","messageBody":"Branch update ug","fileTypesAndContributionMap":{}}]},{"date":"2025-04-07","commitResults":[{"hash":"7541fb7dbdf17cb633f5e776a2d3516926470028","isMergeCommit":false,"messageTitle":"Remove space","messageBody":"","fileTypesAndContributionMap":{"docs":{"insertions":1,"deletions":1}}},{"hash":"91d041893130ef6ad77942a3425d5c1aa134beea","isMergeCommit":true,"messageTitle":"Merge pull request #343 from varsha13152/update-duplicate-check","messageBody":"Update duplicate check","fileTypesAndContributionMap":{}},{"hash":"6050b5b56bff2347c1e9cb89c1d8f126567a04d8","isMergeCommit":false,"messageTitle":"Update Phone Validation","messageBody":"","fileTypesAndContributionMap":{"docs":{"insertions":5,"deletions":2}}},{"hash":"8ca4701c09c4201c9b37d691c4140106a9642a2c","isMergeCommit":false,"messageTitle":"Add command usage for prefixes","messageBody":"","fileTypesAndContributionMap":{"docs":{"insertions":11,"deletions":14}}},{"hash":"02b4ead39aa3167a69a970a961ce7dcee61b0d90","isMergeCommit":false,"messageTitle":"Formatting","messageBody":"","fileTypesAndContributionMap":{"docs":{"insertions":11,"deletions":11}}},{"hash":"25e9d49585bd56ea208be88cce7288cc117f1d1f","isMergeCommit":true,"messageTitle":"Merge pull request #351 from iuhiah/update-messages","messageBody":"Update untag command message usage","fileTypesAndContributionMap":{}}]}],"Reshiro":[{"date":"2025-04-06","commitResults":[{"hash":"fbd5bdd2792353d145b5267fe072dc5ec0efcebd","isMergeCommit":false,"messageTitle":"Fix typos in the User Guide and Developer Guide","messageBody":"","fileTypesAndContributionMap":{"docs":{"insertions":10,"deletions":7}}}]}]},"authorFileTypeContributionMap":{"varsha13152":{"docs":0,"functional-code":18,"test-code":28},"TanXingZhong":{"docs":33,"functional-code":8,"test-code":0},"iuhiah":{"docs":0,"functional-code":58,"test-code":36},"monobeartae":{"docs":80,"functional-code":1,"test-code":0},"Reshiro":{"docs":8,"functional-code":0,"test-code":0}},"authorContributionVariance":{"varsha13152":2388.6667,"TanXingZhong":10464.222,"iuhiah":11210.89,"monobeartae":6211.555,"Reshiro":64.22223},"authorDisplayNameMap":{"varsha13152":"CS2103T-T16-2 V VA..RSHA","TanXingZhong":"CS2103T-T16-2 TAN ..HONG","iuhiah":"CS2103T-T16-2 LEE .. HUI","monobeartae":"CS2103T-T16-2 TAN .. QUN","Reshiro":"CS2103T-T16-2 MICH.. FAN"}}
