{"authorDailyContributionsMap":{"varsha13152":[{"date":"2025-04-06","commitResults":[{"hash":"b0865aeb7bf5c2fcf217d8fb48cd32b2cabbb29c","isMergeCommit":false,"messageTitle":"Update duplicate checking and find command name parsing","messageBody":"","fileTypesAndContributionMap":{"functional-code":{"insertions":24,"deletions":27},"test-code":{"insertions":31,"deletions":17}}},{"hash":"e441909efa869bc21360d1887515ba28d1a23d8c","isMergeCommit":true,"messageTitle":"Merge branch \u0027AY2425S2-CS2103T-T16-2:master\u0027 into update-duplicate-check","messageBody":"","fileTypesAndContributionMap":{}},{"hash":"6d2b76e4082827941c016e5de5c5f0b1a9301d4d","isMergeCommit":false,"messageTitle":"Fix style errors","messageBody":"","fileTypesAndContributionMap":{"functional-code":{"insertions":2,"deletions":2},"test-code":{"insertions":0,"deletions":4}}}]},{"date":"2025-04-07","commitResults":[{"hash":"b69c4d1e1e86be4088db227f55b79998a76e0ecf","isMergeCommit":false,"messageTitle":"Update object checking method","messageBody":"","fileTypesAndContributionMap":{"functional-code":{"insertions":2,"deletions":5}}},{"hash":"d754daf5ebfcc82eabf9809913c3399922a8b84f","isMergeCommit":true,"messageTitle":"Merge pull request #357 from monobeartae/branch-memo-ui","messageBody":"UI: Add text wrapping to requests and stretch memo ui","fileTypesAndContributionMap":{}},{"hash":"73bfd02d577d361908fc6740a225f6810d639b89","isMergeCommit":false,"messageTitle":"Update UG and DG","messageBody":"","fileTypesAndContributionMap":{"functional-code":{"insertions":2,"deletions":2},"docs":{"insertions":182,"deletions":122}}},{"hash":"ee9ef6cc3ebea806a7b105aa0b03b172c29ac191","isMergeCommit":true,"messageTitle":"Merge branch \u0027master\u0027 into update-DG-UG","messageBody":"","fileTypesAndContributionMap":{}}]},{"date":"2025-04-08","commitResults":[{"hash":"3352db6589bc5f27734fad1d9d977208099a014c","isMergeCommit":false,"messageTitle":"Add comments to test cases","messageBody":"","fileTypesAndContributionMap":{"test-code":{"insertions":60,"deletions":17}}},{"hash":"d2df0c2978a70b3a496e757561e016691cd66549","isMergeCommit":false,"messageTitle":"Fix style errors","messageBody":"","fileTypesAndContributionMap":{"test-code":{"insertions":1,"deletions":1}}},{"hash":"89c7de1b0a2226b000165f87c122cbdd39699430","isMergeCommit":false,"messageTitle":"Fix style errors","messageBody":"","fileTypesAndContributionMap":{"test-code":{"insertions":6,"deletions":7}}},{"hash":"0ec82e02431b85dcf51b6997e94403b2c8db886a","isMergeCommit":false,"messageTitle":"Update test case","messageBody":"","fileTypesAndContributionMap":{"test-code":{"insertions":1,"deletions":1}}},{"hash":"564a8be6b60c3aac2d5e5034f3d348c9e6ade1da","isMergeCommit":true,"messageTitle":"Merge pull request #387 from varsha13152/update-DG-UG","messageBody":"Add comments to test cases","fileTypesAndContributionMap":{}}]}],"TanXingZhong":[{"date":"2025-04-06","commitResults":[{"hash":"23368f07473917cc2724fd22edd9492fb187127b","isMergeCommit":true,"messageTitle":"Merge branch \u0027master\u0027 of https://github.com/TanXingZhong/tp","messageBody":"","fileTypesAndContributionMap":{}},{"hash":"d4ff71cf51e6d79a41e526c7d71f75bd49d1418b","isMergeCommit":false,"messageTitle":"Fix tag tag, ui for tag and edit","messageBody":"","fileTypesAndContributionMap":{"functional-code":{"insertions":5,"deletions":2}}},{"hash":"78a443ef2091161b061b2c159729ad5023c0af9a","isMergeCommit":false,"messageTitle":"Revert \"Update UI photo and find keywords\"","messageBody":"This reverts commit d7699d763988175f8a9bc8b7a435cd3fce366475.\n","fileTypesAndContributionMap":{"docs":{"insertions":3,"deletions":4}}},{"hash":"73bbf23e05e5efe542a8d86bbb1f3ac9a064dd40","isMergeCommit":false,"messageTitle":"Fix add user tag","messageBody":"","fileTypesAndContributionMap":{"functional-code":{"insertions":4,"deletions":1}}},{"hash":"448709306b0c68f89cbbdd9b1fee484c46ecbc99","isMergeCommit":false,"messageTitle":"Update UG","messageBody":"","fileTypesAndContributionMap":{"docs":{"insertions":54,"deletions":46}}},{"hash":"fe7f668b6650697b7d0b7c4ab3e3a68e82f043fd","isMergeCommit":false,"messageTitle":"UpdateUG","messageBody":"","fileTypesAndContributionMap":{"docs":{"insertions":21,"deletions":21}}},{"hash":"b95857dcac5c166f50b7d2c5ef5c0959ce7f6343","isMergeCommit":false,"messageTitle":"Update UG","messageBody":"","fileTypesAndContributionMap":{"docs":{"insertions":2,"deletions":2}}},{"hash":"a337bc3674d816ed6b269bd68cf2860a90ece349","isMergeCommit":true,"messageTitle":"Merge branch \u0027master\u0027 into branch-Update-UG","messageBody":"","fileTypesAndContributionMap":{}},{"hash":"ec18aa3366c04b4086c1062abe20654bca75a1d9","isMergeCommit":true,"messageTitle":"Merge pull request #341 from monobeartae/branch-memo-ui","messageBody":"Add Text Wrapping for Memo UI","fileTypesAndContributionMap":{}},{"hash":"47ce263570b69754edf03f99f282492443fd2123","isMergeCommit":false,"messageTitle":"Update explaination for star command","messageBody":"","fileTypesAndContributionMap":{"docs":{"insertions":3,"deletions":1}}},{"hash":"0d01758b46439159146df1e72b1f867295dd24c2","isMergeCommit":true,"messageTitle":"Merge branch \u0027branch-Update-UG\u0027 of https://github.com/TanXingZhong/tp into branch-Update-UG","messageBody":"","fileTypesAndContributionMap":{}},{"hash":"2375a3f88a237480ff7869c737777930c88ce938","isMergeCommit":false,"messageTitle":"Update UG to include memo in command summary","messageBody":"","fileTypesAndContributionMap":{"docs":{"insertions":21,"deletions":21}}},{"hash":"8395f6e0a5a0fc02828f77c6a717e62cf1eaf6f4","isMergeCommit":false,"messageTitle":"Spelling fix","messageBody":"","fileTypesAndContributionMap":{"docs":{"insertions":1,"deletions":1}}},{"hash":"980cf37f0f84933998af68850457f4cc29c54681","isMergeCommit":false,"messageTitle":"Update UG","messageBody":"","fileTypesAndContributionMap":{"docs":{"insertions":1,"deletions":1}}},{"hash":"c730905ca95ae7fe9e10c925b7efccb88b318afb","isMergeCommit":false,"messageTitle":"Update UG","messageBody":"","fileTypesAndContributionMap":{"docs":{"insertions":1,"deletions":1}}}]},{"date":"2025-04-07","commitResults":[{"hash":"77d375754269d62c46a218c915bda4547bf6cf3d","isMergeCommit":true,"messageTitle":"Merge pull request #347 from iuhiah/update-messages","messageBody":"Update tag command messages","fileTypesAndContributionMap":{}},{"hash":"e147b72e0a8647fb8356acc4aac94a130bb917ce","isMergeCommit":true,"messageTitle":"Merge branch \u0027master\u0027 into branch-update-dg","messageBody":"","fileTypesAndContributionMap":{}},{"hash":"1c60f971fc28f0554296711f5a755099f8085f09","isMergeCommit":true,"messageTitle":"Merge pull request #342 from monobeartae/branch-update-dg","messageBody":"Add instructions for manual testing to DG","fileTypesAndContributionMap":{}},{"hash":"ff22cdc52e5dc709c8247531a0dfc9483ea59db9","isMergeCommit":true,"messageTitle":"Merge pull request #348 from iuhiah/tag-command","messageBody":"Fix tag command date error messages","fileTypesAndContributionMap":{}},{"hash":"5d80e83819efbd033e20d4ef073c2ff9aba0af9d","isMergeCommit":true,"messageTitle":"Merge pull request #345 from iuhiah/delete-tag","messageBody":"Fix untag command messages","fileTypesAndContributionMap":{}},{"hash":"e35d161d4191e7c67d21ca821140b762bd32f4ed","isMergeCommit":true,"messageTitle":"Merge pull request #350 from iuhiah/tag-command","messageBody":"Fix tag removal logic and exception message","fileTypesAndContributionMap":{}},{"hash":"1d144858e5fb37e8f5047e61b35376e21008234d","isMergeCommit":false,"messageTitle":"Update DG together with add and edit parameter message","messageBody":"","fileTypesAndContributionMap":{"functional-code":{"insertions":8,"deletions":6},"docs":{"insertions":90,"deletions":1}}},{"hash":"21e57ef189d489377b8bce622c2ce8c88212f1b9","isMergeCommit":true,"messageTitle":"Merge pull request #358 from monobeartae/branch-test-cases","messageBody":"Add Test Cases for JsonAdaptedRequest, JsonAdaptedTag","fileTypesAndContributionMap":{}},{"hash":"305f873ccb750bd1d9713b023f18e4a4f9a191c2","isMergeCommit":true,"messageTitle":"Merge pull request #363 from Reshiro/branch-Duplicate-Tag","messageBody":"Add error handling for duplicate tags","fileTypesAndContributionMap":{}},{"hash":"54ef9fc206d567711ca5799b0d988bd12e0157ca","isMergeCommit":false,"messageTitle":"Update website","messageBody":"","fileTypesAndContributionMap":{"docs":{"insertions":5,"deletions":1}}},{"hash":"eaca4a6a05b6bcf56eeee23a4e3c99c079f8fb8c","isMergeCommit":false,"messageTitle":"Update aboutus","messageBody":"","fileTypesAndContributionMap":{"docs":{"insertions":2,"deletions":2}}},{"hash":"55bc9f47e520f2dd4a057f707bee77f0845a6f89","isMergeCommit":false,"messageTitle":"Fix spelling","messageBody":"","fileTypesAndContributionMap":{"docs":{"insertions":2,"deletions":2}}},{"hash":"6d7313ee4e6654c350b7e6b11332a0c44fe84bde","isMergeCommit":false,"messageTitle":"Fix github link","messageBody":"","fileTypesAndContributionMap":{"docs":{"insertions":1,"deletions":1}}},{"hash":"4217a2a232c1c2a576e52c57438c56fc29d3cc29","isMergeCommit":false,"messageTitle":"Remove email in about us","messageBody":"","fileTypesAndContributionMap":{"docs":{"insertions":0,"deletions":2}}},{"hash":"acdda50b76b00b182e19fcb0459617cf90c705ee","isMergeCommit":true,"messageTitle":"Merge pull request #365 from monobeartae/branch-update-dg","messageBody":"Update DeveloperGuide.md to include Planned Enhancements and Effort","fileTypesAndContributionMap":{}},{"hash":"91980fc415d95e0964823ecd1069a94b48dd9c3c","isMergeCommit":true,"messageTitle":"Merge pull request #374 from monobeartae/branch-dg-implementation","messageBody":"DG: Add Undo Implementation","fileTypesAndContributionMap":{}},{"hash":"83ad9c58b8f0886b27e2b847e9b58cb991a81dd6","isMergeCommit":true,"messageTitle":"Merge pull request #375 from monobeartae/branch-code-quality","messageBody":"improve code quality","fileTypesAndContributionMap":{}},{"hash":"4fd9bdcc4a78cce7986bfb11098ab6663696807c","isMergeCommit":true,"messageTitle":"Merge pull request #376 from monobeartae/branch-update-ug","messageBody":"Update UG: rephrase undo undo and duplicate handling","fileTypesAndContributionMap":{}},{"hash":"f40762107d96a52fa5c734f61a5fce95d0d75dd2","isMergeCommit":true,"messageTitle":"Merge pull request #378 from monobeartae/branch-update-undo","messageBody":"Fix Formatting in DG","fileTypesAndContributionMap":{}},{"hash":"2605247c6c2b7639ac3830135878ccc22edf3e70","isMergeCommit":false,"messageTitle":"Update DG to include request for manual testing","messageBody":"","fileTypesAndContributionMap":{"docs":{"insertions":73,"deletions":24}}},{"hash":"49d169c0ba1904f099785342f2398b8e52f84327","isMergeCommit":true,"messageTitle":"Merge branch \u0027master\u0027 of https://github.com/TanXingZhong/tp into branch-Update-UG","messageBody":"","fileTypesAndContributionMap":{}},{"hash":"301763a545e53cb5d3337b6cf6aeca67ddba027e","isMergeCommit":false,"messageTitle":"Update spelling","messageBody":"","fileTypesAndContributionMap":{"docs":{"insertions":17,"deletions":21}}},{"hash":"ddea2c6ad5c5d780cb531ec9d92516cb792fd1d2","isMergeCommit":false,"messageTitle":"Update spelling","messageBody":"","fileTypesAndContributionMap":{"docs":{"insertions":7,"deletions":0}}},{"hash":"64461016ef941a463e836e96d8576e0f50580445","isMergeCommit":true,"messageTitle":"Merge pull request #380 from Reshiro/branch-Docs-Style","messageBody":"Fix UG headers and links","fileTypesAndContributionMap":{}}]},{"date":"2025-04-08","commitResults":[{"hash":"a8a4a47dee60ab133eac7ac74249cb0633e486c6","isMergeCommit":true,"messageTitle":"Merge pull request #383 from monobeartae/branch-manual-instructions","messageBody":"Update mark unmark manual testing instructions","fileTypesAndContributionMap":{}},{"hash":"082659b5ce6a7e5bc10a482b0cd88f82cfd78c74","isMergeCommit":true,"messageTitle":"Merge pull request #389 from monobeartae/branch-fix-typo","messageBody":"fix typo","fileTypesAndContributionMap":{}},{"hash":"31dfc1ac0645903026ff02f510c472e5ff14c1ad","isMergeCommit":true,"messageTitle":"Merge pull request #390 from iuhiah/update-developer-guide","messageBody":"Update developer guide","fileTypesAndContributionMap":{}},{"hash":"b902c25692b240a997651c4cc9b844f3e9f41031","isMergeCommit":true,"messageTitle":"Merge pull request #391 from iuhiah/update-user-guide","messageBody":"Fix typos and update user guide","fileTypesAndContributionMap":{}},{"hash":"f2275472c3f540a0dc8da05cb70f732e70174430","isMergeCommit":true,"messageTitle":"Merge pull request #392 from iuhiah/update-user-guide","messageBody":"Update user guide","fileTypesAndContributionMap":{}},{"hash":"3aa32ebdf85d19d19836cb74c0fe56b015bc1594","isMergeCommit":true,"messageTitle":"Merge pull request #393 from iuhiah/update-developer-guide","messageBody":"Refine Developer Guide","fileTypesAndContributionMap":{}}]}],"iuhiah":[{"date":"2025-04-06","commitResults":[{"hash":"f2ad087b50fb2fcb2e2140674116ea14a9498ead","isMergeCommit":false,"messageTitle":"Fix untag command messages","messageBody":"","fileTypesAndContributionMap":{"functional-code":{"insertions":3,"deletions":3}}},{"hash":"f2cf9a9722287dbdcf3ec6e1d75690fbfb7dba90","isMergeCommit":false,"messageTitle":"Fix untag command message","messageBody":"","fileTypesAndContributionMap":{"functional-code":{"insertions":3,"deletions":13}}},{"hash":"560c9d3a7be34229d7890106fe4a4c0aa9f6b1b0","isMergeCommit":false,"messageTitle":"Fix untag test","messageBody":"","fileTypesAndContributionMap":{"test-code":{"insertions":3,"deletions":1}}},{"hash":"159cebedabcef9011ff1a00802a753076b99ef11","isMergeCommit":false,"messageTitle":"Add separate failure messages for overlapping and equal booking tags","messageBody":"","fileTypesAndContributionMap":{"functional-code":{"insertions":6,"deletions":1}}},{"hash":"02befc195c7cc018545793482ebbef926b3c2351","isMergeCommit":false,"messageTitle":"Update tag command tests with new error messages","messageBody":"","fileTypesAndContributionMap":{"test-code":{"insertions":10,"deletions":3}}},{"hash":"03b50f288cf6410737b4f262f28fff5682ad9235","isMergeCommit":false,"messageTitle":"Remove logger","messageBody":"","fileTypesAndContributionMap":{"test-code":{"insertions":0,"deletions":7}}},{"hash":"f950b0a7faf2ccad66d6e62fa4b9c9f2c6a12eed","isMergeCommit":false,"messageTitle":"Update tag success message","messageBody":"","fileTypesAndContributionMap":{"functional-code":{"insertions":1,"deletions":1}}}]},{"date":"2025-04-07","commitResults":[{"hash":"adc1a7123cd75690906e7e6e14483db33bb50452","isMergeCommit":false,"messageTitle":"Fix empty date error message","messageBody":"","fileTypesAndContributionMap":{"functional-code":{"insertions":8,"deletions":4}}},{"hash":"868ec2c5b680c8c3d33f4863b169b800b49f6357","isMergeCommit":false,"messageTitle":"Fix leap year check","messageBody":"","fileTypesAndContributionMap":{"functional-code":{"insertions":1,"deletions":1},"test-code":{"insertions":3,"deletions":0}}},{"hash":"c5ee5a82fee5e2c655bb61022f2553eec4b9f292","isMergeCommit":false,"messageTitle":"Fix invalid date message","messageBody":"","fileTypesAndContributionMap":{"functional-code":{"insertions":1,"deletions":1}}},{"hash":"2220cdaf992221af8a330cefcd4ac281c3ba640c","isMergeCommit":false,"messageTitle":"Fix checkstyle errors","messageBody":"","fileTypesAndContributionMap":{"functional-code":{"insertions":1,"deletions":1}}},{"hash":"20c1d9e6ca918e30e6a909bce25e7e7b418fe71e","isMergeCommit":false,"messageTitle":"Fix tag removal logic and exception message","messageBody":"","fileTypesAndContributionMap":{"functional-code":{"insertions":19,"deletions":33}}},{"hash":"30431a12ec0a071ae2199d070f6a629814239d71","isMergeCommit":true,"messageTitle":"Merge branch \u0027master\u0027 into tag-command","messageBody":"","fileTypesAndContributionMap":{}},{"hash":"9f2eab360dc48c2d4d6003b6db894ee0484a5fb5","isMergeCommit":false,"messageTitle":"Fix merge conflict error","messageBody":"","fileTypesAndContributionMap":{"functional-code":{"insertions":1,"deletions":1}}},{"hash":"5c759613a1caf6a61e334cc5e7f3fd320bae8cee","isMergeCommit":false,"messageTitle":"Fix checkstyle errors and error message typo","messageBody":"","fileTypesAndContributionMap":{"functional-code":{"insertions":18,"deletions":18}}},{"hash":"21a320bf8dc990568f129e1244616fb048b97903","isMergeCommit":false,"messageTitle":"Fix tests and update command","messageBody":"","fileTypesAndContributionMap":{"functional-code":{"insertions":3,"deletions":1},"test-code":{"insertions":8,"deletions":12}}},{"hash":"fd3180ed6e07e79fc19f1f44947ee955b9255f2f","isMergeCommit":false,"messageTitle":"Update src/main/java/seedu/innsync/logic/commands/UntagCommand.java","messageBody":"","fileTypesAndContributionMap":{"functional-code":{"insertions":9,"deletions":9}}},{"hash":"680919c78fd927c78dc8a29fac44d08f1c2db1d9","isMergeCommit":false,"messageTitle":"Revert lines","messageBody":"","fileTypesAndContributionMap":{"functional-code":{"insertions":9,"deletions":9}}},{"hash":"95e6b07531a6e48e1d331e92af628b8220848307","isMergeCommit":true,"messageTitle":"Merge branch \u0027tag-command\u0027 of https://github.com/iuhiah/tp into tag-command","messageBody":"","fileTypesAndContributionMap":{}},{"hash":"2f856f1a168ff451e926ba47a64f950a3c19df79","isMergeCommit":false,"messageTitle":"Update untag command message usage","messageBody":"","fileTypesAndContributionMap":{"functional-code":{"insertions":3,"deletions":2}}},{"hash":"a83a66f2d357d9131fccbaeb45c596207e20bec3","isMergeCommit":false,"messageTitle":"Update duplicate field message","messageBody":"","fileTypesAndContributionMap":{"functional-code":{"insertions":1,"deletions":1}}},{"hash":"a528d1cc45b7c4902396b859d6a1d7fa676990d7","isMergeCommit":false,"messageTitle":"Update untag command message usage","messageBody":"","fileTypesAndContributionMap":{"functional-code":{"insertions":3,"deletions":2}}},{"hash":"455e5faa6fe188ce2a284ca9f7b279a4fe57344c","isMergeCommit":false,"messageTitle":"Refactor UntagCommand to use BookingTag instead of String for bookingTag parameter","messageBody":"","fileTypesAndContributionMap":{"functional-code":{"insertions":17,"deletions":13},"test-code":{"insertions":20,"deletions":14}}},{"hash":"c658a44ed56d861a4cd8f9e79c5b2acfb054df94","isMergeCommit":true,"messageTitle":"Merge pull request #354 from monobeartae/branch-update-ug","messageBody":"UG: Update Phone Validation and add command usage for prefix","fileTypesAndContributionMap":{}}]},{"date":"2025-04-08","commitResults":[{"hash":"6d1f0eb1ce492b1354668c3d112a009a60557352","isMergeCommit":false,"messageTitle":"Update tag and untag","messageBody":"","fileTypesAndContributionMap":{"docs":{"insertions":130,"deletions":9}}},{"hash":"3ce7e6ec03aec1cbf5bfb3bbf5b287660bf66450","isMergeCommit":false,"messageTitle":"Standardise DG","messageBody":"","fileTypesAndContributionMap":{"docs":{"insertions":41,"deletions":42}}},{"hash":"462b98f8fc3d037db0628b32201dd8256d661121","isMergeCommit":false,"messageTitle":"Standardise DG","messageBody":"","fileTypesAndContributionMap":{"docs":{"insertions":22,"deletions":48}}},{"hash":"9ceec298cd9b98090fac3be0b68b06e2d471c11c","isMergeCommit":false,"messageTitle":"Fix typos and add PE 10","messageBody":"","fileTypesAndContributionMap":{"docs":{"insertions":14,"deletions":13}}},{"hash":"525b1e2ed6dd9d33232308d6bda3ca808a65fe02","isMergeCommit":false,"messageTitle":"Fix typos","messageBody":"","fileTypesAndContributionMap":{"docs":{"insertions":4,"deletions":4}}},{"hash":"e2f88bde100c1046de51a28ead750c65bf0f6244","isMergeCommit":false,"messageTitle":"Add words to glossary","messageBody":"","fileTypesAndContributionMap":{"docs":{"insertions":5,"deletions":0}}},{"hash":"8ea1c645ed6f53080ab2fc1f9700c1367533cfd2","isMergeCommit":false,"messageTitle":"Add reference to glossary for technical terms in user guide","messageBody":"","fileTypesAndContributionMap":{"docs":{"insertions":2,"deletions":1}}},{"hash":"4720e60a8e7415d05ce0c31c0060274dc13235a1","isMergeCommit":false,"messageTitle":"Fix memo in user guide","messageBody":"","fileTypesAndContributionMap":{"docs":{"insertions":1,"deletions":1}}},{"hash":"fbc7cde71a2ed2ee95b3360fd41531473ac6cb35","isMergeCommit":false,"messageTitle":"Update user guide for visitor name parameter and command format clarity","messageBody":"","fileTypesAndContributionMap":{"docs":{"insertions":28,"deletions":21}}},{"hash":"b394d2b7ec0b10c22130462a1ef1d1f83681c1e4","isMergeCommit":false,"messageTitle":"Refine Developer Guide for clarity and consistency in use cases and command descriptions","messageBody":"","fileTypesAndContributionMap":{"docs":{"insertions":89,"deletions":87}}}]}],"monobeartae":[{"date":"2025-04-06","commitResults":[{"hash":"a730d7588d0bc4c18afcccfceb4cb85cb33fe4bc","isMergeCommit":false,"messageTitle":"Add Text Wrapping for Memo UI","messageBody":"","fileTypesAndContributionMap":{"functional-code":{"insertions":1,"deletions":0}}},{"hash":"71a84d1a4d98b77fd1a17d9ff40c1abcc22ec342","isMergeCommit":false,"messageTitle":"Add instructions for manual testing to DG","messageBody":"","fileTypesAndContributionMap":{"docs":{"insertions":53,"deletions":9}}},{"hash":"ab4563d3184ebf3dc0e1779815e8b6d37b64c0fe","isMergeCommit":false,"messageTitle":"Update saving data instructions","messageBody":"","fileTypesAndContributionMap":{"docs":{"insertions":18,"deletions":4}}},{"hash":"859ae3e8b709aefa4c31e54352270574987c025f","isMergeCommit":false,"messageTitle":"Update saving data instructions","messageBody":"","fileTypesAndContributionMap":{"docs":{"insertions":4,"deletions":4}}},{"hash":"0d7efe08f55d8c1f5c8778730345358a1ed8c714","isMergeCommit":false,"messageTitle":"Fix formatting","messageBody":"","fileTypesAndContributionMap":{"docs":{"insertions":20,"deletions":20}}},{"hash":"3abc4e1e948b45111ad04a5e85c65f46ead5a88a","isMergeCommit":false,"messageTitle":"Fix formatting","messageBody":"","fileTypesAndContributionMap":{"docs":{"insertions":20,"deletions":20}}},{"hash":"9ac6f77c7226db968706c021984ac1a3016ea14a","isMergeCommit":true,"messageTitle":"Merge pull request #333 from Reshiro/branch-Fix-Typos","messageBody":"Fix typos in the User Guide and Developer Guide","fileTypesAndContributionMap":{}},{"hash":"cc21b2d9508cffbb39d6bdaef57c4205be0e9b87","isMergeCommit":true,"messageTitle":"Merge branch \u0027master\u0027 of https://github.com/monobeartae/tp into branch-update-dg","messageBody":"","fileTypesAndContributionMap":{}},{"hash":"7fd4e1f34db84206088975923532a34def990c3c","isMergeCommit":false,"messageTitle":"Make note instead of bullet point","messageBody":"","fileTypesAndContributionMap":{"docs":{"insertions":1,"deletions":1}}},{"hash":"e549e27d8c6f2bb0e3c2bb9e30500b42603b5c0e","isMergeCommit":false,"messageTitle":"Fix formatting","messageBody":"","fileTypesAndContributionMap":{"docs":{"insertions":1,"deletions":1}}},{"hash":"163f3dbc30b651520b4ec6728dc3f198986daf70","isMergeCommit":false,"messageTitle":"Fix formatting","messageBody":"","fileTypesAndContributionMap":{"docs":{"insertions":2,"deletions":1}}},{"hash":"21f54ca9c902819b0b93ad9dfd82b04f3c6bfcc4","isMergeCommit":true,"messageTitle":"Merge pull request #340 from TanXingZhong/branch-Fix-Tag","messageBody":"Branch fix tag","fileTypesAndContributionMap":{}},{"hash":"8ee02cd9404e861d366d3eafd204dc819c0ef799","isMergeCommit":false,"messageTitle":"change alphabetical to lexographical","messageBody":"","fileTypesAndContributionMap":{"docs":{"insertions":2,"deletions":2}}},{"hash":"ea63cfdf7323f577b7f4417d7ef3b357b4ad530a","isMergeCommit":false,"messageTitle":"Fizx spelling error","messageBody":"","fileTypesAndContributionMap":{"docs":{"insertions":2,"deletions":2}}},{"hash":"20d922ec300156173dd23cc2cacdbd04e0815b83","isMergeCommit":true,"messageTitle":"Merge pull request #346 from TanXingZhong/branch-Update-UG","messageBody":"Branch update ug","fileTypesAndContributionMap":{}}]},{"date":"2025-04-07","commitResults":[{"hash":"7541fb7dbdf17cb633f5e776a2d3516926470028","isMergeCommit":false,"messageTitle":"Remove space","messageBody":"","fileTypesAndContributionMap":{"docs":{"insertions":1,"deletions":1}}},{"hash":"91d041893130ef6ad77942a3425d5c1aa134beea","isMergeCommit":true,"messageTitle":"Merge pull request #343 from varsha13152/update-duplicate-check","messageBody":"Update duplicate check","fileTypesAndContributionMap":{}},{"hash":"6050b5b56bff2347c1e9cb89c1d8f126567a04d8","isMergeCommit":false,"messageTitle":"Update Phone Validation","messageBody":"","fileTypesAndContributionMap":{"docs":{"insertions":5,"deletions":2}}},{"hash":"8ca4701c09c4201c9b37d691c4140106a9642a2c","isMergeCommit":false,"messageTitle":"Add command usage for prefixes","messageBody":"","fileTypesAndContributionMap":{"docs":{"insertions":11,"deletions":14}}},{"hash":"02b4ead39aa3167a69a970a961ce7dcee61b0d90","isMergeCommit":false,"messageTitle":"Formatting","messageBody":"","fileTypesAndContributionMap":{"docs":{"insertions":11,"deletions":11}}},{"hash":"25e9d49585bd56ea208be88cce7288cc117f1d1f","isMergeCommit":true,"messageTitle":"Merge pull request #351 from iuhiah/update-messages","messageBody":"Update untag command message usage","fileTypesAndContributionMap":{}},{"hash":"d98efcf4e51c1744733e7f8f5fbd296641f60193","isMergeCommit":false,"messageTitle":"Add text wrapping to requests","messageBody":"","fileTypesAndContributionMap":{"functional-code":{"insertions":10,"deletions":5}}},{"hash":"7a8cf29247a72c91e9b764c6cdcf38c72f9aec7e","isMergeCommit":false,"messageTitle":"Remove unnecessary import","messageBody":"","fileTypesAndContributionMap":{"functional-code":{"insertions":0,"deletions":1}}},{"hash":"df9e31047e7a40e5ab89ae37be0bea966147d3a3","isMergeCommit":false,"messageTitle":"Add Test Cases for JsonAdaptedRequest, JsonAdaptedTag","messageBody":"","fileTypesAndContributionMap":{"test-code":{"insertions":39,"deletions":0}}},{"hash":"b6b7f7405e55751386d2911214d1a4e7d917d0a0","isMergeCommit":true,"messageTitle":"Merge pull request #359 from TanXingZhong/branch-Update-DG","messageBody":"Update DG together with add and edit parameter message","fileTypesAndContributionMap":{}},{"hash":"910f75a9cd76569ca843cd7f6a418bdfc1aea82a","isMergeCommit":false,"messageTitle":"Update DeveloperGuide.md to include planned enhancements","messageBody":"","fileTypesAndContributionMap":{"docs":{"insertions":11,"deletions":2}}},{"hash":"ae7b3e428d94d1bdb970e610a905813f9ce164a1","isMergeCommit":false,"messageTitle":"Update DeveloperGuide.md Effort Appendix","messageBody":"","fileTypesAndContributionMap":{"docs":{"insertions":15,"deletions":0}}},{"hash":"47ed311380229d2b9ca87d3a2fda56766937739c","isMergeCommit":false,"messageTitle":"Fix typos","messageBody":"","fileTypesAndContributionMap":{"docs":{"insertions":4,"deletions":4}}},{"hash":"7afa3517e4f20dc3341abf50847a5eb6b0cb62b7","isMergeCommit":false,"messageTitle":"Add more details","messageBody":"","fileTypesAndContributionMap":{"docs":{"insertions":2,"deletions":3}}},{"hash":"ecd34faadff732a9577649ead3bc8fbf00f619e2","isMergeCommit":false,"messageTitle":"Fix mistake","messageBody":"","fileTypesAndContributionMap":{"docs":{"insertions":1,"deletions":1}}},{"hash":"93c21521987193db15beb1d6b1271729adfa4cb8","isMergeCommit":true,"messageTitle":"Merge branch \u0027AY2425S2-CS2103T-T16-2:master\u0027 into branch-update-dg","messageBody":"","fileTypesAndContributionMap":{}},{"hash":"e1a22538bf924df97e718332568d14fdaee8d2c2","isMergeCommit":false,"messageTitle":"fix typos","messageBody":"","fileTypesAndContributionMap":{"docs":{"insertions":2,"deletions":2}}},{"hash":"281cc4c3ab19e3d710795d1a906ca8ffc82fc839","isMergeCommit":false,"messageTitle":"Create UndoSequenceDiagram.puml","messageBody":"","fileTypesAndContributionMap":{"docs":{"insertions":1,"deletions":0}}},{"hash":"a281bbdcfc0723aaf0ce63b83272eaa02356601a","isMergeCommit":false,"messageTitle":"Update UndoSequenceDiagram.puml","messageBody":"","fileTypesAndContributionMap":{"docs":{"insertions":46,"deletions":1}}},{"hash":"97ddd11a25db8ea4a3b519bdb1daf788fd1395d2","isMergeCommit":false,"messageTitle":"Create InitialState.puml","messageBody":"","fileTypesAndContributionMap":{"docs":{"insertions":15,"deletions":0}}},{"hash":"e2f204e62eebbe7f8cef7d3e6a7073a3b6e52af5","isMergeCommit":false,"messageTitle":"Update InitialState.puml","messageBody":"","fileTypesAndContributionMap":{"docs":{"insertions":1,"deletions":1}}},{"hash":"2b7cdcb0077f6d6417f35feed5543b50b096ca58","isMergeCommit":false,"messageTitle":"Update DeveloperGuide.md","messageBody":"","fileTypesAndContributionMap":{"docs":{"insertions":4,"deletions":4}}},{"hash":"286709a7807ab871a83eaae77ab59a127860ad9b","isMergeCommit":true,"messageTitle":"Merge pull request #371 from varsha13152/update-DG-UG","messageBody":"Update UG and DG","fileTypesAndContributionMap":{}},{"hash":"2170365fead452b152ece8ab8fe7488137476d33","isMergeCommit":true,"messageTitle":"Merge branch \u0027branch-dg-implementation\u0027 of https://github.com/monobeartae/tp into branch-dg-implementation","messageBody":"","fileTypesAndContributionMap":{}},{"hash":"1e00ecfeef2b29dfeea8832b5bf864cf0519bdf6","isMergeCommit":false,"messageTitle":"Rephrase undo implementation","messageBody":"","fileTypesAndContributionMap":{"docs":{"insertions":19,"deletions":53}}},{"hash":"83061e36e02d089b54948f4ebb962a6e1914fd0e","isMergeCommit":false,"messageTitle":"Fix format","messageBody":"","fileTypesAndContributionMap":{"docs":{"insertions":1,"deletions":1}}},{"hash":"9bca8e75c905a0af41cff98057c8d0bdab3e120a","isMergeCommit":false,"messageTitle":"improve code quality","messageBody":"","fileTypesAndContributionMap":{"functional-code":{"insertions":13,"deletions":5}}},{"hash":"e6d4021afb93ebf479dfaba0e293ced93953f7b7","isMergeCommit":true,"messageTitle":"Merge pull request #373 from TanXingZhong/branch-Fix-Website","messageBody":"Update website","fileTypesAndContributionMap":{}},{"hash":"e65d60bfcdb82af01e6dfa46d768225a1f45071e","isMergeCommit":false,"messageTitle":"Update UserGuide rephrase undo command","messageBody":"","fileTypesAndContributionMap":{"docs":{"insertions":2,"deletions":2}}},{"hash":"18a2154ea2d1212fd5befaba05cb00fecce7a9d0","isMergeCommit":false,"messageTitle":"Update UserGuide.md with duplicate handling","messageBody":"","fileTypesAndContributionMap":{"docs":{"insertions":19,"deletions":0}}},{"hash":"a698e17b1b52259d1003e2d7782393d030ed3fad","isMergeCommit":true,"messageTitle":"Merge pull request #377 from Reshiro/branch-req-Errors","messageBody":"Fix error messages for request-related commands","fileTypesAndContributionMap":{}},{"hash":"d892b016bcaa90e2b693ac58283243d3ca0756ce","isMergeCommit":false,"messageTitle":"Fix formatting","messageBody":"","fileTypesAndContributionMap":{"docs":{"insertions":3,"deletions":3}}},{"hash":"8c4634c3e7d31015eddaa8c5cbecfd1c5af54c36","isMergeCommit":true,"messageTitle":"Merge branch \u0027master\u0027 of https://github.com/monobeartae/tp","messageBody":"","fileTypesAndContributionMap":{}},{"hash":"ce288f80cf51da500f365e04f700bc8d666804cc","isMergeCommit":false,"messageTitle":"Update DeveloperGuide.md Undo Implementation","messageBody":"","fileTypesAndContributionMap":{"docs":{"insertions":6,"deletions":4}}},{"hash":"1689753f2b5971b761471e33f888818b37e189b8","isMergeCommit":true,"messageTitle":"Merge pull request #379 from monobeartae/branch-update-dg","messageBody":"Update DeveloperGuide.md Undo Implementation","fileTypesAndContributionMap":{}},{"hash":"44578eb37ba284c969f5368eb8b48eff91095317","isMergeCommit":false,"messageTitle":"Update mark unmark manual testing instructions","messageBody":"","fileTypesAndContributionMap":{"docs":{"insertions":70,"deletions":9}}},{"hash":"1514b8dd01722c1bcbe331f627db28bda508f68a","isMergeCommit":false,"messageTitle":"fix","messageBody":"","fileTypesAndContributionMap":{"docs":{"insertions":3,"deletions":3}}},{"hash":"fed3d7c9c3c38f2e3bef3d9a2da876440c67c9d6","isMergeCommit":true,"messageTitle":"Merge pull request #382 from Reshiro/branch-ManualTesting-deletereq","messageBody":"Add manual testing instructions for deletereq","fileTypesAndContributionMap":{}}]},{"date":"2025-04-08","commitResults":[{"hash":"1a5bedac20bc133e277c302f77dc0cfe2d41b460","isMergeCommit":true,"messageTitle":"Merge branch \u0027master\u0027 into branch-manual-instructions","messageBody":"","fileTypesAndContributionMap":{}},{"hash":"5b1835891fa08f55a1f6b182aea0bfaab33eb569","isMergeCommit":true,"messageTitle":"Merge pull request #384 from TanXingZhong/branch-Update-UG","messageBody":"Branch update DG add manual test for request","fileTypesAndContributionMap":{}},{"hash":"bee4767efce974a8a6cb1bfa3769e316e2f05172","isMergeCommit":true,"messageTitle":"Merge branch \u0027master\u0027 into branch-manual-instructions","messageBody":"","fileTypesAndContributionMap":{}},{"hash":"edde786d9fc7d95a6eb7e00415849eef8b370d68","isMergeCommit":false,"messageTitle":"Fix inconsistencies and typos","messageBody":"","fileTypesAndContributionMap":{"docs":{"insertions":3,"deletions":3}}},{"hash":"78a2c10e1424e2953302a644f658ed0fb2ad508f","isMergeCommit":true,"messageTitle":"Merge pull request #385 from iuhiah/update-developer-guide","messageBody":"Update tag and untag in developer guide","fileTypesAndContributionMap":{}},{"hash":"12ec08692bf5769bacfd1d191b3f673a7216a215","isMergeCommit":true,"messageTitle":"Merge pull request #386 from monobeartae/branch-manual-instructions","messageBody":"Fix inconsistencies and typos","fileTypesAndContributionMap":{}},{"hash":"c357f10e42233bff3c60d3b6b86b07549ded9e8a","isMergeCommit":false,"messageTitle":"fix typo","messageBody":"","fileTypesAndContributionMap":{"functional-code":{"insertions":1,"deletions":1}}}]}],"Reshiro":[{"date":"2025-04-06","commitResults":[{"hash":"fbd5bdd2792353d145b5267fe072dc5ec0efcebd","isMergeCommit":false,"messageTitle":"Fix typos in the User Guide and Developer Guide","messageBody":"","fileTypesAndContributionMap":{"docs":{"insertions":10,"deletions":7}}}]},{"date":"2025-04-07","commitResults":[{"hash":"08d4f0116f825933551eeeff4a06bacfcc95b076","isMergeCommit":false,"messageTitle":"Add error handling for duplicate tags","messageBody":"","fileTypesAndContributionMap":{"functional-code":{"insertions":9,"deletions":1}}},{"hash":"6d4fe924a18d62220927ac2a7f92145ce8c448eb","isMergeCommit":false,"messageTitle":"Remove trailing whitespaces","messageBody":"","fileTypesAndContributionMap":{"functional-code":{"insertions":1,"deletions":1},"docs":{"insertions":3,"deletions":3}}},{"hash":"4937b5d331a804d17c88a0ad175e9cfb4855d2f7","isMergeCommit":false,"messageTitle":"Fix style issues in the Developer Guide","messageBody":"","fileTypesAndContributionMap":{"docs":{"insertions":1,"deletions":1}}},{"hash":"2f03364e9a4b60f2f5faa09b8e3c3f943815e847","isMergeCommit":false,"messageTitle":"Change error message for request-related commands","messageBody":"","fileTypesAndContributionMap":{"functional-code":{"insertions":12,"deletions":3}}},{"hash":"17bb63bd40741aa637cd1a05b29d6da0f14236c9","isMergeCommit":false,"messageTitle":"Change test cases to match new error messages","messageBody":"","fileTypesAndContributionMap":{"test-code":{"insertions":28,"deletions":6}}},{"hash":"da058cd8efbb9d9d36c0400cfb1fb33840530a09","isMergeCommit":false,"messageTitle":"Fix typos in mark and unmark errors","messageBody":"","fileTypesAndContributionMap":{"functional-code":{"insertions":2,"deletions":2}}},{"hash":"7e0b133a46c2b5155ff540415041e0c798bba83c","isMergeCommit":false,"messageTitle":"Remove trailing whitespaces in tests","messageBody":"","fileTypesAndContributionMap":{"test-code":{"insertions":4,"deletions":4}}},{"hash":"6235bfbe92d907c80b5baa4bba5a45db44a8e531","isMergeCommit":false,"messageTitle":"Fix header issues in the UG","messageBody":"","fileTypesAndContributionMap":{"docs":{"insertions":68,"deletions":65}}},{"hash":"a48726a85fb66a3b45c6ff203a9fa81b6dc3d0e4","isMergeCommit":false,"messageTitle":"Fix links in the table of contents","messageBody":"","fileTypesAndContributionMap":{"docs":{"insertions":23,"deletions":23}}},{"hash":"fe6b49ab99ce93c54f0dc09abb45cffaecc9c4c9","isMergeCommit":true,"messageTitle":"Merge branch \u0027master\u0027 into branch-Docs-Style","messageBody":"","fileTypesAndContributionMap":{}},{"hash":"f2900cd7faaf8f63c98e42d847e9f48685bc7f37","isMergeCommit":false,"messageTitle":"Fix links to work with the website","messageBody":"","fileTypesAndContributionMap":{"docs":{"insertions":44,"deletions":44}}},{"hash":"4d8b47cbc9068d2fc3ee5e09b2a55c3bb5c16dfd","isMergeCommit":false,"messageTitle":"Add testing instructions for deletereq","messageBody":"","fileTypesAndContributionMap":{"docs":{"insertions":45,"deletions":0}}},{"hash":"7f1238cddcd73a65ebc76d6f67f784b5cbb7032c","isMergeCommit":false,"messageTitle":"Fix grammar issues","messageBody":"","fileTypesAndContributionMap":{"docs":{"insertions":1,"deletions":1}}}]}]},"authorFileTypeContributionMap":{"varsha13152":{"docs":97,"functional-code":20,"test-code":88},"TanXingZhong":{"docs":117,"functional-code":16,"test-code":0},"iuhiah":{"docs":232,"functional-code":58,"test-code":36},"monobeartae":{"docs":235,"functional-code":24,"test-code":39},"Reshiro":{"docs":99,"functional-code":21,"test-code":28}},"authorContributionVariance":{"varsha13152":13236.5,"TanXingZhong":14808.25,"iuhiah":48313.5,"monobeartae":32963.688,"Reshiro":28469.5},"authorDisplayNameMap":{"varsha13152":"CS2103T-T16-2 V VA..RSHA","TanXingZhong":"CS2103T-T16-2 TAN ..HONG","iuhiah":"CS2103T-T16-2 LEE .. HUI","monobeartae":"CS2103T-T16-2 TAN .. QUN","Reshiro":"CS2103T-T16-2 MICH.. FAN"}}
