[{"path":"src/main/java/seedu/address/model/person/Name.java","fileType":"functional-code","lines":[{"lineNumber":1,"author":{"gitId":"-"},"content":"package seedu.address.model.person;","lastModifiedDate":"2016-08-24","isFullCredit":false},{"lineNumber":2,"author":{"gitId":"-"},"content":"","lastModifiedDate":"2016-08-24","isFullCredit":false},{"lineNumber":3,"author":{"gitId":"-"},"content":"import static java.util.Objects.requireNonNull;","lastModifiedDate":"2017-05-15","isFullCredit":false},{"lineNumber":4,"author":{"gitId":"-"},"content":"import static seedu.address.commons.util.AppUtil.checkArgument;","lastModifiedDate":"2017-05-30","isFullCredit":false},{"lineNumber":5,"author":{"gitId":"-"},"content":"","lastModifiedDate":"2016-08-24","isFullCredit":false},{"lineNumber":6,"author":{"gitId":"-"},"content":"/**","lastModifiedDate":"2016-08-24","isFullCredit":false},{"lineNumber":7,"author":{"gitId":"-"},"content":" * Represents a Person\u0027s name in the address book.","lastModifiedDate":"2016-08-24","isFullCredit":false},{"lineNumber":8,"author":{"gitId":"-"},"content":" * Guarantees: immutable; is valid as declared in {@link #isValidName(String)}","lastModifiedDate":"2016-08-24","isFullCredit":false},{"lineNumber":9,"author":{"gitId":"-"},"content":" */","lastModifiedDate":"2016-08-24","isFullCredit":false},{"lineNumber":10,"author":{"gitId":"-"},"content":"public class Name {","lastModifiedDate":"2016-08-24","isFullCredit":false},{"lineNumber":11,"author":{"gitId":"-"},"content":"","lastModifiedDate":"2016-08-24","isFullCredit":false},{"lineNumber":12,"author":{"gitId":"-"},"content":"    public static final String MESSAGE_CONSTRAINTS \u003d","lastModifiedDate":"2018-09-22","isFullCredit":false},{"lineNumber":13,"author":{"gitId":"niha81"},"content":"            \"Names start with alphanumerics, are 1-50 characters and may have spaces, \u0027-\u0027, \u0027.\u0027, \u0027@\u0027 and apostrophes.\";","lastModifiedDate":"2025-04-06","isFullCredit":false},{"lineNumber":14,"author":{"gitId":"-"},"content":"","lastModifiedDate":"2017-01-16","isFullCredit":false},{"lineNumber":15,"author":{"gitId":"-"},"content":"    /*","lastModifiedDate":"2017-01-16","isFullCredit":false},{"lineNumber":16,"author":{"gitId":"-"},"content":"     * The first character of the address must not be a whitespace,","lastModifiedDate":"2017-01-16","isFullCredit":false},{"lineNumber":17,"author":{"gitId":"-"},"content":"     * otherwise \" \" (a blank string) becomes a valid input.","lastModifiedDate":"2017-01-16","isFullCredit":false},{"lineNumber":18,"author":{"gitId":"-"},"content":"     */","lastModifiedDate":"2017-01-16","isFullCredit":false},{"lineNumber":19,"author":{"gitId":"niha81"},"content":"    public static final String VALIDATION_REGEX \u003d \"[\\\\p{Alnum}][\\\\p{Alnum}/@.\u0027\\\\- ]{0,49}\";","lastModifiedDate":"2025-04-06","isFullCredit":false},{"lineNumber":20,"author":{"gitId":"-"},"content":"","lastModifiedDate":"2016-08-24","isFullCredit":false},{"lineNumber":21,"author":{"gitId":"-"},"content":"    public final String fullName;","lastModifiedDate":"2016-08-24","isFullCredit":false},{"lineNumber":22,"author":{"gitId":"-"},"content":"","lastModifiedDate":"2016-08-24","isFullCredit":false},{"lineNumber":23,"author":{"gitId":"-"},"content":"    /**","lastModifiedDate":"2016-08-24","isFullCredit":false},{"lineNumber":24,"author":{"gitId":"-"},"content":"     * Constructs a {@code Name}.","lastModifiedDate":"2017-05-30","isFullCredit":false},{"lineNumber":25,"author":{"gitId":"-"},"content":"     *","lastModifiedDate":"2016-08-24","isFullCredit":false},{"lineNumber":26,"author":{"gitId":"-"},"content":"     * @param name A valid name.","lastModifiedDate":"2017-05-30","isFullCredit":false},{"lineNumber":27,"author":{"gitId":"-"},"content":"     */","lastModifiedDate":"2016-08-24","isFullCredit":false},{"lineNumber":28,"author":{"gitId":"-"},"content":"    public Name(String name) {","lastModifiedDate":"2017-05-30","isFullCredit":false},{"lineNumber":29,"author":{"gitId":"-"},"content":"        requireNonNull(name);","lastModifiedDate":"2017-05-15","isFullCredit":false},{"lineNumber":30,"author":{"gitId":"-"},"content":"        checkArgument(isValidName(name), MESSAGE_CONSTRAINTS);","lastModifiedDate":"2018-09-22","isFullCredit":false},{"lineNumber":31,"author":{"gitId":"-"},"content":"        fullName \u003d name;","lastModifiedDate":"2018-08-14","isFullCredit":false},{"lineNumber":32,"author":{"gitId":"-"},"content":"    }","lastModifiedDate":"2016-08-24","isFullCredit":false},{"lineNumber":33,"author":{"gitId":"-"},"content":"","lastModifiedDate":"2016-08-24","isFullCredit":false},{"lineNumber":34,"author":{"gitId":"-"},"content":"    /**","lastModifiedDate":"2016-08-24","isFullCredit":false},{"lineNumber":35,"author":{"gitId":"-"},"content":"     * Returns true if a given string is a valid name.","lastModifiedDate":"2018-04-05","isFullCredit":false},{"lineNumber":36,"author":{"gitId":"-"},"content":"     */","lastModifiedDate":"2016-08-24","isFullCredit":false},{"lineNumber":37,"author":{"gitId":"-"},"content":"    public static boolean isValidName(String test) {","lastModifiedDate":"2016-08-24","isFullCredit":false},{"lineNumber":38,"author":{"gitId":"-"},"content":"        return test.matches(VALIDATION_REGEX);","lastModifiedDate":"2018-09-22","isFullCredit":false},{"lineNumber":39,"author":{"gitId":"-"},"content":"    }","lastModifiedDate":"2016-08-24","isFullCredit":false},{"lineNumber":40,"author":{"gitId":"-"},"content":"","lastModifiedDate":"2016-08-24","isFullCredit":false},{"lineNumber":41,"author":{"gitId":"-"},"content":"","lastModifiedDate":"2016-08-24","isFullCredit":false},{"lineNumber":42,"author":{"gitId":"-"},"content":"    @Override","lastModifiedDate":"2016-08-24","isFullCredit":false},{"lineNumber":43,"author":{"gitId":"-"},"content":"    public String toString() {","lastModifiedDate":"2016-08-24","isFullCredit":false},{"lineNumber":44,"author":{"gitId":"-"},"content":"        return fullName;","lastModifiedDate":"2016-08-24","isFullCredit":false},{"lineNumber":45,"author":{"gitId":"-"},"content":"    }","lastModifiedDate":"2016-08-24","isFullCredit":false},{"lineNumber":46,"author":{"gitId":"-"},"content":"","lastModifiedDate":"2016-08-24","isFullCredit":false},{"lineNumber":47,"author":{"gitId":"-"},"content":"    @Override","lastModifiedDate":"2016-08-24","isFullCredit":false},{"lineNumber":48,"author":{"gitId":"-"},"content":"    public boolean equals(Object other) {","lastModifiedDate":"2016-08-24","isFullCredit":false},{"lineNumber":49,"author":{"gitId":"-"},"content":"        if (other \u003d\u003d this) {","lastModifiedDate":"2023-07-13","isFullCredit":false},{"lineNumber":50,"author":{"gitId":"-"},"content":"            return true;","lastModifiedDate":"2023-07-13","isFullCredit":false},{"lineNumber":51,"author":{"gitId":"-"},"content":"        }","lastModifiedDate":"2023-07-13","isFullCredit":false},{"lineNumber":52,"author":{"gitId":"-"},"content":"","lastModifiedDate":"2023-07-13","isFullCredit":false},{"lineNumber":53,"author":{"gitId":"-"},"content":"        // instanceof handles nulls","lastModifiedDate":"2023-07-13","isFullCredit":false},{"lineNumber":54,"author":{"gitId":"-"},"content":"        if (!(other instanceof Name)) {","lastModifiedDate":"2023-07-13","isFullCredit":false},{"lineNumber":55,"author":{"gitId":"-"},"content":"            return false;","lastModifiedDate":"2023-07-13","isFullCredit":false},{"lineNumber":56,"author":{"gitId":"-"},"content":"        }","lastModifiedDate":"2023-07-13","isFullCredit":false},{"lineNumber":57,"author":{"gitId":"-"},"content":"","lastModifiedDate":"2023-07-13","isFullCredit":false},{"lineNumber":58,"author":{"gitId":"-"},"content":"        Name otherName \u003d (Name) other;","lastModifiedDate":"2023-07-13","isFullCredit":false},{"lineNumber":59,"author":{"gitId":"-"},"content":"        return fullName.equals(otherName.fullName);","lastModifiedDate":"2023-07-13","isFullCredit":false},{"lineNumber":60,"author":{"gitId":"-"},"content":"    }","lastModifiedDate":"2016-08-24","isFullCredit":false},{"lineNumber":61,"author":{"gitId":"-"},"content":"","lastModifiedDate":"2016-08-24","isFullCredit":false},{"lineNumber":62,"author":{"gitId":"-"},"content":"    @Override","lastModifiedDate":"2016-08-24","isFullCredit":false},{"lineNumber":63,"author":{"gitId":"-"},"content":"    public int hashCode() {","lastModifiedDate":"2016-08-24","isFullCredit":false},{"lineNumber":64,"author":{"gitId":"-"},"content":"        return fullName.hashCode();","lastModifiedDate":"2016-08-24","isFullCredit":false},{"lineNumber":65,"author":{"gitId":"-"},"content":"    }","lastModifiedDate":"2016-08-24","isFullCredit":false},{"lineNumber":66,"author":{"gitId":"-"},"content":"","lastModifiedDate":"2016-08-24","isFullCredit":false},{"lineNumber":67,"author":{"gitId":"-"},"content":"}","lastModifiedDate":"2016-08-24","isFullCredit":false}],"authorContributionMap":{"niha81":2,"-":65}},{"path":"src/main/java/seedu/address/model/person/UniquePersonList.java","fileType":"functional-code","lines":[{"lineNumber":1,"author":{"gitId":"-"},"content":"package seedu.address.model.person;","lastModifiedDate":"2016-08-24","isFullCredit":false},{"lineNumber":2,"author":{"gitId":"-"},"content":"","lastModifiedDate":"2016-08-24","isFullCredit":false},{"lineNumber":3,"author":{"gitId":"-"},"content":"import static java.util.Objects.requireNonNull;","lastModifiedDate":"2017-05-15","isFullCredit":false},{"lineNumber":4,"author":{"gitId":"-"},"content":"import static seedu.address.commons.util.CollectionUtil.requireAllNonNull;","lastModifiedDate":"2018-01-10","isFullCredit":false},{"lineNumber":5,"author":{"gitId":"-"},"content":"","lastModifiedDate":"2017-05-15","isFullCredit":false},{"lineNumber":6,"author":{"gitId":"-"},"content":"import java.util.Iterator;","lastModifiedDate":"2017-01-19","isFullCredit":false},{"lineNumber":7,"author":{"gitId":"-"},"content":"import java.util.List;","lastModifiedDate":"2017-01-19","isFullCredit":false},{"lineNumber":8,"author":{"gitId":"-"},"content":"","lastModifiedDate":"2017-01-19","isFullCredit":false},{"lineNumber":9,"author":{"gitId":"-"},"content":"import javafx.collections.FXCollections;","lastModifiedDate":"2016-08-24","isFullCredit":false},{"lineNumber":10,"author":{"gitId":"-"},"content":"import javafx.collections.ObservableList;","lastModifiedDate":"2016-08-24","isFullCredit":false},{"lineNumber":11,"author":{"gitId":"-"},"content":"import seedu.address.model.person.exceptions.DuplicatePersonException;","lastModifiedDate":"2017-06-09","isFullCredit":false},{"lineNumber":12,"author":{"gitId":"-"},"content":"import seedu.address.model.person.exceptions.PersonLimitReachedException;","lastModifiedDate":"2025-03-31","isFullCredit":false},{"lineNumber":13,"author":{"gitId":"-"},"content":"import seedu.address.model.person.exceptions.PersonNotFoundException;","lastModifiedDate":"2017-06-09","isFullCredit":false},{"lineNumber":14,"author":{"gitId":"-"},"content":"","lastModifiedDate":"2016-08-24","isFullCredit":false},{"lineNumber":15,"author":{"gitId":"-"},"content":"/**","lastModifiedDate":"2016-08-24","isFullCredit":false},{"lineNumber":16,"author":{"gitId":"-"},"content":" * A list of persons that enforces uniqueness between its elements and does not allow nulls.","lastModifiedDate":"2016-09-22","isFullCredit":false},{"lineNumber":17,"author":{"gitId":"-"},"content":" * A person is considered unique by comparing using {@code Person#isSamePerson(Person)}. As such, adding and updating of","lastModifiedDate":"2018-04-19","isFullCredit":false},{"lineNumber":18,"author":{"gitId":"-"},"content":" * persons uses Person#isSamePerson(Person) for equality so as to ensure that the person being added or updated is","lastModifiedDate":"2018-04-19","isFullCredit":false},{"lineNumber":19,"author":{"gitId":"-"},"content":" * unique in terms of identity in the UniquePersonList. However, the removal of a person uses Person#equals(Object) so","lastModifiedDate":"2018-04-19","isFullCredit":false},{"lineNumber":20,"author":{"gitId":"-"},"content":" * as to ensure that the person with exactly the same fields will be removed.","lastModifiedDate":"2018-04-19","isFullCredit":false},{"lineNumber":21,"author":{"gitId":"-"},"content":" *","lastModifiedDate":"2016-08-24","isFullCredit":false},{"lineNumber":22,"author":{"gitId":"-"},"content":" * Supports a minimal set of list operations.","lastModifiedDate":"2016-09-22","isFullCredit":false},{"lineNumber":23,"author":{"gitId":"-"},"content":" *","lastModifiedDate":"2016-08-24","isFullCredit":false},{"lineNumber":24,"author":{"gitId":"-"},"content":" * @see Person#isSamePerson(Person)","lastModifiedDate":"2018-04-19","isFullCredit":false},{"lineNumber":25,"author":{"gitId":"-"},"content":" */","lastModifiedDate":"2016-08-24","isFullCredit":false},{"lineNumber":26,"author":{"gitId":"-"},"content":"public class UniquePersonList implements Iterable\u003cPerson\u003e {","lastModifiedDate":"2016-08-24","isFullCredit":false},{"lineNumber":27,"author":{"gitId":"-"},"content":"","lastModifiedDate":"2016-08-24","isFullCredit":false},{"lineNumber":28,"author":{"gitId":"-"},"content":"    private static final int MAX_PERSON_LIMIT \u003d 30;","lastModifiedDate":"2025-03-31","isFullCredit":false},{"lineNumber":29,"author":{"gitId":"-"},"content":"    private final ObservableList\u003cPerson\u003e internalList \u003d FXCollections.observableArrayList();","lastModifiedDate":"2016-10-19","isFullCredit":false},{"lineNumber":30,"author":{"gitId":"-"},"content":"    private final ObservableList\u003cPerson\u003e internalUnmodifiableList \u003d","lastModifiedDate":"2018-12-09","isFullCredit":false},{"lineNumber":31,"author":{"gitId":"-"},"content":"            FXCollections.unmodifiableObservableList(internalList);","lastModifiedDate":"2018-12-09","isFullCredit":false},{"lineNumber":32,"author":{"gitId":"-"},"content":"","lastModifiedDate":"2016-10-19","isFullCredit":false},{"lineNumber":33,"author":{"gitId":"-"},"content":"    /**","lastModifiedDate":"2016-08-24","isFullCredit":false},{"lineNumber":34,"author":{"gitId":"-"},"content":"     * Returns true if the list contains an equivalent person as the given argument.","lastModifiedDate":"2016-09-22","isFullCredit":false},{"lineNumber":35,"author":{"gitId":"-"},"content":"     */","lastModifiedDate":"2016-08-24","isFullCredit":false},{"lineNumber":36,"author":{"gitId":"-"},"content":"    public boolean contains(Person toCheck) {","lastModifiedDate":"2018-01-10","isFullCredit":false},{"lineNumber":37,"author":{"gitId":"-"},"content":"        requireNonNull(toCheck);","lastModifiedDate":"2017-05-15","isFullCredit":false},{"lineNumber":38,"author":{"gitId":"-"},"content":"        return internalList.stream().anyMatch(toCheck::isSamePerson);","lastModifiedDate":"2018-04-19","isFullCredit":false},{"lineNumber":39,"author":{"gitId":"-"},"content":"    }","lastModifiedDate":"2016-08-24","isFullCredit":false},{"lineNumber":40,"author":{"gitId":"-"},"content":"","lastModifiedDate":"2016-08-24","isFullCredit":false},{"lineNumber":41,"author":{"gitId":"-"},"content":"    /**","lastModifiedDate":"2016-08-24","isFullCredit":false},{"lineNumber":42,"author":{"gitId":"-"},"content":"     * Adds a person to the list.","lastModifiedDate":"2016-08-24","isFullCredit":false},{"lineNumber":43,"author":{"gitId":"-"},"content":"     * The person must not already exist in the list.","lastModifiedDate":"2018-08-07","isFullCredit":false},{"lineNumber":44,"author":{"gitId":"-"},"content":"     */","lastModifiedDate":"2016-08-24","isFullCredit":false},{"lineNumber":45,"author":{"gitId":"-"},"content":"    public void add(Person toAdd) {","lastModifiedDate":"2018-08-07","isFullCredit":false},{"lineNumber":46,"author":{"gitId":"-"},"content":"        requireNonNull(toAdd);","lastModifiedDate":"2017-05-15","isFullCredit":false},{"lineNumber":47,"author":{"gitId":"-"},"content":"","lastModifiedDate":"2025-03-31","isFullCredit":false},{"lineNumber":48,"author":{"gitId":"-"},"content":"        if (internalList.size() \u003e\u003d MAX_PERSON_LIMIT) {","lastModifiedDate":"2025-03-31","isFullCredit":false},{"lineNumber":49,"author":{"gitId":"-"},"content":"            throw new PersonLimitReachedException();","lastModifiedDate":"2025-03-31","isFullCredit":false},{"lineNumber":50,"author":{"gitId":"-"},"content":"        }","lastModifiedDate":"2025-03-31","isFullCredit":false},{"lineNumber":51,"author":{"gitId":"-"},"content":"        if (contains(toAdd)) {","lastModifiedDate":"2016-08-24","isFullCredit":false},{"lineNumber":52,"author":{"gitId":"-"},"content":"            throw new DuplicatePersonException();","lastModifiedDate":"2016-08-24","isFullCredit":false},{"lineNumber":53,"author":{"gitId":"-"},"content":"        }","lastModifiedDate":"2016-08-24","isFullCredit":false},{"lineNumber":54,"author":{"gitId":"-"},"content":"        internalList.add(toAdd);","lastModifiedDate":"2018-01-10","isFullCredit":false},{"lineNumber":55,"author":{"gitId":"-"},"content":"        sortList();","lastModifiedDate":"2025-03-31","isFullCredit":false},{"lineNumber":56,"author":{"gitId":"-"},"content":"    }","lastModifiedDate":"2025-03-31","isFullCredit":false},{"lineNumber":57,"author":{"gitId":"-"},"content":"","lastModifiedDate":"2025-03-31","isFullCredit":false},{"lineNumber":58,"author":{"gitId":"-"},"content":"    /**","lastModifiedDate":"2025-03-31","isFullCredit":false},{"lineNumber":59,"author":{"gitId":"-"},"content":"     * Sorts the internal list of persons in ascending order based on their appointment dates.","lastModifiedDate":"2025-03-31","isFullCredit":false},{"lineNumber":60,"author":{"gitId":"-"},"content":"     * Persons without an appointment date are placed at the end of the list.","lastModifiedDate":"2025-03-31","isFullCredit":false},{"lineNumber":61,"author":{"gitId":"-"},"content":"     */","lastModifiedDate":"2025-03-31","isFullCredit":false},{"lineNumber":62,"author":{"gitId":"-"},"content":"    public void sortList() {","lastModifiedDate":"2025-04-01","isFullCredit":false},{"lineNumber":63,"author":{"gitId":"-"},"content":"        internalList.sort(Person.COMPARE_BY_APPOINTMENT);","lastModifiedDate":"2025-03-31","isFullCredit":false},{"lineNumber":64,"author":{"gitId":"-"},"content":"    }","lastModifiedDate":"2016-08-24","isFullCredit":false},{"lineNumber":65,"author":{"gitId":"-"},"content":"","lastModifiedDate":"2016-08-24","isFullCredit":false},{"lineNumber":66,"author":{"gitId":"-"},"content":"    /**","lastModifiedDate":"2016-12-13","isFullCredit":false},{"lineNumber":67,"author":{"gitId":"-"},"content":"     * Replaces the person {@code target} in the list with {@code editedPerson}.","lastModifiedDate":"2017-06-07","isFullCredit":false},{"lineNumber":68,"author":{"gitId":"-"},"content":"     * {@code target} must exist in the list.","lastModifiedDate":"2018-08-07","isFullCredit":false},{"lineNumber":69,"author":{"gitId":"-"},"content":"     * The person identity of {@code editedPerson} must not be the same as another existing person in the list.","lastModifiedDate":"2018-08-07","isFullCredit":false},{"lineNumber":70,"author":{"gitId":"-"},"content":"     */","lastModifiedDate":"2016-12-13","isFullCredit":false},{"lineNumber":71,"author":{"gitId":"-"},"content":"    public void setPerson(Person target, Person editedPerson) {","lastModifiedDate":"2018-08-07","isFullCredit":false},{"lineNumber":72,"author":{"gitId":"-"},"content":"        requireAllNonNull(target, editedPerson);","lastModifiedDate":"2018-08-08","isFullCredit":false},{"lineNumber":73,"author":{"gitId":"-"},"content":"","lastModifiedDate":"2016-12-13","isFullCredit":false},{"lineNumber":74,"author":{"gitId":"-"},"content":"        int index \u003d internalList.indexOf(target);","lastModifiedDate":"2017-06-07","isFullCredit":false},{"lineNumber":75,"author":{"gitId":"-"},"content":"        if (index \u003d\u003d -1) {","lastModifiedDate":"2017-06-07","isFullCredit":false},{"lineNumber":76,"author":{"gitId":"-"},"content":"            throw new PersonNotFoundException();","lastModifiedDate":"2017-06-07","isFullCredit":false},{"lineNumber":77,"author":{"gitId":"-"},"content":"        }","lastModifiedDate":"2017-06-07","isFullCredit":false},{"lineNumber":78,"author":{"gitId":"-"},"content":"","lastModifiedDate":"2017-06-07","isFullCredit":false},{"lineNumber":79,"author":{"gitId":"-"},"content":"        if (!target.isSamePerson(editedPerson) \u0026\u0026 contains(editedPerson)) {","lastModifiedDate":"2018-04-19","isFullCredit":false},{"lineNumber":80,"author":{"gitId":"-"},"content":"            throw new DuplicatePersonException();","lastModifiedDate":"2016-12-13","isFullCredit":false},{"lineNumber":81,"author":{"gitId":"-"},"content":"        }","lastModifiedDate":"2016-12-13","isFullCredit":false},{"lineNumber":82,"author":{"gitId":"-"},"content":"","lastModifiedDate":"2016-12-13","isFullCredit":false},{"lineNumber":83,"author":{"gitId":"-"},"content":"        internalList.set(index, editedPerson);","lastModifiedDate":"2018-01-10","isFullCredit":false},{"lineNumber":84,"author":{"gitId":"patil-np"},"content":"        sortList();","lastModifiedDate":"2025-04-06","isFullCredit":false},{"lineNumber":85,"author":{"gitId":"-"},"content":"    }","lastModifiedDate":"2016-12-13","isFullCredit":false},{"lineNumber":86,"author":{"gitId":"-"},"content":"","lastModifiedDate":"2016-12-13","isFullCredit":false},{"lineNumber":87,"author":{"gitId":"-"},"content":"    /**","lastModifiedDate":"2016-08-24","isFullCredit":false},{"lineNumber":88,"author":{"gitId":"-"},"content":"     * Removes the equivalent person from the list.","lastModifiedDate":"2016-08-24","isFullCredit":false},{"lineNumber":89,"author":{"gitId":"-"},"content":"     * The person must exist in the list.","lastModifiedDate":"2018-08-07","isFullCredit":false},{"lineNumber":90,"author":{"gitId":"-"},"content":"     */","lastModifiedDate":"2016-08-24","isFullCredit":false},{"lineNumber":91,"author":{"gitId":"-"},"content":"    public void remove(Person toRemove) {","lastModifiedDate":"2018-08-07","isFullCredit":false},{"lineNumber":92,"author":{"gitId":"-"},"content":"        requireNonNull(toRemove);","lastModifiedDate":"2017-05-15","isFullCredit":false},{"lineNumber":93,"author":{"gitId":"-"},"content":"        if (!internalList.remove(toRemove)) {","lastModifiedDate":"2018-02-28","isFullCredit":false},{"lineNumber":94,"author":{"gitId":"-"},"content":"            throw new PersonNotFoundException();","lastModifiedDate":"2016-08-24","isFullCredit":false},{"lineNumber":95,"author":{"gitId":"-"},"content":"        }","lastModifiedDate":"2016-08-24","isFullCredit":false},{"lineNumber":96,"author":{"gitId":"-"},"content":"    }","lastModifiedDate":"2016-08-24","isFullCredit":false},{"lineNumber":97,"author":{"gitId":"-"},"content":"","lastModifiedDate":"2016-08-24","isFullCredit":false},{"lineNumber":98,"author":{"gitId":"-"},"content":"    public void setPersons(UniquePersonList replacement) {","lastModifiedDate":"2016-10-19","isFullCredit":false},{"lineNumber":99,"author":{"gitId":"-"},"content":"        requireNonNull(replacement);","lastModifiedDate":"2018-08-08","isFullCredit":false},{"lineNumber":100,"author":{"gitId":"-"},"content":"        internalList.setAll(replacement.internalList);","lastModifiedDate":"2018-08-14","isFullCredit":false},{"lineNumber":101,"author":{"gitId":"-"},"content":"    }","lastModifiedDate":"2016-10-19","isFullCredit":false},{"lineNumber":102,"author":{"gitId":"-"},"content":"","lastModifiedDate":"2016-10-19","isFullCredit":false},{"lineNumber":103,"author":{"gitId":"-"},"content":"    /**","lastModifiedDate":"2018-08-07","isFullCredit":false},{"lineNumber":104,"author":{"gitId":"-"},"content":"     * Replaces the contents of this list with {@code persons}.","lastModifiedDate":"2018-08-07","isFullCredit":false},{"lineNumber":105,"author":{"gitId":"-"},"content":"     * {@code persons} must not contain duplicate persons.","lastModifiedDate":"2018-08-07","isFullCredit":false},{"lineNumber":106,"author":{"gitId":"-"},"content":"     */","lastModifiedDate":"2018-08-07","isFullCredit":false},{"lineNumber":107,"author":{"gitId":"-"},"content":"    public void setPersons(List\u003cPerson\u003e persons) {","lastModifiedDate":"2018-08-07","isFullCredit":false},{"lineNumber":108,"author":{"gitId":"-"},"content":"        requireAllNonNull(persons);","lastModifiedDate":"2018-01-10","isFullCredit":false},{"lineNumber":109,"author":{"gitId":"-"},"content":"        if (!personsAreUnique(persons)) {","lastModifiedDate":"2018-04-19","isFullCredit":false},{"lineNumber":110,"author":{"gitId":"-"},"content":"            throw new DuplicatePersonException();","lastModifiedDate":"2018-01-21","isFullCredit":false},{"lineNumber":111,"author":{"gitId":"-"},"content":"        }","lastModifiedDate":"2016-12-24","isFullCredit":false},{"lineNumber":112,"author":{"gitId":"-"},"content":"","lastModifiedDate":"2018-01-21","isFullCredit":false},{"lineNumber":113,"author":{"gitId":"-"},"content":"        internalList.setAll(persons);","lastModifiedDate":"2018-08-14","isFullCredit":false},{"lineNumber":114,"author":{"gitId":"-"},"content":"    }","lastModifiedDate":"2016-12-24","isFullCredit":false},{"lineNumber":115,"author":{"gitId":"-"},"content":"","lastModifiedDate":"2016-12-24","isFullCredit":false},{"lineNumber":116,"author":{"gitId":"-"},"content":"    /**","lastModifiedDate":"2017-09-01","isFullCredit":false},{"lineNumber":117,"author":{"gitId":"-"},"content":"     * Returns the backing list as an unmodifiable {@code ObservableList}.","lastModifiedDate":"2017-09-01","isFullCredit":false},{"lineNumber":118,"author":{"gitId":"-"},"content":"     */","lastModifiedDate":"2017-09-01","isFullCredit":false},{"lineNumber":119,"author":{"gitId":"-"},"content":"    public ObservableList\u003cPerson\u003e asUnmodifiableObservableList() {","lastModifiedDate":"2018-04-05","isFullCredit":false},{"lineNumber":120,"author":{"gitId":"-"},"content":"        return internalUnmodifiableList;","lastModifiedDate":"2018-12-09","isFullCredit":false},{"lineNumber":121,"author":{"gitId":"-"},"content":"    }","lastModifiedDate":"2016-09-22","isFullCredit":false},{"lineNumber":122,"author":{"gitId":"-"},"content":"","lastModifiedDate":"2016-09-22","isFullCredit":false},{"lineNumber":123,"author":{"gitId":"-"},"content":"    @Override","lastModifiedDate":"2016-08-24","isFullCredit":false},{"lineNumber":124,"author":{"gitId":"-"},"content":"    public Iterator\u003cPerson\u003e iterator() {","lastModifiedDate":"2016-08-24","isFullCredit":false},{"lineNumber":125,"author":{"gitId":"-"},"content":"        return internalList.iterator();","lastModifiedDate":"2016-08-24","isFullCredit":false},{"lineNumber":126,"author":{"gitId":"-"},"content":"    }","lastModifiedDate":"2016-08-24","isFullCredit":false},{"lineNumber":127,"author":{"gitId":"-"},"content":"","lastModifiedDate":"2016-08-24","isFullCredit":false},{"lineNumber":128,"author":{"gitId":"-"},"content":"    @Override","lastModifiedDate":"2016-09-21","isFullCredit":false},{"lineNumber":129,"author":{"gitId":"-"},"content":"    public boolean equals(Object other) {","lastModifiedDate":"2016-09-21","isFullCredit":false},{"lineNumber":130,"author":{"gitId":"-"},"content":"        if (other \u003d\u003d this) {","lastModifiedDate":"2023-07-13","isFullCredit":false},{"lineNumber":131,"author":{"gitId":"-"},"content":"            return true;","lastModifiedDate":"2023-07-13","isFullCredit":false},{"lineNumber":132,"author":{"gitId":"-"},"content":"        }","lastModifiedDate":"2023-07-13","isFullCredit":false},{"lineNumber":133,"author":{"gitId":"-"},"content":"","lastModifiedDate":"2023-07-13","isFullCredit":false},{"lineNumber":134,"author":{"gitId":"-"},"content":"        // instanceof handles nulls","lastModifiedDate":"2023-07-13","isFullCredit":false},{"lineNumber":135,"author":{"gitId":"-"},"content":"        if (!(other instanceof UniquePersonList)) {","lastModifiedDate":"2023-07-13","isFullCredit":false},{"lineNumber":136,"author":{"gitId":"-"},"content":"            return false;","lastModifiedDate":"2023-07-13","isFullCredit":false},{"lineNumber":137,"author":{"gitId":"-"},"content":"        }","lastModifiedDate":"2023-07-13","isFullCredit":false},{"lineNumber":138,"author":{"gitId":"-"},"content":"","lastModifiedDate":"2023-07-13","isFullCredit":false},{"lineNumber":139,"author":{"gitId":"-"},"content":"        UniquePersonList otherUniquePersonList \u003d (UniquePersonList) other;","lastModifiedDate":"2023-07-13","isFullCredit":false},{"lineNumber":140,"author":{"gitId":"-"},"content":"        return internalList.equals(otherUniquePersonList.internalList);","lastModifiedDate":"2023-07-13","isFullCredit":false},{"lineNumber":141,"author":{"gitId":"-"},"content":"    }","lastModifiedDate":"2016-09-21","isFullCredit":false},{"lineNumber":142,"author":{"gitId":"-"},"content":"","lastModifiedDate":"2016-09-21","isFullCredit":false},{"lineNumber":143,"author":{"gitId":"-"},"content":"    @Override","lastModifiedDate":"2016-09-21","isFullCredit":false},{"lineNumber":144,"author":{"gitId":"-"},"content":"    public int hashCode() {","lastModifiedDate":"2016-09-21","isFullCredit":false},{"lineNumber":145,"author":{"gitId":"-"},"content":"        return internalList.hashCode();","lastModifiedDate":"2016-09-21","isFullCredit":false},{"lineNumber":146,"author":{"gitId":"-"},"content":"    }","lastModifiedDate":"2016-09-21","isFullCredit":false},{"lineNumber":147,"author":{"gitId":"-"},"content":"","lastModifiedDate":"2018-04-19","isFullCredit":false},{"lineNumber":148,"author":{"gitId":"-"},"content":"    @Override","lastModifiedDate":"2019-02-24","isFullCredit":false},{"lineNumber":149,"author":{"gitId":"-"},"content":"    public String toString() {","lastModifiedDate":"2019-02-24","isFullCredit":false},{"lineNumber":150,"author":{"gitId":"-"},"content":"        return internalList.toString();","lastModifiedDate":"2019-02-24","isFullCredit":false},{"lineNumber":151,"author":{"gitId":"-"},"content":"    }","lastModifiedDate":"2019-02-24","isFullCredit":false},{"lineNumber":152,"author":{"gitId":"-"},"content":"","lastModifiedDate":"2019-02-24","isFullCredit":false},{"lineNumber":153,"author":{"gitId":"-"},"content":"    /**","lastModifiedDate":"2018-04-19","isFullCredit":false},{"lineNumber":154,"author":{"gitId":"-"},"content":"     * Returns true if {@code persons} contains only unique persons.","lastModifiedDate":"2018-04-19","isFullCredit":false},{"lineNumber":155,"author":{"gitId":"-"},"content":"     */","lastModifiedDate":"2018-04-19","isFullCredit":false},{"lineNumber":156,"author":{"gitId":"-"},"content":"    private boolean personsAreUnique(List\u003cPerson\u003e persons) {","lastModifiedDate":"2018-04-19","isFullCredit":false},{"lineNumber":157,"author":{"gitId":"-"},"content":"        for (int i \u003d 0; i \u003c persons.size() - 1; i++) {","lastModifiedDate":"2018-04-19","isFullCredit":false},{"lineNumber":158,"author":{"gitId":"-"},"content":"            for (int j \u003d i + 1; j \u003c persons.size(); j++) {","lastModifiedDate":"2018-04-19","isFullCredit":false},{"lineNumber":159,"author":{"gitId":"-"},"content":"                if (persons.get(i).isSamePerson(persons.get(j))) {","lastModifiedDate":"2018-04-19","isFullCredit":false},{"lineNumber":160,"author":{"gitId":"-"},"content":"                    return false;","lastModifiedDate":"2018-04-19","isFullCredit":false},{"lineNumber":161,"author":{"gitId":"-"},"content":"                }","lastModifiedDate":"2018-04-19","isFullCredit":false},{"lineNumber":162,"author":{"gitId":"-"},"content":"            }","lastModifiedDate":"2018-04-19","isFullCredit":false},{"lineNumber":163,"author":{"gitId":"-"},"content":"        }","lastModifiedDate":"2018-04-19","isFullCredit":false},{"lineNumber":164,"author":{"gitId":"-"},"content":"        return true;","lastModifiedDate":"2018-04-19","isFullCredit":false},{"lineNumber":165,"author":{"gitId":"-"},"content":"    }","lastModifiedDate":"2018-04-19","isFullCredit":false},{"lineNumber":166,"author":{"gitId":"-"},"content":"}","lastModifiedDate":"2016-08-24","isFullCredit":false}],"authorContributionMap":{"patil-np":1,"-":165}},{"path":"src/test/java/seedu/address/logic/parser/ParserUtilTest.java","fileType":"test-code","lines":[{"lineNumber":1,"author":{"gitId":"-"},"content":"package seedu.address.logic.parser;","lastModifiedDate":"2017-05-22","isFullCredit":false},{"lineNumber":2,"author":{"gitId":"-"},"content":"","lastModifiedDate":"2017-05-22","isFullCredit":false},{"lineNumber":3,"author":{"gitId":"-"},"content":"import static org.junit.jupiter.api.Assertions.assertEquals;","lastModifiedDate":"2019-03-15","isFullCredit":false},{"lineNumber":4,"author":{"gitId":"-"},"content":"import static org.junit.jupiter.api.Assertions.assertTrue;","lastModifiedDate":"2019-03-15","isFullCredit":false},{"lineNumber":5,"author":{"gitId":"-"},"content":"import static seedu.address.logic.parser.ParserUtil.MESSAGE_INVALID_INDEX;","lastModifiedDate":"2017-06-02","isFullCredit":false},{"lineNumber":6,"author":{"gitId":"-"},"content":"import static seedu.address.testutil.Assert.assertThrows;","lastModifiedDate":"2019-03-14","isFullCredit":false},{"lineNumber":7,"author":{"gitId":"-"},"content":"import static seedu.address.testutil.TypicalIndexes.INDEX_FIRST_PERSON;","lastModifiedDate":"2017-08-05","isFullCredit":false},{"lineNumber":8,"author":{"gitId":"-"},"content":"","lastModifiedDate":"2017-05-22","isFullCredit":false},{"lineNumber":9,"author":{"gitId":"-"},"content":"import java.util.Arrays;","lastModifiedDate":"2017-05-22","isFullCredit":false},{"lineNumber":10,"author":{"gitId":"-"},"content":"import java.util.Collections;","lastModifiedDate":"2017-05-22","isFullCredit":false},{"lineNumber":11,"author":{"gitId":"-"},"content":"import java.util.HashSet;","lastModifiedDate":"2017-05-22","isFullCredit":false},{"lineNumber":12,"author":{"gitId":"-"},"content":"import java.util.Set;","lastModifiedDate":"2017-05-22","isFullCredit":false},{"lineNumber":13,"author":{"gitId":"-"},"content":"","lastModifiedDate":"2017-05-22","isFullCredit":false},{"lineNumber":14,"author":{"gitId":"-"},"content":"import org.junit.jupiter.api.Test;","lastModifiedDate":"2019-04-27","isFullCredit":false},{"lineNumber":15,"author":{"gitId":"-"},"content":"","lastModifiedDate":"2017-05-22","isFullCredit":false},{"lineNumber":16,"author":{"gitId":"-"},"content":"import seedu.address.logic.parser.exceptions.ParseException;","lastModifiedDate":"2018-07-10","isFullCredit":false},{"lineNumber":17,"author":{"gitId":"-"},"content":"import seedu.address.model.person.Address;","lastModifiedDate":"2017-05-22","isFullCredit":false},{"lineNumber":18,"author":{"gitId":"-"},"content":"import seedu.address.model.person.AppointmentDate;","lastModifiedDate":"2025-04-01","isFullCredit":false},{"lineNumber":19,"author":{"gitId":"-"},"content":"import seedu.address.model.person.Gender;","lastModifiedDate":"2025-03-18","isFullCredit":false},{"lineNumber":20,"author":{"gitId":"-"},"content":"import seedu.address.model.person.Name;","lastModifiedDate":"2017-05-22","isFullCredit":false},{"lineNumber":21,"author":{"gitId":"-"},"content":"import seedu.address.model.person.Phone;","lastModifiedDate":"2017-05-22","isFullCredit":false},{"lineNumber":22,"author":{"gitId":"-"},"content":"import seedu.address.model.tag.Tag;","lastModifiedDate":"2017-05-22","isFullCredit":false},{"lineNumber":23,"author":{"gitId":"-"},"content":"import seedu.address.model.tag.Tag.TagType;","lastModifiedDate":"2025-03-27","isFullCredit":false},{"lineNumber":24,"author":{"gitId":"-"},"content":"","lastModifiedDate":"2017-05-22","isFullCredit":false},{"lineNumber":25,"author":{"gitId":"-"},"content":"public class ParserUtilTest {","lastModifiedDate":"2017-05-22","isFullCredit":false},{"lineNumber":26,"author":{"gitId":"niha81"},"content":"    private static final String INVALID_NAME \u003d \"R$chel\";","lastModifiedDate":"2025-04-06","isFullCredit":false},{"lineNumber":27,"author":{"gitId":"-"},"content":"    private static final String INVALID_PHONE \u003d \"+651234\";","lastModifiedDate":"2017-05-22","isFullCredit":false},{"lineNumber":28,"author":{"gitId":"-"},"content":"    private static final String INVALID_ADDRESS \u003d \" \";","lastModifiedDate":"2017-05-22","isFullCredit":false},{"lineNumber":29,"author":{"gitId":"-"},"content":"    private static final String INVALID_GENDER \u003d \"not sure\";","lastModifiedDate":"2025-03-18","isFullCredit":false},{"lineNumber":30,"author":{"gitId":"-"},"content":"    private static final String INVALID_TAG \u003d \"#friend\";","lastModifiedDate":"2017-05-22","isFullCredit":false},{"lineNumber":31,"author":{"gitId":"-"},"content":"","lastModifiedDate":"2017-05-22","isFullCredit":false},{"lineNumber":32,"author":{"gitId":"-"},"content":"    private static final String VALID_NAME \u003d \"Rachel Walker\";","lastModifiedDate":"2017-05-22","isFullCredit":false},{"lineNumber":33,"author":{"gitId":"-"},"content":"    private static final String VALID_PHONE \u003d \"123456\";","lastModifiedDate":"2017-05-22","isFullCredit":false},{"lineNumber":34,"author":{"gitId":"-"},"content":"    private static final String VALID_ADDRESS \u003d \"123 Main Street #0505\";","lastModifiedDate":"2017-05-22","isFullCredit":false},{"lineNumber":35,"author":{"gitId":"-"},"content":"    private static final String VALID_GENDER \u003d \"female\";","lastModifiedDate":"2025-03-18","isFullCredit":false},{"lineNumber":36,"author":{"gitId":"-"},"content":"    private static final String VALID_TAG_1 \u003d \"friend\";","lastModifiedDate":"2017-05-22","isFullCredit":false},{"lineNumber":37,"author":{"gitId":"-"},"content":"    private static final String VALID_TAG_2 \u003d \"neighbour\";","lastModifiedDate":"2017-05-22","isFullCredit":false},{"lineNumber":38,"author":{"gitId":"-"},"content":"","lastModifiedDate":"2017-05-22","isFullCredit":false},{"lineNumber":39,"author":{"gitId":"-"},"content":"    private static final String WHITESPACE \u003d \" \\t\\r\\n\";","lastModifiedDate":"2017-05-29","isFullCredit":false},{"lineNumber":40,"author":{"gitId":"-"},"content":"","lastModifiedDate":"2017-05-29","isFullCredit":false},{"lineNumber":41,"author":{"gitId":"-"},"content":"    @Test","lastModifiedDate":"2017-05-26","isFullCredit":false},{"lineNumber":42,"author":{"gitId":"-"},"content":"    public void parseIndex_invalidInput_throwsParseException() {","lastModifiedDate":"2019-03-23","isFullCredit":false},{"lineNumber":43,"author":{"gitId":"-"},"content":"        assertThrows(ParseException.class, () -\u003e ParserUtil.parseIndex(\"10 a\"));","lastModifiedDate":"2019-03-23","isFullCredit":false},{"lineNumber":44,"author":{"gitId":"-"},"content":"    }","lastModifiedDate":"2017-05-26","isFullCredit":false},{"lineNumber":45,"author":{"gitId":"-"},"content":"","lastModifiedDate":"2017-05-26","isFullCredit":false},{"lineNumber":46,"author":{"gitId":"-"},"content":"    @Test","lastModifiedDate":"2017-05-26","isFullCredit":false},{"lineNumber":47,"author":{"gitId":"-"},"content":"    public void parseIndex_outOfRangeInput_throwsParseException() {","lastModifiedDate":"2019-03-23","isFullCredit":false},{"lineNumber":48,"author":{"gitId":"-"},"content":"        assertThrows(ParseException.class, MESSAGE_INVALID_INDEX, ()","lastModifiedDate":"2019-03-23","isFullCredit":false},{"lineNumber":49,"author":{"gitId":"-"},"content":"                -\u003e ParserUtil.parseIndex(Long.toString(Integer.MAX_VALUE + 1)));","lastModifiedDate":"2019-03-23","isFullCredit":false},{"lineNumber":50,"author":{"gitId":"-"},"content":"    }","lastModifiedDate":"2017-05-26","isFullCredit":false},{"lineNumber":51,"author":{"gitId":"-"},"content":"","lastModifiedDate":"2017-05-26","isFullCredit":false},{"lineNumber":52,"author":{"gitId":"-"},"content":"    @Test","lastModifiedDate":"2017-05-26","isFullCredit":false},{"lineNumber":53,"author":{"gitId":"-"},"content":"    public void parseIndex_validInput_success() throws Exception {","lastModifiedDate":"2017-05-26","isFullCredit":false},{"lineNumber":54,"author":{"gitId":"-"},"content":"        assertEquals(INDEX_FIRST_PERSON, ParserUtil.parseIndex(\"1\"));","lastModifiedDate":"2017-05-25","isFullCredit":false},{"lineNumber":55,"author":{"gitId":"-"},"content":"        assertEquals(INDEX_FIRST_PERSON, ParserUtil.parseIndex(\"  1  \"));","lastModifiedDate":"2017-05-25","isFullCredit":false},{"lineNumber":56,"author":{"gitId":"-"},"content":"    }","lastModifiedDate":"2017-05-26","isFullCredit":false},{"lineNumber":57,"author":{"gitId":"-"},"content":"","lastModifiedDate":"2017-05-26","isFullCredit":false},{"lineNumber":58,"author":{"gitId":"-"},"content":"    @Test","lastModifiedDate":"2017-05-22","isFullCredit":false},{"lineNumber":59,"author":{"gitId":"-"},"content":"    public void parseName_null_throwsNullPointerException() {","lastModifiedDate":"2017-05-29","isFullCredit":false},{"lineNumber":60,"author":{"gitId":"-"},"content":"        assertThrows(NullPointerException.class, () -\u003e ParserUtil.parseName((String) null));","lastModifiedDate":"2019-03-14","isFullCredit":false},{"lineNumber":61,"author":{"gitId":"-"},"content":"    }","lastModifiedDate":"2017-05-22","isFullCredit":false},{"lineNumber":62,"author":{"gitId":"-"},"content":"","lastModifiedDate":"2017-05-22","isFullCredit":false},{"lineNumber":63,"author":{"gitId":"-"},"content":"    @Test","lastModifiedDate":"2017-05-22","isFullCredit":false},{"lineNumber":64,"author":{"gitId":"-"},"content":"    public void parseName_invalidValue_throwsParseException() {","lastModifiedDate":"2018-07-10","isFullCredit":false},{"lineNumber":65,"author":{"gitId":"-"},"content":"        assertThrows(ParseException.class, () -\u003e ParserUtil.parseName(INVALID_NAME));","lastModifiedDate":"2019-03-14","isFullCredit":false},{"lineNumber":66,"author":{"gitId":"-"},"content":"    }","lastModifiedDate":"2017-05-22","isFullCredit":false},{"lineNumber":67,"author":{"gitId":"-"},"content":"","lastModifiedDate":"2017-05-22","isFullCredit":false},{"lineNumber":68,"author":{"gitId":"-"},"content":"    @Test","lastModifiedDate":"2017-05-22","isFullCredit":false},{"lineNumber":69,"author":{"gitId":"-"},"content":"    public void parseName_validValueWithoutWhitespace_returnsName() throws Exception {","lastModifiedDate":"2017-05-29","isFullCredit":false},{"lineNumber":70,"author":{"gitId":"-"},"content":"        Name expectedName \u003d new Name(VALID_NAME);","lastModifiedDate":"2017-05-22","isFullCredit":false},{"lineNumber":71,"author":{"gitId":"-"},"content":"        assertEquals(expectedName, ParserUtil.parseName(VALID_NAME));","lastModifiedDate":"2017-05-29","isFullCredit":false},{"lineNumber":72,"author":{"gitId":"-"},"content":"    }","lastModifiedDate":"2017-05-29","isFullCredit":false},{"lineNumber":73,"author":{"gitId":"-"},"content":"","lastModifiedDate":"2017-05-22","isFullCredit":false},{"lineNumber":74,"author":{"gitId":"-"},"content":"    @Test","lastModifiedDate":"2017-05-29","isFullCredit":false},{"lineNumber":75,"author":{"gitId":"-"},"content":"    public void parseName_validValueWithWhitespace_returnsTrimmedName() throws Exception {","lastModifiedDate":"2017-05-29","isFullCredit":false},{"lineNumber":76,"author":{"gitId":"-"},"content":"        String nameWithWhitespace \u003d WHITESPACE + VALID_NAME + WHITESPACE;","lastModifiedDate":"2017-05-29","isFullCredit":false},{"lineNumber":77,"author":{"gitId":"-"},"content":"        Name expectedName \u003d new Name(VALID_NAME);","lastModifiedDate":"2017-05-29","isFullCredit":false},{"lineNumber":78,"author":{"gitId":"-"},"content":"        assertEquals(expectedName, ParserUtil.parseName(nameWithWhitespace));","lastModifiedDate":"2017-05-29","isFullCredit":false},{"lineNumber":79,"author":{"gitId":"-"},"content":"    }","lastModifiedDate":"2017-05-22","isFullCredit":false},{"lineNumber":80,"author":{"gitId":"-"},"content":"","lastModifiedDate":"2017-05-22","isFullCredit":false},{"lineNumber":81,"author":{"gitId":"-"},"content":"    @Test","lastModifiedDate":"2017-05-22","isFullCredit":false},{"lineNumber":82,"author":{"gitId":"-"},"content":"    public void parsePhone_null_throwsNullPointerException() {","lastModifiedDate":"2017-05-30","isFullCredit":false},{"lineNumber":83,"author":{"gitId":"-"},"content":"        assertThrows(NullPointerException.class, () -\u003e ParserUtil.parsePhone((String) null));","lastModifiedDate":"2019-03-14","isFullCredit":false},{"lineNumber":84,"author":{"gitId":"-"},"content":"    }","lastModifiedDate":"2017-05-22","isFullCredit":false},{"lineNumber":85,"author":{"gitId":"-"},"content":"","lastModifiedDate":"2017-05-22","isFullCredit":false},{"lineNumber":86,"author":{"gitId":"-"},"content":"    @Test","lastModifiedDate":"2017-05-22","isFullCredit":false},{"lineNumber":87,"author":{"gitId":"-"},"content":"    public void parsePhone_invalidValue_throwsParseException() {","lastModifiedDate":"2018-07-10","isFullCredit":false},{"lineNumber":88,"author":{"gitId":"-"},"content":"        assertThrows(ParseException.class, () -\u003e ParserUtil.parsePhone(INVALID_PHONE));","lastModifiedDate":"2019-03-14","isFullCredit":false},{"lineNumber":89,"author":{"gitId":"-"},"content":"    }","lastModifiedDate":"2017-05-22","isFullCredit":false},{"lineNumber":90,"author":{"gitId":"-"},"content":"","lastModifiedDate":"2017-05-22","isFullCredit":false},{"lineNumber":91,"author":{"gitId":"-"},"content":"    @Test","lastModifiedDate":"2017-05-22","isFullCredit":false},{"lineNumber":92,"author":{"gitId":"-"},"content":"    public void parsePhone_validValueWithoutWhitespace_returnsPhone() throws Exception {","lastModifiedDate":"2017-05-30","isFullCredit":false},{"lineNumber":93,"author":{"gitId":"-"},"content":"        Phone expectedPhone \u003d new Phone(VALID_PHONE);","lastModifiedDate":"2017-05-22","isFullCredit":false},{"lineNumber":94,"author":{"gitId":"-"},"content":"        assertEquals(expectedPhone, ParserUtil.parsePhone(VALID_PHONE));","lastModifiedDate":"2017-05-30","isFullCredit":false},{"lineNumber":95,"author":{"gitId":"-"},"content":"    }","lastModifiedDate":"2017-05-30","isFullCredit":false},{"lineNumber":96,"author":{"gitId":"-"},"content":"","lastModifiedDate":"2017-05-22","isFullCredit":false},{"lineNumber":97,"author":{"gitId":"-"},"content":"    @Test","lastModifiedDate":"2017-05-30","isFullCredit":false},{"lineNumber":98,"author":{"gitId":"-"},"content":"    public void parsePhone_validValueWithWhitespace_returnsTrimmedPhone() throws Exception {","lastModifiedDate":"2017-05-30","isFullCredit":false},{"lineNumber":99,"author":{"gitId":"-"},"content":"        String phoneWithWhitespace \u003d WHITESPACE + VALID_PHONE + WHITESPACE;","lastModifiedDate":"2017-05-30","isFullCredit":false},{"lineNumber":100,"author":{"gitId":"-"},"content":"        Phone expectedPhone \u003d new Phone(VALID_PHONE);","lastModifiedDate":"2017-05-30","isFullCredit":false},{"lineNumber":101,"author":{"gitId":"-"},"content":"        assertEquals(expectedPhone, ParserUtil.parsePhone(phoneWithWhitespace));","lastModifiedDate":"2017-05-30","isFullCredit":false},{"lineNumber":102,"author":{"gitId":"-"},"content":"    }","lastModifiedDate":"2017-05-22","isFullCredit":false},{"lineNumber":103,"author":{"gitId":"-"},"content":"","lastModifiedDate":"2017-05-22","isFullCredit":false},{"lineNumber":104,"author":{"gitId":"-"},"content":"    @Test","lastModifiedDate":"2017-05-22","isFullCredit":false},{"lineNumber":105,"author":{"gitId":"-"},"content":"    public void parseAddress_null_throwsNullPointerException() {","lastModifiedDate":"2017-05-30","isFullCredit":false},{"lineNumber":106,"author":{"gitId":"-"},"content":"        assertThrows(NullPointerException.class, () -\u003e ParserUtil.parseAddress((String) null));","lastModifiedDate":"2019-03-14","isFullCredit":false},{"lineNumber":107,"author":{"gitId":"-"},"content":"    }","lastModifiedDate":"2017-05-22","isFullCredit":false},{"lineNumber":108,"author":{"gitId":"-"},"content":"","lastModifiedDate":"2017-05-22","isFullCredit":false},{"lineNumber":109,"author":{"gitId":"-"},"content":"    @Test","lastModifiedDate":"2017-05-22","isFullCredit":false},{"lineNumber":110,"author":{"gitId":"-"},"content":"    public void parseAddress_invalidValue_throwsParseException() {","lastModifiedDate":"2018-07-10","isFullCredit":false},{"lineNumber":111,"author":{"gitId":"-"},"content":"        assertThrows(ParseException.class, () -\u003e ParserUtil.parseAddress(INVALID_ADDRESS));","lastModifiedDate":"2019-03-14","isFullCredit":false},{"lineNumber":112,"author":{"gitId":"-"},"content":"    }","lastModifiedDate":"2017-05-22","isFullCredit":false},{"lineNumber":113,"author":{"gitId":"-"},"content":"","lastModifiedDate":"2017-05-22","isFullCredit":false},{"lineNumber":114,"author":{"gitId":"-"},"content":"    @Test","lastModifiedDate":"2017-05-22","isFullCredit":false},{"lineNumber":115,"author":{"gitId":"-"},"content":"    public void parseAddress_validValueWithoutWhitespace_returnsAddress() throws Exception {","lastModifiedDate":"2017-05-30","isFullCredit":false},{"lineNumber":116,"author":{"gitId":"-"},"content":"        Address expectedAddress \u003d new Address(VALID_ADDRESS);","lastModifiedDate":"2017-05-22","isFullCredit":false},{"lineNumber":117,"author":{"gitId":"-"},"content":"        assertEquals(expectedAddress, ParserUtil.parseAddress(VALID_ADDRESS));","lastModifiedDate":"2017-05-30","isFullCredit":false},{"lineNumber":118,"author":{"gitId":"-"},"content":"    }","lastModifiedDate":"2017-05-30","isFullCredit":false},{"lineNumber":119,"author":{"gitId":"-"},"content":"","lastModifiedDate":"2017-05-22","isFullCredit":false},{"lineNumber":120,"author":{"gitId":"-"},"content":"    @Test","lastModifiedDate":"2017-05-30","isFullCredit":false},{"lineNumber":121,"author":{"gitId":"-"},"content":"    public void parseAddress_validValueWithWhitespace_returnsTrimmedAddress() throws Exception {","lastModifiedDate":"2017-05-30","isFullCredit":false},{"lineNumber":122,"author":{"gitId":"-"},"content":"        String addressWithWhitespace \u003d WHITESPACE + VALID_ADDRESS + WHITESPACE;","lastModifiedDate":"2017-05-30","isFullCredit":false},{"lineNumber":123,"author":{"gitId":"-"},"content":"        Address expectedAddress \u003d new Address(VALID_ADDRESS);","lastModifiedDate":"2017-05-30","isFullCredit":false},{"lineNumber":124,"author":{"gitId":"-"},"content":"        assertEquals(expectedAddress, ParserUtil.parseAddress(addressWithWhitespace));","lastModifiedDate":"2017-05-30","isFullCredit":false},{"lineNumber":125,"author":{"gitId":"-"},"content":"    }","lastModifiedDate":"2017-05-22","isFullCredit":false},{"lineNumber":126,"author":{"gitId":"-"},"content":"","lastModifiedDate":"2017-05-22","isFullCredit":false},{"lineNumber":127,"author":{"gitId":"-"},"content":"    @Test","lastModifiedDate":"2017-05-22","isFullCredit":false},{"lineNumber":128,"author":{"gitId":"-"},"content":"    public void parseGender_null_throwsNullPointerException() {","lastModifiedDate":"2025-03-18","isFullCredit":false},{"lineNumber":129,"author":{"gitId":"-"},"content":"        assertThrows(NullPointerException.class, () -\u003e ParserUtil.parseGender((String) null));","lastModifiedDate":"2025-03-18","isFullCredit":false},{"lineNumber":130,"author":{"gitId":"-"},"content":"    }","lastModifiedDate":"2017-05-22","isFullCredit":false},{"lineNumber":131,"author":{"gitId":"-"},"content":"","lastModifiedDate":"2017-05-22","isFullCredit":false},{"lineNumber":132,"author":{"gitId":"-"},"content":"    @Test","lastModifiedDate":"2017-05-22","isFullCredit":false},{"lineNumber":133,"author":{"gitId":"-"},"content":"    public void parseGender_invalidValue_throwsParseException() {","lastModifiedDate":"2025-03-18","isFullCredit":false},{"lineNumber":134,"author":{"gitId":"-"},"content":"        assertThrows(ParseException.class, () -\u003e ParserUtil.parseGender(INVALID_GENDER));","lastModifiedDate":"2025-03-18","isFullCredit":false},{"lineNumber":135,"author":{"gitId":"-"},"content":"    }","lastModifiedDate":"2017-05-22","isFullCredit":false},{"lineNumber":136,"author":{"gitId":"-"},"content":"","lastModifiedDate":"2017-05-22","isFullCredit":false},{"lineNumber":137,"author":{"gitId":"-"},"content":"    @Test","lastModifiedDate":"2017-05-22","isFullCredit":false},{"lineNumber":138,"author":{"gitId":"-"},"content":"    public void parseGender_validValueWithoutWhitespace_returnsGender() throws Exception {","lastModifiedDate":"2025-03-18","isFullCredit":false},{"lineNumber":139,"author":{"gitId":"-"},"content":"        Gender expectedGender \u003d new Gender(VALID_GENDER);","lastModifiedDate":"2025-03-18","isFullCredit":false},{"lineNumber":140,"author":{"gitId":"-"},"content":"        assertEquals(expectedGender, ParserUtil.parseGender(VALID_GENDER));","lastModifiedDate":"2025-03-18","isFullCredit":false},{"lineNumber":141,"author":{"gitId":"-"},"content":"    }","lastModifiedDate":"2017-05-30","isFullCredit":false},{"lineNumber":142,"author":{"gitId":"-"},"content":"","lastModifiedDate":"2017-05-22","isFullCredit":false},{"lineNumber":143,"author":{"gitId":"-"},"content":"    @Test","lastModifiedDate":"2017-05-30","isFullCredit":false},{"lineNumber":144,"author":{"gitId":"-"},"content":"    public void parseGender_validValueWithWhitespace_returnsTrimmedGender() throws Exception {","lastModifiedDate":"2025-03-18","isFullCredit":false},{"lineNumber":145,"author":{"gitId":"-"},"content":"        String genderWithWhitespace \u003d WHITESPACE + VALID_GENDER + WHITESPACE;","lastModifiedDate":"2025-03-18","isFullCredit":false},{"lineNumber":146,"author":{"gitId":"-"},"content":"        Gender expectedGender \u003d new Gender(VALID_GENDER);","lastModifiedDate":"2025-03-18","isFullCredit":false},{"lineNumber":147,"author":{"gitId":"-"},"content":"        assertEquals(expectedGender, ParserUtil.parseGender(genderWithWhitespace));","lastModifiedDate":"2025-03-18","isFullCredit":false},{"lineNumber":148,"author":{"gitId":"-"},"content":"    }","lastModifiedDate":"2017-05-22","isFullCredit":false},{"lineNumber":149,"author":{"gitId":"-"},"content":"","lastModifiedDate":"2017-05-22","isFullCredit":false},{"lineNumber":150,"author":{"gitId":"-"},"content":"    @Test","lastModifiedDate":"2017-05-30","isFullCredit":false},{"lineNumber":151,"author":{"gitId":"-"},"content":"    public void parseTag_null_throwsNullPointerException() {","lastModifiedDate":"2019-03-23","isFullCredit":false},{"lineNumber":152,"author":{"gitId":"-"},"content":"        assertThrows(NullPointerException.class, () -\u003e ParserUtil.parseTag(null, TagType.DETAIL));","lastModifiedDate":"2025-03-27","isFullCredit":false},{"lineNumber":153,"author":{"gitId":"-"},"content":"    }","lastModifiedDate":"2017-05-30","isFullCredit":false},{"lineNumber":154,"author":{"gitId":"-"},"content":"","lastModifiedDate":"2017-05-30","isFullCredit":false},{"lineNumber":155,"author":{"gitId":"-"},"content":"    @Test","lastModifiedDate":"2017-05-30","isFullCredit":false},{"lineNumber":156,"author":{"gitId":"-"},"content":"    public void parseTag_invalidValue_throwsParseException() {","lastModifiedDate":"2019-03-23","isFullCredit":false},{"lineNumber":157,"author":{"gitId":"-"},"content":"        assertThrows(ParseException.class, () -\u003e ParserUtil.parseTag(INVALID_TAG, TagType.DETAIL));","lastModifiedDate":"2025-03-27","isFullCredit":false},{"lineNumber":158,"author":{"gitId":"-"},"content":"    }","lastModifiedDate":"2017-05-30","isFullCredit":false},{"lineNumber":159,"author":{"gitId":"-"},"content":"","lastModifiedDate":"2017-05-30","isFullCredit":false},{"lineNumber":160,"author":{"gitId":"-"},"content":"    @Test","lastModifiedDate":"2017-05-30","isFullCredit":false},{"lineNumber":161,"author":{"gitId":"-"},"content":"    public void parseTag_validValueWithoutWhitespace_returnsTag() throws Exception {","lastModifiedDate":"2017-05-30","isFullCredit":false},{"lineNumber":162,"author":{"gitId":"-"},"content":"        Tag expectedTag \u003d new Tag(VALID_TAG_1, TagType.DETAIL);","lastModifiedDate":"2025-03-27","isFullCredit":false},{"lineNumber":163,"author":{"gitId":"-"},"content":"        assertEquals(expectedTag, ParserUtil.parseTag(VALID_TAG_1, TagType.DETAIL));","lastModifiedDate":"2025-03-27","isFullCredit":false},{"lineNumber":164,"author":{"gitId":"-"},"content":"    }","lastModifiedDate":"2017-05-30","isFullCredit":false},{"lineNumber":165,"author":{"gitId":"-"},"content":"","lastModifiedDate":"2017-05-30","isFullCredit":false},{"lineNumber":166,"author":{"gitId":"-"},"content":"    @Test","lastModifiedDate":"2017-05-30","isFullCredit":false},{"lineNumber":167,"author":{"gitId":"-"},"content":"    public void parseTag_validValueWithWhitespace_returnsTrimmedTag() throws Exception {","lastModifiedDate":"2017-05-30","isFullCredit":false},{"lineNumber":168,"author":{"gitId":"-"},"content":"        String tagWithWhitespace \u003d WHITESPACE + VALID_TAG_1 + WHITESPACE;","lastModifiedDate":"2017-05-30","isFullCredit":false},{"lineNumber":169,"author":{"gitId":"-"},"content":"        Tag expectedTag \u003d new Tag(VALID_TAG_1, TagType.DETAIL);","lastModifiedDate":"2025-03-27","isFullCredit":false},{"lineNumber":170,"author":{"gitId":"-"},"content":"        assertEquals(expectedTag, ParserUtil.parseTag(tagWithWhitespace, TagType.DETAIL));","lastModifiedDate":"2025-03-27","isFullCredit":false},{"lineNumber":171,"author":{"gitId":"-"},"content":"    }","lastModifiedDate":"2017-05-30","isFullCredit":false},{"lineNumber":172,"author":{"gitId":"-"},"content":"","lastModifiedDate":"2017-05-30","isFullCredit":false},{"lineNumber":173,"author":{"gitId":"-"},"content":"    @Test","lastModifiedDate":"2017-05-22","isFullCredit":false},{"lineNumber":174,"author":{"gitId":"-"},"content":"    public void parseTags_null_throwsNullPointerException() {","lastModifiedDate":"2019-03-23","isFullCredit":false},{"lineNumber":175,"author":{"gitId":"-"},"content":"        assertThrows(NullPointerException.class, () -\u003e ParserUtil.parseTags(null, TagType.DETAIL));","lastModifiedDate":"2025-03-27","isFullCredit":false},{"lineNumber":176,"author":{"gitId":"-"},"content":"    }","lastModifiedDate":"2017-05-22","isFullCredit":false},{"lineNumber":177,"author":{"gitId":"-"},"content":"","lastModifiedDate":"2017-05-22","isFullCredit":false},{"lineNumber":178,"author":{"gitId":"-"},"content":"    @Test","lastModifiedDate":"2017-05-22","isFullCredit":false},{"lineNumber":179,"author":{"gitId":"-"},"content":"    public void parseTags_collectionWithInvalidTags_throwsParseException() {","lastModifiedDate":"2019-03-23","isFullCredit":false},{"lineNumber":180,"author":{"gitId":"-"},"content":"        assertThrows(ParseException.class, () -\u003e ParserUtil.parseTags(Arrays.asList(VALID_TAG_1, INVALID_TAG),","lastModifiedDate":"2025-03-27","isFullCredit":false},{"lineNumber":181,"author":{"gitId":"-"},"content":"                TagType.DETAIL));","lastModifiedDate":"2025-03-27","isFullCredit":false},{"lineNumber":182,"author":{"gitId":"-"},"content":"    }","lastModifiedDate":"2017-05-22","isFullCredit":false},{"lineNumber":183,"author":{"gitId":"-"},"content":"","lastModifiedDate":"2017-05-22","isFullCredit":false},{"lineNumber":184,"author":{"gitId":"-"},"content":"    @Test","lastModifiedDate":"2017-05-22","isFullCredit":false},{"lineNumber":185,"author":{"gitId":"-"},"content":"    public void parseTags_emptyCollection_returnsEmptySet() throws Exception {","lastModifiedDate":"2017-05-22","isFullCredit":false},{"lineNumber":186,"author":{"gitId":"-"},"content":"        assertTrue(ParserUtil.parseTags(Collections.emptyList(), TagType.DETAIL).isEmpty());","lastModifiedDate":"2025-03-27","isFullCredit":false},{"lineNumber":187,"author":{"gitId":"-"},"content":"    }","lastModifiedDate":"2017-05-22","isFullCredit":false},{"lineNumber":188,"author":{"gitId":"-"},"content":"","lastModifiedDate":"2017-05-22","isFullCredit":false},{"lineNumber":189,"author":{"gitId":"-"},"content":"    @Test","lastModifiedDate":"2017-05-22","isFullCredit":false},{"lineNumber":190,"author":{"gitId":"-"},"content":"    public void parseTags_collectionWithValidTags_returnsTagSet() throws Exception {","lastModifiedDate":"2017-05-22","isFullCredit":false},{"lineNumber":191,"author":{"gitId":"-"},"content":"        Set\u003cTag\u003e actualTagSet \u003d ParserUtil.parseTags(Arrays.asList(VALID_TAG_1, VALID_TAG_2), TagType.DETAIL);","lastModifiedDate":"2025-03-27","isFullCredit":false},{"lineNumber":192,"author":{"gitId":"-"},"content":"        Set\u003cTag\u003e expectedTagSet \u003d new HashSet\u003c\u003e(Arrays.asList(","lastModifiedDate":"2025-03-27","isFullCredit":false},{"lineNumber":193,"author":{"gitId":"-"},"content":"                new Tag(VALID_TAG_1, TagType.DETAIL),","lastModifiedDate":"2025-03-27","isFullCredit":false},{"lineNumber":194,"author":{"gitId":"-"},"content":"                new Tag(VALID_TAG_2, TagType.DETAIL)));","lastModifiedDate":"2025-03-27","isFullCredit":false},{"lineNumber":195,"author":{"gitId":"-"},"content":"","lastModifiedDate":"2017-05-22","isFullCredit":false},{"lineNumber":196,"author":{"gitId":"-"},"content":"        assertEquals(expectedTagSet, actualTagSet);","lastModifiedDate":"2017-05-22","isFullCredit":false},{"lineNumber":197,"author":{"gitId":"-"},"content":"    }","lastModifiedDate":"2017-05-22","isFullCredit":false},{"lineNumber":198,"author":{"gitId":"-"},"content":"","lastModifiedDate":"2025-04-01","isFullCredit":false},{"lineNumber":199,"author":{"gitId":"-"},"content":"    @Test","lastModifiedDate":"2025-04-01","isFullCredit":false},{"lineNumber":200,"author":{"gitId":"-"},"content":"    public void parseAppointmentDate_nullInput_returnsEmptyAppointmentDate() throws Exception {","lastModifiedDate":"2025-04-01","isFullCredit":false},{"lineNumber":201,"author":{"gitId":"-"},"content":"        AppointmentDate expected \u003d new AppointmentDate(\"\");","lastModifiedDate":"2025-04-01","isFullCredit":false},{"lineNumber":202,"author":{"gitId":"-"},"content":"        assertEquals(expected, ParserUtil.parseAppointmentDate(null));","lastModifiedDate":"2025-04-01","isFullCredit":false},{"lineNumber":203,"author":{"gitId":"-"},"content":"    }","lastModifiedDate":"2025-04-01","isFullCredit":false},{"lineNumber":204,"author":{"gitId":"-"},"content":"","lastModifiedDate":"2025-04-01","isFullCredit":false},{"lineNumber":205,"author":{"gitId":"-"},"content":"}","lastModifiedDate":"2017-05-22","isFullCredit":false}],"authorContributionMap":{"niha81":1,"-":204}},{"path":"src/test/java/seedu/address/storage/JsonAdaptedPersonTest.java","fileType":"test-code","lines":[{"lineNumber":1,"author":{"gitId":"-"},"content":"package seedu.address.storage;","lastModifiedDate":"2018-08-13","isFullCredit":false},{"lineNumber":2,"author":{"gitId":"-"},"content":"","lastModifiedDate":"2018-08-13","isFullCredit":false},{"lineNumber":3,"author":{"gitId":"-"},"content":"import static org.junit.jupiter.api.Assertions.assertEquals;","lastModifiedDate":"2019-03-15","isFullCredit":false},{"lineNumber":4,"author":{"gitId":"-"},"content":"import static seedu.address.storage.JsonAdaptedPerson.MISSING_FIELD_MESSAGE_FORMAT;","lastModifiedDate":"2018-08-13","isFullCredit":false},{"lineNumber":5,"author":{"gitId":"-"},"content":"import static seedu.address.testutil.Assert.assertThrows;","lastModifiedDate":"2019-03-14","isFullCredit":false},{"lineNumber":6,"author":{"gitId":"-"},"content":"import static seedu.address.testutil.TypicalPersons.BENSON;","lastModifiedDate":"2018-08-13","isFullCredit":false},{"lineNumber":7,"author":{"gitId":"-"},"content":"","lastModifiedDate":"2018-08-13","isFullCredit":false},{"lineNumber":8,"author":{"gitId":"-"},"content":"import java.util.ArrayList;","lastModifiedDate":"2018-08-13","isFullCredit":false},{"lineNumber":9,"author":{"gitId":"-"},"content":"import java.util.List;","lastModifiedDate":"2018-08-13","isFullCredit":false},{"lineNumber":10,"author":{"gitId":"-"},"content":"import java.util.stream.Collectors;","lastModifiedDate":"2018-08-13","isFullCredit":false},{"lineNumber":11,"author":{"gitId":"-"},"content":"","lastModifiedDate":"2018-08-13","isFullCredit":false},{"lineNumber":12,"author":{"gitId":"-"},"content":"import org.junit.jupiter.api.Test;","lastModifiedDate":"2019-04-27","isFullCredit":false},{"lineNumber":13,"author":{"gitId":"-"},"content":"","lastModifiedDate":"2018-08-13","isFullCredit":false},{"lineNumber":14,"author":{"gitId":"-"},"content":"import seedu.address.commons.exceptions.IllegalValueException;","lastModifiedDate":"2018-08-13","isFullCredit":false},{"lineNumber":15,"author":{"gitId":"-"},"content":"import seedu.address.model.person.Address;","lastModifiedDate":"2018-08-13","isFullCredit":false},{"lineNumber":16,"author":{"gitId":"-"},"content":"import seedu.address.model.person.AppointmentDate;","lastModifiedDate":"2025-03-25","isFullCredit":false},{"lineNumber":17,"author":{"gitId":"-"},"content":"import seedu.address.model.person.Gender;","lastModifiedDate":"2025-03-16","isFullCredit":false},{"lineNumber":18,"author":{"gitId":"-"},"content":"import seedu.address.model.person.Medicine;","lastModifiedDate":"2025-03-30","isFullCredit":false},{"lineNumber":19,"author":{"gitId":"-"},"content":"import seedu.address.model.person.Name;","lastModifiedDate":"2018-08-13","isFullCredit":false},{"lineNumber":20,"author":{"gitId":"-"},"content":"import seedu.address.model.person.Phone;","lastModifiedDate":"2018-08-13","isFullCredit":false},{"lineNumber":21,"author":{"gitId":"-"},"content":"","lastModifiedDate":"2018-08-13","isFullCredit":false},{"lineNumber":22,"author":{"gitId":"-"},"content":"public class JsonAdaptedPersonTest {","lastModifiedDate":"2018-08-13","isFullCredit":false},{"lineNumber":23,"author":{"gitId":"-"},"content":"","lastModifiedDate":"2025-03-27","isFullCredit":false},{"lineNumber":24,"author":{"gitId":"niha81"},"content":"    private static final String INVALID_NAME \u003d \"R$chel\";","lastModifiedDate":"2025-04-06","isFullCredit":false},{"lineNumber":25,"author":{"gitId":"-"},"content":"    private static final String INVALID_PHONE \u003d \"+651234\";","lastModifiedDate":"2018-08-13","isFullCredit":false},{"lineNumber":26,"author":{"gitId":"-"},"content":"    private static final String INVALID_ADDRESS \u003d \" \";","lastModifiedDate":"2018-08-13","isFullCredit":false},{"lineNumber":27,"author":{"gitId":"-"},"content":"    private static final String INVALID_GENDER \u003d \"not sure\";","lastModifiedDate":"2025-03-16","isFullCredit":false},{"lineNumber":28,"author":{"gitId":"-"},"content":"    private static final String INVALID_APPT_DATE \u003d \"2025/10/10\";","lastModifiedDate":"2025-03-25","isFullCredit":false},{"lineNumber":29,"author":{"gitId":"-"},"content":"    private static final String INVALID_TAG \u003d \"#friend\";","lastModifiedDate":"2018-08-13","isFullCredit":false},{"lineNumber":30,"author":{"gitId":"-"},"content":"","lastModifiedDate":"2018-08-13","isFullCredit":false},{"lineNumber":31,"author":{"gitId":"-"},"content":"    private static final String VALID_NAME \u003d BENSON.getName().toString();","lastModifiedDate":"2018-08-13","isFullCredit":false},{"lineNumber":32,"author":{"gitId":"-"},"content":"    private static final String VALID_PHONE \u003d BENSON.getPhone().toString();","lastModifiedDate":"2018-08-13","isFullCredit":false},{"lineNumber":33,"author":{"gitId":"-"},"content":"    private static final String VALID_ADDRESS \u003d BENSON.getAddress().toString();","lastModifiedDate":"2018-08-13","isFullCredit":false},{"lineNumber":34,"author":{"gitId":"-"},"content":"    private static final String VALID_GENDER \u003d BENSON.getGender().toString();","lastModifiedDate":"2025-03-16","isFullCredit":false},{"lineNumber":35,"author":{"gitId":"-"},"content":"    private static final String VALID_APPT_DATE \u003d BENSON.getAppointmentDate().toString();","lastModifiedDate":"2025-03-25","isFullCredit":false},{"lineNumber":36,"author":{"gitId":"-"},"content":"    private static final String VALID_MEDICINE \u003d BENSON.getMedicine().toString();","lastModifiedDate":"2025-03-30","isFullCredit":false},{"lineNumber":37,"author":{"gitId":"-"},"content":"","lastModifiedDate":"2025-03-27","isFullCredit":false},{"lineNumber":38,"author":{"gitId":"-"},"content":"    private static final List\u003cJsonAdaptedTag\u003e VALID_DETAIL_TAGS \u003d BENSON.getDetailTags().stream()","lastModifiedDate":"2025-03-27","isFullCredit":false},{"lineNumber":39,"author":{"gitId":"-"},"content":"            .map(JsonAdaptedTag::new)","lastModifiedDate":"2025-03-27","isFullCredit":false},{"lineNumber":40,"author":{"gitId":"-"},"content":"            .collect(Collectors.toList());","lastModifiedDate":"2025-03-27","isFullCredit":false},{"lineNumber":41,"author":{"gitId":"-"},"content":"","lastModifiedDate":"2025-03-27","isFullCredit":false},{"lineNumber":42,"author":{"gitId":"-"},"content":"    private static final List\u003cJsonAdaptedTag\u003e VALID_CONDITION_TAGS \u003d BENSON.getConditionTags().stream()","lastModifiedDate":"2025-03-27","isFullCredit":false},{"lineNumber":43,"author":{"gitId":"-"},"content":"            .map(JsonAdaptedTag::new)","lastModifiedDate":"2018-08-13","isFullCredit":false},{"lineNumber":44,"author":{"gitId":"-"},"content":"            .collect(Collectors.toList());","lastModifiedDate":"2018-08-13","isFullCredit":false},{"lineNumber":45,"author":{"gitId":"-"},"content":"","lastModifiedDate":"2018-08-13","isFullCredit":false},{"lineNumber":46,"author":{"gitId":"-"},"content":"    @Test","lastModifiedDate":"2018-08-13","isFullCredit":false},{"lineNumber":47,"author":{"gitId":"-"},"content":"    public void toModelType_validPersonDetails_returnsPerson() throws Exception {","lastModifiedDate":"2018-08-13","isFullCredit":false},{"lineNumber":48,"author":{"gitId":"-"},"content":"        JsonAdaptedPerson person \u003d new JsonAdaptedPerson(BENSON);","lastModifiedDate":"2018-08-13","isFullCredit":false},{"lineNumber":49,"author":{"gitId":"-"},"content":"        assertEquals(BENSON, person.toModelType());","lastModifiedDate":"2018-08-13","isFullCredit":false},{"lineNumber":50,"author":{"gitId":"-"},"content":"    }","lastModifiedDate":"2018-08-13","isFullCredit":false},{"lineNumber":51,"author":{"gitId":"-"},"content":"","lastModifiedDate":"2018-08-13","isFullCredit":false},{"lineNumber":52,"author":{"gitId":"-"},"content":"    @Test","lastModifiedDate":"2018-08-13","isFullCredit":false},{"lineNumber":53,"author":{"gitId":"-"},"content":"    public void toModelType_invalidName_throwsIllegalValueException() {","lastModifiedDate":"2018-08-13","isFullCredit":false},{"lineNumber":54,"author":{"gitId":"-"},"content":"        JsonAdaptedPerson person \u003d new JsonAdaptedPerson(INVALID_NAME, VALID_PHONE, VALID_ADDRESS,","lastModifiedDate":"2025-03-27","isFullCredit":false},{"lineNumber":55,"author":{"gitId":"-"},"content":"                VALID_GENDER, VALID_APPT_DATE, VALID_MEDICINE, new ArrayList\u003c\u003e(), new ArrayList\u003c\u003e());","lastModifiedDate":"2025-03-30","isFullCredit":false},{"lineNumber":56,"author":{"gitId":"-"},"content":"        assertThrows(IllegalValueException.class, Name.MESSAGE_CONSTRAINTS, person::toModelType);","lastModifiedDate":"2025-03-27","isFullCredit":false},{"lineNumber":57,"author":{"gitId":"-"},"content":"    }","lastModifiedDate":"2018-08-13","isFullCredit":false},{"lineNumber":58,"author":{"gitId":"-"},"content":"","lastModifiedDate":"2018-08-13","isFullCredit":false},{"lineNumber":59,"author":{"gitId":"-"},"content":"    @Test","lastModifiedDate":"2018-08-13","isFullCredit":false},{"lineNumber":60,"author":{"gitId":"-"},"content":"    public void toModelType_nullName_throwsIllegalValueException() {","lastModifiedDate":"2018-08-13","isFullCredit":false},{"lineNumber":61,"author":{"gitId":"-"},"content":"        JsonAdaptedPerson person \u003d new JsonAdaptedPerson(null, VALID_PHONE, VALID_ADDRESS,","lastModifiedDate":"2025-03-27","isFullCredit":false},{"lineNumber":62,"author":{"gitId":"-"},"content":"                VALID_GENDER, VALID_APPT_DATE, VALID_MEDICINE, new ArrayList\u003c\u003e(), new ArrayList\u003c\u003e());","lastModifiedDate":"2025-03-30","isFullCredit":false},{"lineNumber":63,"author":{"gitId":"-"},"content":"        assertThrows(IllegalValueException.class,","lastModifiedDate":"2025-03-27","isFullCredit":false},{"lineNumber":64,"author":{"gitId":"-"},"content":"                String.format(MISSING_FIELD_MESSAGE_FORMAT, Name.class.getSimpleName()), person::toModelType);","lastModifiedDate":"2025-03-27","isFullCredit":false},{"lineNumber":65,"author":{"gitId":"-"},"content":"    }","lastModifiedDate":"2018-08-13","isFullCredit":false},{"lineNumber":66,"author":{"gitId":"-"},"content":"","lastModifiedDate":"2018-08-13","isFullCredit":false},{"lineNumber":67,"author":{"gitId":"-"},"content":"    @Test","lastModifiedDate":"2018-08-13","isFullCredit":false},{"lineNumber":68,"author":{"gitId":"-"},"content":"    public void toModelType_invalidPhone_throwsIllegalValueException() {","lastModifiedDate":"2018-08-13","isFullCredit":false},{"lineNumber":69,"author":{"gitId":"-"},"content":"        JsonAdaptedPerson person \u003d new JsonAdaptedPerson(VALID_NAME, INVALID_PHONE, VALID_ADDRESS,","lastModifiedDate":"2025-03-27","isFullCredit":false},{"lineNumber":70,"author":{"gitId":"-"},"content":"                VALID_GENDER, VALID_APPT_DATE, VALID_MEDICINE, new ArrayList\u003c\u003e(), new ArrayList\u003c\u003e());","lastModifiedDate":"2025-03-30","isFullCredit":false},{"lineNumber":71,"author":{"gitId":"-"},"content":"        assertThrows(IllegalValueException.class, Phone.MESSAGE_CONSTRAINTS, person::toModelType);","lastModifiedDate":"2025-03-27","isFullCredit":false},{"lineNumber":72,"author":{"gitId":"-"},"content":"    }","lastModifiedDate":"2018-08-13","isFullCredit":false},{"lineNumber":73,"author":{"gitId":"-"},"content":"","lastModifiedDate":"2018-08-13","isFullCredit":false},{"lineNumber":74,"author":{"gitId":"-"},"content":"    @Test","lastModifiedDate":"2018-08-13","isFullCredit":false},{"lineNumber":75,"author":{"gitId":"-"},"content":"    public void toModelType_nullPhone_throwsIllegalValueException() {","lastModifiedDate":"2018-08-13","isFullCredit":false},{"lineNumber":76,"author":{"gitId":"-"},"content":"        JsonAdaptedPerson person \u003d new JsonAdaptedPerson(VALID_NAME, null, VALID_ADDRESS,","lastModifiedDate":"2025-03-27","isFullCredit":false},{"lineNumber":77,"author":{"gitId":"-"},"content":"                VALID_GENDER, VALID_APPT_DATE, VALID_MEDICINE, new ArrayList\u003c\u003e(), new ArrayList\u003c\u003e());","lastModifiedDate":"2025-03-30","isFullCredit":false},{"lineNumber":78,"author":{"gitId":"-"},"content":"        assertThrows(IllegalValueException.class,","lastModifiedDate":"2025-03-27","isFullCredit":false},{"lineNumber":79,"author":{"gitId":"-"},"content":"                String.format(MISSING_FIELD_MESSAGE_FORMAT, Phone.class.getSimpleName()), person::toModelType);","lastModifiedDate":"2025-03-27","isFullCredit":false},{"lineNumber":80,"author":{"gitId":"-"},"content":"    }","lastModifiedDate":"2018-08-13","isFullCredit":false},{"lineNumber":81,"author":{"gitId":"-"},"content":"","lastModifiedDate":"2018-08-13","isFullCredit":false},{"lineNumber":82,"author":{"gitId":"-"},"content":"    @Test","lastModifiedDate":"2018-08-13","isFullCredit":false},{"lineNumber":83,"author":{"gitId":"-"},"content":"    public void toModelType_invalidAddress_throwsIllegalValueException() {","lastModifiedDate":"2025-03-16","isFullCredit":false},{"lineNumber":84,"author":{"gitId":"-"},"content":"        JsonAdaptedPerson person \u003d new JsonAdaptedPerson(VALID_NAME, VALID_PHONE, INVALID_ADDRESS,","lastModifiedDate":"2025-03-27","isFullCredit":false},{"lineNumber":85,"author":{"gitId":"-"},"content":"                VALID_GENDER, VALID_APPT_DATE, VALID_MEDICINE, new ArrayList\u003c\u003e(), new ArrayList\u003c\u003e());","lastModifiedDate":"2025-03-30","isFullCredit":false},{"lineNumber":86,"author":{"gitId":"-"},"content":"        assertThrows(IllegalValueException.class, Address.MESSAGE_CONSTRAINTS, person::toModelType);","lastModifiedDate":"2025-03-27","isFullCredit":false},{"lineNumber":87,"author":{"gitId":"-"},"content":"    }","lastModifiedDate":"2018-08-13","isFullCredit":false},{"lineNumber":88,"author":{"gitId":"-"},"content":"","lastModifiedDate":"2018-08-13","isFullCredit":false},{"lineNumber":89,"author":{"gitId":"-"},"content":"    @Test","lastModifiedDate":"2018-08-13","isFullCredit":false},{"lineNumber":90,"author":{"gitId":"-"},"content":"    public void toModelType_nullAddress_throwsIllegalValueException() {","lastModifiedDate":"2025-03-16","isFullCredit":false},{"lineNumber":91,"author":{"gitId":"-"},"content":"        JsonAdaptedPerson person \u003d new JsonAdaptedPerson(VALID_NAME, VALID_PHONE, null,","lastModifiedDate":"2025-03-27","isFullCredit":false},{"lineNumber":92,"author":{"gitId":"-"},"content":"                VALID_GENDER, VALID_APPT_DATE, VALID_MEDICINE, new ArrayList\u003c\u003e(), new ArrayList\u003c\u003e());","lastModifiedDate":"2025-03-30","isFullCredit":false},{"lineNumber":93,"author":{"gitId":"-"},"content":"        assertThrows(IllegalValueException.class,","lastModifiedDate":"2025-03-27","isFullCredit":false},{"lineNumber":94,"author":{"gitId":"-"},"content":"                String.format(MISSING_FIELD_MESSAGE_FORMAT, Address.class.getSimpleName()), person::toModelType);","lastModifiedDate":"2025-03-27","isFullCredit":false},{"lineNumber":95,"author":{"gitId":"-"},"content":"    }","lastModifiedDate":"2018-08-13","isFullCredit":false},{"lineNumber":96,"author":{"gitId":"-"},"content":"","lastModifiedDate":"2018-08-13","isFullCredit":false},{"lineNumber":97,"author":{"gitId":"-"},"content":"    @Test","lastModifiedDate":"2018-08-13","isFullCredit":false},{"lineNumber":98,"author":{"gitId":"-"},"content":"    public void toModelType_invalidGender_throwsIllegalValueException() {","lastModifiedDate":"2025-03-16","isFullCredit":false},{"lineNumber":99,"author":{"gitId":"-"},"content":"        JsonAdaptedPerson person \u003d new JsonAdaptedPerson(VALID_NAME, VALID_PHONE, VALID_ADDRESS,","lastModifiedDate":"2025-03-27","isFullCredit":false},{"lineNumber":100,"author":{"gitId":"-"},"content":"                INVALID_GENDER, VALID_APPT_DATE, VALID_MEDICINE, new ArrayList\u003c\u003e(), new ArrayList\u003c\u003e());","lastModifiedDate":"2025-03-30","isFullCredit":false},{"lineNumber":101,"author":{"gitId":"-"},"content":"        assertThrows(IllegalValueException.class, Gender.MESSAGE_CONSTRAINTS, person::toModelType);","lastModifiedDate":"2025-03-27","isFullCredit":false},{"lineNumber":102,"author":{"gitId":"-"},"content":"    }","lastModifiedDate":"2018-08-13","isFullCredit":false},{"lineNumber":103,"author":{"gitId":"-"},"content":"","lastModifiedDate":"2018-08-13","isFullCredit":false},{"lineNumber":104,"author":{"gitId":"-"},"content":"    @Test","lastModifiedDate":"2018-08-13","isFullCredit":false},{"lineNumber":105,"author":{"gitId":"-"},"content":"    public void toModelType_nullGender_throwsIllegalValueException() {","lastModifiedDate":"2025-03-16","isFullCredit":false},{"lineNumber":106,"author":{"gitId":"-"},"content":"        JsonAdaptedPerson person \u003d new JsonAdaptedPerson(VALID_NAME, VALID_PHONE, VALID_ADDRESS,","lastModifiedDate":"2025-03-27","isFullCredit":false},{"lineNumber":107,"author":{"gitId":"-"},"content":"                null, VALID_APPT_DATE, VALID_MEDICINE, new ArrayList\u003c\u003e(), new ArrayList\u003c\u003e());","lastModifiedDate":"2025-03-30","isFullCredit":false},{"lineNumber":108,"author":{"gitId":"-"},"content":"        assertThrows(IllegalValueException.class,","lastModifiedDate":"2025-03-27","isFullCredit":false},{"lineNumber":109,"author":{"gitId":"-"},"content":"                String.format(MISSING_FIELD_MESSAGE_FORMAT, Gender.class.getSimpleName()), person::toModelType);","lastModifiedDate":"2025-03-27","isFullCredit":false},{"lineNumber":110,"author":{"gitId":"-"},"content":"    }","lastModifiedDate":"2018-08-13","isFullCredit":false},{"lineNumber":111,"author":{"gitId":"-"},"content":"","lastModifiedDate":"2018-08-13","isFullCredit":false},{"lineNumber":112,"author":{"gitId":"-"},"content":"    @Test","lastModifiedDate":"2025-03-25","isFullCredit":false},{"lineNumber":113,"author":{"gitId":"-"},"content":"    public void toModelType_invalidAppointmentDate_throwsIllegalValueException() {","lastModifiedDate":"2025-03-25","isFullCredit":false},{"lineNumber":114,"author":{"gitId":"-"},"content":"        JsonAdaptedPerson person \u003d new JsonAdaptedPerson(VALID_NAME, VALID_PHONE, VALID_ADDRESS,","lastModifiedDate":"2025-03-27","isFullCredit":false},{"lineNumber":115,"author":{"gitId":"-"},"content":"                VALID_GENDER, INVALID_APPT_DATE, VALID_MEDICINE, new ArrayList\u003c\u003e(), new ArrayList\u003c\u003e());","lastModifiedDate":"2025-03-30","isFullCredit":false},{"lineNumber":116,"author":{"gitId":"-"},"content":"        assertThrows(IllegalValueException.class, AppointmentDate.MESSAGE_CONSTRAINTS, person::toModelType);","lastModifiedDate":"2025-03-27","isFullCredit":false},{"lineNumber":117,"author":{"gitId":"-"},"content":"    }","lastModifiedDate":"2025-03-25","isFullCredit":false},{"lineNumber":118,"author":{"gitId":"-"},"content":"","lastModifiedDate":"2025-03-25","isFullCredit":false},{"lineNumber":119,"author":{"gitId":"-"},"content":"    @Test","lastModifiedDate":"2018-08-13","isFullCredit":false},{"lineNumber":120,"author":{"gitId":"-"},"content":"    public void toModelType_invalidDetailTags_throwsIllegalValueException() {","lastModifiedDate":"2025-03-27","isFullCredit":false},{"lineNumber":121,"author":{"gitId":"-"},"content":"        List\u003cJsonAdaptedTag\u003e invalidDetailTags \u003d new ArrayList\u003c\u003e();","lastModifiedDate":"2025-03-27","isFullCredit":false},{"lineNumber":122,"author":{"gitId":"-"},"content":"        // simulate invalid tag name coming from JSON","lastModifiedDate":"2025-03-27","isFullCredit":false},{"lineNumber":123,"author":{"gitId":"-"},"content":"        invalidDetailTags.add(new JsonAdaptedTag(\"#friend\", \"DETAIL\"));","lastModifiedDate":"2025-03-27","isFullCredit":false},{"lineNumber":124,"author":{"gitId":"-"},"content":"        JsonAdaptedPerson person \u003d new JsonAdaptedPerson(","lastModifiedDate":"2025-03-27","isFullCredit":false},{"lineNumber":125,"author":{"gitId":"-"},"content":"                VALID_NAME, VALID_PHONE, VALID_ADDRESS, VALID_GENDER,","lastModifiedDate":"2025-03-27","isFullCredit":false},{"lineNumber":126,"author":{"gitId":"-"},"content":"                VALID_APPT_DATE, VALID_MEDICINE, new ArrayList\u003c\u003e(), invalidDetailTags);","lastModifiedDate":"2025-03-30","isFullCredit":false},{"lineNumber":127,"author":{"gitId":"-"},"content":"","lastModifiedDate":"2025-03-27","isFullCredit":false},{"lineNumber":128,"author":{"gitId":"-"},"content":"        assertThrows(IllegalValueException.class, person::toModelType);","lastModifiedDate":"2025-03-27","isFullCredit":false},{"lineNumber":129,"author":{"gitId":"-"},"content":"    }","lastModifiedDate":"2025-03-27","isFullCredit":false},{"lineNumber":130,"author":{"gitId":"-"},"content":"","lastModifiedDate":"2025-03-27","isFullCredit":false},{"lineNumber":131,"author":{"gitId":"-"},"content":"    @Test","lastModifiedDate":"2025-03-27","isFullCredit":false},{"lineNumber":132,"author":{"gitId":"-"},"content":"    public void toModelType_invalidConditionTags_throwsIllegalValueException() {","lastModifiedDate":"2025-03-27","isFullCredit":false},{"lineNumber":133,"author":{"gitId":"-"},"content":"        List\u003cJsonAdaptedTag\u003e invalidConditionTags \u003d new ArrayList\u003c\u003e();","lastModifiedDate":"2025-03-27","isFullCredit":false},{"lineNumber":134,"author":{"gitId":"-"},"content":"        // simulate invalid tag name coming from JSON","lastModifiedDate":"2025-03-27","isFullCredit":false},{"lineNumber":135,"author":{"gitId":"-"},"content":"        invalidConditionTags.add(new JsonAdaptedTag(\"#friend\", \"CONDITION\"));","lastModifiedDate":"2025-03-27","isFullCredit":false},{"lineNumber":136,"author":{"gitId":"-"},"content":"        JsonAdaptedPerson person \u003d new JsonAdaptedPerson(","lastModifiedDate":"2025-03-27","isFullCredit":false},{"lineNumber":137,"author":{"gitId":"-"},"content":"                VALID_NAME, VALID_PHONE, VALID_ADDRESS, VALID_GENDER,","lastModifiedDate":"2025-03-27","isFullCredit":false},{"lineNumber":138,"author":{"gitId":"-"},"content":"                VALID_APPT_DATE, VALID_MEDICINE, invalidConditionTags, new ArrayList\u003c\u003e());","lastModifiedDate":"2025-03-30","isFullCredit":false},{"lineNumber":139,"author":{"gitId":"-"},"content":"","lastModifiedDate":"2025-03-27","isFullCredit":false},{"lineNumber":140,"author":{"gitId":"-"},"content":"        assertThrows(IllegalValueException.class, person::toModelType);","lastModifiedDate":"2019-03-14","isFullCredit":false},{"lineNumber":141,"author":{"gitId":"-"},"content":"    }","lastModifiedDate":"2018-08-13","isFullCredit":false},{"lineNumber":142,"author":{"gitId":"-"},"content":"    @Test","lastModifiedDate":"2025-03-30","isFullCredit":false},{"lineNumber":143,"author":{"gitId":"-"},"content":"    public void toModelType_wrongConditionTags_throwsIllegalValueException() {","lastModifiedDate":"2025-03-30","isFullCredit":false},{"lineNumber":144,"author":{"gitId":"-"},"content":"        List\u003cJsonAdaptedTag\u003e wrongConditionTags \u003d new ArrayList\u003c\u003e();","lastModifiedDate":"2025-03-30","isFullCredit":false},{"lineNumber":145,"author":{"gitId":"-"},"content":"        wrongConditionTags.add(new JsonAdaptedTag(\"vegetarian\", \"DETAIL\"));","lastModifiedDate":"2025-03-30","isFullCredit":false},{"lineNumber":146,"author":{"gitId":"-"},"content":"","lastModifiedDate":"2025-03-30","isFullCredit":false},{"lineNumber":147,"author":{"gitId":"-"},"content":"        JsonAdaptedPerson person \u003d new JsonAdaptedPerson(","lastModifiedDate":"2025-03-30","isFullCredit":false},{"lineNumber":148,"author":{"gitId":"-"},"content":"                VALID_NAME,","lastModifiedDate":"2025-03-30","isFullCredit":false},{"lineNumber":149,"author":{"gitId":"-"},"content":"                VALID_PHONE,","lastModifiedDate":"2025-03-30","isFullCredit":false},{"lineNumber":150,"author":{"gitId":"-"},"content":"                VALID_ADDRESS,","lastModifiedDate":"2025-03-30","isFullCredit":false},{"lineNumber":151,"author":{"gitId":"-"},"content":"                VALID_GENDER,","lastModifiedDate":"2025-03-30","isFullCredit":false},{"lineNumber":152,"author":{"gitId":"-"},"content":"                VALID_APPT_DATE,","lastModifiedDate":"2025-03-30","isFullCredit":false},{"lineNumber":153,"author":{"gitId":"-"},"content":"                VALID_MEDICINE,","lastModifiedDate":"2025-03-30","isFullCredit":false},{"lineNumber":154,"author":{"gitId":"-"},"content":"                wrongConditionTags,","lastModifiedDate":"2025-03-30","isFullCredit":false},{"lineNumber":155,"author":{"gitId":"-"},"content":"                new ArrayList\u003c\u003e()","lastModifiedDate":"2025-03-30","isFullCredit":false},{"lineNumber":156,"author":{"gitId":"-"},"content":"        );","lastModifiedDate":"2025-03-30","isFullCredit":false},{"lineNumber":157,"author":{"gitId":"-"},"content":"","lastModifiedDate":"2025-03-30","isFullCredit":false},{"lineNumber":158,"author":{"gitId":"-"},"content":"        assertThrows(IllegalValueException.class, person::toModelType);","lastModifiedDate":"2025-03-30","isFullCredit":false},{"lineNumber":159,"author":{"gitId":"-"},"content":"","lastModifiedDate":"2025-03-30","isFullCredit":false},{"lineNumber":160,"author":{"gitId":"-"},"content":"    }","lastModifiedDate":"2025-03-30","isFullCredit":false},{"lineNumber":161,"author":{"gitId":"-"},"content":"","lastModifiedDate":"2018-08-13","isFullCredit":false},{"lineNumber":162,"author":{"gitId":"-"},"content":"    @Test","lastModifiedDate":"2025-03-30","isFullCredit":false},{"lineNumber":163,"author":{"gitId":"-"},"content":"    public void toModelType_wrongDetailTags_throwsIllegalValueException() {","lastModifiedDate":"2025-03-30","isFullCredit":false},{"lineNumber":164,"author":{"gitId":"-"},"content":"        List\u003cJsonAdaptedTag\u003e wrongDetailTags \u003d new ArrayList\u003c\u003e();","lastModifiedDate":"2025-03-30","isFullCredit":false},{"lineNumber":165,"author":{"gitId":"-"},"content":"        wrongDetailTags.add(new JsonAdaptedTag(\"diabetic\", \"CONDITION\"));","lastModifiedDate":"2025-03-30","isFullCredit":false},{"lineNumber":166,"author":{"gitId":"-"},"content":"","lastModifiedDate":"2025-03-30","isFullCredit":false},{"lineNumber":167,"author":{"gitId":"-"},"content":"        JsonAdaptedPerson person \u003d new JsonAdaptedPerson(","lastModifiedDate":"2025-03-30","isFullCredit":false},{"lineNumber":168,"author":{"gitId":"-"},"content":"                VALID_NAME,","lastModifiedDate":"2025-03-30","isFullCredit":false},{"lineNumber":169,"author":{"gitId":"-"},"content":"                VALID_PHONE,","lastModifiedDate":"2025-03-30","isFullCredit":false},{"lineNumber":170,"author":{"gitId":"-"},"content":"                VALID_ADDRESS,","lastModifiedDate":"2025-03-30","isFullCredit":false},{"lineNumber":171,"author":{"gitId":"-"},"content":"                VALID_GENDER,","lastModifiedDate":"2025-03-30","isFullCredit":false},{"lineNumber":172,"author":{"gitId":"-"},"content":"                VALID_APPT_DATE,","lastModifiedDate":"2025-03-30","isFullCredit":false},{"lineNumber":173,"author":{"gitId":"-"},"content":"                VALID_MEDICINE,","lastModifiedDate":"2025-03-30","isFullCredit":false},{"lineNumber":174,"author":{"gitId":"-"},"content":"                new ArrayList\u003c\u003e(),","lastModifiedDate":"2025-03-30","isFullCredit":false},{"lineNumber":175,"author":{"gitId":"-"},"content":"                wrongDetailTags","lastModifiedDate":"2025-03-30","isFullCredit":false},{"lineNumber":176,"author":{"gitId":"-"},"content":"        );","lastModifiedDate":"2025-03-30","isFullCredit":false},{"lineNumber":177,"author":{"gitId":"-"},"content":"","lastModifiedDate":"2025-03-30","isFullCredit":false},{"lineNumber":178,"author":{"gitId":"-"},"content":"        assertThrows(IllegalValueException.class, person::toModelType);","lastModifiedDate":"2025-03-30","isFullCredit":false},{"lineNumber":179,"author":{"gitId":"-"},"content":"","lastModifiedDate":"2025-03-30","isFullCredit":false},{"lineNumber":180,"author":{"gitId":"-"},"content":"    }","lastModifiedDate":"2025-03-30","isFullCredit":false},{"lineNumber":181,"author":{"gitId":"-"},"content":"    @Test","lastModifiedDate":"2025-03-30","isFullCredit":false},{"lineNumber":182,"author":{"gitId":"-"},"content":"    public void toModelType_nullRemark_throwsIllegalValueException() {","lastModifiedDate":"2025-03-30","isFullCredit":false},{"lineNumber":183,"author":{"gitId":"-"},"content":"        JsonAdaptedPerson person \u003d new JsonAdaptedPerson(","lastModifiedDate":"2025-03-30","isFullCredit":false},{"lineNumber":184,"author":{"gitId":"-"},"content":"                VALID_NAME,","lastModifiedDate":"2025-03-30","isFullCredit":false},{"lineNumber":185,"author":{"gitId":"-"},"content":"                VALID_PHONE,","lastModifiedDate":"2025-03-30","isFullCredit":false},{"lineNumber":186,"author":{"gitId":"-"},"content":"                VALID_ADDRESS,","lastModifiedDate":"2025-03-30","isFullCredit":false},{"lineNumber":187,"author":{"gitId":"-"},"content":"                VALID_GENDER,","lastModifiedDate":"2025-03-30","isFullCredit":false},{"lineNumber":188,"author":{"gitId":"-"},"content":"                VALID_APPT_DATE,","lastModifiedDate":"2025-03-30","isFullCredit":false},{"lineNumber":189,"author":{"gitId":"-"},"content":"                null,","lastModifiedDate":"2025-03-30","isFullCredit":false},{"lineNumber":190,"author":{"gitId":"-"},"content":"                new ArrayList\u003c\u003e(),","lastModifiedDate":"2025-03-30","isFullCredit":false},{"lineNumber":191,"author":{"gitId":"-"},"content":"                new ArrayList\u003c\u003e()","lastModifiedDate":"2025-03-30","isFullCredit":false},{"lineNumber":192,"author":{"gitId":"-"},"content":"        );","lastModifiedDate":"2025-03-30","isFullCredit":false},{"lineNumber":193,"author":{"gitId":"-"},"content":"        assertThrows(IllegalValueException.class,","lastModifiedDate":"2025-03-30","isFullCredit":false},{"lineNumber":194,"author":{"gitId":"-"},"content":"                String.format(MISSING_FIELD_MESSAGE_FORMAT, Medicine.class.getSimpleName()),","lastModifiedDate":"2025-03-30","isFullCredit":false},{"lineNumber":195,"author":{"gitId":"-"},"content":"                person::toModelType);","lastModifiedDate":"2025-03-30","isFullCredit":false},{"lineNumber":196,"author":{"gitId":"-"},"content":"    }","lastModifiedDate":"2025-03-30","isFullCredit":false},{"lineNumber":197,"author":{"gitId":"-"},"content":"","lastModifiedDate":"2025-03-31","isFullCredit":false},{"lineNumber":198,"author":{"gitId":"-"},"content":"    @Test","lastModifiedDate":"2025-03-31","isFullCredit":false},{"lineNumber":199,"author":{"gitId":"-"},"content":"    public void toModelType_nullTagName_throwsIllegalValueException() {","lastModifiedDate":"2025-03-31","isFullCredit":false},{"lineNumber":200,"author":{"gitId":"-"},"content":"        JsonAdaptedTag tag \u003d new JsonAdaptedTag(null, \"CONDITION\");","lastModifiedDate":"2025-03-31","isFullCredit":false},{"lineNumber":201,"author":{"gitId":"-"},"content":"        assertThrows(IllegalValueException.class, tag::toModelType);","lastModifiedDate":"2025-03-31","isFullCredit":false},{"lineNumber":202,"author":{"gitId":"-"},"content":"    }","lastModifiedDate":"2025-03-31","isFullCredit":false},{"lineNumber":203,"author":{"gitId":"-"},"content":"","lastModifiedDate":"2025-03-31","isFullCredit":false},{"lineNumber":204,"author":{"gitId":"-"},"content":"    @Test","lastModifiedDate":"2025-03-31","isFullCredit":false},{"lineNumber":205,"author":{"gitId":"-"},"content":"    public void toModelType_nullTagType_throwsIllegalValueException() {","lastModifiedDate":"2025-03-31","isFullCredit":false},{"lineNumber":206,"author":{"gitId":"-"},"content":"        JsonAdaptedTag tag \u003d new JsonAdaptedTag(\"dementia\", null);","lastModifiedDate":"2025-03-31","isFullCredit":false},{"lineNumber":207,"author":{"gitId":"-"},"content":"        assertThrows(IllegalValueException.class, tag::toModelType);","lastModifiedDate":"2025-03-31","isFullCredit":false},{"lineNumber":208,"author":{"gitId":"-"},"content":"    }","lastModifiedDate":"2025-03-31","isFullCredit":false},{"lineNumber":209,"author":{"gitId":"-"},"content":"","lastModifiedDate":"2025-03-31","isFullCredit":false},{"lineNumber":210,"author":{"gitId":"-"},"content":"    @Test","lastModifiedDate":"2025-03-31","isFullCredit":false},{"lineNumber":211,"author":{"gitId":"-"},"content":"    public void toModelType_emptyTagName_throwsIllegalValueException() {","lastModifiedDate":"2025-03-31","isFullCredit":false},{"lineNumber":212,"author":{"gitId":"-"},"content":"        JsonAdaptedTag tag \u003d new JsonAdaptedTag(\"   \", \"DETAIL\");","lastModifiedDate":"2025-03-31","isFullCredit":false},{"lineNumber":213,"author":{"gitId":"-"},"content":"        assertThrows(IllegalValueException.class, tag::toModelType);","lastModifiedDate":"2025-03-31","isFullCredit":false},{"lineNumber":214,"author":{"gitId":"-"},"content":"    }","lastModifiedDate":"2025-03-31","isFullCredit":false},{"lineNumber":215,"author":{"gitId":"-"},"content":"","lastModifiedDate":"2025-03-31","isFullCredit":false},{"lineNumber":216,"author":{"gitId":"-"},"content":"}","lastModifiedDate":"2018-08-13","isFullCredit":false},{"lineNumber":217,"author":{"gitId":"-"},"content":"","lastModifiedDate":"2025-03-30","isFullCredit":false}],"authorContributionMap":{"niha81":1,"-":216}}]
