{"authorDailyContributionsMap":{"niha81":[{"date":"2025-04-06","commitResults":[{"hash":"e6c76a0253ad7eaf772ff64545fac7cc3cf15403","isMergeCommit":false,"messageTitle":"Add special characters and limit name length","messageBody":"","fileTypesAndContributionMap":{"functional-code":{"insertions":2,"deletions":2}}},{"hash":"e17eb031c6a866d0b93ec63e8cc4b1d67aa85b18","isMergeCommit":false,"messageTitle":"Edit logic and fix tests","messageBody":"","fileTypesAndContributionMap":{"functional-code":{"insertions":2,"deletions":2},"test-code":{"insertions":2,"deletions":2}}},{"hash":"26432deef8d5e8d2911f7c6daeb5b659b8195186","isMergeCommit":false,"messageTitle":"Update ug according to ped","messageBody":"","fileTypesAndContributionMap":{"docs":{"insertions":43,"deletions":22}}},{"hash":"e15a640ef43649beb4ba92f9e1f9a2b075d336ad","isMergeCommit":false,"messageTitle":"Edit find note","messageBody":"","fileTypesAndContributionMap":{"docs":{"insertions":7,"deletions":0}}},{"hash":"2114aedf1e885d1ebe42610ddd33642e7b20a0d2","isMergeCommit":false,"messageTitle":"Add more details to fields","messageBody":"","fileTypesAndContributionMap":{"docs":{"insertions":36,"deletions":8}}}]},{"date":"2025-04-07","commitResults":[{"hash":"26fcdbcd27c941820c60460f16b9595eabcf593f","isMergeCommit":false,"messageTitle":"Fix formatting issues","messageBody":"","fileTypesAndContributionMap":{"docs":{"insertions":35,"deletions":22}}},{"hash":"08add67c6dc12ae298d47659a49d0a9e1003d967","isMergeCommit":false,"messageTitle":"Edit scope and enhancments","messageBody":"","fileTypesAndContributionMap":{"docs":{"insertions":57,"deletions":66}}},{"hash":"68882e995f9795d6f635c3bf63b208f2cb117d54","isMergeCommit":false,"messageTitle":"Remove whitespace","messageBody":"","fileTypesAndContributionMap":{"docs":{"insertions":2,"deletions":3}}},{"hash":"3792d0af0ea0c5b254b94fd83c6cfddb63a28478","isMergeCommit":true,"messageTitle":"Merge pull request #333 from Engulfy/editUG2","messageBody":"Edit UG formatting","fileTypesAndContributionMap":{}}]}],"patil-np":[{"date":"2025-04-06","commitResults":[{"hash":"39f4e759d6c99d88f9731a3f0d6cd3570d7dcd90","isMergeCommit":false,"messageTitle":"Fix sorting after editing appointment date","messageBody":"","fileTypesAndContributionMap":{"functional-code":{"insertions":1,"deletions":0}}},{"hash":"c8945b82a6bca8bfa30dc8924dffcbe1ab4922f2","isMergeCommit":true,"messageTitle":"Merge pull request #321 from patil-np/sort_fix","messageBody":"Allow auto-sorting after editing existing person\u0027s appointment date ","fileTypesAndContributionMap":{}}]}],"Engulfy":[{"date":"2025-04-06","commitResults":[{"hash":"b2b36d40691c01963dc8fb1f55b16a9c2a023738","isMergeCommit":true,"messageTitle":"Merge pull request #322 from niha81/fix-name","messageBody":"Add special characters and limit name length","fileTypesAndContributionMap":{}},{"hash":"f7a60fc81d07fc9b3653ac34924c6f9f40a01dc2","isMergeCommit":false,"messageTitle":"Fix -med field cannot be repeatedly added","messageBody":"","fileTypesAndContributionMap":{"functional-code":{"insertions":3,"deletions":2}}},{"hash":"a3ac39e20829017954a6ed376754cf4a380437ca","isMergeCommit":false,"messageTitle":"Fix gender error message","messageBody":"","fileTypesAndContributionMap":{"functional-code":{"insertions":3,"deletions":3}}}]},{"date":"2025-04-07","commitResults":[{"hash":"6e154b0a0f863eb90be56bd339373c8cff324d6b","isMergeCommit":true,"messageTitle":"Merge pull request #329 from niha81/pe-ug","messageBody":"Fix formatting issues","fileTypesAndContributionMap":{}},{"hash":"affe80ac80a6449b12e58bdbbdcc4d6c12502a4a","isMergeCommit":true,"messageTitle":"Merge pull request #331 from niha81/improve-dg","messageBody":"Edit scope and enhancments","fileTypesAndContributionMap":{}},{"hash":"ef2b15179fe4b9459f34c2600bbc3e3484de4098","isMergeCommit":false,"messageTitle":"Edit UG formatting","messageBody":"","fileTypesAndContributionMap":{"docs":{"insertions":102,"deletions":80}}},{"hash":"9901dee5d3bd88eb0bbf23082c96d61bb7e6d66d","isMergeCommit":false,"messageTitle":"Small fixes","messageBody":"","fileTypesAndContributionMap":{"docs":{"insertions":1,"deletions":1}}},{"hash":"245c5d1bee9aff7c4c9b3ba10388b56e3cb4ced5","isMergeCommit":false,"messageTitle":"Edit user guide","messageBody":"","fileTypesAndContributionMap":{"docs":{"insertions":2,"deletions":12}}}]}],"popova-mariia":[],"moingshoing":[{"date":"2025-04-06","commitResults":[{"hash":"130eb6272fb2fe995bbf8dd5288a74cc8d199aba","isMergeCommit":false,"messageTitle":"Update date_format and date_time_format","messageBody":"","fileTypesAndContributionMap":{"functional-code":{"insertions":9,"deletions":11}}},{"hash":"88c55c465776ee95d697c9922e871e3e36aa1713","isMergeCommit":false,"messageTitle":"Change isSamePerson","messageBody":"","fileTypesAndContributionMap":{"functional-code":{"insertions":8,"deletions":4}}},{"hash":"de67cc3753af5f8aa1b330b96da6cdcedaf0301a","isMergeCommit":false,"messageTitle":"Update tests","messageBody":"","fileTypesAndContributionMap":{"test-code":{"insertions":7,"deletions":7}}}]},{"date":"2025-04-07","commitResults":[{"hash":"ef9c0094c3056b1f16bc85b111006d60fcd75873","isMergeCommit":true,"messageTitle":"Merge pull request #325 from Engulfy/fixMed","messageBody":"Fix -med field cannot be repeatedly added","fileTypesAndContributionMap":{}},{"hash":"ed104fb380a2cb0ee54e5fb60348a6c7b07c15e3","isMergeCommit":true,"messageTitle":"Merge pull request #323 from moingshoing/fix-appt-date-issue","messageBody":"Fix appointment date","fileTypesAndContributionMap":{}},{"hash":"bd5c913385ea642ca7748ccbf6a9a5084bb5ca2b","isMergeCommit":true,"messageTitle":"Merge pull request #324 from moingshoing/what-is-a-person","messageBody":"Fix isSamePerson","fileTypesAndContributionMap":{}},{"hash":"3e425d53f2f15778cf0b0bc9314cbeeeb34afb02","isMergeCommit":true,"messageTitle":"Merge pull request #326 from Engulfy/fixGender","messageBody":"Fix gender error message","fileTypesAndContributionMap":{}},{"hash":"0fbe85136128e12458d3452dab3fec7d7f1d88ac","isMergeCommit":true,"messageTitle":"Merge pull request #327 from niha81/pe-ug","messageBody":"Pe ug","fileTypesAndContributionMap":{}},{"hash":"09055f50f85e3e8b72b7c8085bb1545b5fa1f64f","isMergeCommit":true,"messageTitle":"Merge pull request #335 from Engulfy/editUG3","messageBody":"Edit user guide","fileTypesAndContributionMap":{}}]}]},"authorFileTypeContributionMap":{"niha81":{"docs":153,"functional-code":2,"test-code":2,"other":1},"patil-np":{"docs":0,"functional-code":1,"test-code":0},"Engulfy":{"docs":38,"functional-code":4,"test-code":0},"popova-mariia":{"docs":0,"functional-code":0,"test-code":0},"moingshoing":{"docs":0,"functional-code":17,"test-code":7}},"authorContributionVariance":{"niha81":5984.2227,"patil-np":0.22222221,"Engulfy":8254.89,"popova-mariia":0.0,"moingshoing":470.22226},"authorDisplayNameMap":{"niha81":"CS2103T-T12-4 SANK..RIKA","patil-np":"CS2103T-T12-4 NIDH..ATIL","Engulfy":"CS2103T-T12-4 DONG..AOYU","popova-mariia":"CS2103T-T12-4 POPO..RIIA","moingshoing":"CS2103T-T12-4 YAP ..HENG"}}
