{"authorDailyContributionsMap":{"shashwatchan":[{"date":"2025-04-05","commitResults":[{"hash":"b3d8dae798ad2d335bee4e03432a243782673002","isMergeCommit":false,"messageTitle":"Process hidden modules properly","messageBody":"","fileTypesAndContributionMap":{"functional-code":{"insertions":2,"deletions":0},"test-code":{"insertions":3,"deletions":0}}},{"hash":"f9d82fa8c4f2e6a58c1992ce067fe6b8b2ffe3fe","isMergeCommit":true,"messageTitle":"Merge pull request #203 from shashwatchan/fixhidden","messageBody":"","fileTypesAndContributionMap":{}},{"hash":"8b445d59e49b075890e860723591c54576f8fdf1","isMergeCommit":false,"messageTitle":"Resolve DG issues","messageBody":"","fileTypesAndContributionMap":{"docs":{"insertions":33,"deletions":18}}},{"hash":"134f569f115c14e904f137feec8d1b8b447f4abb","isMergeCommit":true,"messageTitle":"Merge pull request #205 from shashwatchan/dgbugs","messageBody":"Resolve DG issues","fileTypesAndContributionMap":{}},{"hash":"2bac97ea6b6326922c0121473115ea99a026080b","isMergeCommit":false,"messageTitle":"Fix UG issues","messageBody":"","fileTypesAndContributionMap":{"docs":{"insertions":22,"deletions":19}}},{"hash":"ded4254b903c246d95f39220f41a53cac655beba","isMergeCommit":true,"messageTitle":"Merge branch \u0027master\u0027 into ugissuesfinal","messageBody":"","fileTypesAndContributionMap":{}},{"hash":"ec5cc99d5ba10e492376cc1687ac171c2f84aec3","isMergeCommit":true,"messageTitle":"Merge pull request #208 from shashwatchan/ugissuesfinal","messageBody":"Fix UG issues","fileTypesAndContributionMap":{}}]},{"date":"2025-04-06","commitResults":[{"hash":"f672ee634a19305fdf8d2c102399f38b3807388d","isMergeCommit":true,"messageTitle":"Merge branch \u0027master\u0027 into fix-phone-field-format","messageBody":"","fileTypesAndContributionMap":{}},{"hash":"f7a9c0880af1745c05cfe2231e224af89f4643b6","isMergeCommit":false,"messageTitle":"Update UserGuide.md","messageBody":"","fileTypesAndContributionMap":{"docs":{"insertions":1,"deletions":1}}},{"hash":"fa533fae7f6c0da1f626630645aafa3e0e4b613a","isMergeCommit":true,"messageTitle":"Merge pull request #210 from veehz/fix-phone-field-format","messageBody":"Update phone number format","fileTypesAndContributionMap":{}},{"hash":"ef1368b0c4b3c4e18c8b068338a3a88d695ff6ab","isMergeCommit":false,"messageTitle":"Add link verification enhancement to DG","messageBody":"","fileTypesAndContributionMap":{"docs":{"insertions":1,"deletions":0}}}]},{"date":"2025-04-07","commitResults":[{"hash":"de5fecdf575125d8ac5f385ef52f38b3f54acae9","isMergeCommit":true,"messageTitle":"Merge pull request #213 from shashwatchan/dgenhancement","messageBody":"Add link verification enhancement to DG","fileTypesAndContributionMap":{}},{"hash":"1f849e2a3d2a313f9d4674ba0b1143dd0b903278","isMergeCommit":true,"messageTitle":"Merge pull request #217 from AbiHalim/master","messageBody":"Fix issues in UG","fileTypesAndContributionMap":{}}]}],"veehz":[{"date":"2025-04-05","commitResults":[{"hash":"58bc0d9cae96fe9c13d29c1e12dbf63ae4f5dbaa","isMergeCommit":false,"messageTitle":"Fix Use Cases UC01 Numbering","messageBody":"","fileTypesAndContributionMap":{"docs":{"insertions":5,"deletions":5}}},{"hash":"22d0aa3f9ddb0e2555fef99a469386bead813de9","isMergeCommit":false,"messageTitle":"Remove unused Use Case","messageBody":"","fileTypesAndContributionMap":{"docs":{"insertions":1,"deletions":38}}},{"hash":"c4382e9522ab9f2cd2b8b7d9a094aaa9b6bf4a94","isMergeCommit":false,"messageTitle":"Fix Use Cases numbering and format","messageBody":"","fileTypesAndContributionMap":{"docs":{"insertions":4,"deletions":3}}},{"hash":"f135dc8d076313c26b4065c9436b4b003650f3fa","isMergeCommit":false,"messageTitle":"Update phone number format","messageBody":"Let\u0027s update phone number format so that it is a Singaporean number. It checks that the number is a 8-digit number.\n","fileTypesAndContributionMap":{"functional-code":{"insertions":2,"deletions":2},"docs":{"insertions":2,"deletions":2},"test-code":{"insertions":15,"deletions":12}}}]},{"date":"2025-04-07","commitResults":[{"hash":"2d854d30d2a50a13c222855dc5226d09eebbfa20","isMergeCommit":true,"messageTitle":"Merge branch \u0027master\u0027 into fix-dg-use-cases","messageBody":"","fileTypesAndContributionMap":{}},{"hash":"9465ff1d626d63f0bbfb759fe08e6664bd2985f4","isMergeCommit":true,"messageTitle":"Merge pull request #209 from veehz/fix-dg-use-cases","messageBody":"Fix DG Use Cases","fileTypesAndContributionMap":{}},{"hash":"53feb855657eb4646881ba095bb1d993f9dd0381","isMergeCommit":false,"messageTitle":"Add page breaks for A4 in User Guide","messageBody":"","fileTypesAndContributionMap":{"docs":{"insertions":13,"deletions":0}}},{"hash":"b413c5012c70fe2d020a9c25a8bc2b1440a3bcea","isMergeCommit":true,"messageTitle":"Merge pull request #218 from veehz/add-page-breaks","messageBody":"Add page breaks for A4 in User Guide","tags":["v1.6"],"fileTypesAndContributionMap":{}}]}],"AbiHalim":[{"date":"2025-04-05","commitResults":[{"hash":"b43c9cae25ae53bfcc2a2ab215976a81e12bb85e","isMergeCommit":false,"messageTitle":"Fix manual testing instructions","messageBody":"","fileTypesAndContributionMap":{"docs":{"insertions":2,"deletions":1}}},{"hash":"1a53621caf45f8669e3e1a5a937f773aa71e4ebc","isMergeCommit":false,"messageTitle":"Fix user stories","messageBody":"","fileTypesAndContributionMap":{"docs":{"insertions":24,"deletions":34}}},{"hash":"7315d046fa1eadf119590f58ed6177e2ec60fc51","isMergeCommit":false,"messageTitle":"Edited use cases","messageBody":"","fileTypesAndContributionMap":{"docs":{"insertions":31,"deletions":70}}}]},{"date":"2025-04-06","commitResults":[{"hash":"2f05de6825271971631b80a083c5e5f522cea7df","isMergeCommit":true,"messageTitle":"Merge pull request #211 from AbiHalim/Guides","messageBody":"Update DG manual testing instructions, user stories,","fileTypesAndContributionMap":{}},{"hash":"426cb05d45c264731c1f15cb2dc5a88e94a4cd9d","isMergeCommit":false,"messageTitle":"Address overflowing UI issue","messageBody":"","fileTypesAndContributionMap":{"docs":{"insertions":3,"deletions":1}}},{"hash":"e7d6ab8ed735aed23c761cfc193f2ce6fe704db9","isMergeCommit":false,"messageTitle":"Fix mismatching command parameters","messageBody":"","fileTypesAndContributionMap":{"docs":{"insertions":1,"deletions":1}}},{"hash":"e01d75b7d9712673258b0596bfb88ac90e637089","isMergeCommit":false,"messageTitle":"Add idiot-proof clarification on edit command","messageBody":"","fileTypesAndContributionMap":{"docs":{"insertions":15,"deletions":13}}},{"hash":"542fbd0c286dbe661c29523d182afb08e6154000","isMergeCommit":false,"messageTitle":"Fix checkstyle errors","messageBody":"","fileTypesAndContributionMap":{"docs":{"insertions":7,"deletions":7}}}]},{"date":"2025-04-07","commitResults":[{"hash":"6b1d00c3bf74a484e31a05b23f8227d201dbc5ba","isMergeCommit":false,"messageTitle":"Fix CS2030(TA) and crop images","messageBody":"","fileTypesAndContributionMap":{"docs":{"insertions":1,"deletions":1}}},{"hash":"c620c2346b8d0dc15fae67e935f328e78338f9b5","isMergeCommit":false,"messageTitle":"Add captions to images and add more images in detailed installation guide","messageBody":"","fileTypesAndContributionMap":{"docs":{"insertions":44,"deletions":12}}},{"hash":"5cb008c32d34adbcddae8f87d7d843fc37fd35f1","isMergeCommit":false,"messageTitle":"Updated tips \u0026 warnings to make them more consistent","messageBody":"","fileTypesAndContributionMap":{"docs":{"insertions":2,"deletions":19}}},{"hash":"21793fd60b852456f21282d3ade7e179f348dee5","isMergeCommit":false,"messageTitle":"Use more personal pronouns","messageBody":"","fileTypesAndContributionMap":{"docs":{"insertions":34,"deletions":30}}},{"hash":"db231f359843600875ef1320bacc39a96e0017f5","isMergeCommit":false,"messageTitle":"Add more planned enhancements","messageBody":"","fileTypesAndContributionMap":{"docs":{"insertions":2,"deletions":0}}},{"hash":"073f7144b03850d1566cfb5a9160c36c1c8f86b3","isMergeCommit":true,"messageTitle":"Merge branch \u0027master\u0027 into Guides","messageBody":"","fileTypesAndContributionMap":{}},{"hash":"1b1b6e05ec907d6183f42a1d8668801dbf7912ff","isMergeCommit":true,"messageTitle":"Merge branch \u0027master\u0027 into Guides","messageBody":"","fileTypesAndContributionMap":{}},{"hash":"4b826a6b4cd8e5c4e10500aad23bcfb2bf1e1563","isMergeCommit":true,"messageTitle":"Merge pull request #212 from AbiHalim/Guides","messageBody":"Fix issues in UG and DG","fileTypesAndContributionMap":{}},{"hash":"22985e3fde4d2fa17ad0ccfb69a6dd6777294ec8","isMergeCommit":false,"messageTitle":"Update README.md","messageBody":"","fileTypesAndContributionMap":{"docs":{"insertions":1,"deletions":1}}},{"hash":"eb553e4bf3ed3e768d4d257081b2e382a8e6c62e","isMergeCommit":false,"messageTitle":"Fix issues for UG and DG","messageBody":"","fileTypesAndContributionMap":{"docs":{"insertions":15,"deletions":17}}},{"hash":"ac62994b2012cc5ef009455ec7f6385ac19f5fdb","isMergeCommit":true,"messageTitle":"Merge branch \u0027master\u0027 of https://github.com/AbiHalim/tp","messageBody":"","fileTypesAndContributionMap":{}},{"hash":"f4e6e0aa634633fdd6b18f0f29a83fd966d12e5f","isMergeCommit":false,"messageTitle":"Fix image wrapping","messageBody":"","fileTypesAndContributionMap":{"docs":{"insertions":6,"deletions":7}}}]}],"YosieSYX":[{"date":"2025-04-05","commitResults":[{"hash":"03d8a81fe80ae8bd635fa354a8c818d545e92cff","isMergeCommit":false,"messageTitle":"Fix findMod bugs","messageBody":"","fileTypesAndContributionMap":{"functional-code":{"insertions":2,"deletions":2}}},{"hash":"3134eb7244e3079658acebb92ac6dd2265b2468b","isMergeCommit":false,"messageTitle":"Add tests","messageBody":"","fileTypesAndContributionMap":{"functional-code":{"insertions":1,"deletions":1},"test-code":{"insertions":22,"deletions":2}}},{"hash":"994c6c31d80dc80a2f581366969c8706a64a42e5","isMergeCommit":true,"messageTitle":"fix errors Merge remote-tracking branch \u0027upstream/master\u0027 into branch-fix-bugs","messageBody":"","fileTypesAndContributionMap":{}},{"hash":"27192b9d9bfe31385e76e8c31b52036694a224d7","isMergeCommit":false,"messageTitle":"Fix User guide","messageBody":"","fileTypesAndContributionMap":{"docs":{"insertions":14,"deletions":12}}},{"hash":"52094ce000f9f488cc720dbe24bb2e94b01853fa","isMergeCommit":false,"messageTitle":"Fix User guide","messageBody":"","fileTypesAndContributionMap":{"docs":{"insertions":1,"deletions":1}}},{"hash":"e684934540ba5d1286c1902974d7b5fbd6b2242e","isMergeCommit":true,"messageTitle":"Merge pull request #204 from YosieSYX/branch-fix-bugs","messageBody":"Fix findMod bugs","fileTypesAndContributionMap":{}},{"hash":"fbd80a471040b8e98e0ac97a6887c5e85f79167e","isMergeCommit":false,"messageTitle":"Fix User guide","messageBody":"","fileTypesAndContributionMap":{"docs":{"insertions":1,"deletions":1}}},{"hash":"3812649ed7a3bb2ad68a3a2cde3331e252dddfa7","isMergeCommit":true,"messageTitle":"Merge pull request #206 from YosieSYX/branch-fix-UGbugs","messageBody":"Fix User guide","fileTypesAndContributionMap":{}}]},{"date":"2025-04-06","commitResults":[{"hash":"11b1fe762fb805cb5fcd1876eb82f32bf5914c97","isMergeCommit":false,"messageTitle":"Fix developer guide","messageBody":"","fileTypesAndContributionMap":{"docs":{"insertions":16,"deletions":13}}}]},{"date":"2025-04-07","commitResults":[{"hash":"c16768f30122de9ef590a28ff63d97d6b9771d79","isMergeCommit":false,"messageTitle":"Fix developer guide","messageBody":"","fileTypesAndContributionMap":{"docs":{"insertions":23,"deletions":23}}},{"hash":"eec305d0701befbea84a2948ad3668903f3f7565","isMergeCommit":false,"messageTitle":"Fix errors","messageBody":"","fileTypesAndContributionMap":{"docs":{"insertions":23,"deletions":23},"test-code":{"insertions":11,"deletions":1}}},{"hash":"1b9862141956b76991e37c61a3637460dfe0fb1f","isMergeCommit":true,"messageTitle":"Merge pull request #214 from YosieSYX/branch-fix-DG2","messageBody":"Fix developer guide","fileTypesAndContributionMap":{}}]}]},"authorFileTypeContributionMap":{"shashwatchan":{"docs":25,"functional-code":2,"test-code":3},"veehz":{"docs":11,"functional-code":2,"test-code":15},"AbiHalim":{"docs":129,"functional-code":0,"test-code":0},"YosieSYX":{"docs":19,"functional-code":1,"test-code":32}},"authorContributionVariance":{"shashwatchan":2028.2222,"veehz":1614.8888,"AbiHalim":3848.0,"YosieSYX":946.8889},"authorDisplayNameMap":{"shashwatchan":"CS2103T-T11-1 CHAN..HWAT","veehz":"CS2103T-T11-1 VEE .. ZHI","AbiHalim":"CS2103T-T11-1 ABIS..ALIM","YosieSYX":"CS2103T-T11-1 SONG..UEXI"}}
