{"authorDailyContributionsMap":{"shashwatchan":[{"date":"2025-04-05","commitResults":[{"hash":"b3d8dae798ad2d335bee4e03432a243782673002","isMergeCommit":false,"messageTitle":"Process hidden modules properly","messageBody":"","fileTypesAndContributionMap":{"functional-code":{"insertions":2,"deletions":0},"test-code":{"insertions":3,"deletions":0}}},{"hash":"f9d82fa8c4f2e6a58c1992ce067fe6b8b2ffe3fe","isMergeCommit":true,"messageTitle":"Merge pull request #203 from shashwatchan/fixhidden","messageBody":"","fileTypesAndContributionMap":{}},{"hash":"8b445d59e49b075890e860723591c54576f8fdf1","isMergeCommit":false,"messageTitle":"Resolve DG issues","messageBody":"","fileTypesAndContributionMap":{"docs":{"insertions":33,"deletions":18}}},{"hash":"134f569f115c14e904f137feec8d1b8b447f4abb","isMergeCommit":true,"messageTitle":"Merge pull request #205 from shashwatchan/dgbugs","messageBody":"Resolve DG issues","fileTypesAndContributionMap":{}},{"hash":"2bac97ea6b6326922c0121473115ea99a026080b","isMergeCommit":false,"messageTitle":"Fix UG issues","messageBody":"","fileTypesAndContributionMap":{"docs":{"insertions":22,"deletions":19}}},{"hash":"ded4254b903c246d95f39220f41a53cac655beba","isMergeCommit":true,"messageTitle":"Merge branch \u0027master\u0027 into ugissuesfinal","messageBody":"","fileTypesAndContributionMap":{}},{"hash":"ec5cc99d5ba10e492376cc1687ac171c2f84aec3","isMergeCommit":true,"messageTitle":"Merge pull request #208 from shashwatchan/ugissuesfinal","messageBody":"Fix UG issues","fileTypesAndContributionMap":{}}]},{"date":"2025-04-06","commitResults":[{"hash":"f672ee634a19305fdf8d2c102399f38b3807388d","isMergeCommit":true,"messageTitle":"Merge branch \u0027master\u0027 into fix-phone-field-format","messageBody":"","fileTypesAndContributionMap":{}},{"hash":"f7a9c0880af1745c05cfe2231e224af89f4643b6","isMergeCommit":false,"messageTitle":"Update UserGuide.md","messageBody":"","fileTypesAndContributionMap":{"docs":{"insertions":1,"deletions":1}}},{"hash":"fa533fae7f6c0da1f626630645aafa3e0e4b613a","isMergeCommit":true,"messageTitle":"Merge pull request #210 from veehz/fix-phone-field-format","messageBody":"Update phone number format","fileTypesAndContributionMap":{}}]}],"veehz":[{"date":"2025-04-05","commitResults":[{"hash":"f135dc8d076313c26b4065c9436b4b003650f3fa","isMergeCommit":false,"messageTitle":"Update phone number format","messageBody":"Let\u0027s update phone number format so that it is a Singaporean number. It checks that the number is a 8-digit number.\n","fileTypesAndContributionMap":{"functional-code":{"insertions":2,"deletions":2},"docs":{"insertions":2,"deletions":2},"test-code":{"insertions":15,"deletions":12}}}]}],"AbiHalim":[{"date":"2025-04-05","commitResults":[{"hash":"b43c9cae25ae53bfcc2a2ab215976a81e12bb85e","isMergeCommit":false,"messageTitle":"Fix manual testing instructions","messageBody":"","fileTypesAndContributionMap":{"docs":{"insertions":2,"deletions":1}}},{"hash":"1a53621caf45f8669e3e1a5a937f773aa71e4ebc","isMergeCommit":false,"messageTitle":"Fix user stories","messageBody":"","fileTypesAndContributionMap":{"docs":{"insertions":24,"deletions":34}}},{"hash":"7315d046fa1eadf119590f58ed6177e2ec60fc51","isMergeCommit":false,"messageTitle":"Edited use cases","messageBody":"","fileTypesAndContributionMap":{"docs":{"insertions":31,"deletions":70}}}]},{"date":"2025-04-06","commitResults":[{"hash":"2f05de6825271971631b80a083c5e5f522cea7df","isMergeCommit":true,"messageTitle":"Merge pull request #211 from AbiHalim/Guides","messageBody":"Update DG manual testing instructions, user stories,","fileTypesAndContributionMap":{}}]}],"YosieSYX":[{"date":"2025-04-05","commitResults":[{"hash":"03d8a81fe80ae8bd635fa354a8c818d545e92cff","isMergeCommit":false,"messageTitle":"Fix findMod bugs","messageBody":"","fileTypesAndContributionMap":{"functional-code":{"insertions":2,"deletions":2}}},{"hash":"3134eb7244e3079658acebb92ac6dd2265b2468b","isMergeCommit":false,"messageTitle":"Add tests","messageBody":"","fileTypesAndContributionMap":{"functional-code":{"insertions":1,"deletions":1},"test-code":{"insertions":22,"deletions":2}}},{"hash":"994c6c31d80dc80a2f581366969c8706a64a42e5","isMergeCommit":true,"messageTitle":"fix errors Merge remote-tracking branch \u0027upstream/master\u0027 into branch-fix-bugs","messageBody":"","fileTypesAndContributionMap":{}},{"hash":"27192b9d9bfe31385e76e8c31b52036694a224d7","isMergeCommit":false,"messageTitle":"Fix User guide","messageBody":"","fileTypesAndContributionMap":{"docs":{"insertions":14,"deletions":12}}},{"hash":"52094ce000f9f488cc720dbe24bb2e94b01853fa","isMergeCommit":false,"messageTitle":"Fix User guide","messageBody":"","fileTypesAndContributionMap":{"docs":{"insertions":1,"deletions":1}}},{"hash":"e684934540ba5d1286c1902974d7b5fbd6b2242e","isMergeCommit":true,"messageTitle":"Merge pull request #204 from YosieSYX/branch-fix-bugs","messageBody":"Fix findMod bugs","fileTypesAndContributionMap":{}},{"hash":"fbd80a471040b8e98e0ac97a6887c5e85f79167e","isMergeCommit":false,"messageTitle":"Fix User guide","messageBody":"","fileTypesAndContributionMap":{"docs":{"insertions":1,"deletions":1}}},{"hash":"3812649ed7a3bb2ad68a3a2cde3331e252dddfa7","isMergeCommit":true,"messageTitle":"Merge pull request #206 from YosieSYX/branch-fix-UGbugs","messageBody":"Fix User guide","fileTypesAndContributionMap":{}}]}]},"authorFileTypeContributionMap":{"shashwatchan":{"docs":31,"functional-code":2,"test-code":3},"veehz":{"docs":0,"functional-code":2,"test-code":15},"AbiHalim":{"docs":47,"functional-code":0,"test-code":0},"YosieSYX":{"docs":4,"functional-code":1,"test-code":21}},"authorContributionVariance":{"shashwatchan":2256.25,"veehz":306.25,"AbiHalim":6561.0,"YosieSYX":900.0},"authorDisplayNameMap":{"shashwatchan":"CS2103T-T11-1 CHAN..HWAT","veehz":"CS2103T-T11-1 VEE .. ZHI","AbiHalim":"CS2103T-T11-1 ABIS..ALIM","YosieSYX":"CS2103T-T11-1 SONG..UEXI"}}
