{"authorDailyContributionsMap":{"kubrian":[{"date":"2025-04-07","commitResults":[{"hash":"691e866ad6673d917e5876201c3d41cce372ce28","isMergeCommit":true,"messageTitle":"[#344] Improve GUI (#345)","messageBody":"","fileTypesAndContributionMap":{}},{"hash":"42dbf2e4025be29e9c1d8bca3e08c4217232bf01","isMergeCommit":false,"messageTitle":"Enforce case-insensitivity in fields where duplicates are checked","messageBody":"","fileTypesAndContributionMap":{"functional-code":{"insertions":13,"deletions":8}}},{"hash":"4dbdadcd97db82ad3440beaf152c888450697264","isMergeCommit":false,"messageTitle":"Require at least one . in email domain part","messageBody":"","fileTypesAndContributionMap":{"functional-code":{"insertions":1,"deletions":1}}},{"hash":"eb081e487ac93baded4f0754a8dd920284afd7a7","isMergeCommit":false,"messageTitle":"Redirect user to help","messageBody":"","fileTypesAndContributionMap":{"functional-code":{"insertions":3,"deletions":1}}},{"hash":"075c7e3997e2b46e421f885d3e5921c4dc0a1aa4","isMergeCommit":false,"messageTitle":"Improve wording of filter to separate column and criteria","messageBody":"","fileTypesAndContributionMap":{"functional-code":{"insertions":10,"deletions":8}}},{"hash":"0dac1a2d9152d06c31872db6c2449344a468ed3f","isMergeCommit":false,"messageTitle":"Improve wording of commands operating on associated contacts","messageBody":"","fileTypesAndContributionMap":{"functional-code":{"insertions":8,"deletions":3}}},{"hash":"baec6724110f62e72db46bffe1990d7a01a8714b","isMergeCommit":false,"messageTitle":"Event end is strictly after event start","messageBody":"","fileTypesAndContributionMap":{"functional-code":{"insertions":1,"deletions":2}}},{"hash":"cfd2671e7ae8c702aff38216af77e495e831370b","isMergeCommit":false,"messageTitle":"Inform user of their sins","messageBody":"","fileTypesAndContributionMap":{"functional-code":{"insertions":14,"deletions":13}}},{"hash":"7d6315cc8f4e40a5a41a5cb6b8aec493c09e7e32","isMergeCommit":false,"messageTitle":"Fix test","messageBody":"","fileTypesAndContributionMap":{"test-code":{"insertions":6,"deletions":6}}},{"hash":"8afddd5ff65e6c7750d64bcb26ee7d924ff997a2","isMergeCommit":false,"messageTitle":"Update help string for filter","messageBody":"","fileTypesAndContributionMap":{"functional-code":{"insertions":7,"deletions":7}}},{"hash":"1a7b8110ffeb08609dd17af981032e6bf08ddcd4","isMergeCommit":false,"messageTitle":"Update help string for filter","messageBody":"","fileTypesAndContributionMap":{"functional-code":{"insertions":8,"deletions":8}}},{"hash":"35b6585b09fd630dd0e848774b17f8c80fe37dc0","isMergeCommit":true,"messageTitle":"Merge branch \u0027346-qol\u0027 of https://github.com/kubrian/tp into 346-qol","messageBody":"","fileTypesAndContributionMap":{}}]}],"Ernestnzx":[],"NHT020305":[],"quangthangisme":[],"raw-asparagus":[{"date":"2025-04-07","commitResults":[{"hash":"fdc2bcfebdc52641623475449d96585df805fd6c","isMergeCommit":false,"messageTitle":"Update UI styles and layout","messageBody":"","fileTypesAndContributionMap":{"functional-code":{"insertions":264,"deletions":194}}},{"hash":"89d0e88b8bfcf5d7b0503eda05fe65315a6d1340","isMergeCommit":false,"messageTitle":"Enforce minimum resolution and fix reset button","messageBody":"","fileTypesAndContributionMap":{"functional-code":{"insertions":1,"deletions":1}}},{"hash":"2ba24384177fe9c816ee8b9c233a2d578e6cb646","isMergeCommit":false,"messageTitle":"Decreases minimum resolution","messageBody":"","fileTypesAndContributionMap":{"functional-code":{"insertions":1,"deletions":1}}},{"hash":"313cc366f4152d701119a39ebd73e6bf0dab6361","isMergeCommit":true,"messageTitle":"[#346] QOL improvements (#347)","messageBody":"","fileTypesAndContributionMap":{}}]}]},"authorFileTypeContributionMap":{"kubrian":{"docs":0,"functional-code":58,"test-code":6},"Ernestnzx":{"docs":0,"functional-code":0,"test-code":0},"NHT020305":{"docs":0,"functional-code":0,"test-code":0},"quangthangisme":{"docs":0,"functional-code":0,"test-code":0},"raw-asparagus":{"docs":0,"functional-code":252,"test-code":0}},"authorContributionVariance":{"kubrian":3640.8887,"Ernestnzx":0.0,"NHT020305":0.0,"quangthangisme":0.0,"raw-asparagus":47432.0},"authorDisplayNameMap":{"kubrian":"CS2103-F08-4 KU B..RIAN","Ernestnzx":"CS2103-F08-4 ERNE..XUAN","NHT020305":"CS2103-F08-4 NGUY..TUNG","quangthangisme":"CS2103-F08-4 DANG..HANG","raw-asparagus":"CS2103-F08-4 TING.. RUI"}}
