{"authorDailyContributionsMap":{"kubrian":[{"date":"2025-04-07","commitResults":[{"hash":"691e866ad6673d917e5876201c3d41cce372ce28","isMergeCommit":true,"messageTitle":"[#344] Improve GUI (#345)","messageBody":"","fileTypesAndContributionMap":{}}]}],"Ernestnzx":[],"NHT020305":[],"quangthangisme":[],"raw-asparagus":[{"date":"2025-04-07","commitResults":[{"hash":"fdc2bcfebdc52641623475449d96585df805fd6c","isMergeCommit":false,"messageTitle":"Update UI styles and layout","messageBody":"","fileTypesAndContributionMap":{"functional-code":{"insertions":264,"deletions":194}}},{"hash":"89d0e88b8bfcf5d7b0503eda05fe65315a6d1340","isMergeCommit":false,"messageTitle":"Enforce minimum resolution and fix reset button","messageBody":"","fileTypesAndContributionMap":{"functional-code":{"insertions":1,"deletions":1}}},{"hash":"2ba24384177fe9c816ee8b9c233a2d578e6cb646","isMergeCommit":false,"messageTitle":"Decreases minimum resolution","messageBody":"","fileTypesAndContributionMap":{"functional-code":{"insertions":1,"deletions":1}}}]}]},"authorFileTypeContributionMap":{"kubrian":{"docs":0,"functional-code":0,"test-code":0},"Ernestnzx":{"docs":0,"functional-code":0,"test-code":0},"NHT020305":{"docs":0,"functional-code":0,"test-code":0},"quangthangisme":{"docs":0,"functional-code":0,"test-code":0},"raw-asparagus":{"docs":0,"functional-code":252,"test-code":0}},"authorContributionVariance":{"kubrian":0.0,"Ernestnzx":0.0,"NHT020305":0.0,"quangthangisme":0.0,"raw-asparagus":47432.0},"authorDisplayNameMap":{"kubrian":"CS2103-F08-4 KU B..RIAN","Ernestnzx":"CS2103-F08-4 ERNE..XUAN","NHT020305":"CS2103-F08-4 NGUY..TUNG","quangthangisme":"CS2103-F08-4 DANG..HANG","raw-asparagus":"CS2103-F08-4 TING.. RUI"}}
