{"authorDailyContributionsMap":{"Codekrodile":[{"date":"2025-04-06","commitResults":[{"hash":"5f83a7c6cc1179abca327710f4558b500882b995","isMergeCommit":false,"messageTitle":"Fix viewp to include tag","messageBody":"","fileTypesAndContributionMap":{"functional-code":{"insertions":5,"deletions":2},"test-code":{"insertions":4,"deletions":1}}},{"hash":"ab35c6b7d2f904299da3dba187d06593f1b9f745","isMergeCommit":false,"messageTitle":"Fix name to limit max char","messageBody":"","fileTypesAndContributionMap":{"functional-code":{"insertions":3,"deletions":2}}},{"hash":"ace2091b36b533efed2e89450d85eb7770bfe74d","isMergeCommit":false,"messageTitle":"Update name test cases","messageBody":"","fileTypesAndContributionMap":{"test-code":{"insertions":3,"deletions":1}}},{"hash":"0275777220b8f49f26868a40297b877cfc066897","isMergeCommit":false,"messageTitle":"Change viewp window","messageBody":"","fileTypesAndContributionMap":{"functional-code":{"insertions":32,"deletions":10},"test-code":{"insertions":1,"deletions":5}}}]},{"date":"2025-04-07","commitResults":[{"hash":"d7f6f3fdd7742a06a607f18b999385398edd032f","isMergeCommit":false,"messageTitle":"Fix phone number constraints","messageBody":"","fileTypesAndContributionMap":{"functional-code":{"insertions":2,"deletions":2},"test-code":{"insertions":7,"deletions":3}}},{"hash":"9e21eac6c924719bc151a05d52475af5c7443684","isMergeCommit":false,"messageTitle":"Update phone message constraint","messageBody":"","fileTypesAndContributionMap":{"functional-code":{"insertions":2,"deletions":1}}}]}],"UltimateHG":[{"date":"2025-04-06","commitResults":[{"hash":"62bd4fa939dc3354644d5794d7ecc51cbc7400a1","isMergeCommit":false,"messageTitle":"Fix issue #183,#188,#223","messageBody":"","fileTypesAndContributionMap":{"functional-code":{"insertions":11,"deletions":9}}},{"hash":"9f176be06a024753578cb212ab266868132af19c","isMergeCommit":false,"messageTitle":"Fix issue #224","messageBody":"","fileTypesAndContributionMap":{"functional-code":{"insertions":11,"deletions":2},"test-code":{"insertions":7,"deletions":11}}},{"hash":"f57bd5e72ec8083c9bc253ee98682c407387af44","isMergeCommit":false,"messageTitle":"Fix JUnit tests failing","messageBody":"","fileTypesAndContributionMap":{"test-code":{"insertions":0,"deletions":3}}},{"hash":"82035cdf2b3c1e5b11ffbf94b16f06a4c1ea803a","isMergeCommit":false,"messageTitle":"Add more JUnit tests","messageBody":"","fileTypesAndContributionMap":{"test-code":{"insertions":23,"deletions":0}}}]}],"AerollingOverDeepBlueSeas":[{"date":"2025-04-05","commitResults":[{"hash":"f1c050e7fa104964bba9ee2b4d946774e34dfb16","isMergeCommit":false,"messageTitle":"Disallow Duplicate Appointments","messageBody":"Added check for duplicate appointment for same patient.\nAdded some tests for parsing of addappt commands.\n","fileTypesAndContributionMap":{"functional-code":{"insertions":53,"deletions":9},"test-code":{"insertions":31,"deletions":0}}},{"hash":"9b900a2e27eb5c596c124b27375996edc71971a9","isMergeCommit":false,"messageTitle":"Revert \"Disallow Duplicate Appointments\"","messageBody":"This reverts commit f1c050e7fa104964bba9ee2b4d946774e34dfb16.\n","fileTypesAndContributionMap":{"functional-code":{"insertions":9,"deletions":53},"test-code":{"insertions":0,"deletions":31}}},{"hash":"ae2738f9e0e73aaf6e2dd6d9fbb82917e1815d94","isMergeCommit":false,"messageTitle":"Disallow appointments on same date and time","messageBody":"","fileTypesAndContributionMap":{"functional-code":{"insertions":19,"deletions":1}}}]},{"date":"2025-04-06","commitResults":[{"hash":"1fa5027a42fe2e8c34c9b215ec25f2acc10ba899","isMergeCommit":false,"messageTitle":"Update regex string to disallow tag names starting with dashes","messageBody":"","fileTypesAndContributionMap":{"functional-code":{"insertions":3,"deletions":2}}},{"hash":"1a7b68c8016737be21c9ea5ec11c89f03312cc97","isMergeCommit":true,"messageTitle":"Merge branch \u0027AY2425S2-CS2103T-F11-1:master\u0027 into parse-tags","messageBody":"","fileTypesAndContributionMap":{}},{"hash":"bc77f413876fbf1a6c8e7164ffb0f8b468e04bda","isMergeCommit":true,"messageTitle":"Merge branch \u0027AY2425S2-CS2103T-F11-1:master\u0027 into disallow-duplicate-appointments","messageBody":"","fileTypesAndContributionMap":{}},{"hash":"94c24643c613c3a714b824da35231d9ec0451349","isMergeCommit":false,"messageTitle":"Add tests for new methods","messageBody":"","fileTypesAndContributionMap":{"test-code":{"insertions":93,"deletions":2}}},{"hash":"3188ed4942a83b2aed0ce25cb7459c4ec47d712c","isMergeCommit":false,"messageTitle":"Update Tag Information in UG","messageBody":"","fileTypesAndContributionMap":{"docs":{"insertions":5,"deletions":3}}},{"hash":"520d0cf8fd4c7f2e5bd556437dedd9916529d3b4","isMergeCommit":false,"messageTitle":"Add Tag Length Constraint","messageBody":"","fileTypesAndContributionMap":{"functional-code":{"insertions":2,"deletions":2},"test-code":{"insertions":14,"deletions":0}}}]},{"date":"2025-04-07","commitResults":[{"hash":"44b4f336d2e90def3e2c93647e3585db6b176d0e","isMergeCommit":true,"messageTitle":"Merge branch \u0027AY2425S2-CS2103T-F11-1:master\u0027 into add-tests","messageBody":"","fileTypesAndContributionMap":{}},{"hash":"519c63d5da4d45073bb181a0685d92a3099e3d20","isMergeCommit":false,"messageTitle":"Add Tests for Appt Commands","messageBody":"Added some tests for addappt and rmappt\n","fileTypesAndContributionMap":{"test-code":{"insertions":80,"deletions":1}}},{"hash":"359ab6c790d9f272e6d0d1c9c190a294f895112f","isMergeCommit":true,"messageTitle":"Merge pull request #253 from Hugo-Chia/update-ugdg-v1.6-2","messageBody":"Update User and Developer Guide v1.6-2","fileTypesAndContributionMap":{}}]}],"reaneechua":[{"date":"2025-04-05","commitResults":[{"hash":"23f0ce494047aca0221cd96d534e07c1d3b2f85d","isMergeCommit":false,"messageTitle":"Fix bug that appointments are not displayed chronologically","messageBody":"","fileTypesAndContributionMap":{"functional-code":{"insertions":1,"deletions":3}}},{"hash":"bc29f5628052c95158f55a3d9e3e1883d87b1a98","isMergeCommit":false,"messageTitle":"Delete unused import","messageBody":"","fileTypesAndContributionMap":{"functional-code":{"insertions":0,"deletions":1}}}]},{"date":"2025-04-06","commitResults":[{"hash":"b8c399eb73c3b91db30c2d2b4095603862833585","isMergeCommit":true,"messageTitle":"Merge pull request #181 from Hugo-Chia/update-ugdg-v1.6","messageBody":"Update User Guide, Developer Guide v1.6\nFixes #211 and #232","fileTypesAndContributionMap":{}},{"hash":"a1f3eb68c4c847ae6aeddcb6b7842cf5abc8a778","isMergeCommit":true,"messageTitle":"Merge pull request #240 from Hugo-Chia/pe-d-bug-fix","messageBody":"PE-D code bug fixes","fileTypesAndContributionMap":{}},{"hash":"c1bcc48cb98337b151d70b2f9dcd28e04b0f629c","isMergeCommit":false,"messageTitle":"Fix appointment date time to ensure invalid dates are not allowed","messageBody":"","fileTypesAndContributionMap":{"functional-code":{"insertions":6,"deletions":4}}}]},{"date":"2025-04-07","commitResults":[{"hash":"ce0fe1ac6230ced208f727624babe061ebe48b10","isMergeCommit":false,"messageTitle":"Remove appointment date check for adding appointments in the past","messageBody":"","fileTypesAndContributionMap":{"functional-code":{"insertions":0,"deletions":3}}},{"hash":"eea2ef9753acd20c6db7bde87d4aa009622ea34f","isMergeCommit":false,"messageTitle":"Update UG and DG to include more information on appointments","messageBody":"","fileTypesAndContributionMap":{"docs":{"insertions":20,"deletions":2}}},{"hash":"ded5689c8fa25decce88cda0cff022d955297f68","isMergeCommit":false,"messageTitle":"Fix newline error","messageBody":"","fileTypesAndContributionMap":{"docs":{"insertions":1,"deletions":1}}},{"hash":"9f354b63003e4a783d0618009f079b3aad849435","isMergeCommit":false,"messageTitle":"Include appointment model logic in the DG","messageBody":"","fileTypesAndContributionMap":{"docs":{"insertions":8,"deletions":0}}},{"hash":"e217d3c0ecfc2818445a1bea2a0029d8a0522482","isMergeCommit":false,"messageTitle":"Include appointment model logic in the DG","messageBody":"","fileTypesAndContributionMap":{"docs":{"insertions":3,"deletions":2}}}]}],"Hugo-Chia":[{"date":"2025-04-05","commitResults":[{"hash":"948c122d51f0c64f74cf8b6cced29d496a48f21c","isMergeCommit":false,"messageTitle":"Fix fullstop consistency","messageBody":"","fileTypesAndContributionMap":{"docs":{"insertions":7,"deletions":7}}},{"hash":"7d45efa74d3bef2ed7fb9aaf0bdfa387e109542d","isMergeCommit":false,"messageTitle":"Fixes #186","messageBody":"","fileTypesAndContributionMap":{"docs":{"insertions":12,"deletions":0}}},{"hash":"7370dbef4a15dd2f3a17ec53cdc2552269d8731e","isMergeCommit":false,"messageTitle":"Fixes #210","messageBody":"","fileTypesAndContributionMap":{"docs":{"insertions":3,"deletions":1}}},{"hash":"a91587e07e87eacc4d5fe3b102231581a1a69925","isMergeCommit":false,"messageTitle":"Fixes #185, #190, #199, #235","messageBody":"","fileTypesAndContributionMap":{"docs":{"insertions":20,"deletions":0}}},{"hash":"73db1dc48a6386e6ad7116000caad2a53769f252","isMergeCommit":false,"messageTitle":"Fixes #193","messageBody":"","fileTypesAndContributionMap":{"docs":{"insertions":15,"deletions":0}}},{"hash":"6b5ceb7ec1e8a905f3b0dd6c187f7c4ae1e93cbe","isMergeCommit":false,"messageTitle":"Fixes #209 and #212 amongst other issues (NRIC description, fullstop)","messageBody":"","fileTypesAndContributionMap":{"docs":{"insertions":9,"deletions":9}}},{"hash":"5d63df70546231394ec2776a637d115ef0e869cb","isMergeCommit":false,"messageTitle":"Add fullstop","messageBody":"","fileTypesAndContributionMap":{"docs":{"insertions":1,"deletions":1}}},{"hash":"6901ae8821206661c7e1a4f5cf1ec650202f1184","isMergeCommit":false,"messageTitle":"Fixes #211 and #232","messageBody":"","fileTypesAndContributionMap":{"docs":{"insertions":23,"deletions":18}}},{"hash":"90f5d8801ae76bd17ee9ac748665a02284cb092a","isMergeCommit":false,"messageTitle":"Update UG - Parameter Constraint Table for clarity","messageBody":"","fileTypesAndContributionMap":{"docs":{"insertions":9,"deletions":9}}},{"hash":"ebe9876240e4655007574f8d2a0e169de584aeb9","isMergeCommit":false,"messageTitle":"Add new section on data backup and improve clarity by replacing [JAR file location] with [Home folder]","messageBody":"","fileTypesAndContributionMap":{"docs":{"insertions":24,"deletions":10}}},{"hash":"a9ec1f08faa6d9a62bfdd3f100bebdc5deda278c","isMergeCommit":false,"messageTitle":"Fix language issues","messageBody":"","fileTypesAndContributionMap":{"docs":{"insertions":20,"deletions":11}}},{"hash":"74f9677271b848c43afd6e1df1cf7170ad458ae4","isMergeCommit":false,"messageTitle":"Add page breaks to prepare User Guide for printing","messageBody":"","fileTypesAndContributionMap":{"docs":{"insertions":10,"deletions":0}}}]},{"date":"2025-04-06","commitResults":[{"hash":"9d0949ee993566f8c9cb7b095d945824eb2debee","isMergeCommit":false,"messageTitle":"Allow \u0027M\u0027 in NRIC. Fixes #182 and #197","messageBody":"","fileTypesAndContributionMap":{"functional-code":{"insertions":1,"deletions":1}}},{"hash":"6970f4e37532b343bf4c1fdb652cf89a6a92e89c","isMergeCommit":false,"messageTitle":"Fix #191 and #226 DOB date handling bug","messageBody":"","fileTypesAndContributionMap":{"functional-code":{"insertions":2,"deletions":1}}},{"hash":"fa3447d3ec6e3258bac73a9d13d9c95d683033e7","isMergeCommit":false,"messageTitle":"Fix #186","messageBody":"","fileTypesAndContributionMap":{"docs":{"insertions":12,"deletions":0}}},{"hash":"f20e3751aecb19413f4d2d7e36bc3cf56d9ac7b0","isMergeCommit":false,"messageTitle":"Fix #210","messageBody":"","fileTypesAndContributionMap":{"docs":{"insertions":3,"deletions":1}}},{"hash":"d3ec783f161c9a57dfadc9e8a0bd9647c0e896db","isMergeCommit":false,"messageTitle":"Fix #185, #190, #199, #235","messageBody":"","fileTypesAndContributionMap":{"docs":{"insertions":20,"deletions":0}}},{"hash":"7036f471de9f6394d1a7abaef147432c352fbe9c","isMergeCommit":false,"messageTitle":"Fix #193","messageBody":"","fileTypesAndContributionMap":{"docs":{"insertions":15,"deletions":0}}},{"hash":"79e2689ff8b6d9996db50336b0645db01bebe24b","isMergeCommit":false,"messageTitle":"Fix #209 and #212 amongst other issues (NRIC description, fullstop)","messageBody":"","fileTypesAndContributionMap":{"docs":{"insertions":9,"deletions":9}}},{"hash":"8aca8a477f76ee4503b86abaa5642a92abecd5a9","isMergeCommit":false,"messageTitle":"Add fullstop","messageBody":"","fileTypesAndContributionMap":{"docs":{"insertions":1,"deletions":1}}},{"hash":"aaba9866e3765294c5b815aa144f1a5d296597b7","isMergeCommit":false,"messageTitle":"Fix #211 and #232","messageBody":"","fileTypesAndContributionMap":{"docs":{"insertions":23,"deletions":18}}},{"hash":"eb01d5f521d08122556568728415823f121dc155","isMergeCommit":false,"messageTitle":"Update UG - Parameter Constraint Table for clarity","messageBody":"","fileTypesAndContributionMap":{"docs":{"insertions":9,"deletions":9}}},{"hash":"6a48915f9044b62ab3ee07759980f6d39507c137","isMergeCommit":false,"messageTitle":"Add new section on data backup and improve clarity by replacing [JAR file location] with [Home folder]","messageBody":"","fileTypesAndContributionMap":{"docs":{"insertions":24,"deletions":10}}},{"hash":"ed03f0965371e8d861e8b8021bc44beb41e082ca","isMergeCommit":false,"messageTitle":"Fix language issues","messageBody":"","fileTypesAndContributionMap":{"docs":{"insertions":20,"deletions":11}}},{"hash":"07fde240ab2deec38e59343f3ed494cb8cb77c71","isMergeCommit":false,"messageTitle":"Add page breaks to prepare User Guide for printing","messageBody":"","fileTypesAndContributionMap":{"docs":{"insertions":10,"deletions":0}}},{"hash":"2e775b2d020a94627fa56f162f0209782c979b21","isMergeCommit":true,"messageTitle":"Merge branch \u0027master\u0027 into pe-d-bug-fix","messageBody":"","fileTypesAndContributionMap":{}},{"hash":"5962b6a9a837253f270f1d9aaaea302a27dd8f91","isMergeCommit":false,"messageTitle":"Fix #195, disallow duplicate phone, name and DOB","messageBody":"","fileTypesAndContributionMap":{"functional-code":{"insertions":3,"deletions":2}}},{"hash":"da92e4859da3dc82039cf36a1c12fc08b1191bc6","isMergeCommit":false,"messageTitle":"Fix checkstyle and test","messageBody":"","fileTypesAndContributionMap":{"functional-code":{"insertions":2,"deletions":2},"test-code":{"insertions":2,"deletions":2}}},{"hash":"7921b73c2492811999719fefbce36ee9b9e6ba7e","isMergeCommit":false,"messageTitle":"Fix #204","messageBody":"","fileTypesAndContributionMap":{"functional-code":{"insertions":1,"deletions":0}}},{"hash":"423e4f5cbc1a3fbe137690e6e1b0ff7b75e94648","isMergeCommit":true,"messageTitle":"Merge pull request #236 from reaneechua/branch-fixorder","messageBody":"Update viewp to display appointments in chronological order","fileTypesAndContributionMap":{}},{"hash":"0f089b39816b0fee547573fa9706cb29cd9565cf","isMergeCommit":true,"messageTitle":"Merge pull request #238 from AerollingOverDeepBlueSeas/parse-tags","messageBody":"Update Regex String to Disallow Tags Starting with Dashes","fileTypesAndContributionMap":{}}]},{"date":"2025-04-07","commitResults":[{"hash":"a395929a9aa6b8c2f773a55db85fe2c75dde4098","isMergeCommit":true,"messageTitle":"Merge pull request #239 from AerollingOverDeepBlueSeas/disallow-duplicate-appointments","messageBody":"Disallow duplicate appointments","fileTypesAndContributionMap":{}},{"hash":"507fc24734f9422c45a12cdd3e54cfca9e348996","isMergeCommit":true,"messageTitle":"Merge pull request #244 from Codekrodile/branch-limit-name","messageBody":"Limit name maximum characters","fileTypesAndContributionMap":{}},{"hash":"4ebb5b20c80000c70d4bfa0fb58e8979902cf4ad","isMergeCommit":true,"messageTitle":"Merge pull request #245 from reaneechua/branch-ApptDateTimeFix","messageBody":"Fix appointment date time to ensure invalid dates are not allowed","fileTypesAndContributionMap":{}},{"hash":"e77ca435e6c658beffaf2feb14598e5f26254909","isMergeCommit":true,"messageTitle":"Merge pull request #247 from AerollingOverDeepBlueSeas/update-user-guide","messageBody":"Update Tag Information in UG","fileTypesAndContributionMap":{}},{"hash":"3d83ac188c2fba4d1f5f5b88deabb25cd272ba97","isMergeCommit":true,"messageTitle":"Merge pull request #250 from AerollingOverDeepBlueSeas/parse-tags","messageBody":"Add Tag Length Constraint","fileTypesAndContributionMap":{}},{"hash":"80ec20d177f9872f0022f3b8fa1081ae11d1ac10","isMergeCommit":true,"messageTitle":"Merge pull request #242 from Codekrodile/branch-viewp-add-tag","messageBody":"Fix viewp to include tag","fileTypesAndContributionMap":{}},{"hash":"33f7111795ca3157fc8e12fc569e769142087bf0","isMergeCommit":true,"messageTitle":"Merge branch \u0027master\u0027 into branch-viewp-fxml-2","messageBody":"","fileTypesAndContributionMap":{}},{"hash":"73e9f939af6a50b5298b0ecac01766caad28a509","isMergeCommit":true,"messageTitle":"Merge pull request #248 from Codekrodile/branch-viewp-fxml-2","messageBody":"Change viewp window","fileTypesAndContributionMap":{}},{"hash":"2354f841226a9c606591a4b7abd16a1033cc7876","isMergeCommit":true,"messageTitle":"Merge pull request #251 from UltimateHG/dev/bugfix-ped","messageBody":"Fix issues #183,#188,#223,#224","fileTypesAndContributionMap":{}},{"hash":"45bf3b54c9c335c81a539aa2c81648876cc45b88","isMergeCommit":false,"messageTitle":"Fix build issues to push test to pass","messageBody":"","fileTypesAndContributionMap":{"functional-code":{"insertions":0,"deletions":2},"test-code":{"insertions":4,"deletions":8}}},{"hash":"0eafa4edf8f55cff00a078d6b3ad038d234144c0","isMergeCommit":true,"messageTitle":"Merge pull request #252 from Hugo-Chia/fix-build-issues","messageBody":"Fix build issues to push test to pass","fileTypesAndContributionMap":{}},{"hash":"9dbb8506b744d03f78fe630606d335ab7a46966d","isMergeCommit":false,"messageTitle":"Update introduction","messageBody":"","fileTypesAndContributionMap":{"docs":{"insertions":5,"deletions":5}}},{"hash":"62607b039f14e7fe7f67d00cc90780e283e94a5b","isMergeCommit":false,"messageTitle":"Update alias for list, fix #243","messageBody":"","fileTypesAndContributionMap":{"docs":{"insertions":1,"deletions":1}}},{"hash":"b3e870c147a7c8f41c50a5dd7f432643ee2331df","isMergeCommit":false,"messageTitle":"Fix #219, make UG fit-for-purpose","messageBody":"","fileTypesAndContributionMap":{"docs":{"insertions":2,"deletions":2}}},{"hash":"f6ae04c33914dd2eafec6c098ba34aa88f5e6a58","isMergeCommit":false,"messageTitle":"Fix #207, update UML diagram","messageBody":"","fileTypesAndContributionMap":{"docs":{"insertions":1,"deletions":1}}},{"hash":"1e384c9f27036cb91d11edf26e00906b6237c2f5","isMergeCommit":false,"messageTitle":"Fix #196, address why the -IC command format is needed","messageBody":"","fileTypesAndContributionMap":{"docs":{"insertions":22,"deletions":12}}},{"hash":"bd472d932e82ae895a210a4f63e9c2cf5ca984eb","isMergeCommit":false,"messageTitle":"Fix #194, update documentation on phone number","messageBody":"","fileTypesAndContributionMap":{"docs":{"insertions":20,"deletions":14}}},{"hash":"fb07426017be2e2364a1e5eb2e913a223e0d0bc8","isMergeCommit":true,"messageTitle":"Merge pull request #255 from reaneechua/branch-ApptDateCheck","messageBody":"Remove appointment date check for adding appointments in the past","fileTypesAndContributionMap":{}},{"hash":"0d0f86512f77cf947638315dbd1ff41062292045","isMergeCommit":true,"messageTitle":"Merge pull request #257 from AerollingOverDeepBlueSeas/add-tests","messageBody":"Add tests for addappt and rmappt","fileTypesAndContributionMap":{}},{"hash":"9261d22f54d81a0cda26678b3146f485e581f0c0","isMergeCommit":false,"messageTitle":"Fix print format","messageBody":"","fileTypesAndContributionMap":{"docs":{"insertions":2,"deletions":2}}},{"hash":"2210be32092dc1203fb03ae13b9d893da00d3f27","isMergeCommit":false,"messageTitle":"Add back-to-top button","messageBody":"","fileTypesAndContributionMap":{"docs":{"insertions":20,"deletions":0}}},{"hash":"30fd5cad05481aa02382a6b7e4cbb365643ed5e9","isMergeCommit":true,"messageTitle":"Merge pull request #256 from reaneechua/branch-DGChanges","messageBody":"Branch dg changes","fileTypesAndContributionMap":{}},{"hash":"f0c35fd30e76f143f253ffa0e95099357b5b89ca","isMergeCommit":false,"messageTitle":"Fix grammar error","messageBody":"","fileTypesAndContributionMap":{"docs":{"insertions":1,"deletions":1}}},{"hash":"62d4136365753d98c360513cbc22a1cae0085b9b","isMergeCommit":true,"messageTitle":"Merge branch \u0027master\u0027 into update-ugdg-v1.6-2","messageBody":"# Conflicts:\n#\tdocs/DeveloperGuide.md\n","fileTypesAndContributionMap":{}},{"hash":"2e44234d6ae095216075af068fa18e310d828e52","isMergeCommit":true,"messageTitle":"Merge pull request #254 from Codekrodile/branch-limit-phone","messageBody":"Fix phone number constraints","fileTypesAndContributionMap":{}},{"hash":"108c3468524d88654bf923b88078c200280b05f4","isMergeCommit":false,"messageTitle":"Sort glossary in alphabetical order","messageBody":"","fileTypesAndContributionMap":{"docs":{"insertions":2,"deletions":2}}},{"hash":"134b1587769f9e1d3041dc71013e46ff49c5387c","isMergeCommit":false,"messageTitle":"Fix formatting issues","messageBody":"","fileTypesAndContributionMap":{"docs":{"insertions":13,"deletions":13}}},{"hash":"7d8bebbab73b0e6d35bce8a40483756318579505","isMergeCommit":false,"messageTitle":"Update DG","messageBody":"","fileTypesAndContributionMap":{"docs":{"insertions":43,"deletions":24}}},{"hash":"aef3ba2bfeb1488fb300cc2e94647cd19adbc0f4","isMergeCommit":false,"messageTitle":"Add tests for nric","messageBody":"","fileTypesAndContributionMap":{"test-code":{"insertions":7,"deletions":4}}},{"hash":"fdbc7c169e878dfb0844e69b8c625f6fc124b268","isMergeCommit":false,"messageTitle":"Fix no newline checkstyle error","messageBody":"","fileTypesAndContributionMap":{"docs":{"insertions":2,"deletions":1}}}]}]},"authorFileTypeContributionMap":{"Codekrodile":{"docs":0,"functional-code":37,"test-code":9},"UltimateHG":{"docs":0,"functional-code":22,"test-code":25},"AerollingOverDeepBlueSeas":{"docs":4,"functional-code":22,"test-code":186},"reaneechua":{"docs":22,"functional-code":6,"test-code":0},"Hugo-Chia":{"docs":236,"functional-code":7,"test-code":9}},"authorContributionVariance":{"Codekrodile":861.5556,"UltimateHG":1317.5557,"AerollingOverDeepBlueSeas":2672.2224,"reaneechua":238.8889,"Hugo-Chia":57.555557},"authorDisplayNameMap":{"Codekrodile":"CS2103T-F11-1 LIM ..UCAS","UltimateHG":"CS2103T-F11-1 CAO ..TIAN","AerollingOverDeepBlueSeas":"CS2103T-F11-1 CHEN..NGEL","reaneechua":"CS2103T-F11-1 REAN.. LIN","Hugo-Chia":"CS2103T-F11-1 HUGO.. ZHI"}}
