{"authorDailyContributionsMap":{"wj200":[{"date":"2025-04-07","commitResults":[{"hash":"6d708e546b08e620f7b0b2b68892834bc8e8405c","isMergeCommit":false,"messageTitle":"Fix UG and DG bugs #142,#143,#146, #149,","messageBody":"","fileTypesAndContributionMap":{"docs":{"insertions":19,"deletions":26}}},{"hash":"3c82619fd84e1038f1c8c0c9e3c859784955f5a6","isMergeCommit":true,"messageTitle":"Merge remote-tracking branch \u0027origin/bug-fixes-v1.2\u0027 into bug-fixes-v1.2","messageBody":"","fileTypesAndContributionMap":{}},{"hash":"e0bd0d065dd984cbac1a2207fda65f6fd8d51f6f","isMergeCommit":false,"messageTitle":"Bug fix #152","messageBody":"","fileTypesAndContributionMap":{"functional-code":{"insertions":2,"deletions":1},"test-code":{"insertions":6,"deletions":6}}},{"hash":"59bf8d6b63dd831f5428b91a03d111a6b5933d59","isMergeCommit":false,"messageTitle":"Bug fix #142","messageBody":"","fileTypesAndContributionMap":{"docs":{"insertions":1,"deletions":0}}},{"hash":"8d2cf66adcf1b5e740ddd7a65e1f5f1c8cdda1b0","isMergeCommit":false,"messageTitle":"Bug fix #145","messageBody":"","fileTypesAndContributionMap":{"docs":{"insertions":41,"deletions":1}}},{"hash":"da740b6916058c53c3c3fb3d57cadde27d6e3b40","isMergeCommit":true,"messageTitle":"Merge branch \u0027master\u0027 into bug-fixes-v1.2","messageBody":"","fileTypesAndContributionMap":{}},{"hash":"087c5f6c4af14b2992d47bbd175ce7accfd2bc6f","isMergeCommit":true,"messageTitle":"Merge pull request #191 from wj200/bug-fixes-v1.2","messageBody":"Bug fixes v1.2","fileTypesAndContributionMap":{}}]},{"date":"2025-04-08","commitResults":[{"hash":"783b88891c22b0703d7e4c4b324f587928e4fd91","isMergeCommit":false,"messageTitle":"Bug fix #168","messageBody":"","fileTypesAndContributionMap":{"functional-code":{"insertions":292,"deletions":5},"test-code":{"insertions":6,"deletions":4}}}]}],"davidfoo07":[{"date":"2025-04-06","commitResults":[{"hash":"87df5c30840633713183a76fb1170b06ca651a00","isMergeCommit":false,"messageTitle":"Solved issue #154","messageBody":"","fileTypesAndContributionMap":{"functional-code":{"insertions":8,"deletions":16},"test-code":{"insertions":6,"deletions":6}}},{"hash":"7d43cd82a769ef153e7d883249613c8824eccd22","isMergeCommit":false,"messageTitle":"Solved issue #156","messageBody":"","fileTypesAndContributionMap":{"docs":{"insertions":6,"deletions":0}}}]},{"date":"2025-04-07","commitResults":[{"hash":"d369c65defca54e7469f44fb6d5f48483c09a18a","isMergeCommit":false,"messageTitle":"Debugged issue #157","messageBody":"","fileTypesAndContributionMap":{"functional-code":{"insertions":63,"deletions":21},"test-code":{"insertions":23,"deletions":22}}},{"hash":"2fd064a66860be7b6190f6eb22cb4cb1ea167bf8","isMergeCommit":false,"messageTitle":"Debugged issue #158","messageBody":"","fileTypesAndContributionMap":{"functional-code":{"insertions":30,"deletions":0}}},{"hash":"d86daf1a8e73b2a2426e1a16fd56a41d4217974e","isMergeCommit":true,"messageTitle":"Merge pull request #181 from davidfoo07/branch-v1.6","messageBody":"Branch v1.6","fileTypesAndContributionMap":{}},{"hash":"d10ce597e46fce84f05fdf8571c51f5b233da3dd","isMergeCommit":false,"messageTitle":"Solved issue #141, #160, #167","messageBody":"","fileTypesAndContributionMap":{"docs":{"insertions":38,"deletions":9}}},{"hash":"a42aff08cd995f1c44c48721f1fc9c7764495690","isMergeCommit":false,"messageTitle":"commit","messageBody":"","fileTypesAndContributionMap":{"functional-code":{"insertions":12,"deletions":2}}},{"hash":"3bac721a9bce66b7d719444e4a4efa2e3df283bd","isMergeCommit":true,"messageTitle":"Merge pull request #184 from davidfoo07/branch-v1.6","messageBody":"findByJobTitle logs keyword error","fileTypesAndContributionMap":{}},{"hash":"b4a31917b73f0577da5032604f3af461e395a6f9","isMergeCommit":true,"messageTitle":"Merge pull request #183 from AY2425S2-CS2103T-F14-2/davidfoo07-patch-1","messageBody":"Solved issue #141, #160, #167","fileTypesAndContributionMap":{}},{"hash":"5478a6298472c79d61b86492c40b5729647b0863","isMergeCommit":false,"messageTitle":"Fixed all related find bugs","messageBody":"","fileTypesAndContributionMap":{"functional-code":{"insertions":26,"deletions":14},"test-code":{"insertions":2,"deletions":2}}},{"hash":"d229d4952159a8a617c6d2af8773e37cb4e5cd57","isMergeCommit":true,"messageTitle":"Merge pull request #185 from davidfoo07/branch-v1.6","messageBody":"Fixed all related find bugs","fileTypesAndContributionMap":{}},{"hash":"8589fe7ff1802199c5b2586fcfa0df425c644514","isMergeCommit":false,"messageTitle":"Fixed issue #160","messageBody":"","fileTypesAndContributionMap":{"docs":{"insertions":3,"deletions":1}}},{"hash":"977612bcee2acd3a34bcd241d077c9dcfb650a6d","isMergeCommit":false,"messageTitle":"minor changes to the address logs","messageBody":"","fileTypesAndContributionMap":{"functional-code":{"insertions":1,"deletions":1}}},{"hash":"8e7492d229912718d984c7fda57fe58242e9ce0b","isMergeCommit":false,"messageTitle":"Update all addresses to include postal code","messageBody":"","fileTypesAndContributionMap":{"docs":{"insertions":5,"deletions":5}}},{"hash":"812c1498c9ecf240595a09d09acce906797be091","isMergeCommit":false,"messageTitle":"Solved issue #161","messageBody":"","fileTypesAndContributionMap":{"functional-code":{"insertions":1,"deletions":1},"test-code":{"insertions":1,"deletions":0}}}]},{"date":"2025-04-08","commitResults":[{"hash":"a697924ce587d310f40cf9dd6b88a68b29fccbb3","isMergeCommit":false,"messageTitle":"fixed issue #122","messageBody":"","fileTypesAndContributionMap":{"functional-code":{"insertions":82,"deletions":10},"test-code":{"insertions":41,"deletions":24}}},{"hash":"abd42413dded21bf64650571d45f9dcaf806d156","isMergeCommit":false,"messageTitle":"commit classes","messageBody":"","fileTypesAndContributionMap":{"other":{"insertions":2,"deletions":2}}},{"hash":"6e75c05e183a5ee9ebc233664e7f2a32845a93f7","isMergeCommit":true,"messageTitle":"Merge branch \u0027master\u0027 into branch-v1.6","messageBody":"","fileTypesAndContributionMap":{}},{"hash":"6a6324751226ca213bf462f8a1bcdf2a900605d8","isMergeCommit":true,"messageTitle":"Merge pull request #197 from davidfoo07/branch-v1.6","messageBody":"Fixed the CLI thingy shittttt. Wow, speed collab w da zhang wei really helps !","fileTypesAndContributionMap":{}},{"hash":"44ec97a53d0bc6934a6a82c6bad55f40751a3c03","isMergeCommit":false,"messageTitle":"Fixed missing required filed message constraints","messageBody":"","fileTypesAndContributionMap":{"functional-code":{"insertions":41,"deletions":16},"test-code":{"insertions":25,"deletions":13}}},{"hash":"80496f2aad5568cf90f10fb1871bc6464471497e","isMergeCommit":true,"messageTitle":"Merge branch \u0027master\u0027 of https://github.com/AY2425S2-CS2103T-F14-2/tp into branch-v1.6","messageBody":"","fileTypesAndContributionMap":{}},{"hash":"ea616501f4ecb5844884aaa005e4b6423c74cde0","isMergeCommit":false,"messageTitle":"commit classes","messageBody":"","fileTypesAndContributionMap":{"other":{"insertions":49,"deletions":0}}},{"hash":"2e844b83bc09681e1167ac41ea600a9ebaf372a1","isMergeCommit":true,"messageTitle":"Merge pull request #202 from davidfoo07/branch-v1.6","messageBody":"Fixed missing required filed message constraints","fileTypesAndContributionMap":{}},{"hash":"567f02796d84b6a465adce42fffb4f014d4b5266","isMergeCommit":false,"messageTitle":"done fixing invalid index issues of note, delete and edit.","messageBody":"","fileTypesAndContributionMap":{"functional-code":{"insertions":8,"deletions":14},"test-code":{"insertions":7,"deletions":7}}},{"hash":"69cd20a994ee2731f76077c66d587ede7726110c","isMergeCommit":true,"messageTitle":"Merge pull request #205 from davidfoo07/branch-v1.6","messageBody":"done fixing invalid index issues of note, delete and edit.","fileTypesAndContributionMap":{}},{"hash":"85ad4632dc3c7a18d52c186b1be17d6fb10a62f1","isMergeCommit":false,"messageTitle":"Update UserGuide.md","messageBody":"","fileTypesAndContributionMap":{"docs":{"insertions":33,"deletions":25}}},{"hash":"1f2aaa3294a2b150b13508cce01e330a4ccbd650","isMergeCommit":false,"messageTitle":"solved view issue","messageBody":"","fileTypesAndContributionMap":{"functional-code":{"insertions":28,"deletions":35},"other":{"insertions":6,"deletions":2}}},{"hash":"f7886a8e2d5292e648b816316c43a7724be30e6b","isMergeCommit":false,"messageTitle":"solved testcases for view","messageBody":"","fileTypesAndContributionMap":{"functional-code":{"insertions":9,"deletions":5},"test-code":{"insertions":3,"deletions":13}}}]}],"chen-xiangrui":[{"date":"2025-04-07","commitResults":[{"hash":"2c54021dbd8f07681b2f799c219d70fe7401cda4","isMergeCommit":false,"messageTitle":"Fix Issue #164: MAX_INT value","messageBody":"","fileTypesAndContributionMap":{"functional-code":{"insertions":6,"deletions":1}}},{"hash":"a7e940811e9d40ddfeb1483f79c3828378658c8d","isMergeCommit":true,"messageTitle":"Merge branch \u0027master\u0027 into branch-fix_MAX_INT","messageBody":"# Conflicts:\n#\tbin/test/seedu/address/logic/parser/AddCommandParserTest.class\n#\tbin/test/seedu/address/logic/parser/EditCommandParserTest.class\n","fileTypesAndContributionMap":{}},{"hash":"4df596214c2973a9eda7c2424f92526083ec0094","isMergeCommit":false,"messageTitle":"Add coverage for ParserUtilTest","messageBody":"","fileTypesAndContributionMap":{"test-code":{"insertions":6,"deletions":1}}},{"hash":"13c1509e6fd4bf83a141af8f73ea815f9eaad0b0","isMergeCommit":true,"messageTitle":"Merge pull request #186 from chen-xiangrui/branch-fix_MAX_INT","messageBody":"Fix Issue #164: MAX_INT value","fileTypesAndContributionMap":{}},{"hash":"8172f30c6186ff2f50d6d4fded7339f0fc9577ad","isMergeCommit":false,"messageTitle":"Fix Issue #163 Poor range of job titles, Issue #148 tag-delimiter issue","messageBody":"","fileTypesAndContributionMap":{"functional-code":{"insertions":70,"deletions":20}}},{"hash":"f93fe244ca25ebef456626651d1735f61dde30a1","isMergeCommit":true,"messageTitle":"Merge pull request #192 from chen-xiangrui/branch-fix_tag_delimiter","messageBody":"Fix Issue #163 Poor range of job titles, Issue #148 tag-delimiter issue","fileTypesAndContributionMap":{}},{"hash":"f5c18d43099a70af85304d179c1835fe0e1b2bb6","isMergeCommit":false,"messageTitle":"Fix Developer Guide","messageBody":"","fileTypesAndContributionMap":{"docs":{"insertions":1,"deletions":1}}},{"hash":"fc3a6dd802580b99a615be545f061fd19d325cd6","isMergeCommit":true,"messageTitle":"Merge pull request #194 from chen-xiangrui/branch-fix_DG","messageBody":"Fix Developer Guide","fileTypesAndContributionMap":{}},{"hash":"6bd373fcdd2771174e40936417d83af0e957132d","isMergeCommit":true,"messageTitle":"Merge pull request #193 from chenxy12345/branch-bug-v1.3","messageBody":"Update all attributes to be case-insensitive","fileTypesAndContributionMap":{}}]},{"date":"2025-04-08","commitResults":[{"hash":"bcaf47d606d050cd6728f117bcb4eb85f4546bcd","isMergeCommit":false,"messageTitle":"Fix finals bugs","messageBody":"","fileTypesAndContributionMap":{"functional-code":{"insertions":25,"deletions":2},"test-code":{"insertions":21,"deletions":0}}},{"hash":"724eb6d53377de05d221e09a61adffd82363b023","isMergeCommit":true,"messageTitle":"Merge pull request #201 from chen-xiangrui/branch-final_bugs","messageBody":"Fix finals bugs","fileTypesAndContributionMap":{}},{"hash":"df6413aa21920f3762196e74d3840ab247ec653e","isMergeCommit":true,"messageTitle":"Merge pull request #212 from davidfoo07/master","messageBody":"View SOLVED","fileTypesAndContributionMap":{}},{"hash":"6ce68c4a3f6f409d850e3e69b5aeeb88deffbc8c","isMergeCommit":false,"messageTitle":"Edit user guide","messageBody":"","fileTypesAndContributionMap":{"docs":{"insertions":4,"deletions":7}}},{"hash":"6a24610f27af2944bb840be317941eff47ad07a6","isMergeCommit":true,"messageTitle":"Merge pull request #213 from chenxy12345/branch-bug-v2.0","messageBody":"Branch bug v2.0","fileTypesAndContributionMap":{}}]}],"chenxy12345":[{"date":"2025-04-07","commitResults":[{"hash":"58c9e202ebcd9c33f1ab32e1601ca7832e6c7322","isMergeCommit":false,"messageTitle":"Update Name.java","messageBody":"","fileTypesAndContributionMap":{"functional-code":{"insertions":25,"deletions":4},"docs":{"insertions":19,"deletions":8},"test-code":{"insertions":4,"deletions":1}}},{"hash":"5f310bdfa355345cb76d69bc61c31c37f1390ab3","isMergeCommit":false,"messageTitle":"Update UserGuide.md","messageBody":"","fileTypesAndContributionMap":{"docs":{"insertions":6,"deletions":0}}},{"hash":"1f68064c84e081ff3f5023395a110cd2e88ea826","isMergeCommit":false,"messageTitle":"Update UserGuide.md","messageBody":"","fileTypesAndContributionMap":{"functional-code":{"insertions":2,"deletions":2},"docs":{"insertions":8,"deletions":3}}},{"hash":"f91ce869151653995fbe5546c229b9e2b05f5e73","isMergeCommit":true,"messageTitle":"Merge pull request #182 from chenxy12345/branch-bug-v1.1","messageBody":"Update UserGuide.md","fileTypesAndContributionMap":{}},{"hash":"ebd508acefc44bfbfef98b748a37782ff43186a5","isMergeCommit":true,"messageTitle":"Merge pull request #187 from wyongqiing/branch-v1.6","messageBody":"Fix issues, update user guide and developer guide","fileTypesAndContributionMap":{}},{"hash":"a692cef7fcb839090a42f0d9ef83500a87b966b4","isMergeCommit":false,"messageTitle":"Update dates issue","messageBody":"","fileTypesAndContributionMap":{"functional-code":{"insertions":127,"deletions":5},"docs":{"insertions":4,"deletions":0},"test-code":{"insertions":2,"deletions":0}}},{"hash":"a8624425a2c760fbf5d3646dc01dd985180bc9c8","isMergeCommit":true,"messageTitle":"Merge branch \u0027master\u0027 into branch-bug-v1.2","messageBody":"","fileTypesAndContributionMap":{}},{"hash":"29c8538a81b0629351538771872c8a16fb36b6b3","isMergeCommit":true,"messageTitle":"Merge pull request #189 from chenxy12345/branch-bug-v1.2","messageBody":"Update dates issue","fileTypesAndContributionMap":{}},{"hash":"81cf6548bedc55d7ed596a14c3d4fce7bc80e20d","isMergeCommit":false,"messageTitle":"Update all attributes to be case-insensitive","messageBody":"","fileTypesAndContributionMap":{"functional-code":{"insertions":52,"deletions":7},"docs":{"insertions":7,"deletions":5},"test-code":{"insertions":1,"deletions":1}}},{"hash":"c81e290763536aec01ebc8c761ce02012d8e0da2","isMergeCommit":true,"messageTitle":"Merge branch \u0027master\u0027 into branch-bug-v1.3","messageBody":"","fileTypesAndContributionMap":{}},{"hash":"82edaac329ac0a692f2701fd1280c772f99fc555","isMergeCommit":false,"messageTitle":"Update UserGuide.md","messageBody":"","fileTypesAndContributionMap":{"docs":{"insertions":6,"deletions":3}}},{"hash":"5386399f1bd7325c41c8ffc04646dcfdcfba4675","isMergeCommit":true,"messageTitle":"Merge branch \u0027master\u0027 into branch-bug-v1.4","messageBody":"","fileTypesAndContributionMap":{}},{"hash":"4344da8bcb02b93ea5a05fbe5a5db44499fcdb98","isMergeCommit":true,"messageTitle":"Merge pull request #195 from chenxy12345/branch-bug-v1.4","messageBody":"Update UserGuide.md","fileTypesAndContributionMap":{}}]},{"date":"2025-04-08","commitResults":[{"hash":"b68b58a72523ec215bb85c24b39c95da3948c514","isMergeCommit":false,"messageTitle":"Update all","messageBody":"","fileTypesAndContributionMap":{"functional-code":{"insertions":10,"deletions":8},"other":{"insertions":1,"deletions":1},"docs":{"insertions":98,"deletions":88}}},{"hash":"9ee05a47fc1130e78fa697aa4fae96db3a562b32","isMergeCommit":true,"messageTitle":"Merge pull request #198 from chenxy12345/branch-bug-v1.5","messageBody":"Update all","fileTypesAndContributionMap":{}},{"hash":"0d5475e63511c0d51c3745de44b45a683655eb0b","isMergeCommit":false,"messageTitle":"Update address","messageBody":"","fileTypesAndContributionMap":{"functional-code":{"insertions":9,"deletions":4},"docs":{"insertions":1,"deletions":0}}},{"hash":"f117f563154f7268cbb5add6b5e4b58e38ae4fad","isMergeCommit":true,"messageTitle":"Merge pull request #199 from wj200/bug-fixes-v1.2","messageBody":"Bug fix #168","fileTypesAndContributionMap":{}},{"hash":"30badf1bc86595e68eb354d126679e991321e45c","isMergeCommit":false,"messageTitle":"Update address","messageBody":"","fileTypesAndContributionMap":{"functional-code":{"insertions":10,"deletions":10}}},{"hash":"4e4aaa0b3cb3ea564b701ed3a05bf33441ef8f73","isMergeCommit":true,"messageTitle":"Merge pull request #200 from chenxy12345/branch-bug-v1.5","messageBody":"Update address","fileTypesAndContributionMap":{}},{"hash":"0296836e364ff4170805db03b9a89c34d524ee93","isMergeCommit":false,"messageTitle":"Update UI","messageBody":"","fileTypesAndContributionMap":{"functional-code":{"insertions":9,"deletions":2},"docs":{"insertions":2,"deletions":1}}},{"hash":"b96b63ce51fe6c99a7a558590cd198c21c58a021","isMergeCommit":true,"messageTitle":"Merge pull request #203 from chenxy12345/branch-bug-v1.6","messageBody":"Update UI","fileTypesAndContributionMap":{}},{"hash":"56c110001989c896c11ac02cb4a903ddced8e077","isMergeCommit":false,"messageTitle":"Update index.md","messageBody":"","fileTypesAndContributionMap":{"docs":{"insertions":2,"deletions":2}}},{"hash":"34fadb209fe03a9203b2e80407236eab5b8ae9fb","isMergeCommit":true,"messageTitle":"Merge pull request #206 from chenxy12345/branch-bug-v1.7","messageBody":"Update index.md","fileTypesAndContributionMap":{}},{"hash":"25577012b4dbe8bf48c0236604d11b469bde197f","isMergeCommit":true,"messageTitle":"Merge pull request #204 from wyongqiing/branch-UG","messageBody":"Update developer guide","fileTypesAndContributionMap":{}},{"hash":"e745b1f2d9a66ac21971c8682c9ea33eb34616b4","isMergeCommit":false,"messageTitle":"Update README","messageBody":"","fileTypesAndContributionMap":{"functional-code":{"insertions":1,"deletions":1},"docs":{"insertions":2,"deletions":2}}},{"hash":"cdc65cec47ac512efca9978a36c438427bcc8916","isMergeCommit":true,"messageTitle":"Merge pull request #207 from chenxy12345/branch-bug-v1.8","messageBody":"Update README.md","fileTypesAndContributionMap":{}},{"hash":"065483a760b17b8803f7b12f4452e83ad0194e04","isMergeCommit":false,"messageTitle":"Update name","messageBody":"","fileTypesAndContributionMap":{"other":{"insertions":1,"deletions":1},"docs":{"insertions":3,"deletions":3}}},{"hash":"8f5409bed03412fec9f9477b2b687197a15b3542","isMergeCommit":true,"messageTitle":"Merge pull request #208 from chenxy12345/branch-bug-v1.8","messageBody":"Update name","fileTypesAndContributionMap":{}},{"hash":"1bfc03d10239a03a3f5a8d3740b963e7134f7f81","isMergeCommit":false,"messageTitle":"Update UG and DG","messageBody":"","fileTypesAndContributionMap":{"docs":{"insertions":3,"deletions":3}}},{"hash":"e8ec442977ef0b3e856f933c7732658b712a72ea","isMergeCommit":false,"messageTitle":"Update UserGuide.md","messageBody":"","fileTypesAndContributionMap":{"docs":{"insertions":9,"deletions":8}}},{"hash":"48e2a12f08ee0cd1a23175aa0531461e21583028","isMergeCommit":true,"messageTitle":"Merge pull request #209 from chenxy12345/branch-bug-v1.9","messageBody":"Update UG and DG","tags":["v1.6"],"fileTypesAndContributionMap":{}},{"hash":"c1d0a8b10a171852429a0f6a5efbdbce319a7ab4","isMergeCommit":false,"messageTitle":"Update name","messageBody":"","fileTypesAndContributionMap":{"functional-code":{"insertions":1,"deletions":1},"docs":{"insertions":3,"deletions":3}}},{"hash":"953c2c099b08f5e7f9c2cc5b475509239d7ed9b4","isMergeCommit":false,"messageTitle":"Update README.md","messageBody":"","fileTypesAndContributionMap":{"docs":{"insertions":1,"deletions":1}}},{"hash":"202709e411a1c3d7395db92210e93bd725f73cee","isMergeCommit":true,"messageTitle":"Merge pull request #211 from chenxy12345/master","messageBody":"Update README.md","fileTypesAndContributionMap":{}},{"hash":"1fbbf9738ffad1cc1e4966a4ad14f1912b59c103","isMergeCommit":false,"messageTitle":"Update UG and DG","messageBody":"","fileTypesAndContributionMap":{"other":{"insertions":1,"deletions":1},"docs":{"insertions":4,"deletions":4}}},{"hash":"661f62257d78f063786322a8354a16fccfdbb0d6","isMergeCommit":true,"messageTitle":"Merge branch \u0027master\u0027 into branch-bug-v2.0","messageBody":"","fileTypesAndContributionMap":{}},{"hash":"6aa86672c75d91d18e469fb63ea9ee0c3dfe41f7","isMergeCommit":false,"messageTitle":"Update view","messageBody":"","fileTypesAndContributionMap":{"functional-code":{"insertions":15,"deletions":15},"test-code":{"insertions":3,"deletions":3}}},{"hash":"5e76246ceb08311e202b32bf2245bbb1b55619f0","isMergeCommit":true,"messageTitle":"Merge pull request #214 from chen-xiangrui/branch-final_bugs_2","messageBody":"Edit user guide","fileTypesAndContributionMap":{}},{"hash":"28d97f215bb6cf0dc3f3374c240c3cb6f78776ea","isMergeCommit":true,"messageTitle":"Merge pull request #215 from chenxy12345/branch-bug-v2.1","messageBody":"Update view","fileTypesAndContributionMap":{}},{"hash":"3bfc84783b3347e454d174a6ed3bd5edf862e747","isMergeCommit":false,"messageTitle":"Update note","messageBody":"","fileTypesAndContributionMap":{"functional-code":{"insertions":2,"deletions":2}}},{"hash":"6bcc0b29795007a87328234282db433cbd63f4f7","isMergeCommit":true,"messageTitle":"Merge pull request #216 from chenxy12345/branch-bug-v2.1","messageBody":"Update note","tags":["v1.6b","alpha"],"fileTypesAndContributionMap":{}}]}],"wyongqiing":[{"date":"2025-04-07","commitResults":[{"hash":"ef0ef848b5a3fe4a33c555f22f9b7c58d71ce419","isMergeCommit":false,"messageTitle":"Solve the duplicate use case and formatting error: issues #178 and #175","messageBody":"","fileTypesAndContributionMap":{"docs":{"insertions":20,"deletions":47}}},{"hash":"31daa3b63ca020152fcf0b4e9d0b91682adc4b5d","isMergeCommit":false,"messageTitle":"Solve issues #126: keyboard shortcut F2 for return home","messageBody":"","fileTypesAndContributionMap":{"functional-code":{"insertions":5,"deletions":1}}},{"hash":"d768edde9a645e2d8ab633444337fcf3fc240f48","isMergeCommit":false,"messageTitle":"Adjust the alignment for the gender","messageBody":"","fileTypesAndContributionMap":{"functional-code":{"insertions":1,"deletions":1}}},{"hash":"4a149798f7668881d18fb36be65b67a80364108a","isMergeCommit":false,"messageTitle":"Change the parameter from employment type to job title","messageBody":"","fileTypesAndContributionMap":{"functional-code":{"insertions":1,"deletions":1}}},{"hash":"b332bd2288de144cc0714f820058de4d72c84512","isMergeCommit":false,"messageTitle":"Update index.md","messageBody":"","fileTypesAndContributionMap":{"docs":{"insertions":4,"deletions":4}}},{"hash":"38cfb9930f33ecbde32a560ee1d7c97f4e613ae5","isMergeCommit":false,"messageTitle":"Solve issue #117","messageBody":"","fileTypesAndContributionMap":{"functional-code":{"insertions":1,"deletions":1}}},{"hash":"578898a6f565bd6eb5525aa8efa3c57b6ef89f2b","isMergeCommit":true,"messageTitle":"Merge pull request #180 from chenxy12345/branch-bug-v1.0","messageBody":"Update Name.java","fileTypesAndContributionMap":{}},{"hash":"a84bdf390985c5db3ad946559e224d84e8d8f1ce","isMergeCommit":true,"messageTitle":"Merge branch \u0027master\u0027 into branch-v1.6","messageBody":"* master:\n  Update UserGuide.md\n  Update Name.java\n","fileTypesAndContributionMap":{}},{"hash":"4ec191df824a6844600a2a51d03fbd43fec750b9","isMergeCommit":false,"messageTitle":"Modify home to return list of people in the storage","messageBody":"","fileTypesAndContributionMap":{"functional-code":{"insertions":9,"deletions":4}}},{"hash":"ebc86806a1135d701c4fab425433c9b0fe69d9f6","isMergeCommit":false,"messageTitle":"Change back the view command by surname or full name","messageBody":"","fileTypesAndContributionMap":{"functional-code":{"insertions":9,"deletions":31}}},{"hash":"be738e1eb3c773cf6c65498bd8393cdbddbdd9c2","isMergeCommit":false,"messageTitle":"Change the storage file to hrelper.json","messageBody":"","fileTypesAndContributionMap":{"functional-code":{"insertions":5,"deletions":3},"test-code":{"insertions":2,"deletions":2}}},{"hash":"51fbd3633b747d1b6a97ef52199d24d59e32045d","isMergeCommit":true,"messageTitle":"Merge branch \u0027master\u0027 into branch-v1.6","messageBody":"* master:\n  Update all addresses to include postal code\n  Fixed issue #160\n  Fixed all related find bugs\n  commit\n  Solved issue #141, #160, #167\n  Update UserGuide.md\n  Debugged issue #158\n  Debugged issue #157\n  Solved issue #154\n\n# Conflicts:\n#\tsrc/main/java/seedu/address/logic/commands/FindByJobTitleCommand.java\n","fileTypesAndContributionMap":{}},{"hash":"756a0d814d67e35bd42753b8a80c0ea545211deb","isMergeCommit":false,"messageTitle":"Update user guide and developer guide","messageBody":"","fileTypesAndContributionMap":{"functional-code":{"insertions":17,"deletions":3},"docs":{"insertions":35,"deletions":5}}},{"hash":"a00e8fda29b45fc8fbfa15acf12b96950325c685","isMergeCommit":false,"messageTitle":"Update developer guide","messageBody":"","fileTypesAndContributionMap":{"docs":{"insertions":11,"deletions":8}}},{"hash":"109640784a4654655d3790f9e826d35df8d400a7","isMergeCommit":false,"messageTitle":"Update the manual testing section","messageBody":"","fileTypesAndContributionMap":{"docs":{"insertions":16,"deletions":3}}},{"hash":"83ded6efcaea4dbf1683bed12e566e3a57f47fd2","isMergeCommit":true,"messageTitle":"Merge pull request #190 from wyongqiing/branch-v1.6","messageBody":"Update developer guide","fileTypesAndContributionMap":{}}]},{"date":"2025-04-08","commitResults":[{"hash":"5892d686804c8c7490c546bedd3c0cce93ea3f3b","isMergeCommit":false,"messageTitle":"Update the shortcut for back to home","messageBody":"","fileTypesAndContributionMap":{"docs":{"insertions":1,"deletions":22}}},{"hash":"bdc0e8cf022afbc8aa1593cbd94ca6b781616d53","isMergeCommit":true,"messageTitle":"Merge pull request #196 from wyongqiing/branch-DG2","messageBody":"Update the shortcut for back to home","fileTypesAndContributionMap":{}},{"hash":"c4e65861fb6de73fa6c276da097406afdd48dfcd","isMergeCommit":false,"messageTitle":"Edit the links","messageBody":"","fileTypesAndContributionMap":{"docs":{"insertions":3,"deletions":0}}},{"hash":"db887a79961f737b8974bb069567ef10b5149759","isMergeCommit":false,"messageTitle":"Change the view by full name or partial name only","messageBody":"","fileTypesAndContributionMap":{"functional-code":{"insertions":10,"deletions":11}}},{"hash":"4fc572fe9a53147bf2cfc20b708d8744aee2900b","isMergeCommit":false,"messageTitle":"Update planned enhancement","messageBody":"","fileTypesAndContributionMap":{"docs":{"insertions":59,"deletions":0}}},{"hash":"05a218282205c0a863dd09a39c3b496a8fbcb898","isMergeCommit":true,"messageTitle":"Merge branch \u0027master\u0027 into branch-UG","messageBody":"* master:\n  commit classes\n  Fixed missing required filed message constraints\n  Fix finals bugs\n  Update address\n  Update address\n  Bug fix #168\n  Update all\n\n# Conflicts:\n#\tsrc/main/java/seedu/address/model/person/Name.java\n","fileTypesAndContributionMap":{}},{"hash":"c497254535e91af9e4f7bcb2966b628ad8b797b8","isMergeCommit":false,"messageTitle":"Add links","messageBody":"","fileTypesAndContributionMap":{"docs":{"insertions":29,"deletions":12}}},{"hash":"2860162eb1d6c38446c4209fe64ca3df35795f96","isMergeCommit":false,"messageTitle":"Fix checkstyle","messageBody":"","fileTypesAndContributionMap":{"docs":{"insertions":228,"deletions":143}}},{"hash":"a533027f878027ab697043875e2696d55978f024","isMergeCommit":false,"messageTitle":"Fix","messageBody":"","fileTypesAndContributionMap":{"docs":{"insertions":1,"deletions":1}}},{"hash":"c4ca789057389b7d24ca37208eded2248fafd97e","isMergeCommit":false,"messageTitle":"Fix trailing whitespace","messageBody":"","fileTypesAndContributionMap":{"docs":{"insertions":24,"deletions":30}}},{"hash":"ade144c4e55c4a9746d3c1b47100e7664dd4dd28","isMergeCommit":false,"messageTitle":"Fix","messageBody":"","fileTypesAndContributionMap":{"docs":{"insertions":6,"deletions":5}}},{"hash":"16df16d8dba4eadd04f88572459402d8aa0162e0","isMergeCommit":false,"messageTitle":"Fix","messageBody":"","fileTypesAndContributionMap":{"docs":{"insertions":3,"deletions":4}}}]}]},"authorFileTypeContributionMap":{"wj200":{"docs":45,"functional-code":289,"test-code":12},"davidfoo07":{"docs":53,"functional-code":257,"test-code":95,"other":55},"chen-xiangrui":{"docs":5,"functional-code":87,"test-code":25},"chenxy12345":{"docs":92,"functional-code":235,"test-code":10,"other":1},"wyongqiing":{"docs":272,"functional-code":17,"test-code":2}},"authorContributionVariance":{"wj200":15708.25,"davidfoo07":40424.188,"chen-xiangrui":1977.6875,"chenxy12345":27329.188,"wyongqiing":58930.75},"authorDisplayNameMap":{"wj200":"CS2103T-F14-2 BOO .. JUN","davidfoo07":"CS2103T-F14-2 FOO ..UANG","chen-xiangrui":"CS2103T-F14-2 CHEN..GRUI","chenxy12345":"CS2103T-F14-2 CHEN..GYUN","wyongqiing":"CS2103T-F14-2 WOO ..QING"}}
