{"authorDailyContributionsMap":{"KimHan01":[{"date":"2025-04-07","commitResults":[{"hash":"49bd2524122a72383137ed87d0f87d70a2ed7531","isMergeCommit":false,"messageTitle":"Update Add Duplicate Msg","messageBody":"","fileTypesAndContributionMap":{"functional-code":{"insertions":2,"deletions":1}}},{"hash":"1cc81d79368ca3e271b325f3188c13bb340421a9","isMergeCommit":false,"messageTitle":"Update email REGEX","messageBody":"","fileTypesAndContributionMap":{"functional-code":{"insertions":1,"deletions":1},"test-code":{"insertions":4,"deletions":5}}},{"hash":"7e5c794478dca70085de7b27c91a33f73bde6406","isMergeCommit":false,"messageTitle":"update testcase","messageBody":"","fileTypesAndContributionMap":{"test-code":{"insertions":3,"deletions":1}}},{"hash":"0ec64bebe4bdf163790ff0d131f796cd1de3680f","isMergeCommit":false,"messageTitle":"update testcase","messageBody":"","fileTypesAndContributionMap":{"test-code":{"insertions":1,"deletions":1}}},{"hash":"2884a902715f97028aea9f33f36dfc5b997b22d2","isMergeCommit":false,"messageTitle":"update testcase","messageBody":"","fileTypesAndContributionMap":{"test-code":{"insertions":3,"deletions":3}}},{"hash":"917fb615d058f03913306f5cf733fb1ef15cd50d","isMergeCommit":false,"messageTitle":"Add DG Challenges","messageBody":"","fileTypesAndContributionMap":{"docs":{"insertions":11,"deletions":0}}},{"hash":"aac63b4eca2d278f79eb25b33c9cc0bdb5719a94","isMergeCommit":false,"messageTitle":"Update DeleteSeqDiagram","messageBody":"","fileTypesAndContributionMap":{"docs":{"insertions":2,"deletions":2}}},{"hash":"d92cd793aaeb31158550eef417c513881a39e002","isMergeCommit":false,"messageTitle":"Fix DG UC2 label","messageBody":"","fileTypesAndContributionMap":{"docs":{"insertions":1,"deletions":1}}},{"hash":"c09823705277f5ce310cdb3b0d7ccd52cec22748","isMergeCommit":false,"messageTitle":"Update test for help","messageBody":"","fileTypesAndContributionMap":{"docs":{"insertions":1,"deletions":1}}},{"hash":"91d4ec0f1a3c5ab394bc6e61834bab2c8fc8a5c4","isMergeCommit":true,"messageTitle":"Fix merge conflict","messageBody":"","fileTypesAndContributionMap":{}},{"hash":"0478c467a94361ed9cb873193b1370d931dee016","isMergeCommit":true,"messageTitle":"Merge pull request #347 from KimHan01/DGEffort-Challenge","messageBody":"Add DG Challenges","fileTypesAndContributionMap":{}}]}],"e1093051":[{"date":"2025-04-06","commitResults":[{"hash":"8e6bf8ed664e805b8465492e849c14f857eeb0ee","isMergeCommit":false,"messageTitle":"Fix telegram handle issues","messageBody":"","fileTypesAndContributionMap":{"functional-code":{"insertions":2,"deletions":2}}},{"hash":"47e339d638bdc4f247f8b75b51c29216c80c861d","isMergeCommit":false,"messageTitle":"Fix deleteMod","messageBody":"","fileTypesAndContributionMap":{"functional-code":{"insertions":5,"deletions":1},"test-code":{"insertions":35,"deletions":5}}},{"hash":"ac88ca88d95349b0981ba2e9641ae91127f25f21","isMergeCommit":false,"messageTitle":"Fix styling","messageBody":"","fileTypesAndContributionMap":{"test-code":{"insertions":3,"deletions":2}}},{"hash":"af07919d41d776744f63cccf6b5b17a74fde99fc","isMergeCommit":false,"messageTitle":"Fix styling","messageBody":"","fileTypesAndContributionMap":{"test-code":{"insertions":3,"deletions":3}}},{"hash":"a4deb1703cc4d230bd265d41b325a5c032509331","isMergeCommit":false,"messageTitle":"Add test for deleteMod","messageBody":"","fileTypesAndContributionMap":{"test-code":{"insertions":9,"deletions":14}}},{"hash":"c4202784127503a537cee0f003fba0221f6ca440","isMergeCommit":false,"messageTitle":"Fix styling","messageBody":"","fileTypesAndContributionMap":{"test-code":{"insertions":5,"deletions":1}}}]},{"date":"2025-04-07","commitResults":[{"hash":"856bc32df82f98e7ecede4dad2fb412dc5204e64","isMergeCommit":true,"messageTitle":"Merge pull request #333 from e1093051/branch-fix-telegram-handle","messageBody":"Fix telegram handle issues","fileTypesAndContributionMap":{}},{"hash":"39c14b6b084408bbd475af49d55e0fa7262a389f","isMergeCommit":true,"messageTitle":"Merge pull request #336 from e1093051/branch-fix-deleteMod-message","messageBody":"Fix deleteMod message","fileTypesAndContributionMap":{}},{"hash":"9c0edb33a19064134d37119e9cfe6ecb71dfba72","isMergeCommit":false,"messageTitle":"Add parseMod","messageBody":"","fileTypesAndContributionMap":{"functional-code":{"insertions":20,"deletions":10}}},{"hash":"62096f52034816b8a4a0a2bd9c1923639b179bdf","isMergeCommit":false,"messageTitle":"Change exception type to be more precise","messageBody":"","fileTypesAndContributionMap":{"functional-code":{"insertions":2,"deletions":2}}},{"hash":"751b8caa1826af284ff92dccf701a1104f362ca1","isMergeCommit":true,"messageTitle":"Merge pull request #351 from e1093051/branch-fix-deleteModParser","messageBody":"Add parseMod","fileTypesAndContributionMap":{}},{"hash":"28e4feeea86482654032521b94e24e9daf245eed","isMergeCommit":false,"messageTitle":"Update DG difficulty level","messageBody":"","fileTypesAndContributionMap":{"docs":{"insertions":7,"deletions":0}}},{"hash":"81cbe685626b404bbe9a15868eb7ff7138ac4dfc","isMergeCommit":true,"messageTitle":"Merge branch \u0027master\u0027 into branch-DG-effort","messageBody":"","fileTypesAndContributionMap":{}},{"hash":"0ae82b15bc63675362c597d2dd9a703dc40f77e2","isMergeCommit":false,"messageTitle":"Update DeveloperGuide.md","messageBody":"","fileTypesAndContributionMap":{"docs":{"insertions":1,"deletions":1}}},{"hash":"95dad9dc14101cd482e506144afd6fa930ea9a07","isMergeCommit":true,"messageTitle":"Merge pull request #354 from e1093051/branch-DG-effort","messageBody":"Update DG difficulty level","fileTypesAndContributionMap":{}}]}],"potatodudedude":[{"date":"2025-04-07","commitResults":[{"hash":"8825ea41c712c8f3feb4aa961088cab05c174fcb","isMergeCommit":true,"messageTitle":"Merge pull request #335 from jordon0802/fix-delete-tut","messageBody":"Fix delete tutorial throwing exception","fileTypesAndContributionMap":{}},{"hash":"c6ca2179887e0208c3c7cc8dab6a5ca2f7357801","isMergeCommit":false,"messageTitle":"Update empty ModTutGroup message constraints","messageBody":"","fileTypesAndContributionMap":{"functional-code":{"insertions":1,"deletions":1}}},{"hash":"fa600137db44fe6b55631402b5a0350e5d8f8535","isMergeCommit":false,"messageTitle":"Change popup to be hidden on key press instead of timer","messageBody":"","fileTypesAndContributionMap":{"functional-code":{"insertions":4,"deletions":3}}},{"hash":"f6363c6e30638151315cadf675881c31020b2e83","isMergeCommit":false,"messageTitle":"Remove isHelp variable from all commands since it is redundant","messageBody":"","fileTypesAndContributionMap":{"functional-code":{"insertions":11,"deletions":20}}},{"hash":"58f26d9d226b3bce579d1e8044ffdbb65091bd50","isMergeCommit":true,"messageTitle":"Merge pull request #339 from potatodudedude/branch-Messages","messageBody":"Update empty ModTutGroup message constraints","fileTypesAndContributionMap":{}},{"hash":"557deab50f06b3a11a82e4420dcf2367689c86b1","isMergeCommit":true,"messageTitle":"Merge pull request #279 from potatodudedude/branch-DG","messageBody":"Update user stories and use cases in DG","fileTypesAndContributionMap":{}},{"hash":"17216f6989518ebe11f945ad90cd9f9523d9cf59","isMergeCommit":false,"messageTitle":"Change command word to be case-insensitive","messageBody":"","fileTypesAndContributionMap":{"functional-code":{"insertions":3,"deletions":3}}},{"hash":"496e55b1933cbaa8e297521a414a408ba6d75980","isMergeCommit":true,"messageTitle":"Merge branch \u0027master\u0027 into branch-Popup","messageBody":"","fileTypesAndContributionMap":{}},{"hash":"22110bfa2ce38443c59a904126cd223b1440f0a0","isMergeCommit":false,"messageTitle":"Fix checkstyle","messageBody":"","fileTypesAndContributionMap":{"functional-code":{"insertions":0,"deletions":2}}},{"hash":"5f849e8bf1e43b13a3f68376e87aa15d08574e6f","isMergeCommit":false,"messageTitle":"Update affected test cases","messageBody":"","fileTypesAndContributionMap":{"test-code":{"insertions":8,"deletions":8}}},{"hash":"fbea27e120eb6e6541936c1fe333f99f51455bfc","isMergeCommit":false,"messageTitle":"Update UG","messageBody":"","fileTypesAndContributionMap":{"docs":{"insertions":95,"deletions":39}}},{"hash":"63960cff7a33acc1c24847603feb6888f51c8247","isMergeCommit":false,"messageTitle":"Fix checkstyle","messageBody":"","fileTypesAndContributionMap":{"docs":{"insertions":1,"deletions":1}}},{"hash":"065c1aa98b2d7c89744b8f2a5e6655e2ff376d8d","isMergeCommit":true,"messageTitle":"Merge pull request #345 from jordon0802/update-dg-effort","messageBody":"Update developer guide efforts section","fileTypesAndContributionMap":{}},{"hash":"243e38063d8f33d9142347c3ecfc6efc2afc69fa","isMergeCommit":true,"messageTitle":"Merge pull request #340 from potatodudedude/branch-Popup","messageBody":"Change popup to close on any keypress instead of timer","fileTypesAndContributionMap":{}},{"hash":"cb728e3cd818ff6e3a3a0c3656d50bcad5bead4c","isMergeCommit":true,"messageTitle":"Merge pull request #350 from jordon0802/update-edit-command-behaviour","messageBody":"Modify edit behaviour to index correctly","fileTypesAndContributionMap":{}},{"hash":"e21a83e90d75b50e2b1aa3bbc4f9759d645a0d28","isMergeCommit":true,"messageTitle":"Merge pull request #349 from potatodudedude/branch-UG","messageBody":"Update UG","fileTypesAndContributionMap":{}},{"hash":"d6cfb214c2d65c75fb4febb2a75a0845e408e229","isMergeCommit":true,"messageTitle":"Merge pull request #341 from potatodudedude/branch-CommandCase","messageBody":"Change command word to be case-insensitive","fileTypesAndContributionMap":{}}]}],"jordon0802":[{"date":"2025-04-06","commitResults":[{"hash":"cbafd9f13f222fab0dabd415a1000d8a0251942e","isMergeCommit":false,"messageTitle":"Fix delete tutorial throwing exception","messageBody":"","fileTypesAndContributionMap":{"functional-code":{"insertions":28,"deletions":11},"test-code":{"insertions":21,"deletions":36}}}]},{"date":"2025-04-07","commitResults":[{"hash":"c6de91dc87e9c65f663b63593b4c8b056fc6de2e","isMergeCommit":true,"messageTitle":"Merge pull request #337 from KimHan01/updateDuplicateMessage","messageBody":"Update Add Duplicate Person Message","fileTypesAndContributionMap":{}},{"hash":"c9e3aed63705a9e85204bc6747dac8927dc1d8db","isMergeCommit":false,"messageTitle":"Update developer guide efforts section","messageBody":"","fileTypesAndContributionMap":{"docs":{"insertions":7,"deletions":0}}},{"hash":"8be0f4f2cbdbffdcceaaac27e20e4d4904beb13c","isMergeCommit":false,"messageTitle":"Modify edit behaviour to index correctly","messageBody":"","fileTypesAndContributionMap":{"functional-code":{"insertions":3,"deletions":1}}},{"hash":"54e1b186120d5132b2b224d11154a060eb91eec8","isMergeCommit":true,"messageTitle":"Merge pull request #344 from KimHan01/updateDuplicateMessage","messageBody":"Update email REGEX","fileTypesAndContributionMap":{}},{"hash":"3763f495ef09b1f964518a69f179bee89697ace2","isMergeCommit":true,"messageTitle":"Merge pull request #348 from KimHan01/DG-Issues","messageBody":"Fix DG issues","fileTypesAndContributionMap":{}},{"hash":"58e734c9a65497dfddf37e4b6222240cea755652","isMergeCommit":false,"messageTitle":"Edit headers","messageBody":"","fileTypesAndContributionMap":{"docs":{"insertions":4,"deletions":2}}},{"hash":"cbb9bd0a60d2b5e5ab7eabbab3b479d4727b5df7","isMergeCommit":true,"messageTitle":"Merge pull request #356 from jordon0802/edit-url-for-ug","messageBody":"Edit headers for command and parameter formatting","fileTypesAndContributionMap":{}},{"hash":"aadbec0c9dcc6b676ec259127aa582bff515100c","isMergeCommit":false,"messageTitle":"Edit typos in ug","messageBody":"","fileTypesAndContributionMap":{"docs":{"insertions":5,"deletions":5}}},{"hash":"b801af117a4e026c4a8a04df37f59d085c005f63","isMergeCommit":true,"messageTitle":"Merge pull request #357 from jordon0802/edit-ug-typos","messageBody":"Edit typos in ug","fileTypesAndContributionMap":{}}]}]},"authorFileTypeContributionMap":{"KimHan01":{"docs":15,"functional-code":3,"test-code":7},"e1093051":{"docs":7,"functional-code":29,"test-code":34},"potatodudedude":{"docs":84,"functional-code":19,"test-code":8},"jordon0802":{"docs":16,"functional-code":30,"test-code":20}},"authorContributionVariance":{"KimHan01":450.0,"e1093051":1350.8889,"potatodudedude":8888.89,"jordon0802":1634.0},"authorDisplayNameMap":{"KimHan01":"CS2103T-F10-4 TEO .. HAN","e1093051":"CS2103T-F10-4 FAN ..HING","potatodudedude":"CS2103T-F10-4 SUN ..ELIX","jordon0802":"CS2103T-F10-4 CHAN..RDON"}}
