{"authorDailyContributionsMap":{"KimHan01":[{"date":"2025-04-07","commitResults":[{"hash":"49bd2524122a72383137ed87d0f87d70a2ed7531","isMergeCommit":false,"messageTitle":"Update Add Duplicate Msg","messageBody":"","fileTypesAndContributionMap":{"functional-code":{"insertions":2,"deletions":1}}},{"hash":"1cc81d79368ca3e271b325f3188c13bb340421a9","isMergeCommit":false,"messageTitle":"Update email REGEX","messageBody":"","fileTypesAndContributionMap":{"functional-code":{"insertions":1,"deletions":1},"test-code":{"insertions":4,"deletions":5}}},{"hash":"7e5c794478dca70085de7b27c91a33f73bde6406","isMergeCommit":false,"messageTitle":"update testcase","messageBody":"","fileTypesAndContributionMap":{"test-code":{"insertions":3,"deletions":1}}},{"hash":"0ec64bebe4bdf163790ff0d131f796cd1de3680f","isMergeCommit":false,"messageTitle":"update testcase","messageBody":"","fileTypesAndContributionMap":{"test-code":{"insertions":1,"deletions":1}}},{"hash":"2884a902715f97028aea9f33f36dfc5b997b22d2","isMergeCommit":false,"messageTitle":"update testcase","messageBody":"","fileTypesAndContributionMap":{"test-code":{"insertions":3,"deletions":3}}},{"hash":"917fb615d058f03913306f5cf733fb1ef15cd50d","isMergeCommit":false,"messageTitle":"Add DG Challenges","messageBody":"","fileTypesAndContributionMap":{"docs":{"insertions":11,"deletions":0}}},{"hash":"aac63b4eca2d278f79eb25b33c9cc0bdb5719a94","isMergeCommit":false,"messageTitle":"Update DeleteSeqDiagram","messageBody":"","fileTypesAndContributionMap":{"docs":{"insertions":2,"deletions":2}}},{"hash":"d92cd793aaeb31158550eef417c513881a39e002","isMergeCommit":false,"messageTitle":"Fix DG UC2 label","messageBody":"","fileTypesAndContributionMap":{"docs":{"insertions":1,"deletions":1}}},{"hash":"c09823705277f5ce310cdb3b0d7ccd52cec22748","isMergeCommit":false,"messageTitle":"Update test for help","messageBody":"","fileTypesAndContributionMap":{"docs":{"insertions":1,"deletions":1}}},{"hash":"91d4ec0f1a3c5ab394bc6e61834bab2c8fc8a5c4","isMergeCommit":true,"messageTitle":"Fix merge conflict","messageBody":"","fileTypesAndContributionMap":{}},{"hash":"0478c467a94361ed9cb873193b1370d931dee016","isMergeCommit":true,"messageTitle":"Merge pull request #347 from KimHan01/DGEffort-Challenge","messageBody":"Add DG Challenges","fileTypesAndContributionMap":{}},{"hash":"0818b3813ebbbee9e8784e259420470a3ec8b75c","isMergeCommit":false,"messageTitle":"Update wording","messageBody":"","fileTypesAndContributionMap":{"docs":{"insertions":5,"deletions":5}}}]},{"date":"2025-04-08","commitResults":[{"hash":"a14206ed0da025cc2da1855c7ace8f60c97c04a6","isMergeCommit":true,"messageTitle":"Merge pull request #363 from KimHan01/DG-Update","messageBody":"Update wording in DG challenges","fileTypesAndContributionMap":{}},{"hash":"dcc178f7290850f6e4aac5ac16bf2568f8c09e1e","isMergeCommit":false,"messageTitle":"Use ConnectS.json","messageBody":"","fileTypesAndContributionMap":{"test-code":{"insertions":2,"deletions":2}}},{"hash":"8bd10f998c7c3b55f567a731922f6edc58711fe6","isMergeCommit":false,"messageTitle":"update test","messageBody":"","fileTypesAndContributionMap":{"test-code":{"insertions":1,"deletions":1}}},{"hash":"cab18f7119f0ff7a112d53026c772738f514e5fc","isMergeCommit":true,"messageTitle":"Merge pull request #367 from KimHan01/updateStorageFile","messageBody":"Use ConnectS.json instead of addressbook.json in test case","fileTypesAndContributionMap":{}},{"hash":"afce6269a629810eca5ed0b0f88c611552c2f89e","isMergeCommit":false,"messageTitle":"Add one word s","messageBody":"","fileTypesAndContributionMap":{"functional-code":{"insertions":1,"deletions":1}}},{"hash":"2c995ad6f978d02e0990cbafd078119689556514","isMergeCommit":false,"messageTitle":"Update Error Msg","messageBody":"","fileTypesAndContributionMap":{"functional-code":{"insertions":8,"deletions":10}}},{"hash":"0684bf61c12f1f9868d09e67d09968d581da2ed0","isMergeCommit":false,"messageTitle":"Remove unused import","messageBody":"","fileTypesAndContributionMap":{"functional-code":{"insertions":0,"deletions":1}}},{"hash":"eaff1c604647d2c38bf1de92e15ae3ca0e30c44c","isMergeCommit":false,"messageTitle":"Update testcase","messageBody":"","fileTypesAndContributionMap":{"test-code":{"insertions":2,"deletions":1}}},{"hash":"eb587df2c2427271476172c7ba32e7e7c7cae4d4","isMergeCommit":false,"messageTitle":"Update Model","messageBody":"","fileTypesAndContributionMap":{"docs":{"insertions":5,"deletions":20}}},{"hash":"d9096238a023e77a66b0857ee49abe2a05a47dcd","isMergeCommit":false,"messageTitle":"Add EmptyIndex Check","messageBody":"","fileTypesAndContributionMap":{"functional-code":{"insertions":28,"deletions":0}}},{"hash":"40d0fc69bc053a7c1abb1d55abd8056196fedb37","isMergeCommit":false,"messageTitle":"Update testcase","messageBody":"","fileTypesAndContributionMap":{"test-code":{"insertions":12,"deletions":8}}},{"hash":"4b36cc4564173b6230a0e697ffb970800adbb4f5","isMergeCommit":false,"messageTitle":"fix style","messageBody":"","fileTypesAndContributionMap":{"functional-code":{"insertions":3,"deletions":0},"test-code":{"insertions":0,"deletions":3}}},{"hash":"4eddfad29f7d75a13898eca6227e485260bbf726","isMergeCommit":true,"messageTitle":"Merge pull request #386 from e1093051/branch-add-tests","messageBody":"Add tests and fix typo","fileTypesAndContributionMap":{}},{"hash":"b6ded957a8ab5ea9a5ebd14f22328c41207e7a86","isMergeCommit":true,"messageTitle":"Merge pull request #375 from e1093051/branch-fix-minor-mistakes","messageBody":"Fix a typo","fileTypesAndContributionMap":{}},{"hash":"661f65806e9da46dad434892958c7a180536e8a6","isMergeCommit":true,"messageTitle":"Merge pull request #379 from KimHan01/DG-UpdateModelv2","messageBody":"Update Model in DG","fileTypesAndContributionMap":{}}]}],"e1093051":[{"date":"2025-04-06","commitResults":[{"hash":"8e6bf8ed664e805b8465492e849c14f857eeb0ee","isMergeCommit":false,"messageTitle":"Fix telegram handle issues","messageBody":"","fileTypesAndContributionMap":{"functional-code":{"insertions":2,"deletions":2}}},{"hash":"47e339d638bdc4f247f8b75b51c29216c80c861d","isMergeCommit":false,"messageTitle":"Fix deleteMod","messageBody":"","fileTypesAndContributionMap":{"functional-code":{"insertions":5,"deletions":1},"test-code":{"insertions":35,"deletions":5}}},{"hash":"ac88ca88d95349b0981ba2e9641ae91127f25f21","isMergeCommit":false,"messageTitle":"Fix styling","messageBody":"","fileTypesAndContributionMap":{"test-code":{"insertions":3,"deletions":2}}},{"hash":"af07919d41d776744f63cccf6b5b17a74fde99fc","isMergeCommit":false,"messageTitle":"Fix styling","messageBody":"","fileTypesAndContributionMap":{"test-code":{"insertions":3,"deletions":3}}},{"hash":"a4deb1703cc4d230bd265d41b325a5c032509331","isMergeCommit":false,"messageTitle":"Add test for deleteMod","messageBody":"","fileTypesAndContributionMap":{"test-code":{"insertions":9,"deletions":14}}},{"hash":"c4202784127503a537cee0f003fba0221f6ca440","isMergeCommit":false,"messageTitle":"Fix styling","messageBody":"","fileTypesAndContributionMap":{"test-code":{"insertions":5,"deletions":1}}}]},{"date":"2025-04-07","commitResults":[{"hash":"856bc32df82f98e7ecede4dad2fb412dc5204e64","isMergeCommit":true,"messageTitle":"Merge pull request #333 from e1093051/branch-fix-telegram-handle","messageBody":"Fix telegram handle issues","fileTypesAndContributionMap":{}},{"hash":"39c14b6b084408bbd475af49d55e0fa7262a389f","isMergeCommit":true,"messageTitle":"Merge pull request #336 from e1093051/branch-fix-deleteMod-message","messageBody":"Fix deleteMod message","fileTypesAndContributionMap":{}},{"hash":"9c0edb33a19064134d37119e9cfe6ecb71dfba72","isMergeCommit":false,"messageTitle":"Add parseMod","messageBody":"","fileTypesAndContributionMap":{"functional-code":{"insertions":20,"deletions":10}}},{"hash":"62096f52034816b8a4a0a2bd9c1923639b179bdf","isMergeCommit":false,"messageTitle":"Change exception type to be more precise","messageBody":"","fileTypesAndContributionMap":{"functional-code":{"insertions":2,"deletions":2}}},{"hash":"751b8caa1826af284ff92dccf701a1104f362ca1","isMergeCommit":true,"messageTitle":"Merge pull request #351 from e1093051/branch-fix-deleteModParser","messageBody":"Add parseMod","fileTypesAndContributionMap":{}},{"hash":"28e4feeea86482654032521b94e24e9daf245eed","isMergeCommit":false,"messageTitle":"Update DG difficulty level","messageBody":"","fileTypesAndContributionMap":{"docs":{"insertions":7,"deletions":0}}},{"hash":"81cbe685626b404bbe9a15868eb7ff7138ac4dfc","isMergeCommit":true,"messageTitle":"Merge branch \u0027master\u0027 into branch-DG-effort","messageBody":"","fileTypesAndContributionMap":{}},{"hash":"0ae82b15bc63675362c597d2dd9a703dc40f77e2","isMergeCommit":false,"messageTitle":"Update DeveloperGuide.md","messageBody":"","fileTypesAndContributionMap":{"docs":{"insertions":1,"deletions":1}}},{"hash":"95dad9dc14101cd482e506144afd6fa930ea9a07","isMergeCommit":true,"messageTitle":"Merge pull request #354 from e1093051/branch-DG-effort","messageBody":"Update DG difficulty level","fileTypesAndContributionMap":{}}]},{"date":"2025-04-08","commitResults":[{"hash":"f6eca0856a40e19e075d3be14ee8a478d4616683","isMergeCommit":false,"messageTitle":"Fix a typo","messageBody":"","fileTypesAndContributionMap":{"functional-code":{"insertions":1,"deletions":1}}},{"hash":"3eb77bde4c5a72dcc114ebc718d183e1fde0852a","isMergeCommit":false,"messageTitle":"Add tests and fix typo","messageBody":"","fileTypesAndContributionMap":{"functional-code":{"insertions":6,"deletions":6},"test-code":{"insertions":84,"deletions":28}}},{"hash":"ccc862e7e2db4f4002eb1c2aad308dda1d2effaf","isMergeCommit":false,"messageTitle":"Fix styling","messageBody":"","fileTypesAndContributionMap":{"test-code":{"insertions":22,"deletions":1}}},{"hash":"d250dad570ba3dfe9633986927f5a7fba22b9af9","isMergeCommit":false,"messageTitle":"Fix styling","messageBody":"","fileTypesAndContributionMap":{"test-code":{"insertions":0,"deletions":2}}},{"hash":"a4570281307a3896f80480ce47f981d76d8416e7","isMergeCommit":false,"messageTitle":"Fix styling","messageBody":"","fileTypesAndContributionMap":{"test-code":{"insertions":2,"deletions":1}}}]}],"potatodudedude":[{"date":"2025-04-07","commitResults":[{"hash":"8825ea41c712c8f3feb4aa961088cab05c174fcb","isMergeCommit":true,"messageTitle":"Merge pull request #335 from jordon0802/fix-delete-tut","messageBody":"Fix delete tutorial throwing exception","fileTypesAndContributionMap":{}},{"hash":"c6ca2179887e0208c3c7cc8dab6a5ca2f7357801","isMergeCommit":false,"messageTitle":"Update empty ModTutGroup message constraints","messageBody":"","fileTypesAndContributionMap":{"functional-code":{"insertions":1,"deletions":1}}},{"hash":"fa600137db44fe6b55631402b5a0350e5d8f8535","isMergeCommit":false,"messageTitle":"Change popup to be hidden on key press instead of timer","messageBody":"","fileTypesAndContributionMap":{"functional-code":{"insertions":4,"deletions":3}}},{"hash":"f6363c6e30638151315cadf675881c31020b2e83","isMergeCommit":false,"messageTitle":"Remove isHelp variable from all commands since it is redundant","messageBody":"","fileTypesAndContributionMap":{"functional-code":{"insertions":11,"deletions":20}}},{"hash":"58f26d9d226b3bce579d1e8044ffdbb65091bd50","isMergeCommit":true,"messageTitle":"Merge pull request #339 from potatodudedude/branch-Messages","messageBody":"Update empty ModTutGroup message constraints","fileTypesAndContributionMap":{}},{"hash":"557deab50f06b3a11a82e4420dcf2367689c86b1","isMergeCommit":true,"messageTitle":"Merge pull request #279 from potatodudedude/branch-DG","messageBody":"Update user stories and use cases in DG","fileTypesAndContributionMap":{}},{"hash":"17216f6989518ebe11f945ad90cd9f9523d9cf59","isMergeCommit":false,"messageTitle":"Change command word to be case-insensitive","messageBody":"","fileTypesAndContributionMap":{"functional-code":{"insertions":3,"deletions":3}}},{"hash":"496e55b1933cbaa8e297521a414a408ba6d75980","isMergeCommit":true,"messageTitle":"Merge branch \u0027master\u0027 into branch-Popup","messageBody":"","fileTypesAndContributionMap":{}},{"hash":"22110bfa2ce38443c59a904126cd223b1440f0a0","isMergeCommit":false,"messageTitle":"Fix checkstyle","messageBody":"","fileTypesAndContributionMap":{"functional-code":{"insertions":0,"deletions":2}}},{"hash":"5f849e8bf1e43b13a3f68376e87aa15d08574e6f","isMergeCommit":false,"messageTitle":"Update affected test cases","messageBody":"","fileTypesAndContributionMap":{"test-code":{"insertions":8,"deletions":8}}},{"hash":"fbea27e120eb6e6541936c1fe333f99f51455bfc","isMergeCommit":false,"messageTitle":"Update UG","messageBody":"","fileTypesAndContributionMap":{"docs":{"insertions":95,"deletions":39}}},{"hash":"63960cff7a33acc1c24847603feb6888f51c8247","isMergeCommit":false,"messageTitle":"Fix checkstyle","messageBody":"","fileTypesAndContributionMap":{"docs":{"insertions":1,"deletions":1}}},{"hash":"065c1aa98b2d7c89744b8f2a5e6655e2ff376d8d","isMergeCommit":true,"messageTitle":"Merge pull request #345 from jordon0802/update-dg-effort","messageBody":"Update developer guide efforts section","fileTypesAndContributionMap":{}},{"hash":"243e38063d8f33d9142347c3ecfc6efc2afc69fa","isMergeCommit":true,"messageTitle":"Merge pull request #340 from potatodudedude/branch-Popup","messageBody":"Change popup to close on any keypress instead of timer","fileTypesAndContributionMap":{}},{"hash":"cb728e3cd818ff6e3a3a0c3656d50bcad5bead4c","isMergeCommit":true,"messageTitle":"Merge pull request #350 from jordon0802/update-edit-command-behaviour","messageBody":"Modify edit behaviour to index correctly","fileTypesAndContributionMap":{}},{"hash":"e21a83e90d75b50e2b1aa3bbc4f9759d645a0d28","isMergeCommit":true,"messageTitle":"Merge pull request #349 from potatodudedude/branch-UG","messageBody":"Update UG","fileTypesAndContributionMap":{}},{"hash":"d6cfb214c2d65c75fb4febb2a75a0845e408e229","isMergeCommit":true,"messageTitle":"Merge pull request #341 from potatodudedude/branch-CommandCase","messageBody":"Change command word to be case-insensitive","fileTypesAndContributionMap":{}},{"hash":"2baf722c348cb8071577c41f34427ae99732e291","isMergeCommit":false,"messageTitle":"Make name and email comparison case insensitive","messageBody":"","fileTypesAndContributionMap":{"functional-code":{"insertions":2,"deletions":2}}},{"hash":"3f0c4ecc59be47a4a20990ed5300b5f08a6edaa3","isMergeCommit":false,"messageTitle":"Update UG","messageBody":"","fileTypesAndContributionMap":{"docs":{"insertions":6,"deletions":5}}},{"hash":"1e880ace1d96fb3203837098ba1815465f667ede","isMergeCommit":false,"messageTitle":"Update UG","messageBody":"","fileTypesAndContributionMap":{"docs":{"insertions":0,"deletions":2}}}]},{"date":"2025-04-08","commitResults":[{"hash":"387bda2fee4b0c3048d024a27112013ec176e2de","isMergeCommit":true,"messageTitle":"Merge branch \u0027master\u0027 into branch-UG","messageBody":"# Conflicts:\n#\tdocs/UserGuide.md\n","fileTypesAndContributionMap":{}},{"hash":"31d8fc849b5476a824c22898b8e4c932ac3e07f9","isMergeCommit":true,"messageTitle":"Merge pull request #365 from potatodudedude/branch-UG","messageBody":"Branch ug","fileTypesAndContributionMap":{}},{"hash":"255f247a41f449094e53383a004c6128144e05a9","isMergeCommit":false,"messageTitle":"Update UG","messageBody":"","fileTypesAndContributionMap":{"functional-code":{"insertions":10,"deletions":9}}},{"hash":"14f4149409ca4190efc336669d777e12e63ff52d","isMergeCommit":true,"messageTitle":"Merge pull request #371 from potatodudedude/branch-UG","messageBody":"Update UG image","fileTypesAndContributionMap":{}},{"hash":"9a155ccaeeca205b975d371b961012dab9ec6df6","isMergeCommit":true,"messageTitle":"Merge pull request #359 from potatodudedude/branch-CaseComparisons","messageBody":"Make name and email comparison case insensitive","fileTypesAndContributionMap":{}},{"hash":"cae4a11d5cd2708c36674b6a5a923ddc42ce0762","isMergeCommit":true,"messageTitle":"Merge branch \u0027master\u0027 into branch-UpdateMessageUsage","messageBody":"","fileTypesAndContributionMap":{}},{"hash":"0f7dabfc1eab9424173211554b9ba03dfb5e6dd3","isMergeCommit":false,"messageTitle":"Update DG","messageBody":"","fileTypesAndContributionMap":{"docs":{"insertions":5,"deletions":0}}},{"hash":"96dd4d4c62b57553109f248ca6f169e69e15c004","isMergeCommit":false,"messageTitle":"Update UG","messageBody":"","fileTypesAndContributionMap":{"docs":{"insertions":6,"deletions":4}}},{"hash":"0bc3736474c09be6397a961f046bf7ed8b7e55f1","isMergeCommit":true,"messageTitle":"Merge branch \u0027master\u0027 into branch-UG","messageBody":"","fileTypesAndContributionMap":{}},{"hash":"3a5ef100e2cea814fb24d31bdcc64f35420d0dcf","isMergeCommit":true,"messageTitle":"Merge pull request #370 from potatodudedude/branch-UpdateMessageUsage","messageBody":"Update usage messages to match UG","fileTypesAndContributionMap":{}},{"hash":"29eb4d93296041bfed19aa4e2768f7a7bfbb7d30","isMergeCommit":true,"messageTitle":"Merge branch \u0027master\u0027 into branch-DG","messageBody":"","fileTypesAndContributionMap":{}},{"hash":"312f619fed79bbc8bf4b9cf9f4f7ede52df2078d","isMergeCommit":true,"messageTitle":"Merge branch \u0027master\u0027 into branch-UG","messageBody":"","fileTypesAndContributionMap":{}},{"hash":"6f8299012552497508661036d30234e8a2454b93","isMergeCommit":false,"messageTitle":"Update UG","messageBody":"","fileTypesAndContributionMap":{"docs":{"insertions":1,"deletions":1}}},{"hash":"b6e0b9a535c82b3d073e7efc0a498d9e3ae56daf","isMergeCommit":true,"messageTitle":"Merge pull request #376 from jordon0802/fix-null-pointer-exception","messageBody":"Fix null pointer exception with delete being first command","fileTypesAndContributionMap":{}},{"hash":"031b9d3dcae5671d88f4fae74253af68519f9c17","isMergeCommit":true,"messageTitle":"Merge pull request #373 from potatodudedude/branch-UG","messageBody":"Fix formatting and grammar in UG","fileTypesAndContributionMap":{}},{"hash":"b5208236fe914823498d094e65387556ff8d899e","isMergeCommit":false,"messageTitle":"Remove tutorial section of website","messageBody":"","fileTypesAndContributionMap":{"docs":{"insertions":0,"deletions":4}}},{"hash":"e2064f74590d877b983e51a0c4144a7e3b77da51","isMergeCommit":true,"messageTitle":"Merge branch \u0027master\u0027 into branch-Website","messageBody":"","fileTypesAndContributionMap":{}},{"hash":"4d44c1e56efe2f6a5fcedd13e0572c6e1d683bfb","isMergeCommit":false,"messageTitle":"Update version number","messageBody":"","fileTypesAndContributionMap":{"functional-code":{"insertions":1,"deletions":1}}},{"hash":"b2b5a3d20d401d27ccff6f7ac85e1863676c1689","isMergeCommit":true,"messageTitle":"Merge pull request #383 from potatodudedude/branch-VersionNumber","messageBody":"Update version number to 1.6","fileTypesAndContributionMap":{}},{"hash":"53ca1911bb31d2ebed9e696d91aebabe83ef35d9","isMergeCommit":false,"messageTitle":"Update DG","messageBody":"","fileTypesAndContributionMap":{"docs":{"insertions":15,"deletions":1}}},{"hash":"a58478bc38948e2c6f8def570a11cc98f3b3f600","isMergeCommit":false,"messageTitle":"Update DG","messageBody":"","fileTypesAndContributionMap":{"docs":{"insertions":3,"deletions":0}}},{"hash":"d4bd4eaf76cc1f209e6d9531085b2dc0e0dfb201","isMergeCommit":true,"messageTitle":"Merge branch \u0027master\u0027 into branch-DG","messageBody":"","fileTypesAndContributionMap":{}},{"hash":"4b513d3c9897cb7b29665755249141ec380fd4e3","isMergeCommit":false,"messageTitle":"Update DG","messageBody":"","fileTypesAndContributionMap":{"docs":{"insertions":2,"deletions":0}}},{"hash":"3ac848be5016ce4879856f8333c1be1ce418fbfe","isMergeCommit":true,"messageTitle":"Merge pull request #382 from potatodudedude/branch-Website","messageBody":"Remove tutorial from website","fileTypesAndContributionMap":{}},{"hash":"f7dd760055215c0af678e75d37c8a2e3cecf6dde","isMergeCommit":true,"messageTitle":"Merge pull request #384 from potatodudedude/branch-DG","messageBody":"DG planned enhancements","tags":["v1.6"],"fileTypesAndContributionMap":{}}]}],"jordon0802":[{"date":"2025-04-06","commitResults":[{"hash":"cbafd9f13f222fab0dabd415a1000d8a0251942e","isMergeCommit":false,"messageTitle":"Fix delete tutorial throwing exception","messageBody":"","fileTypesAndContributionMap":{"functional-code":{"insertions":28,"deletions":11},"test-code":{"insertions":21,"deletions":36}}}]},{"date":"2025-04-07","commitResults":[{"hash":"c6de91dc87e9c65f663b63593b4c8b056fc6de2e","isMergeCommit":true,"messageTitle":"Merge pull request #337 from KimHan01/updateDuplicateMessage","messageBody":"Update Add Duplicate Person Message","fileTypesAndContributionMap":{}},{"hash":"c9e3aed63705a9e85204bc6747dac8927dc1d8db","isMergeCommit":false,"messageTitle":"Update developer guide efforts section","messageBody":"","fileTypesAndContributionMap":{"docs":{"insertions":7,"deletions":0}}},{"hash":"8be0f4f2cbdbffdcceaaac27e20e4d4904beb13c","isMergeCommit":false,"messageTitle":"Modify edit behaviour to index correctly","messageBody":"","fileTypesAndContributionMap":{"functional-code":{"insertions":3,"deletions":1}}},{"hash":"54e1b186120d5132b2b224d11154a060eb91eec8","isMergeCommit":true,"messageTitle":"Merge pull request #344 from KimHan01/updateDuplicateMessage","messageBody":"Update email REGEX","fileTypesAndContributionMap":{}},{"hash":"3763f495ef09b1f964518a69f179bee89697ace2","isMergeCommit":true,"messageTitle":"Merge pull request #348 from KimHan01/DG-Issues","messageBody":"Fix DG issues","fileTypesAndContributionMap":{}},{"hash":"58e734c9a65497dfddf37e4b6222240cea755652","isMergeCommit":false,"messageTitle":"Edit headers","messageBody":"","fileTypesAndContributionMap":{"docs":{"insertions":4,"deletions":2}}},{"hash":"cbb9bd0a60d2b5e5ab7eabbab3b479d4727b5df7","isMergeCommit":true,"messageTitle":"Merge pull request #356 from jordon0802/edit-url-for-ug","messageBody":"Edit headers for command and parameter formatting","fileTypesAndContributionMap":{}},{"hash":"aadbec0c9dcc6b676ec259127aa582bff515100c","isMergeCommit":false,"messageTitle":"Edit typos in ug","messageBody":"","fileTypesAndContributionMap":{"docs":{"insertions":5,"deletions":5}}},{"hash":"b801af117a4e026c4a8a04df37f59d085c005f63","isMergeCommit":true,"messageTitle":"Merge pull request #357 from jordon0802/edit-ug-typos","messageBody":"Edit typos in ug","fileTypesAndContributionMap":{}},{"hash":"af8b2455af63258b6c32bd772210cd89e2a7bd36","isMergeCommit":false,"messageTitle":"Update UG","messageBody":"","fileTypesAndContributionMap":{"docs":{"insertions":39,"deletions":32}}},{"hash":"68b4f45e41c3d3875838de8404962da56c1fe066","isMergeCommit":true,"messageTitle":"Merge branch \u0027master\u0027 into edit-ug-typos","messageBody":"","fileTypesAndContributionMap":{}},{"hash":"a5ec4eee22e02594abe812b4002ea91a4e8e93cd","isMergeCommit":true,"messageTitle":"Merge pull request #362 from jordon0802/edit-ug-typos","messageBody":"Edit ug typos","fileTypesAndContributionMap":{}}]},{"date":"2025-04-08","commitResults":[{"hash":"83f3c865235f44ef1f96b3fc92ea183358287715","isMergeCommit":false,"messageTitle":"Fix null pointer exception with delete being first command","messageBody":"","fileTypesAndContributionMap":{"functional-code":{"insertions":12,"deletions":3}}},{"hash":"3f46423a8b037df4784d72e6b79e858cbb9a15e1","isMergeCommit":true,"messageTitle":"Merge pull request #374 from KimHan01/updateHelpv2","messageBody":"Update View command wording","fileTypesAndContributionMap":{}},{"hash":"ca2a99850a117b2dd6ff4929ea667b58d9ea3567","isMergeCommit":false,"messageTitle":"Fix typos in UG","messageBody":"","fileTypesAndContributionMap":{"docs":{"insertions":7,"deletions":7}}},{"hash":"c9e0aea314ea3ef3ce77440deb77fa4f80526347","isMergeCommit":true,"messageTitle":"Merge pull request #385 from jordon0802/fix-ug-typos","messageBody":"Fix typos in UG","fileTypesAndContributionMap":{}},{"hash":"0573562fb72603a19c6d9d02068dd563bac1503c","isMergeCommit":true,"messageTitle":"Merge pull request #377 from KimHan01/UpdateErrorMsg","messageBody":"Update error msg","fileTypesAndContributionMap":{}}]}]},"authorFileTypeContributionMap":{"KimHan01":{"docs":21,"functional-code":43,"test-code":23},"e1093051":{"docs":7,"functional-code":35,"test-code":122},"potatodudedude":{"docs":105,"functional-code":32,"test-code":8},"jordon0802":{"docs":57,"functional-code":40,"test-code":20}},"authorContributionVariance":{"KimHan01":2045.5,"e1093051":3268.1875,"potatodudedude":7864.5,"jordon0802":1807.1875},"authorDisplayNameMap":{"KimHan01":"CS2103T-F10-4 TEO .. HAN","e1093051":"CS2103T-F10-4 FAN ..HING","potatodudedude":"CS2103T-F10-4 SUN ..ELIX","jordon0802":"CS2103T-F10-4 CHAN..RDON"}}
