{"authorDailyContributionsMap":{"quantin96":[{"date":"2025-04-07","commitResults":[{"hash":"03eb505783fab494a61c22e4ef9dd43e47c20769","isMergeCommit":false,"messageTitle":"Bug fixes","messageBody":"","fileTypesAndContributionMap":{"functional-code":{"insertions":18,"deletions":2},"docs":{"insertions":25,"deletions":22}}},{"hash":"9119dd1a79ee444682fd0fc2053a78b643e115e8","isMergeCommit":true,"messageTitle":"Merge branch \u0027master\u0027 into branch-beta-bugfix","messageBody":"# Conflicts:\n#\tdocs/UserGuide.md\n","fileTypesAndContributionMap":{}},{"hash":"3cc74ad9d96fb8fd756fd2424943ad1fe29e4b36","isMergeCommit":false,"messageTitle":"Checkstyle changes","messageBody":"","fileTypesAndContributionMap":{"functional-code":{"insertions":0,"deletions":2}}},{"hash":"cdc2937a4ef73bcde2a1acb5614c3c6c0b34502c","isMergeCommit":true,"messageTitle":"Merge pull request #218 from quantin96/branch-beta-bugfix","messageBody":"Branch beta bugfix","fileTypesAndContributionMap":{}}]}],"subiloble":[{"date":"2025-04-05","commitResults":[{"hash":"a471680a1f7716189901cd9b5f639e4f3e98c427","isMergeCommit":false,"messageTitle":"Update some guides about undo and view","messageBody":"","fileTypesAndContributionMap":{"docs":{"insertions":14,"deletions":6}}},{"hash":"12aee4d5c6aea140bcd0397780226a4bbea1ffac","isMergeCommit":true,"messageTitle":"Merge pull request #215 from subiloble/branch-update-guides","messageBody":"Update some guides about undo and view","fileTypesAndContributionMap":{}},{"hash":"a1410662e5e0bc1fd6a007692a18ff8e65da1b5c","isMergeCommit":false,"messageTitle":"Update guides with minor change","messageBody":"","fileTypesAndContributionMap":{"docs":{"insertions":1,"deletions":1}}},{"hash":"92c6d87f8fafac3274619a3cbb705fe2f24c361e","isMergeCommit":true,"messageTitle":"Merge pull request #216 from subiloble/branch-minor-new-change-guide","messageBody":"Update guides with minor change","fileTypesAndContributionMap":{}},{"hash":"cf5f1f23cc71c13c7f347636d0b673f224521f2c","isMergeCommit":false,"messageTitle":"Add screenshots","messageBody":"","fileTypesAndContributionMap":{"docs":{"insertions":4,"deletions":0}}},{"hash":"10a2d57fac3443eb228e6d6e248b7fae62f21fcc","isMergeCommit":true,"messageTitle":"Merge pull request #217 from subiloble/branch-screenshot","messageBody":"Add screenshots","fileTypesAndContributionMap":{}}]}],"SheYuting":[],"zlllllr":[{"date":"2025-04-07","commitResults":[{"hash":"4fde2848743125e212591dc6ee57c58fe2c04614","isMergeCommit":false,"messageTitle":"Update user guide","messageBody":"","fileTypesAndContributionMap":{"docs":{"insertions":2,"deletions":1}}},{"hash":"b2c81d3382c2c5ff5d49a410e7658d58ca5d9d6b","isMergeCommit":true,"messageTitle":"Merge branch \u0027master\u0027 into branch-updatebug-ugdg","messageBody":"","fileTypesAndContributionMap":{}},{"hash":"45fa1f5364aafa43abd4f7c5cb07a5d1d7ef4d98","isMergeCommit":true,"messageTitle":"Merge pull request #219 from zlllllr/branch-updatebug-ugdg","messageBody":"Branch updatebug ugdg","fileTypesAndContributionMap":{}},{"hash":"c2307efc10f5e118f7349bf7b9f72803b25fb35f","isMergeCommit":false,"messageTitle":"Add valid check for archive status","messageBody":"","fileTypesAndContributionMap":{"functional-code":{"insertions":8,"deletions":2}}},{"hash":"10ff7cad30e2a65f67d5ca2f9bd15559fe27fc71","isMergeCommit":true,"messageTitle":"Merge pull request #220 from zlllllr/branch-betabug-archive","messageBody":"Add valid check for archive status","fileTypesAndContributionMap":{}}]}],"ioubread":[]},"authorFileTypeContributionMap":{"quantin96":{"docs":21,"functional-code":16,"test-code":0},"subiloble":{"docs":15,"functional-code":0,"test-code":0},"SheYuting":{"docs":0,"functional-code":0,"test-code":0},"zlllllr":{"docs":2,"functional-code":8,"test-code":0},"ioubread":{"docs":0,"functional-code":0,"test-code":0}},"authorContributionVariance":{"quantin96":1058.0,"subiloble":150.22221,"SheYuting":0.0,"zlllllr":37.555553,"ioubread":0.0},"authorDisplayNameMap":{"quantin96":"CS2103-W11-1 NG J..QUAN","subiloble":"CS2103-W11-1 CHEN..PENG","SheYuting":"CS2103-W11-1 SHE ..TING","zlllllr":"CS2103-W11-1 ZHAN..ERAN","ioubread":"CS2103-W11-1 TAY ..LLIE"}}
