{"authorDailyContributionsMap":{"quantin96":[],"subiloble":[],"SheYuting":[],"zlllllr":[],"ioubread":[]},"authorFileTypeContributionMap":{"quantin96":{"docs":0,"functional-code":0,"test-code":0},"subiloble":{"docs":0,"functional-code":0,"test-code":0},"SheYuting":{"docs":0,"functional-code":0,"test-code":0},"zlllllr":{"docs":0,"functional-code":0,"test-code":0},"ioubread":{"docs":0,"functional-code":0,"test-code":0}},"authorContributionVariance":{"quantin96":0.0,"subiloble":0.0,"SheYuting":0.0,"zlllllr":0.0,"ioubread":0.0},"authorDisplayNameMap":{"quantin96":"CS2103-W11-1 NG J..QUAN","subiloble":"CS2103-W11-1 CHEN..PENG","SheYuting":"CS2103-W11-1 SHE ..TING","zlllllr":"CS2103-W11-1 ZHAN..ERAN","ioubread":"CS2103-W11-1 TAY ..LLIE"}}
