{"authorDailyContributionsMap":{"Kkenjji":[],"elizazaa":[{"date":"2025-04-06","commitResults":[{"hash":"81c4f6f53e55eaf93b304b2e5f66f81e19b73bef","isMergeCommit":true,"messageTitle":"Merge pull request #274 from elizazaa/Branch-ImproveCodeQuality","messageBody":"Improve code quality","fileTypesAndContributionMap":{}},{"hash":"95b9d5b67eec97f1302333ce960d792e242b214b","isMergeCommit":false,"messageTitle":"Update user guide","messageBody":"","fileTypesAndContributionMap":{"docs":{"insertions":182,"deletions":10}}},{"hash":"36a31a95d383c19a0234eb51fb53ef94cba51bed","isMergeCommit":false,"messageTitle":"Update Repository messages","messageBody":"","fileTypesAndContributionMap":{"functional-code":{"insertions":5,"deletions":4}}},{"hash":"e2e88fa55ec712ad96edd859191e074217d02011","isMergeCommit":false,"messageTitle":"Edit domain part of example emails given","messageBody":"","fileTypesAndContributionMap":{"docs":{"insertions":3,"deletions":3}}},{"hash":"621cbbc7f2e5d866b2388d3f0ca8ef7a6f48d89c","isMergeCommit":false,"messageTitle":"Add RepoCommand in table","messageBody":"","fileTypesAndContributionMap":{"docs":{"insertions":2,"deletions":1}}},{"hash":"41613cccd127ea19fabb02f5eaf2028335efd53c","isMergeCommit":false,"messageTitle":"Update user guide","messageBody":"","fileTypesAndContributionMap":{"docs":{"insertions":5,"deletions":24}}},{"hash":"ad64605ad813c0b823f075404311bd1a4df74590","isMergeCommit":false,"messageTitle":"Update parameters for RepoCommand in user guide","messageBody":"","fileTypesAndContributionMap":{"docs":{"insertions":30,"deletions":11}}},{"hash":"24e386eb1bf3a8ee93dac1d758828f023f915327","isMergeCommit":true,"messageTitle":"Merge pull request #341 from elizazaa/Branch-RepoUG","messageBody":"Update User Guide","fileTypesAndContributionMap":{}}]}],"crmlatte":[{"date":"2025-04-06","commitResults":[{"hash":"e18ccb6eeceaf78680ee143fb42d00e2932e9d80","isMergeCommit":false,"messageTitle":"Set phone number limit","messageBody":"","fileTypesAndContributionMap":{"functional-code":{"insertions":2,"deletions":2}}},{"hash":"c2403c61ffa8f284c8a5573ea3b02ed95b85fc49","isMergeCommit":false,"messageTitle":"Update email domain","messageBody":"","fileTypesAndContributionMap":{"functional-code":{"insertions":1,"deletions":1}}},{"hash":"87f510f293ef754e7054d4314fd783b3e0fc2fd2","isMergeCommit":false,"messageTitle":"Edit email regex","messageBody":"","fileTypesAndContributionMap":{"functional-code":{"insertions":1,"deletions":1}}},{"hash":"3a7fc7d3287f2292d55a27a98ac9fc801b4c49ca","isMergeCommit":true,"messageTitle":"Merge pull request #342 from crmlatte/edit-phone-limit","messageBody":"Edit phone number limit","fileTypesAndContributionMap":{}}]}],"Casielim":[],"Nano-233":[]},"authorFileTypeContributionMap":{"Kkenjji":{"docs":0,"functional-code":0,"test-code":0},"elizazaa":{"docs":184,"functional-code":5,"test-code":0},"crmlatte":{"docs":0,"functional-code":4,"test-code":0},"Casielim":{"docs":0,"functional-code":0,"test-code":0},"Nano-233":{"docs":0,"functional-code":0,"test-code":0}},"authorContributionVariance":{"Kkenjji":0.0,"elizazaa":19600.0,"crmlatte":16.0,"Casielim":0.0,"Nano-233":0.0},"authorDisplayNameMap":{"Kkenjji":"CS2103T-W12-4 KENJ..EONG","elizazaa":"CS2103T-W12-4 CAJE..LANO","crmlatte":"CS2103T-W12-4 SULA..HNAN","Casielim":"CS2103T-W12-4 CASI.. LIM","Nano-233":"CS2103T-W12-4 WANG..BOUR"}}
