{"authorDailyContributionsMap":{"Kkenjji":[{"date":"2025-04-06","commitResults":[{"hash":"ab696b100d7b377f2403f89b22e2a7e73e24ecd7","isMergeCommit":false,"messageTitle":"Add class command sequence diagram","messageBody":"","fileTypesAndContributionMap":{"docs":{"insertions":99,"deletions":0}}},{"hash":"a489663beb6ea377135ea3acd78aef081b14d603","isMergeCommit":true,"messageTitle":"Merge pull request #344 from Kkenjji/update-uml-diagrams","messageBody":"Add class command sequence diagram","fileTypesAndContributionMap":{}}]}],"elizazaa":[{"date":"2025-04-06","commitResults":[{"hash":"81c4f6f53e55eaf93b304b2e5f66f81e19b73bef","isMergeCommit":true,"messageTitle":"Merge pull request #274 from elizazaa/Branch-ImproveCodeQuality","messageBody":"Improve code quality","fileTypesAndContributionMap":{}},{"hash":"95b9d5b67eec97f1302333ce960d792e242b214b","isMergeCommit":false,"messageTitle":"Update user guide","messageBody":"","fileTypesAndContributionMap":{"docs":{"insertions":182,"deletions":10}}},{"hash":"36a31a95d383c19a0234eb51fb53ef94cba51bed","isMergeCommit":false,"messageTitle":"Update Repository messages","messageBody":"","fileTypesAndContributionMap":{"functional-code":{"insertions":5,"deletions":4}}},{"hash":"e2e88fa55ec712ad96edd859191e074217d02011","isMergeCommit":false,"messageTitle":"Edit domain part of example emails given","messageBody":"","fileTypesAndContributionMap":{"docs":{"insertions":3,"deletions":3}}},{"hash":"621cbbc7f2e5d866b2388d3f0ca8ef7a6f48d89c","isMergeCommit":false,"messageTitle":"Add RepoCommand in table","messageBody":"","fileTypesAndContributionMap":{"docs":{"insertions":2,"deletions":1}}},{"hash":"41613cccd127ea19fabb02f5eaf2028335efd53c","isMergeCommit":false,"messageTitle":"Update user guide","messageBody":"","fileTypesAndContributionMap":{"docs":{"insertions":5,"deletions":24}}},{"hash":"ad64605ad813c0b823f075404311bd1a4df74590","isMergeCommit":false,"messageTitle":"Update parameters for RepoCommand in user guide","messageBody":"","fileTypesAndContributionMap":{"docs":{"insertions":30,"deletions":11}}},{"hash":"24e386eb1bf3a8ee93dac1d758828f023f915327","isMergeCommit":true,"messageTitle":"Merge pull request #341 from elizazaa/Branch-RepoUG","messageBody":"Update User Guide","fileTypesAndContributionMap":{}}]},{"date":"2025-04-07","commitResults":[{"hash":"7fb376354bda181cc3e157b2294534bab87b3f8a","isMergeCommit":false,"messageTitle":"Update BetterModelClassDiagram.puml","messageBody":"","fileTypesAndContributionMap":{"docs":{"insertions":23,"deletions":11}}},{"hash":"640f2d8f2b066eec44dc8b8008344ab4e98437c0","isMergeCommit":false,"messageTitle":"Update BetterModelClassDiagram","messageBody":"","fileTypesAndContributionMap":{"docs":{"insertions":18,"deletions":23}}},{"hash":"8ed1564b0efe3f8c8f7d304313ca02a3ee154343","isMergeCommit":false,"messageTitle":"Update Developer Guide","messageBody":"","fileTypesAndContributionMap":{"docs":{"insertions":57,"deletions":29}}},{"hash":"a396b60d4e350557cab2856f4330ac9a0aa0758a","isMergeCommit":false,"messageTitle":"Fix trailing whitespace","messageBody":"","fileTypesAndContributionMap":{"docs":{"insertions":9,"deletions":10}}},{"hash":"3c8eee1c40dc3dd57c23977d1581f932815448c8","isMergeCommit":false,"messageTitle":"Fix newline errors","messageBody":"","fileTypesAndContributionMap":{"docs":{"insertions":4,"deletions":5}}},{"hash":"594f5e4eebdde6305a8367e10080ccf73e5bfebb","isMergeCommit":false,"messageTitle":"Fix newline errors","messageBody":"","fileTypesAndContributionMap":{"docs":{"insertions":4,"deletions":4}}},{"hash":"9e090cd15341a06ed31b4d4eb2372c5c293e139c","isMergeCommit":false,"messageTitle":"Change AddCommandMessage","messageBody":"","fileTypesAndContributionMap":{"functional-code":{"insertions":1,"deletions":1}}},{"hash":"6960318ed4966312642cc702f3e65fa94ea9257c","isMergeCommit":false,"messageTitle":"Remove other attributes from Person","messageBody":"","fileTypesAndContributionMap":{"docs":{"insertions":0,"deletions":11}}},{"hash":"e1b2d0d8fd5bcdb00bd3a544b647ebc3aa940456","isMergeCommit":false,"messageTitle":"Add acknowledgements","messageBody":"","fileTypesAndContributionMap":{"docs":{"insertions":6,"deletions":1}}},{"hash":"e35faf679ce1aa16c6526f6379a4426473e83913","isMergeCommit":false,"messageTitle":"Delete BetterModelClassDiagram","messageBody":"","fileTypesAndContributionMap":{"docs":{"insertions":0,"deletions":1}}},{"hash":"ad974169fcb1670928d609871bc1076f3c5d57af","isMergeCommit":false,"messageTitle":"Update DG","messageBody":"","fileTypesAndContributionMap":{"docs":{"insertions":7,"deletions":6}}},{"hash":"2db6d84edfc4ed0bc7d4e0142d1f2ae3b0dfb694","isMergeCommit":true,"messageTitle":"Merge pull request #354 from elizazaa/Branch-FixAddCommandMessage","messageBody":"Change AddCommandMessage","fileTypesAndContributionMap":{}}]},{"date":"2025-04-08","commitResults":[{"hash":"a00d5319ac42265aeb4e6e983ce70e37d9b291b9","isMergeCommit":false,"messageTitle":"Add filter in table","messageBody":"","fileTypesAndContributionMap":{"docs":{"insertions":1,"deletions":0}}},{"hash":"d15dac6bb6b09c27f5a9c83638a631e25e6e83cd","isMergeCommit":false,"messageTitle":"Remove \u0027course\u0027","messageBody":"","fileTypesAndContributionMap":{"docs":{"insertions":1,"deletions":1}}},{"hash":"5794b1470707b1313817d4fc5e334992d9bb3e70","isMergeCommit":false,"messageTitle":"Edit DeveloperGuide","messageBody":"","fileTypesAndContributionMap":{"docs":{"insertions":1,"deletions":1}}},{"hash":"791e776b70c7e89da031129ff1411a49d173d2db","isMergeCommit":false,"messageTitle":"Fix typo error","messageBody":"","fileTypesAndContributionMap":{"docs":{"insertions":1,"deletions":1}}},{"hash":"7290c8e842f3139fffbb96850594ff429bfc8f10","isMergeCommit":true,"messageTitle":"Merge branch \u0027master\u0027 into Branch-UpdateDG1.6","messageBody":"* master:\n  Correct index number\n  Add use cases of list command\n  Change AddCommandMessage\n  Update the user guide for list command\n  Add square bracket\n  Add file name\n  Update list command user guide\n  Update user guide for the list command\n\n# Conflicts:\n#\tdocs/DeveloperGuide.md\n","fileTypesAndContributionMap":{}},{"hash":"b69bf32fd8d349889fff24094945ff507af1a3e5","isMergeCommit":true,"messageTitle":"Merge pull request #351 from elizazaa/Branch-UpdateDG1.6","messageBody":"Update Developer Guide","fileTypesAndContributionMap":{}},{"hash":"894d02887bdc0cc462130bb143bee39d3398bbd3","isMergeCommit":false,"messageTitle":"Update Name Regex","messageBody":"","fileTypesAndContributionMap":{"functional-code":{"insertions":10,"deletions":3}}},{"hash":"7bc552d072c539e2fa38313fae9da4c9af61f704","isMergeCommit":false,"messageTitle":"Update test cases","messageBody":"","fileTypesAndContributionMap":{"test-code":{"insertions":12,"deletions":37}}},{"hash":"c063b384d3b14c1614cf25081d1de22c69358f0c","isMergeCommit":false,"messageTitle":"Update user guide","messageBody":"","fileTypesAndContributionMap":{"docs":{"insertions":2,"deletions":2}}},{"hash":"fe40702b2a343a5d0064f6fac638413a57d2d738","isMergeCommit":true,"messageTitle":"Merge branch \u0027master\u0027 into Branch-MakeNameStrictlyNumerical","messageBody":"* master:\n  Edit prefix parameters\n  Make changes\n  Make changes to UG\n  Remove optional fields\n  Update delete confirmation\n  Update input command format\n  Update phone restriction\n\n# Conflicts:\n#\tdocs/UserGuide.md\n","fileTypesAndContributionMap":{}},{"hash":"1ad3cab562bb2539c145d6357ab93981bebfd5ef","isMergeCommit":false,"messageTitle":"Add more testcases","messageBody":"","fileTypesAndContributionMap":{"test-code":{"insertions":2,"deletions":1}}},{"hash":"7d506405b66a6548c024f796ffe11111bacc59b6","isMergeCommit":true,"messageTitle":"Merge pull request #361 from elizazaa/Branch-MakeNameStrictlyNumerical","messageBody":"Branch make name strictly numerical","fileTypesAndContributionMap":{}}]}],"crmlatte":[{"date":"2025-04-06","commitResults":[{"hash":"e18ccb6eeceaf78680ee143fb42d00e2932e9d80","isMergeCommit":false,"messageTitle":"Set phone number limit","messageBody":"","fileTypesAndContributionMap":{"functional-code":{"insertions":2,"deletions":2}}},{"hash":"c2403c61ffa8f284c8a5573ea3b02ed95b85fc49","isMergeCommit":false,"messageTitle":"Update email domain","messageBody":"","fileTypesAndContributionMap":{"functional-code":{"insertions":1,"deletions":1}}},{"hash":"87f510f293ef754e7054d4314fd783b3e0fc2fd2","isMergeCommit":false,"messageTitle":"Edit email regex","messageBody":"","fileTypesAndContributionMap":{"functional-code":{"insertions":1,"deletions":1}}},{"hash":"3a7fc7d3287f2292d55a27a98ac9fc801b4c49ca","isMergeCommit":true,"messageTitle":"Merge pull request #342 from crmlatte/edit-phone-limit","messageBody":"Edit phone number limit","fileTypesAndContributionMap":{}}]},{"date":"2025-04-07","commitResults":[{"hash":"88191d097ba7ed21774ab947a3049c40eb019cb1","isMergeCommit":false,"messageTitle":"Update phone restriction","messageBody":"","fileTypesAndContributionMap":{"docs":{"insertions":2,"deletions":2}}},{"hash":"d56717945f24142af2eaa5b14d279522ae32d2d7","isMergeCommit":false,"messageTitle":"Update input command format","messageBody":"","fileTypesAndContributionMap":{"docs":{"insertions":1,"deletions":1}}},{"hash":"5fb4e8a07c960d1353f3e2d9fc3c0bf62d06734a","isMergeCommit":false,"messageTitle":"Update delete confirmation","messageBody":"","fileTypesAndContributionMap":{"docs":{"insertions":6,"deletions":0}}},{"hash":"444205286d79d145a86f9ff1c21be915290c1b95","isMergeCommit":false,"messageTitle":"Remove optional fields","messageBody":"","fileTypesAndContributionMap":{"docs":{"insertions":1,"deletions":0}}},{"hash":"d571a1cd591177848f87c66491a2195c5b6581e3","isMergeCommit":false,"messageTitle":"Make changes to UG","messageBody":"","fileTypesAndContributionMap":{"docs":{"insertions":25,"deletions":20}}},{"hash":"8737da5477b2cc167400312b6dd4abc00eb40971","isMergeCommit":false,"messageTitle":"Make changes","messageBody":"","fileTypesAndContributionMap":{"docs":{"insertions":3,"deletions":3}}}]},{"date":"2025-04-08","commitResults":[{"hash":"13db5050d1874797fec77fa2619372b21e353141","isMergeCommit":false,"messageTitle":"Edit prefix parameters","messageBody":"","fileTypesAndContributionMap":{"docs":{"insertions":1,"deletions":1}}},{"hash":"8082d8c9167307edac6745f4f7a3ad631d728f28","isMergeCommit":true,"messageTitle":"Resolve merge conflicts","messageBody":"","fileTypesAndContributionMap":{}},{"hash":"31df2eae9d02d9ac02f7127bed0abc5970f0c5df","isMergeCommit":true,"messageTitle":"Merge pull request #353 from crmlatte/enhance-ug","messageBody":"Update UG to fix bugs","fileTypesAndContributionMap":{}},{"hash":"d8a33216f04f2d2cc320ab40fc492482a2f7c9ea","isMergeCommit":false,"messageTitle":"Change error message","messageBody":"","fileTypesAndContributionMap":{"functional-code":{"insertions":4,"deletions":3}}},{"hash":"64baea75a8197f5c4a36d86de77fb4b4faa72c21","isMergeCommit":false,"messageTitle":"Standardize capitalisation","messageBody":"","fileTypesAndContributionMap":{"functional-code":{"insertions":5,"deletions":5}}},{"hash":"e883cebfba246317c78a481ecf12a1377d9de166","isMergeCommit":true,"messageTitle":"Merge pull request #360 from crmlatte/update-error-msg","messageBody":"Change error message for GitHub ","fileTypesAndContributionMap":{}}]}],"Casielim":[{"date":"2025-04-06","commitResults":[{"hash":"1ab3a20b2792d397131a2273d587e3824bff4d05","isMergeCommit":false,"messageTitle":"Update user guide for the list command","messageBody":"","fileTypesAndContributionMap":{"docs":{"insertions":17,"deletions":11}}},{"hash":"0ca4ff673234401836abf5f0590eda297f8b0f6b","isMergeCommit":false,"messageTitle":"Tighten list command input validation","messageBody":"","fileTypesAndContributionMap":{"functional-code":{"insertions":15,"deletions":4},"test-code":{"insertions":45,"deletions":6}}},{"hash":"27edf7b1af075553f55c6292c8e4b648c9b94498","isMergeCommit":false,"messageTitle":"Add \u0027static\u0027","messageBody":"","fileTypesAndContributionMap":{"functional-code":{"insertions":1,"deletions":1}}},{"hash":"7c342852443998b7a11fc46fb15d3fa861bc9e00","isMergeCommit":false,"messageTitle":"Update list command user guide","messageBody":"","fileTypesAndContributionMap":{"docs":{"insertions":2,"deletions":3}}},{"hash":"5858e2cdee4ce9523e01cc6caf79486a5617e218","isMergeCommit":false,"messageTitle":"Delete sortType parameter","messageBody":"","fileTypesAndContributionMap":{"functional-code":{"insertions":1,"deletions":1}}},{"hash":"ea3e5b5e7606dfdde313113ac88c9db3d509d352","isMergeCommit":false,"messageTitle":"Delete \u0027sortType\u0027","messageBody":"","fileTypesAndContributionMap":{"functional-code":{"insertions":1,"deletions":1}}},{"hash":"315e807e74bff2b868173547bb6615d90462bed6","isMergeCommit":false,"messageTitle":"Add file name","messageBody":"","fileTypesAndContributionMap":{"docs":{"insertions":2,"deletions":4}}},{"hash":"a01fd128a107983b2d6be2993c8a95e4ec28f434","isMergeCommit":true,"messageTitle":"Merge pull request #346 from Casielim/branch-Update-List-Command-2","messageBody":"Tighten list command input validation","fileTypesAndContributionMap":{}}]},{"date":"2025-04-07","commitResults":[{"hash":"839e407ffa44246379e776055200f6a439625048","isMergeCommit":false,"messageTitle":"Add square bracket","messageBody":"","fileTypesAndContributionMap":{"functional-code":{"insertions":1,"deletions":1}}},{"hash":"fa91cf72989e9b4647da0f53a1b3aab711f5472d","isMergeCommit":false,"messageTitle":"Update the user guide for list command","messageBody":"","fileTypesAndContributionMap":{"docs":{"insertions":1,"deletions":0}}},{"hash":"c4b515ebb2dd10ec4103b2e16f29addcb2fff51a","isMergeCommit":true,"messageTitle":"Merge pull request #348 from Casielim/branch-Update-UserGuide-ListCommand","messageBody":"Update list command user guide","fileTypesAndContributionMap":{}},{"hash":"9e1623bfdda914feccc36acfe49f13b144a233e9","isMergeCommit":true,"messageTitle":"Merge pull request #350 from Casielim/branch-Add-Square-Bracket-to-Progress","messageBody":"Add square bracket","fileTypesAndContributionMap":{}},{"hash":"d8a26722349105d0ce4bf6f836ec1f9436eb505d","isMergeCommit":false,"messageTitle":"Add use cases of list command","messageBody":"","fileTypesAndContributionMap":{"functional-code":{"insertions":2,"deletions":2},"docs":{"insertions":72,"deletions":0}}}]},{"date":"2025-04-08","commitResults":[{"hash":"9a483da61419161cf3cb1f64eef82676fb3a4821","isMergeCommit":false,"messageTitle":"Correct index number","messageBody":"","fileTypesAndContributionMap":{"docs":{"insertions":1,"deletions":1}}},{"hash":"3ed762c2c70d4470fb446854031e09cb44a7d3e0","isMergeCommit":true,"messageTitle":"Merge pull request #355 from Casielim/branch-Update-Use-Cases-of-List-Command-DG","messageBody":"Update DG - Add use cases for the list command","fileTypesAndContributionMap":{}}]}],"Nano-233":[{"date":"2025-04-06","commitResults":[{"hash":"49823677b5b0f3cd3d98f78763ad488696ba984b","isMergeCommit":false,"messageTitle":"Fix duplication check logic of Github","messageBody":"","fileTypesAndContributionMap":{"functional-code":{"insertions":4,"deletions":2},"test-code":{"insertions":38,"deletions":0}}},{"hash":"21aafbcb3e9fc6e02495fd565350e916eb275c3d","isMergeCommit":false,"messageTitle":"Corrected tests, update logic","messageBody":"","fileTypesAndContributionMap":{"functional-code":{"insertions":4,"deletions":3},"test-code":{"insertions":19,"deletions":7}}},{"hash":"0f17dbe30e935af160c711c9077c53893ac9a6f9","isMergeCommit":true,"messageTitle":"Merge pull request #345 from Nano-233/branch-FixDuplicateGithub-Harbour","messageBody":"Fix duplication check logic of Github","fileTypesAndContributionMap":{}}]},{"date":"2025-04-07","commitResults":[{"hash":"ef5dd345b85e2d9fca85fae4da9589fcf9b78bbb","isMergeCommit":false,"messageTitle":"Add invalid path check for windows in import and export","messageBody":"","fileTypesAndContributionMap":{"functional-code":{"insertions":13,"deletions":8},"test-code":{"insertions":62,"deletions":0}}}]},{"date":"2025-04-08","commitResults":[{"hash":"c175f3745ef27cb0953511b1223586ddb5986928","isMergeCommit":false,"messageTitle":"Add test coverage","messageBody":"","fileTypesAndContributionMap":{"test-code":{"insertions":6,"deletions":0}}},{"hash":"2bcfe68f221e693c06e6eb22fac315bdf31cfce0","isMergeCommit":true,"messageTitle":"Merge pull request #357 from Nano-233/branch-Fix-Importing-Harbour","messageBody":"Add invalid path check for windows in import and export","fileTypesAndContributionMap":{}}]}]},"authorFileTypeContributionMap":{"Kkenjji":{"docs":99,"functional-code":0,"test-code":0},"elizazaa":{"docs":248,"functional-code":16,"test-code":14},"crmlatte":{"docs":38,"functional-code":11,"test-code":0},"Casielim":{"docs":82,"functional-code":15,"test-code":45},"Nano-233":{"docs":0,"functional-code":13,"test-code":118}},"authorContributionVariance":{"Kkenjji":1837.6875,"elizazaa":12848.6875,"crmlatte":612.6875,"Casielim":2466.5,"Nano-233":1491.25},"authorDisplayNameMap":{"Kkenjji":"CS2103T-W12-4 KENJ..EONG","elizazaa":"CS2103T-W12-4 CAJE..LANO","crmlatte":"CS2103T-W12-4 SULA..HNAN","Casielim":"CS2103T-W12-4 CASI.. LIM","Nano-233":"CS2103T-W12-4 WANG..BOUR"}}
