{"authorDailyContributionsMap":{"Kannan171":[{"date":"2025-04-05","commitResults":[{"hash":"a68528a79bac4cd9c841ecdd2b5fbd7c0fbb42f7","isMergeCommit":false,"messageTitle":"Fix Help dialog to show correct commands","messageBody":"","fileTypesAndContributionMap":{"functional-code":{"insertions":3,"deletions":3}}},{"hash":"c0908d06d17e9bbaa8ddd5cd10d51052736e48ea","isMergeCommit":false,"messageTitle":"Make command prefix case-insensitive","messageBody":"","fileTypesAndContributionMap":{"functional-code":{"insertions":2,"deletions":2}}},{"hash":"2292a20ac68299124a75e79530a658cce1d6f98d","isMergeCommit":false,"messageTitle":"Make command prefix case-insensitive","messageBody":"","fileTypesAndContributionMap":{"functional-code":{"insertions":1,"deletions":1}}},{"hash":"7978b9ab2ee2a7180dcba3259b51d6cb24da85a9","isMergeCommit":false,"messageTitle":"Fix DeleteModuleCommandParser validation","messageBody":"","fileTypesAndContributionMap":{"functional-code":{"insertions":4,"deletions":0}}}]},{"date":"2025-04-06","commitResults":[{"hash":"5bb99b8d10b8503192360bbd7d1bb985cc76424f","isMergeCommit":true,"messageTitle":"Help dialog showing incorrect command #273 (#274)","messageBody":"","fileTypesAndContributionMap":{}},{"hash":"208236e782dcd856c9151a7aeab8f235c2661f9b","isMergeCommit":true,"messageTitle":"Merge branch \u0027master\u0027 into make-command-prefix-case-insensitive","messageBody":"","fileTypesAndContributionMap":{}},{"hash":"424fc5ce3c01dd1f0f536fb32116cddfb5955b5b","isMergeCommit":true,"messageTitle":"Make command prefix case-insensitive (#275)","messageBody":"","fileTypesAndContributionMap":{}},{"hash":"434ecaa8130a1a368e73a6de18e145f2f7a20c99","isMergeCommit":true,"messageTitle":"Merge branch \u0027master\u0027 into validation-module-delete","messageBody":"","fileTypesAndContributionMap":{}},{"hash":"b8b441cc4ed940eac3d387dd18501cb467e40453","isMergeCommit":true,"messageTitle":"Fix DeleteModuleCommandParser validation (#277)","messageBody":"","fileTypesAndContributionMap":{}}]},{"date":"2025-04-08","commitResults":[{"hash":"34b558da57485aee67038ba16450743159f8749e","isMergeCommit":false,"messageTitle":"Update app version","messageBody":"","fileTypesAndContributionMap":{"functional-code":{"insertions":1,"deletions":1}}},{"hash":"8d6d710d5e465051f4b411f906061d5822a056cd","isMergeCommit":true,"messageTitle":"Fix use case extensions and UML diagram errors in DG","messageBody":"","tags":["v1.6"],"fileTypesAndContributionMap":{}}]}],"xplus2g4":[{"date":"2025-04-05","commitResults":[{"hash":"904b5f688ccc0ba59dd7998347a78dc4b4d73cf3","isMergeCommit":false,"messageTitle":"Fix module constraint violation on person add","messageBody":"","fileTypesAndContributionMap":{"functional-code":{"insertions":15,"deletions":1}}},{"hash":"abe038f6c9717ceb1d4c57b9fee234401e1f2dff","isMergeCommit":true,"messageTitle":"Fix module constraint violation on person add #267","messageBody":"Fix #221\nFix #246\nFix duplicate module","fileTypesAndContributionMap":{}},{"hash":"2df2d86f40328db2131ab1ce0a7a5f63fc849158","isMergeCommit":false,"messageTitle":"Add delete tags in edit person","messageBody":"","fileTypesAndContributionMap":{"functional-code":{"insertions":1,"deletions":0}}},{"hash":"cd7d135b077edf361ebef10aca8f93b5e888b4d7","isMergeCommit":false,"messageTitle":"Add proof of correctness","messageBody":"","fileTypesAndContributionMap":{"functional-code":{"insertions":19,"deletions":1}}},{"hash":"3729ac04b281f468894dd51e124131e2e1a27a5b","isMergeCommit":true,"messageTitle":"[PE-D][Tester A] Edit cannot clear tags #226 (#270)","messageBody":"Add delete all tags","fileTypesAndContributionMap":{}}]},{"date":"2025-04-06","commitResults":[{"hash":"b112fa18cac1096db3d571bf0f8039b1c2a5dff6","isMergeCommit":false,"messageTitle":"Add json adapted module testcases","messageBody":"","fileTypesAndContributionMap":{"test-code":{"insertions":88,"deletions":0}}},{"hash":"849039d84781d7e1f2b638900c50e75cf6fd85f5","isMergeCommit":true,"messageTitle":"Add json adapted module testcases #271","messageBody":"Add json adapted module testcases","fileTypesAndContributionMap":{}}]},{"date":"2025-04-08","commitResults":[{"hash":"289414ee9643d2db6641a85ea88231a445ba6490","isMergeCommit":false,"messageTitle":"Fix json adapted module throws datetime error","messageBody":"","fileTypesAndContributionMap":{"functional-code":{"insertions":12,"deletions":3},"test-code":{"insertions":24,"deletions":0}}},{"hash":"97fc8c7fe284e241ef1acbe364794d366a67589a","isMergeCommit":false,"messageTitle":"Fix json allowing invalid meeting time","messageBody":"","fileTypesAndContributionMap":{"functional-code":{"insertions":3,"deletions":0},"test-code":{"insertions":12,"deletions":0}}},{"hash":"d12bede744cee1b3121e9a22f0607cb7b658ea8a","isMergeCommit":false,"messageTitle":"Add more storage tests","messageBody":"","fileTypesAndContributionMap":{"test-code":{"insertions":5,"deletions":4}}},{"hash":"2b4ce35cd8208c7a0fc18bc67d393c0ba5ae650c","isMergeCommit":true,"messageTitle":"Fix json module datetime parsing error #272","messageBody":"Fix json module datetime parsing error","fileTypesAndContributionMap":{}},{"hash":"ddf47be84f9a9e1691ca88ebdade862d0128778d","isMergeCommit":false,"messageTitle":"Fix tooltip bug","messageBody":"","fileTypesAndContributionMap":{"functional-code":{"insertions":49,"deletions":26}}},{"hash":"b53ea61a6d14d4ef5dcee88901730fe330e036d1","isMergeCommit":true,"messageTitle":"Fix tooltip bug #206","messageBody":"Fix tooltip bug","fileTypesAndContributionMap":{}}]}],"kerktaiheng":[{"date":"2025-04-05","commitResults":[{"hash":"1880d2295b38b92dafd32217756af55b4c2e1d4a","isMergeCommit":false,"messageTitle":"Fix UI related bugs","messageBody":"","fileTypesAndContributionMap":{"functional-code":{"insertions":12,"deletions":4}}},{"hash":"7e49d3976b17422499401adeb0b51d9a07ab3bcd","isMergeCommit":true,"messageTitle":"Merge branch \u0027master\u0027 of https://github.com/AY2425S2-CS2103T-F10-1/tp into ped-fixes","messageBody":"","fileTypesAndContributionMap":{}},{"hash":"a597d3da296c05a728639dcbc028024dc385032c","isMergeCommit":true,"messageTitle":"Fix UI related bugs","messageBody":"Fixes #212, #225, #265","fileTypesAndContributionMap":{}}]},{"date":"2025-04-07","commitResults":[{"hash":"c8fac2289308cf77b015184188ae28ae1cde5aee","isMergeCommit":false,"messageTitle":"Make help window great again","messageBody":"","fileTypesAndContributionMap":{"functional-code":{"insertions":61,"deletions":60}}},{"hash":"29c1514cf20908f120506d9832f1b7db7f7bec12","isMergeCommit":false,"messageTitle":"Fix FXML file","messageBody":"","fileTypesAndContributionMap":{"functional-code":{"insertions":2,"deletions":2}}}]},{"date":"2025-04-08","commitResults":[{"hash":"a5c994b0141898746317a4e0328b5de7fe790d8b","isMergeCommit":false,"messageTitle":"Add click to close","messageBody":"","fileTypesAndContributionMap":{"functional-code":{"insertions":19,"deletions":4}}},{"hash":"8266d23df3439f6c14fd22cd37c58289ae99347e","isMergeCommit":true,"messageTitle":"Size help window dynamically","messageBody":"Prevents truncation of long example command","fileTypesAndContributionMap":{}}]}],"leewaikin19":[{"date":"2025-04-05","commitResults":[{"hash":"54d855d20492746370d4422d3718b7264e1f3ef7","isMergeCommit":false,"messageTitle":"Fix PE-D bugs","messageBody":"","fileTypesAndContributionMap":{"docs":{"insertions":11,"deletions":5}}},{"hash":"09e2e04372470f590ef02e70c01d52514b598931","isMergeCommit":true,"messageTitle":"Merge branch \u0027master\u0027 into dev-guide-wk12","messageBody":"","fileTypesAndContributionMap":{}}]},{"date":"2025-04-06","commitResults":[{"hash":"61c1a65fd0e9a224d1a547986022ce57703a26f0","isMergeCommit":false,"messageTitle":"Fix pe-d bugs","messageBody":"","fileTypesAndContributionMap":{"functional-code":{"insertions":8,"deletions":9}}},{"hash":"3b6bb62068362d12314133877cafa1cb4266c023","isMergeCommit":false,"messageTitle":"Add UML diagrams","messageBody":"","fileTypesAndContributionMap":{"docs":{"insertions":572,"deletions":37}}},{"hash":"083b6fa04ff5a0cc612cd5c27f77da7c85414df0","isMergeCommit":false,"messageTitle":"Fix DG","messageBody":"","fileTypesAndContributionMap":{"docs":{"insertions":89,"deletions":88}}}]},{"date":"2025-04-08","commitResults":[{"hash":"c1c7936594a6321701620520304b08609b67d907","isMergeCommit":false,"messageTitle":"Fix help to be consistent with UG","messageBody":"","fileTypesAndContributionMap":{"functional-code":{"insertions":7,"deletions":7}}},{"hash":"696efd9b723cc67b4137b4d95638847ab9f278ef","isMergeCommit":true,"messageTitle":"Merge branch \u0027master\u0027 into help-dialog","messageBody":"","fileTypesAndContributionMap":{}},{"hash":"157d84f2cb7fbca1bbb511969b31c6eddedf2b46","isMergeCommit":false,"messageTitle":"Fix checkstyle","messageBody":"","fileTypesAndContributionMap":{"functional-code":{"insertions":2,"deletions":1}}},{"hash":"5669d0796ec0b52b187eca2b97c39f53e257ccb2","isMergeCommit":false,"messageTitle":"Fix checkstyle","messageBody":"","fileTypesAndContributionMap":{"functional-code":{"insertions":13,"deletions":13}}},{"hash":"e00ec43222ba1acc96b6138a5ea59cabfafd0f4f","isMergeCommit":true,"messageTitle":"Merge branch \u0027help-dialog\u0027 of https://github.com/leewaikin19/tp into help-dialog","messageBody":"","fileTypesAndContributionMap":{}},{"hash":"9728d04dca23872d93bbb0598bc8c40003b83261","isMergeCommit":true,"messageTitle":"Merge branch \u0027master\u0027 into help-dialog","messageBody":"","fileTypesAndContributionMap":{}},{"hash":"46f54a73772275fa1b53f0c3437c9615cf4edbd7","isMergeCommit":true,"messageTitle":"Fix help to be consistent with UG (#286)","messageBody":"Fix help dialog to be consistent with UG","fileTypesAndContributionMap":{}},{"hash":"3e121e3eca53eabd4f003d1e2aed286cadf3e128","isMergeCommit":false,"messageTitle":"Add comments","messageBody":"","fileTypesAndContributionMap":{"functional-code":{"insertions":38,"deletions":9}}},{"hash":"176396d452da719f5c65ded87cd2823f9a0dfc2a","isMergeCommit":false,"messageTitle":"Add comments","messageBody":"","fileTypesAndContributionMap":{"functional-code":{"insertions":0,"deletions":3}}},{"hash":"8d2195d314266626b636dbdcee97b8398b8eeac7","isMergeCommit":false,"messageTitle":"Fix checkstyle","messageBody":"","fileTypesAndContributionMap":{"functional-code":{"insertions":12,"deletions":13}}},{"hash":"13df12f633f792e1fbb2221f99d21e9e2d734444","isMergeCommit":true,"messageTitle":"Merge branch \u0027master\u0027 into add-javadoc","messageBody":"","fileTypesAndContributionMap":{}},{"hash":"c808e4bded8ce05b0389594a1fb660fdf74a8b30","isMergeCommit":true,"messageTitle":"Add javadoc (#288)","messageBody":"Add javadoc","fileTypesAndContributionMap":{}},{"hash":"41dae706bb4446ee73478911d581c86b0291b1a3","isMergeCommit":false,"messageTitle":"Revert \"Add javadoc\"","messageBody":"","fileTypesAndContributionMap":{"functional-code":{"insertions":6,"deletions":31}}},{"hash":"845a112ca6335844205c52a94f7602af4795ee8f","isMergeCommit":true,"messageTitle":"Revert \"Add javadoc\" (#290)","messageBody":"Revert \"Add javadoc\"","fileTypesAndContributionMap":{}}]}],"lilyium":[{"date":"2025-04-05","commitResults":[{"hash":"fffdf1d85963a682e1b7dea06a193a334ab41890","isMergeCommit":false,"messageTitle":"Add person export command to the UG","messageBody":"","fileTypesAndContributionMap":{"docs":{"insertions":94,"deletions":92}}},{"hash":"38eb0c3b66d66e4aca61908e7314a8084c21bc53","isMergeCommit":false,"messageTitle":"Update landing page and image","messageBody":"","fileTypesAndContributionMap":{"docs":{"insertions":6,"deletions":3}}},{"hash":"288336d274e76bfe029c518afe9b3e1d565fdf4b","isMergeCommit":false,"messageTitle":"Update Quick Start section of UG","messageBody":"","fileTypesAndContributionMap":{"docs":{"insertions":22,"deletions":7}}},{"hash":"0d4340e35b435a104100ce08b76b51773d4fb40b","isMergeCommit":false,"messageTitle":"Update Teammate Commands section of UG","messageBody":"","fileTypesAndContributionMap":{"docs":{"insertions":42,"deletions":29}}},{"hash":"1d6886cb4742befd8174e164f84a597c5a7106a4","isMergeCommit":false,"messageTitle":"Update Meeting Commands section of UG","messageBody":"","fileTypesAndContributionMap":{"docs":{"insertions":23,"deletions":26}}},{"hash":"91bc2e1ce39e9b7ee14d7a69ad56cdd73fc5ce87","isMergeCommit":false,"messageTitle":"Update General Commands, Saving Data, Command Summary sections of UG","messageBody":"","fileTypesAndContributionMap":{"docs":{"insertions":53,"deletions":29}}},{"hash":"b576156b76cc8e86661c179e083a1ceb0a92ba8c","isMergeCommit":false,"messageTitle":"Update Troubleshooting, FAQ and Glossary sections of UG","messageBody":"","fileTypesAndContributionMap":{"docs":{"insertions":28,"deletions":27}}}]},{"date":"2025-04-06","commitResults":[{"hash":"41283b6705b63d0fe2862d081d22ee2801853577","isMergeCommit":false,"messageTitle":"Add views TeamSync provides to the Features section of UG","messageBody":"","fileTypesAndContributionMap":{"docs":{"insertions":53,"deletions":7}}},{"hash":"cbe958c6c126379c2fae97e355b5ce49c7736bbd","isMergeCommit":false,"messageTitle":"Add screenshots and elaboration for certain commands in UG","messageBody":"","fileTypesAndContributionMap":{"docs":{"insertions":37,"deletions":32}}},{"hash":"46e1917068d7b948376372d9cd316f620f6b45ed","isMergeCommit":false,"messageTitle":"Update ToC and Features section of UG","messageBody":"","fileTypesAndContributionMap":{"docs":{"insertions":19,"deletions":18}}},{"hash":"1be2b31e8fce4774c2221a23300cd28bf9fca687","isMergeCommit":false,"messageTitle":"Update UG","messageBody":"Standardize formatting and update links in UG.\nAdd images of UI, input and output box to UG.\nUpdate landing page.\n","fileTypesAndContributionMap":{"docs":{"insertions":175,"deletions":152}}},{"hash":"939c7a2515ea35664ab83d901d080a87fa8ee39c","isMergeCommit":true,"messageTitle":"Merge branch \u0027master\u0027 into update-user-guide","messageBody":"","fileTypesAndContributionMap":{}},{"hash":"01a5e6331d80746208b5c9ee9708afc0aa038b15","isMergeCommit":true,"messageTitle":"Update and fix bugs related to UG (#276)","messageBody":"Update and fix bugs related to UG\n\nLet\u0027s fix the following bugs,\n* Update name of the .jar file to `teamsync.jar` (#208)\n* Update UI screenshot (#209)\n* Update example of `person add` to show modules being added (#211)\n* Move description about not allowing duplicate teammates / modules to\na note callout box instead (#215)\n* Update command group for module commands from `mod` to `module` (#216)\n* Update ToC links (#217)\n* Remove incorrect description that modules can be edited with `person\nedit` (#222) \n* Add warning that the teammate might shift positions in the teammate\nview when changing their name (#223)\n* Add section on manually editing data (#224)\n* Remove troubleshooting on administrator privileges. This is likely not\na common problem and it is not an issue with TeamSync in particular \n(#228)\n* Add note on TeamSync not allowing duplicate modules or meetings (#240)\n* We will not be adding an explanation regarding #244 (#244)\n* Add description of visual elements under Features section (#250)\n* Update example of `person add` to show multiple modules being added.\nUser can infer that multiple tags can be added in a similar manner.\n(#252)\n* Add explanation to why we allow adding of meetings in the past (#262)\n* Add description of how TeamSync defines duplicate persons in the\nGlossary (#263)\n* Add explanation as to why we only support editing modules through\n`module add` and `module delete` (#264)\n\nLet\u0027s also,\n* Update landing page (not part of UG)\n* Update Features section\n* Add descriptions and images of the visual elements in our UI\n* Update Quick Start to be more guided as our target users might not be\nvery tech-savvy\n* Update examples to be more representative\n* Add extended description and screenshots for certain commands\n* Update current FAQ to be more understandable and remove wrong\nresponses / unnecessary questions\n* Add other FAQ on why TeamSync functions in a specific way\n* Update glossary\n* Use color coding when appropriate\n* Use internal and external links when appropriate\n* Standardize formatting and language\n* Various other updates to improve reading experience","fileTypesAndContributionMap":{}},{"hash":"38fb99c7d5b07c1e22ffad8bb786ad55549b277f","isMergeCommit":true,"messageTitle":"Merge branch \u0027master\u0027 into update-developer-guide","messageBody":"","fileTypesAndContributionMap":{}}]},{"date":"2025-04-07","commitResults":[{"hash":"516c418e0c4b5e6eb4e82555b8b809f275ca1804","isMergeCommit":false,"messageTitle":"Update Requirements and Planned Enhancement sections of UG.","messageBody":"Also fixes various bugs and perform other small updates.\n","fileTypesAndContributionMap":{"docs":{"insertions":277,"deletions":175}}},{"hash":"f380a92fd93399fcee8824e19a659bfbaf46a9bb","isMergeCommit":true,"messageTitle":"Merge branch \u0027master\u0027 into dev-guide-wk12","messageBody":"","fileTypesAndContributionMap":{}},{"hash":"ebf8f615c4a8f42695d6496edd2677b03251879c","isMergeCommit":true,"messageTitle":"Fix PE-D bugs for Developer Guide (#269)","messageBody":"","fileTypesAndContributionMap":{}},{"hash":"883d545b4925b5a51df5275ec8566da790a72324","isMergeCommit":true,"messageTitle":"Merge branch \u0027master\u0027 into dg-uml","messageBody":"","fileTypesAndContributionMap":{}},{"hash":"7951896c8da3b530c285f9d526b93c9f80b93b83","isMergeCommit":true,"messageTitle":"Add UML Diagrams to Developer Guide (#280)","messageBody":"","fileTypesAndContributionMap":{}},{"hash":"e8d369b227758fc675a55a85ec9db9bffd4a5a71","isMergeCommit":true,"messageTitle":"Merge branch \u0027master\u0027 into update-developer-guide","messageBody":"# Conflicts:\n#\tdocs/DeveloperGuide.md\n","fileTypesAndContributionMap":{}},{"hash":"fdca836e4bc9c5404d629ce73db78af0a83ad64e","isMergeCommit":true,"messageTitle":"Update and fix bugs related to DG (#281)","messageBody":"","fileTypesAndContributionMap":{}},{"hash":"474e9544ddc56eaa3eeb2a99b2065de1b361b982","isMergeCommit":false,"messageTitle":"Update UG to prepare for v1.6 release","messageBody":"Let\u0027s,\n* fix the ToC\n* update the images\n* change email of person add example from u.nus.com to u.nus email\n* change addressbook.json to teamsync.json\n* standardize the command format and command summary\n\nLet\u0027s make the following functional code change,\n* update data file naming\n","fileTypesAndContributionMap":{"functional-code":{"insertions":1,"deletions":1},"docs":{"insertions":23,"deletions":20}}}]},{"date":"2025-04-08","commitResults":[{"hash":"c03c887241b07957222d8973c5daf83d972e9f1b","isMergeCommit":false,"messageTitle":"Update Architecture section of DG","messageBody":"Note Logic component\u0027s sequence diagram is removed as it is similar\nto the diagrams in the Implementation section\n","fileTypesAndContributionMap":{"docs":{"insertions":116,"deletions":79}}},{"hash":"abb5aa5abc821deb0086bd80b8002c85f4aeca50","isMergeCommit":false,"messageTitle":"Update Architecture section of DG","messageBody":"","fileTypesAndContributionMap":{"docs":{"insertions":50,"deletions":67}}},{"hash":"b646db631646d086725f01f31ea029eb96d56905","isMergeCommit":false,"messageTitle":"Update Requirements section of DG","messageBody":"","fileTypesAndContributionMap":{"docs":{"insertions":27,"deletions":4}}},{"hash":"f14e33fe7bfef0dda1297e26b326dded4208dac7","isMergeCommit":false,"messageTitle":"Update Manual Testing and Planned Enhancement sections of DG","messageBody":"","fileTypesAndContributionMap":{"docs":{"insertions":120,"deletions":70}}},{"hash":"3773a272474323c275866fcb44c6e948d52c0251","isMergeCommit":false,"messageTitle":"Add tests for parseDate and parseTime in ParserUtil","messageBody":"Abstract out ModelStub so all Command tests can use the same ModelStub\n","fileTypesAndContributionMap":{"test-code":{"insertions":245,"deletions":474}}},{"hash":"a9e287918a6d807b1af6af385732c9a1ae7dfb28","isMergeCommit":false,"messageTitle":"Update description of restriction of Name and Address in UG","messageBody":"","fileTypesAndContributionMap":{"docs":{"insertions":22,"deletions":18}}},{"hash":"1db26cf11a9bef9910234319b03f133ab79a0a24","isMergeCommit":false,"messageTitle":"Add lines to break different logical sections in UG","messageBody":"","fileTypesAndContributionMap":{"docs":{"insertions":29,"deletions":6}}},{"hash":"c93bc1ceac1066d73902fad8aa381d65855abe3d","isMergeCommit":false,"messageTitle":"Fix UI images","messageBody":"Fix mentions of u.nus.com\n","fileTypesAndContributionMap":{"docs":{"insertions":10,"deletions":10}}},{"hash":"f3fd7948378835670eee21e6555250b297059b54","isMergeCommit":true,"messageTitle":"Merge branch \u0027master\u0027 into update-test-cases","messageBody":"","fileTypesAndContributionMap":{}},{"hash":"fa88d81cd20a341b08ca01fba4d3bcf73a684a1f","isMergeCommit":true,"messageTitle":"Add tests for parseDate and parseTime in ParserUtil (#284)","messageBody":"","fileTypesAndContributionMap":{}},{"hash":"bf3374503f575a09b553194e60c5a808b832d962","isMergeCommit":true,"messageTitle":"Merge branch \u0027master\u0027 into release-user-guide-v1.6","messageBody":"","fileTypesAndContributionMap":{}},{"hash":"e0bfe4d775d38f36114e86f3ba8de9d494a7aa70","isMergeCommit":true,"messageTitle":"Update UG for v1.6 release (#282)","messageBody":"","fileTypesAndContributionMap":{}},{"hash":"814ac3fae0962e8a276a7cf3389d928107b2b351","isMergeCommit":false,"messageTitle":"Update list of Planned Enhancements in DG","messageBody":"","fileTypesAndContributionMap":{"docs":{"insertions":14,"deletions":2}}},{"hash":"18ee5c9175fdb0c1970d12f39eb31ecda4e63bd4","isMergeCommit":true,"messageTitle":"Merge branch \u0027master\u0027 into release-developer-guide-v1.6","messageBody":"","fileTypesAndContributionMap":{}},{"hash":"46d9cfb0816287df414a8d4ac3d16a69f4e59f5e","isMergeCommit":false,"messageTitle":"Update DG to use lines as logical separators","messageBody":"","fileTypesAndContributionMap":{"docs":{"insertions":4,"deletions":0}}},{"hash":"3b0fd1a9d50d2377488e86391ecb445182344441","isMergeCommit":false,"messageTitle":"Fix typo","messageBody":"","fileTypesAndContributionMap":{"docs":{"insertions":1,"deletions":1}}},{"hash":"4c8e174c4140e482902ef4fa57839153c6364254","isMergeCommit":true,"messageTitle":"Merge branch \u0027master\u0027 into release-developer-guide-v1.6","messageBody":"","fileTypesAndContributionMap":{}},{"hash":"bb5b045627b04b12186669c4556206096ee16ebe","isMergeCommit":true,"messageTitle":"Update DG for v1.6 release (#285)","messageBody":"","fileTypesAndContributionMap":{}},{"hash":"4ba345a7536c2b3010406b11c98fc827e6a7e37d","isMergeCommit":true,"messageTitle":"Update app version for v1.6 release (#289)","messageBody":"","fileTypesAndContributionMap":{}},{"hash":"95cd842e41c0dbc606119ee324656932d31947d2","isMergeCommit":true,"messageTitle":"Merge branch \u0027master\u0027 into release-developer-guide-v1.6","messageBody":"","fileTypesAndContributionMap":{}},{"hash":"a6b22de01bf8f8c65a6f7af74aae192b5d6e2838","isMergeCommit":false,"messageTitle":"Fix use case extensions and UML diagram errors in DG","messageBody":"","fileTypesAndContributionMap":{"docs":{"insertions":18,"deletions":20}}},{"hash":"3ba0af23c85e525d5778e5853344608d972fd79a","isMergeCommit":true,"messageTitle":"Merge branch \u0027master\u0027 into release-developer-guide-v1.6","messageBody":"","fileTypesAndContributionMap":{}}]}]},"authorFileTypeContributionMap":{"Kannan171":{"docs":0,"functional-code":8,"test-code":0},"xplus2g4":{"docs":0,"functional-code":47,"test-code":128},"kerktaiheng":{"docs":0,"functional-code":45,"test-code":0},"leewaikin19":{"docs":522,"functional-code":23,"test-code":0},"lilyium":{"docs":914,"functional-code":1,"test-code":245,"other":5}},"authorContributionVariance":{"Kannan171":44.75,"xplus2g4":2716.1875,"kerktaiheng":2421.5,"leewaikin19":107980.25,"lilyium":157586.75},"authorDisplayNameMap":{"Kannan171":"CS2103T-F10-1 KANN..ALAI","xplus2g4":"CS2103T-F10-1 CHEN..ANXI","kerktaiheng":"CS2103T-F10-1 KERK..HENG","leewaikin19":"CS2103T-F10-1 LEE .. KIN","lilyium":"CS2103T-F10-1 WONG.. JUN"}}
