{"authorDailyContributionsMap":{"basil-boh":[],"codebreaker64":[],"wowwwp":[],"feliciahmq":[],"Kaidama97":[],"JohannsenLum":[]},"authorFileTypeContributionMap":{"basil-boh":{"docs":0,"functional-code":0,"test-code":0},"codebreaker64":{"docs":0,"functional-code":0,"test-code":0},"wowwwp":{"docs":0,"functional-code":0,"test-code":0},"feliciahmq":{"docs":0,"functional-code":0,"test-code":0},"Kaidama97":{"docs":0,"functional-code":0,"test-code":0},"JohannsenLum":{"docs":0,"functional-code":0,"test-code":0}},"authorContributionVariance":{"basil-boh":0.0,"codebreaker64":0.0,"wowwwp":0.0,"feliciahmq":0.0,"Kaidama97":0.0,"JohannsenLum":0.0},"authorDisplayNameMap":{"basil-boh":"CS2103-F08-1 BOH ..ASIL","codebreaker64":"CS2103-F08-1 FONG.. JIE","wowwwp":"CS2103-F08-1 SRID..OOJA","feliciahmq":"CS2103-F08-1 HWAN..ICIA","Kaidama97":"CS2103-F08-1 TAY .. JUN","JohannsenLum":"CS2103-F08-1 LUM ..NSEN"}}
