{"authorDailyContributionsMap":{"pastchum":[{"date":"2025-04-06","commitResults":[{"hash":"0b8147e5bcf13714b03c20dfb6519f67271516ff","isMergeCommit":true,"messageTitle":"Merge pull request #242 from LuBolin/master","messageBody":"Wrap name, email and address field of PersonCard","fileTypesAndContributionMap":{}}]}],"isawangyx":[{"date":"2025-04-07","commitResults":[{"hash":"89f991c24accdc9a128a9d43f761fe29b9031bde","isMergeCommit":true,"messageTitle":"Merge pull request #243 from LuBolin/branch-Show-Tag-When-Describing-Person-In-CLI-Output","messageBody":"Show person\u0027s membership status in CLi output","fileTypesAndContributionMap":{}},{"hash":"08ded748b29f3409b621cc0ebed6c073a89fba43","isMergeCommit":true,"messageTitle":"Merge pull request #245 from LuBolin/branch-Wrap-Overly-Long-Remarks","messageBody":"Ensure date and pax label have full size, the rest for remarks","fileTypesAndContributionMap":{}},{"hash":"372e4771bcb32f01ceb292d2d0454bcb5619ecef","isMergeCommit":false,"messageTitle":"Allow person card to overflow to show full remarks","messageBody":"","fileTypesAndContributionMap":{"functional-code":{"insertions":2,"deletions":2}}},{"hash":"c98c344ff29c87dbf1983276816c273ed10fd1a7","isMergeCommit":false,"messageTitle":"Enhance UI by shifting booking id to new line","messageBody":"","fileTypesAndContributionMap":{"functional-code":{"insertions":4,"deletions":4}}},{"hash":"8aca7aeed377883798f8e07aaabce54908e1616b","isMergeCommit":true,"messageTitle":"Merge pull request #244 from LuBolin/branch-Increase-Booking-Pax-Limit-To-500","messageBody":"Branch increase booking pax limit to 500","fileTypesAndContributionMap":{}},{"hash":"040dc900b133444e0c73c9523493c73c13304db5","isMergeCommit":false,"messageTitle":"Add member status to command result for edit person","messageBody":"","fileTypesAndContributionMap":{"functional-code":{"insertions":1,"deletions":0}}},{"hash":"448fc81ac0633ae6c1584df5f68b6fe14c81ceda","isMergeCommit":false,"messageTitle":"Update unit test","messageBody":"","fileTypesAndContributionMap":{"test-code":{"insertions":2,"deletions":1}}},{"hash":"d0c0770bf2d0adadcf5a5a33bedbca4c1dcef6e1","isMergeCommit":false,"messageTitle":"Add note that booking status is case-insensitive","messageBody":"","fileTypesAndContributionMap":{"docs":{"insertions":1,"deletions":0}}},{"hash":"1bca14cad764c72187e057cc1185f0aca60ddee0","isMergeCommit":false,"messageTitle":"Remove repetitive examples","messageBody":"","fileTypesAndContributionMap":{"docs":{"insertions":1,"deletions":5}}},{"hash":"35b70972083bc57b0bd05b3956b6be9baaa311b4","isMergeCommit":false,"messageTitle":"Add pax limit","messageBody":"","fileTypesAndContributionMap":{"docs":{"insertions":2,"deletions":1}}},{"hash":"3a3896c8f36ba6ba7331e927935853ba63df2446","isMergeCommit":false,"messageTitle":"Change warning color to red","messageBody":"","fileTypesAndContributionMap":{"docs":{"insertions":1,"deletions":1}}},{"hash":"5d83dd5d5ebd2b3f7ec176a73b276313d3037cf5","isMergeCommit":false,"messageTitle":"Change patrons title to persons","messageBody":"","fileTypesAndContributionMap":{"functional-code":{"insertions":1,"deletions":1}}}]}],"LuBolin":[{"date":"2025-04-06","commitResults":[{"hash":"8746d53453b5969b5cfaefc8577736b0fb2d226b","isMergeCommit":false,"messageTitle":"Wrap name, email and address field of PersonCard They can be very long","messageBody":"Edit only the .fmxl, and not any .java\nResolve #221\n","fileTypesAndContributionMap":{"functional-code":{"insertions":6,"deletions":4}}}]},{"date":"2025-04-07","commitResults":[{"hash":"bb3313d25cf57ffed504a21afa2ddb7e2a12d269","isMergeCommit":false,"messageTitle":"Show person\u0027s membership status in CLi output Modify Person.toString() Also modify Messages.format(Person person)","messageBody":"","fileTypesAndContributionMap":{"functional-code":{"insertions":7,"deletions":2}}},{"hash":"d2e5028ecc04c5cac47a6110d976de52ee8b354d","isMergeCommit":false,"messageTitle":"Move max_pax to be a constant Update tests to match this new max value","messageBody":"","fileTypesAndContributionMap":{"functional-code":{"insertions":6,"deletions":3}}},{"hash":"fd50c735880c4865e3268af19fa4d852698f86a2","isMergeCommit":false,"messageTitle":"Update tests to fit the new max value Rename MAX_PAX to fit coding convention","messageBody":"","fileTypesAndContributionMap":{"functional-code":{"insertions":6,"deletions":5},"test-code":{"insertions":2,"deletions":2}}},{"hash":"583aac872b44c8b194499cfaaef76db48bf8f0ad","isMergeCommit":false,"messageTitle":"Change membership from Member / Public to Yes / No Update test accordingly","messageBody":"","fileTypesAndContributionMap":{"functional-code":{"insertions":1,"deletions":1},"test-code":{"insertions":1,"deletions":1}}},{"hash":"f65ae125b32f1716079e4fea607e5e14b2142b98","isMergeCommit":false,"messageTitle":"Ensure date and pax label have full size, the rest for remarks","messageBody":"","fileTypesAndContributionMap":{"functional-code":{"insertions":2,"deletions":0}}},{"hash":"478965e681e33c9ed02d2a11a9732c40f34b2ab7","isMergeCommit":false,"messageTitle":"Update exception to be \u003c 501 instead of 500","messageBody":"","fileTypesAndContributionMap":{"functional-code":{"insertions":1,"deletions":1}}},{"hash":"e18ae850ca1eabdb0e73cbd543de1b985ce68e20","isMergeCommit":false,"messageTitle":"Update test to match \u003c 501","messageBody":"","fileTypesAndContributionMap":{"test-code":{"insertions":1,"deletions":1}}},{"hash":"ef257349f24adcc012d37265b345f5e08aaa99e0","isMergeCommit":true,"messageTitle":"Merge pull request #248 from isawangyx/branch-edit-ug","messageBody":"Edit UG","fileTypesAndContributionMap":{}}]}],"jaylontan":[{"date":"2025-04-07","commitResults":[{"hash":"04e60a12f84e7014d245a36051f351c66abc1d23","isMergeCommit":false,"messageTitle":"Update ParserUtil.java","messageBody":"- Fix indentation issue\n- Update test cases\n","fileTypesAndContributionMap":{"functional-code":{"insertions":4,"deletions":4},"test-code":{"insertions":2,"deletions":2}}},{"hash":"22901be590d29e405de0a123cd79c70487966d5f","isMergeCommit":true,"messageTitle":"Merge pull request #250 from jaylontan/branch-fix-issue-209","messageBody":"Update ParserUtil.java","fileTypesAndContributionMap":{}},{"hash":"a0489f867147960a72656ecb8abd122986e29e77","isMergeCommit":false,"messageTitle":"Fix issue #215","messageBody":"","fileTypesAndContributionMap":{"functional-code":{"insertions":4,"deletions":4}}},{"hash":"fc7b16b8c0572047628b2d5a313844c83371cb77","isMergeCommit":true,"messageTitle":"Merge pull request #251 from Ben926/branch-fix-bugs","messageBody":"Fix bug 241 and 240","fileTypesAndContributionMap":{}},{"hash":"eb0302947ebe77b4879056c9cdbaa98ad3f969a2","isMergeCommit":false,"messageTitle":"Update \"patron\" to \"person\" in UserGuide.md","messageBody":"","fileTypesAndContributionMap":{"docs":{"insertions":46,"deletions":46}}},{"hash":"fc372295bf16e93a61688e2f2fb5e86b3f69e5ec","isMergeCommit":false,"messageTitle":"Update UserGuide.md","messageBody":"- Fix issue #206, #204 and #187\n- Add missing clearbooking command in UG\n","fileTypesAndContributionMap":{"docs":{"insertions":23,"deletions":8}}},{"hash":"242de0d6d2a0083e87006f47ae270fbbf5980c13","isMergeCommit":true,"messageTitle":"Merge pull request #255 from Ben926/branch-Update-guides","messageBody":"Update UG and DG","fileTypesAndContributionMap":{}}]}],"Ben926":[{"date":"2025-04-07","commitResults":[{"hash":"1cc443652298f977b7dd7949696f3fa02e602458","isMergeCommit":true,"messageTitle":"Merge pull request #246 from isawangyx/branch-fix-ui","messageBody":"Improve UI by making person list scrollable horizontally","fileTypesAndContributionMap":{}},{"hash":"65252ac9eaa43835942dfe51e37de69a18f6f516","isMergeCommit":false,"messageTitle":"Fix bug 241 and 240","messageBody":"","fileTypesAndContributionMap":{"functional-code":{"insertions":4,"deletions":2}}},{"hash":"da2667f7aed6ea41a032400497863417c67c0871","isMergeCommit":true,"messageTitle":"Merge pull request #249 from isawangyx/branch-improve-error-message","messageBody":"Add member status to command result for edit person","fileTypesAndContributionMap":{}},{"hash":"725454b63c49846d9546c692607799a76e79a865","isMergeCommit":true,"messageTitle":"Merge pull request #252 from jaylontan/branch-fix-issue-215","messageBody":"Fix issue #215","fileTypesAndContributionMap":{}},{"hash":"e78a65f8ea5b8883948dbb49166164ca63006e50","isMergeCommit":false,"messageTitle":"Update UG and DG","messageBody":"","fileTypesAndContributionMap":{"docs":{"insertions":3,"deletions":11}}},{"hash":"87c30d97749b47981196ef50b524bdf797bb9f07","isMergeCommit":true,"messageTitle":"Merge pull request #253 from isawangyx/branch-change-patrons-to-persons","messageBody":"Change patrons title to persons","fileTypesAndContributionMap":{}},{"hash":"3fbf2b2a53774b1f99962474dae904f34b4b2623","isMergeCommit":true,"messageTitle":"Merge branch \u0027master\u0027 into branch-update-ug","messageBody":"","fileTypesAndContributionMap":{}},{"hash":"2f3f94b5fe82493d0c658d22a2a2ca04c9376daa","isMergeCommit":true,"messageTitle":"Merge pull request #256 from jaylontan/branch-update-ug","messageBody":"Update UG","fileTypesAndContributionMap":{}}]}]},"authorFileTypeContributionMap":{"pastchum":{"docs":0,"functional-code":0,"test-code":0},"isawangyx":{"docs":5,"functional-code":7,"test-code":2},"LuBolin":{"docs":0,"functional-code":24,"test-code":3},"jaylontan":{"docs":65,"functional-code":4,"test-code":0},"Ben926":{"docs":3,"functional-code":4,"test-code":0}},"authorContributionVariance":{"pastchum":0.0,"isawangyx":200.0,"LuBolin":337.55557,"jaylontan":4544.222,"Ben926":88.88889},"authorDisplayNameMap":{"pastchum":"CS2103T-T08-2 PATR..OMAS","isawangyx":"CS2103T-T08-2 WANG..IANG","LuBolin":"CS2103T-T08-2 LU B..OLIN","jaylontan":"CS2103T-T08-2 JAYL.. RUI","Ben926":"CS2103T-T08-2 KOH ..AMIN"}}
