{"authorDailyContributionsMap":{"pastchum":[{"date":"2025-04-06","commitResults":[{"hash":"0b8147e5bcf13714b03c20dfb6519f67271516ff","isMergeCommit":true,"messageTitle":"Merge pull request #242 from LuBolin/master","messageBody":"Wrap name, email and address field of PersonCard","fileTypesAndContributionMap":{}}]},{"date":"2025-04-07","commitResults":[{"hash":"dd861a30ac1e6033901bdc759e677737cf993b79","isMergeCommit":false,"messageTitle":"Fix EditBookingCommand filtered booking list","messageBody":"","fileTypesAndContributionMap":{"functional-code":{"insertions":1,"deletions":1}}}]},{"date":"2025-04-08","commitResults":[{"hash":"a78e54c0aa9796e977ae55f8740517b8b3c73485","isMergeCommit":false,"messageTitle":"Fix CheckStyle","messageBody":"","fileTypesAndContributionMap":{"functional-code":{"insertions":0,"deletions":1}}},{"hash":"b78eed0e812e66ddfd7cd036229ab55437b9d5d1","isMergeCommit":true,"messageTitle":"Merge pull request #269 from jaylontan/branch-update-mark-ug","messageBody":"Update mark command style in UserGuide.md","fileTypesAndContributionMap":{}},{"hash":"bffb34612b97407295c0a3493f1ff99761567450","isMergeCommit":false,"messageTitle":"Add Caution box styling","messageBody":"","fileTypesAndContributionMap":{"docs":{"insertions":7,"deletions":7}}},{"hash":"42286f3b45400a74ec0beba81075fee9fd2ddd4b","isMergeCommit":false,"messageTitle":"Fix UserGuide incorrect phrasing","messageBody":"","fileTypesAndContributionMap":{"docs":{"insertions":19,"deletions":18}}},{"hash":"8673abbcdd00c66b14382d955e244c1b76b1d3a2","isMergeCommit":false,"messageTitle":"Update wording","messageBody":"","fileTypesAndContributionMap":{"docs":{"insertions":2,"deletions":2}}},{"hash":"e422b0a84820a04b8cbd0fae7700447a3588267d","isMergeCommit":false,"messageTitle":"Fix Styling","messageBody":"","fileTypesAndContributionMap":{"docs":{"insertions":31,"deletions":29}}},{"hash":"9a62bd1d250064559fa36655ce37ddfbf3fad06a","isMergeCommit":true,"messageTitle":"Merge pull request #271 from pastchum/branch-Update-DG-Content","messageBody":"Fix Styling of DG","tags":["v1.6"],"fileTypesAndContributionMap":{}}]}],"isawangyx":[{"date":"2025-04-07","commitResults":[{"hash":"89f991c24accdc9a128a9d43f761fe29b9031bde","isMergeCommit":true,"messageTitle":"Merge pull request #243 from LuBolin/branch-Show-Tag-When-Describing-Person-In-CLI-Output","messageBody":"Show person\u0027s membership status in CLi output","fileTypesAndContributionMap":{}},{"hash":"08ded748b29f3409b621cc0ebed6c073a89fba43","isMergeCommit":true,"messageTitle":"Merge pull request #245 from LuBolin/branch-Wrap-Overly-Long-Remarks","messageBody":"Ensure date and pax label have full size, the rest for remarks","fileTypesAndContributionMap":{}},{"hash":"372e4771bcb32f01ceb292d2d0454bcb5619ecef","isMergeCommit":false,"messageTitle":"Allow person card to overflow to show full remarks","messageBody":"","fileTypesAndContributionMap":{"functional-code":{"insertions":2,"deletions":2}}},{"hash":"c98c344ff29c87dbf1983276816c273ed10fd1a7","isMergeCommit":false,"messageTitle":"Enhance UI by shifting booking id to new line","messageBody":"","fileTypesAndContributionMap":{"functional-code":{"insertions":4,"deletions":4}}},{"hash":"8aca7aeed377883798f8e07aaabce54908e1616b","isMergeCommit":true,"messageTitle":"Merge pull request #244 from LuBolin/branch-Increase-Booking-Pax-Limit-To-500","messageBody":"Branch increase booking pax limit to 500","fileTypesAndContributionMap":{}},{"hash":"040dc900b133444e0c73c9523493c73c13304db5","isMergeCommit":false,"messageTitle":"Add member status to command result for edit person","messageBody":"","fileTypesAndContributionMap":{"functional-code":{"insertions":1,"deletions":0}}},{"hash":"448fc81ac0633ae6c1584df5f68b6fe14c81ceda","isMergeCommit":false,"messageTitle":"Update unit test","messageBody":"","fileTypesAndContributionMap":{"test-code":{"insertions":2,"deletions":1}}},{"hash":"d0c0770bf2d0adadcf5a5a33bedbca4c1dcef6e1","isMergeCommit":false,"messageTitle":"Add note that booking status is case-insensitive","messageBody":"","fileTypesAndContributionMap":{"docs":{"insertions":1,"deletions":0}}},{"hash":"1bca14cad764c72187e057cc1185f0aca60ddee0","isMergeCommit":false,"messageTitle":"Remove repetitive examples","messageBody":"","fileTypesAndContributionMap":{"docs":{"insertions":1,"deletions":5}}},{"hash":"35b70972083bc57b0bd05b3956b6be9baaa311b4","isMergeCommit":false,"messageTitle":"Add pax limit","messageBody":"","fileTypesAndContributionMap":{"docs":{"insertions":2,"deletions":1}}},{"hash":"3a3896c8f36ba6ba7331e927935853ba63df2446","isMergeCommit":false,"messageTitle":"Change warning color to red","messageBody":"","fileTypesAndContributionMap":{"docs":{"insertions":1,"deletions":1}}},{"hash":"5d83dd5d5ebd2b3f7ec176a73b276313d3037cf5","isMergeCommit":false,"messageTitle":"Change patrons title to persons","messageBody":"","fileTypesAndContributionMap":{"functional-code":{"insertions":1,"deletions":1}}},{"hash":"9e410fb15915b4b820ed788c268b7d4607e79cb5","isMergeCommit":false,"messageTitle":"Update starting UI screenshot","messageBody":"","fileTypesAndContributionMap":{"docs":{"insertions":1,"deletions":1}}},{"hash":"6565d47c572a42e853384f62d9f5de550bb7cc7a","isMergeCommit":false,"messageTitle":"Update UG spaces","messageBody":"","fileTypesAndContributionMap":{"docs":{"insertions":21,"deletions":34}}},{"hash":"580ea6b471612ead7e868f71d491222546be629b","isMergeCommit":false,"messageTitle":"Fix grammar","messageBody":"","fileTypesAndContributionMap":{"docs":{"insertions":1,"deletions":1}}},{"hash":"09f3b94b0b00b3cad0f57d463e4cb149227f64f5","isMergeCommit":false,"messageTitle":"Add appendix effort to DG","messageBody":"","fileTypesAndContributionMap":{"docs":{"insertions":103,"deletions":92}}},{"hash":"86992b07b198c0b8427e24f6d98bd945226a9a99","isMergeCommit":false,"messageTitle":"Add use case for today command","messageBody":"","fileTypesAndContributionMap":{"docs":{"insertions":16,"deletions":0}}},{"hash":"039b232ba3471e5d5f42a2630b4e0537a2f82ff5","isMergeCommit":false,"messageTitle":"Add extensions for use cases","messageBody":"","fileTypesAndContributionMap":{"docs":{"insertions":18,"deletions":7}}}]},{"date":"2025-04-08","commitResults":[{"hash":"25b527ba4f701b0f1e7a5dedeb7eac826f2c5e3a","isMergeCommit":true,"messageTitle":"Merge pull request #270 from pastchum/branch-Update-UG-Styling","messageBody":"Update UG styling","fileTypesAndContributionMap":{}}]}],"LuBolin":[{"date":"2025-04-06","commitResults":[{"hash":"8746d53453b5969b5cfaefc8577736b0fb2d226b","isMergeCommit":false,"messageTitle":"Wrap name, email and address field of PersonCard They can be very long","messageBody":"Edit only the .fmxl, and not any .java\nResolve #221\n","fileTypesAndContributionMap":{"functional-code":{"insertions":6,"deletions":4}}}]},{"date":"2025-04-07","commitResults":[{"hash":"bb3313d25cf57ffed504a21afa2ddb7e2a12d269","isMergeCommit":false,"messageTitle":"Show person\u0027s membership status in CLi output Modify Person.toString() Also modify Messages.format(Person person)","messageBody":"","fileTypesAndContributionMap":{"functional-code":{"insertions":7,"deletions":2}}},{"hash":"d2e5028ecc04c5cac47a6110d976de52ee8b354d","isMergeCommit":false,"messageTitle":"Move max_pax to be a constant Update tests to match this new max value","messageBody":"","fileTypesAndContributionMap":{"functional-code":{"insertions":6,"deletions":3}}},{"hash":"fd50c735880c4865e3268af19fa4d852698f86a2","isMergeCommit":false,"messageTitle":"Update tests to fit the new max value Rename MAX_PAX to fit coding convention","messageBody":"","fileTypesAndContributionMap":{"functional-code":{"insertions":6,"deletions":5},"test-code":{"insertions":2,"deletions":2}}},{"hash":"583aac872b44c8b194499cfaaef76db48bf8f0ad","isMergeCommit":false,"messageTitle":"Change membership from Member / Public to Yes / No Update test accordingly","messageBody":"","fileTypesAndContributionMap":{"functional-code":{"insertions":1,"deletions":1},"test-code":{"insertions":1,"deletions":1}}},{"hash":"f65ae125b32f1716079e4fea607e5e14b2142b98","isMergeCommit":false,"messageTitle":"Ensure date and pax label have full size, the rest for remarks","messageBody":"","fileTypesAndContributionMap":{"functional-code":{"insertions":2,"deletions":0}}},{"hash":"478965e681e33c9ed02d2a11a9732c40f34b2ab7","isMergeCommit":false,"messageTitle":"Update exception to be \u003c 501 instead of 500","messageBody":"","fileTypesAndContributionMap":{"functional-code":{"insertions":1,"deletions":1}}},{"hash":"e18ae850ca1eabdb0e73cbd543de1b985ce68e20","isMergeCommit":false,"messageTitle":"Update test to match \u003c 501","messageBody":"","fileTypesAndContributionMap":{"test-code":{"insertions":1,"deletions":1}}},{"hash":"ef257349f24adcc012d37265b345f5e08aaa99e0","isMergeCommit":true,"messageTitle":"Merge pull request #248 from isawangyx/branch-edit-ug","messageBody":"Edit UG","fileTypesAndContributionMap":{}},{"hash":"7ddc7a4d93366586c769f50e3a0ca9a9aa1e7a99","isMergeCommit":false,"messageTitle":"Update docs to use pdelete instead of delete","messageBody":"","fileTypesAndContributionMap":{"docs":{"insertions":6,"deletions":6}}}]},{"date":"2025-04-08","commitResults":[{"hash":"3df383786310af93d84e33b8bb22a8bcbc3e2240","isMergeCommit":true,"messageTitle":"Merge pull request #261 from jaylontan/branch-update-bdelete-error-message","messageBody":"Update error messages indentation","fileTypesAndContributionMap":{}},{"hash":"55ad05265ea284b28f754f2d41b500ca655bdc56","isMergeCommit":true,"messageTitle":"Merge pull request #262 from Ben926/branch-Update-guides","messageBody":"Update UG formatting","fileTypesAndContributionMap":{}},{"hash":"074e9318fbb9820735a80300b60dc2cfe4000541","isMergeCommit":false,"messageTitle":"Update message for invalid person index From \"The person index provided is invalid\" To \"The person index provided is not found\"","messageBody":"","fileTypesAndContributionMap":{"functional-code":{"insertions":1,"deletions":1}}},{"hash":"0ffafa28d1eaef7a36534f1159022b34595c28f4","isMergeCommit":false,"messageTitle":"Add line break between alternative 1\u0027s con, and alternative 2 Use a \u003cdiv style\u003d\"margin-top: 1em;\"\u003e\u003c/div\u003e to hold the space","messageBody":"","fileTypesAndContributionMap":{"docs":{"insertions":2,"deletions":0}}},{"hash":"449f90f2b3444f32892db42bfff08cfbfff71d2b","isMergeCommit":false,"messageTitle":"Add line break between parameter and the line before Modify add booking and add person","messageBody":"","fileTypesAndContributionMap":{"functional-code":{"insertions":2,"deletions":2}}}]}],"jaylontan":[{"date":"2025-04-07","commitResults":[{"hash":"04e60a12f84e7014d245a36051f351c66abc1d23","isMergeCommit":false,"messageTitle":"Update ParserUtil.java","messageBody":"- Fix indentation issue\n- Update test cases\n","fileTypesAndContributionMap":{"functional-code":{"insertions":4,"deletions":4},"test-code":{"insertions":2,"deletions":2}}},{"hash":"22901be590d29e405de0a123cd79c70487966d5f","isMergeCommit":true,"messageTitle":"Merge pull request #250 from jaylontan/branch-fix-issue-209","messageBody":"Update ParserUtil.java","fileTypesAndContributionMap":{}},{"hash":"a0489f867147960a72656ecb8abd122986e29e77","isMergeCommit":false,"messageTitle":"Fix issue #215","messageBody":"","fileTypesAndContributionMap":{"functional-code":{"insertions":4,"deletions":4}}},{"hash":"fc7b16b8c0572047628b2d5a313844c83371cb77","isMergeCommit":true,"messageTitle":"Merge pull request #251 from Ben926/branch-fix-bugs","messageBody":"Fix bug 241 and 240","fileTypesAndContributionMap":{}},{"hash":"eb0302947ebe77b4879056c9cdbaa98ad3f969a2","isMergeCommit":false,"messageTitle":"Update \"patron\" to \"person\" in UserGuide.md","messageBody":"","fileTypesAndContributionMap":{"docs":{"insertions":46,"deletions":46}}},{"hash":"fc372295bf16e93a61688e2f2fb5e86b3f69e5ec","isMergeCommit":false,"messageTitle":"Update UserGuide.md","messageBody":"- Fix issue #206, #204 and #187\n- Add missing clearbooking command in UG\n","fileTypesAndContributionMap":{"docs":{"insertions":23,"deletions":8}}},{"hash":"242de0d6d2a0083e87006f47ae270fbbf5980c13","isMergeCommit":true,"messageTitle":"Merge pull request #255 from Ben926/branch-Update-guides","messageBody":"Update UG and DG","fileTypesAndContributionMap":{}}]},{"date":"2025-04-08","commitResults":[{"hash":"9089ac44e7674fe5caccde155f570dfef6da0c24","isMergeCommit":false,"messageTitle":"Update error messages indentation","messageBody":"","fileTypesAndContributionMap":{"functional-code":{"insertions":3,"deletions":3}}},{"hash":"8431ce3a5aa726b67f908ac06f1d770db036a56e","isMergeCommit":true,"messageTitle":"Merge pull request #260 from LuBolin/branch-DG-Architecture-Delete-to-Pdelete","messageBody":"Update docs to use pdelete instead of delete","fileTypesAndContributionMap":{}},{"hash":"36707acfd85ffb199d041ef70145cf34b74f3324","isMergeCommit":false,"messageTitle":"Update UserGuide.md","messageBody":"- Add visual examples for commands\n- Add Glossary\n- Add indexing for different sections\n","fileTypesAndContributionMap":{"docs":{"insertions":82,"deletions":47}}},{"hash":"164b9b8e986d6dcd44456861ba57171c13ed2690","isMergeCommit":false,"messageTitle":"Update checkstyle","messageBody":"","fileTypesAndContributionMap":{"docs":{"insertions":1,"deletions":1}}},{"hash":"db3f2e1029ceac31a323ef816c72b057815b99ca","isMergeCommit":true,"messageTitle":"Merge pull request #267 from LuBolin/branch-Add-Command-Parameter-New-Line","messageBody":"Add line break between parameter and the line before","fileTypesAndContributionMap":{}},{"hash":"266bc9668051db6c5d74b616187e27753a3bbee2","isMergeCommit":false,"messageTitle":"Update line breaks in UserGuide.md","messageBody":"","fileTypesAndContributionMap":{"docs":{"insertions":2,"deletions":0}}},{"hash":"9f211e5f9960e2298ee045cd4f310a78a457b3fe","isMergeCommit":false,"messageTitle":"Update mark command style in UserGuide.md","messageBody":"","fileTypesAndContributionMap":{"docs":{"insertions":1,"deletions":1}}},{"hash":"0d187b0431149ad4daea7e963fc794cc3e167301","isMergeCommit":false,"messageTitle":"Update links for different sections in UserGuide.md","messageBody":"","fileTypesAndContributionMap":{"docs":{"insertions":12,"deletions":12}}}]}],"Ben926":[{"date":"2025-04-07","commitResults":[{"hash":"1cc443652298f977b7dd7949696f3fa02e602458","isMergeCommit":true,"messageTitle":"Merge pull request #246 from isawangyx/branch-fix-ui","messageBody":"Improve UI by making person list scrollable horizontally","fileTypesAndContributionMap":{}},{"hash":"65252ac9eaa43835942dfe51e37de69a18f6f516","isMergeCommit":false,"messageTitle":"Fix bug 241 and 240","messageBody":"","fileTypesAndContributionMap":{"functional-code":{"insertions":4,"deletions":2}}},{"hash":"da2667f7aed6ea41a032400497863417c67c0871","isMergeCommit":true,"messageTitle":"Merge pull request #249 from isawangyx/branch-improve-error-message","messageBody":"Add member status to command result for edit person","fileTypesAndContributionMap":{}},{"hash":"725454b63c49846d9546c692607799a76e79a865","isMergeCommit":true,"messageTitle":"Merge pull request #252 from jaylontan/branch-fix-issue-215","messageBody":"Fix issue #215","fileTypesAndContributionMap":{}},{"hash":"e78a65f8ea5b8883948dbb49166164ca63006e50","isMergeCommit":false,"messageTitle":"Update UG and DG","messageBody":"","fileTypesAndContributionMap":{"docs":{"insertions":3,"deletions":11}}},{"hash":"87c30d97749b47981196ef50b524bdf797bb9f07","isMergeCommit":true,"messageTitle":"Merge pull request #253 from isawangyx/branch-change-patrons-to-persons","messageBody":"Change patrons title to persons","fileTypesAndContributionMap":{}},{"hash":"3fbf2b2a53774b1f99962474dae904f34b4b2623","isMergeCommit":true,"messageTitle":"Merge branch \u0027master\u0027 into branch-update-ug","messageBody":"","fileTypesAndContributionMap":{}},{"hash":"2f3f94b5fe82493d0c658d22a2a2ca04c9376daa","isMergeCommit":true,"messageTitle":"Merge pull request #256 from jaylontan/branch-update-ug","messageBody":"Update UG","fileTypesAndContributionMap":{}},{"hash":"36547904b5f5b0959356e1022686613f629024c5","isMergeCommit":true,"messageTitle":"Merge pull request #257 from isawangyx/branch-add-starting-ui-pic","messageBody":"Update starting UI screenshot","fileTypesAndContributionMap":{}},{"hash":"1a782016911802b3655d43ed6e64febb956559a5","isMergeCommit":true,"messageTitle":"Merge pull request #258 from isawangyx/branch-update-dg-persons","messageBody":"Standardise DG naming for persons","fileTypesAndContributionMap":{}}]},{"date":"2025-04-08","commitResults":[{"hash":"51225ca1e7decca106b1082091f9b643bca857b3","isMergeCommit":false,"messageTitle":"Update UG formatting","messageBody":"","fileTypesAndContributionMap":{"docs":{"insertions":143,"deletions":79}}},{"hash":"51c53347936f577bc1debf1404c0035f85030bea","isMergeCommit":true,"messageTitle":"Merge branch \u0027master\u0027 into branch-Update-guides","messageBody":"","fileTypesAndContributionMap":{}},{"hash":"e05021f36f336395d77a21ea612753915a6b5ff8","isMergeCommit":true,"messageTitle":"Merge pull request #259 from pastchum/branch-Fix-Filtered-Lists","messageBody":"Fix EditBookingCommand filtered booking list","fileTypesAndContributionMap":{}},{"hash":"a2c836bf007fb4ded0b3d7cc577da5dc2f519202","isMergeCommit":true,"messageTitle":"Merge pull request #263 from LuBolin/branch-Change-Invalid-Person-Index-Message","messageBody":"Update message for invalid person index","fileTypesAndContributionMap":{}},{"hash":"a4475ae674660045a9f8381635d698a3d36d00b1","isMergeCommit":true,"messageTitle":"Merge pull request #266 from jaylontan/branch-improve-ug","messageBody":"Branch improve ug","fileTypesAndContributionMap":{}},{"hash":"2f7cbe4514436de8005ed6f25d78763573ee64ee","isMergeCommit":true,"messageTitle":"Merge pull request #264 from LuBolin/branch-DG-UndoRedo-Alternative-Line-Break","messageBody":"Add line break between alternative 1\u0027s con, and alternative 2","fileTypesAndContributionMap":{}},{"hash":"f351ec17fd817adc3dcddc1b2c7c6d4625e5712d","isMergeCommit":true,"messageTitle":"Merge pull request #268 from jaylontan/branch-fix-errors-in-ug","messageBody":"Fix issue #233, #192, #188","fileTypesAndContributionMap":{}}]}]},"authorFileTypeContributionMap":{"pastchum":{"docs":34,"functional-code":1,"test-code":0},"isawangyx":{"docs":137,"functional-code":7,"test-code":2},"LuBolin":{"docs":8,"functional-code":27,"test-code":3},"jaylontan":{"docs":93,"functional-code":4,"test-code":0},"Ben926":{"docs":122,"functional-code":4,"test-code":0}},"authorContributionVariance":{"pastchum":2494.75,"isawangyx":19804.688,"LuBolin":464.1875,"jaylontan":5989.5,"Ben926":8760.75},"authorDisplayNameMap":{"pastchum":"CS2103T-T08-2 PATR..OMAS","isawangyx":"CS2103T-T08-2 WANG..IANG","LuBolin":"CS2103T-T08-2 LU B..OLIN","jaylontan":"CS2103T-T08-2 JAYL.. RUI","Ben926":"CS2103T-T08-2 KOH ..AMIN"}}
