{"authorDailyContributionsMap":{"pastchum":[],"isawangyx":[],"LuBolin":[],"jaylontan":[],"Ben926":[]},"authorFileTypeContributionMap":{"pastchum":{"docs":0,"functional-code":0,"test-code":0},"isawangyx":{"docs":0,"functional-code":0,"test-code":0},"LuBolin":{"docs":0,"functional-code":0,"test-code":0},"jaylontan":{"docs":0,"functional-code":0,"test-code":0},"Ben926":{"docs":0,"functional-code":0,"test-code":0}},"authorContributionVariance":{"pastchum":0.0,"isawangyx":0.0,"LuBolin":0.0,"jaylontan":0.0,"Ben926":0.0},"authorDisplayNameMap":{"pastchum":"CS2103T-T08-2 PATR..OMAS","isawangyx":"CS2103T-T08-2 WANG..IANG","LuBolin":"CS2103T-T08-2 LU B..OLIN","jaylontan":"CS2103T-T08-2 JAYL.. RUI","Ben926":"CS2103T-T08-2 KOH ..AMIN"}}
