{"authorDailyContributionsMap":{"AnWe11":[],"CloudKai":[{"date":"2025-04-07","commitResults":[{"hash":"885709873a5f4e4350a0c96eed3b62ea0930cca0","isMergeCommit":true,"messageTitle":"Merge pull request #255 from deseansoh/ped-tag-format","messageBody":"Update Tags format to allow for all ASCII characters","fileTypesAndContributionMap":{}}]}],"wzhua02":[],"vikeedough":[{"date":"2025-04-06","commitResults":[{"hash":"b2d52fd1cb99ab160b8eba1b6419d9fa85e9d906","isMergeCommit":true,"messageTitle":"Merge pull request #257 from deseansoh/planned-enhancements","messageBody":"Planned Enhancements Appendix","fileTypesAndContributionMap":{}},{"hash":"80797318c25efcb40de599bebdd098cef7f74efc","isMergeCommit":true,"messageTitle":"Merge pull request #256 from deseansoh/ped-display-command-message","messageBody":"Update INDEX to indicate strictly 1 and above","fileTypesAndContributionMap":{}}]},{"date":"2025-04-07","commitResults":[{"hash":"32e715b70af095c5685bb170eeb79f56374419e5","isMergeCommit":true,"messageTitle":"Merge pull request #254 from deseansoh/ped-documentation-fixes","messageBody":"PED UG and DG fixes","fileTypesAndContributionMap":{}}]}],"deseansoh":[{"date":"2025-04-06","commitResults":[{"hash":"1792c758d694122e5792f2139a752cf78a9c64c9","isMergeCommit":false,"messageTitle":"Update UG Add Command Summary","messageBody":"","fileTypesAndContributionMap":{"docs":{"insertions":1,"deletions":1}}},{"hash":"be23c27a933fea9a13dbc3dd28f3785aff3de52a","isMergeCommit":false,"messageTitle":"Update UG with clearer duplication person definition","messageBody":"","fileTypesAndContributionMap":{"docs":{"insertions":3,"deletions":1}}},{"hash":"5f2ec57f0116589bfc94cc42f4620103ef9dd7fd","isMergeCommit":false,"messageTitle":"Update duplicate person definition to Note","messageBody":"","fileTypesAndContributionMap":{"docs":{"insertions":2,"deletions":2}}},{"hash":"1e845c4f57cec7ab65a91a0d3ee3d872af137723","isMergeCommit":false,"messageTitle":"Update purpose of Find command","messageBody":"","fileTypesAndContributionMap":{"docs":{"insertions":2,"deletions":1}}},{"hash":"6b142abacf9eee8a25e13baccdd84bd39407b930","isMergeCommit":false,"messageTitle":"Add view command limination to Known Issues","messageBody":"","fileTypesAndContributionMap":{"docs":{"insertions":1,"deletions":0}}},{"hash":"17cb770776952103bf4f6664d8b23d5f3506b247","isMergeCommit":false,"messageTitle":"Update View Command Summary","messageBody":"","fileTypesAndContributionMap":{"docs":{"insertions":1,"deletions":1}}},{"hash":"9ea822ef69bf1f639e0da6776f8b224297ed598e","isMergeCommit":false,"messageTitle":"Update Year format to Known Issues","messageBody":"","fileTypesAndContributionMap":{"docs":{"insertions":2,"deletions":1}}},{"hash":"26a64c9c88c27d2166b4bbc930de852f1396d9f1","isMergeCommit":false,"messageTitle":"Update schedule conflict behaviour in Use Cases","messageBody":"","fileTypesAndContributionMap":{"docs":{"insertions":6,"deletions":10}}},{"hash":"202b5410065aa6acd7b49d7ed9a477f17b1614f9","isMergeCommit":false,"messageTitle":"Fix typo in Edit Command Summary","messageBody":"","fileTypesAndContributionMap":{"docs":{"insertions":1,"deletions":1}}},{"hash":"6e6a8299b3e714d00bbb5ece56ae418c8b2e6cc7","isMergeCommit":false,"messageTitle":"Update Find Command usage in Quick Start","messageBody":"","fileTypesAndContributionMap":{"docs":{"insertions":1,"deletions":1}}},{"hash":"ebad20180c405b214e03e2a388df6548009bf95e","isMergeCommit":false,"messageTitle":"Update ModelClassDiagram multiplicity","messageBody":"","fileTypesAndContributionMap":{"docs":{"insertions":8,"deletions":8}}},{"hash":"844cc0183ac3762a7a95b873f8f6b89c1b9cba98","isMergeCommit":false,"messageTitle":"Update Add Command examples","messageBody":"","fileTypesAndContributionMap":{"docs":{"insertions":3,"deletions":2}}},{"hash":"86cc01b86d6e14045bd47e0ca313186df77b546d","isMergeCommit":false,"messageTitle":"Highlight non-cumulative behaviour of RS, OTS, Tags","messageBody":"","fileTypesAndContributionMap":{"docs":{"insertions":4,"deletions":2}}},{"hash":"1e786abc07ee25ade917e601c4926bfcf97bc8e4","isMergeCommit":false,"messageTitle":"Update related session terms to schedule","messageBody":"","fileTypesAndContributionMap":{"docs":{"insertions":16,"deletions":16}}},{"hash":"02d75085c2ef8cac3a5e3dc627455330bbc0a80d","isMergeCommit":false,"messageTitle":"Update accepted Day names in view command","messageBody":"","fileTypesAndContributionMap":{"docs":{"insertions":3,"deletions":1}}},{"hash":"097d3a80cbfd13c4a2b436193f747db5e5abba25","isMergeCommit":false,"messageTitle":"Update HelpCommandActivityDiagram","messageBody":"","fileTypesAndContributionMap":{"docs":{"insertions":1,"deletions":1}}},{"hash":"b9f5bd814dbc09f543ead5aa614ae70b618011ef","isMergeCommit":false,"messageTitle":"Update Tag class","messageBody":"","fileTypesAndContributionMap":{"functional-code":{"insertions":3,"deletions":2}}},{"hash":"9b0eede10a9f2c0170a42294524002d9fc7d50cc","isMergeCommit":false,"messageTitle":"Update relevant tests","messageBody":"","fileTypesAndContributionMap":{"test-code":{"insertions":3,"deletions":3}}},{"hash":"74aebfc0ec35228291a6733df9694920a9fe5044","isMergeCommit":false,"messageTitle":"Update UG to say Tags accept all ASCII characters","messageBody":"","fileTypesAndContributionMap":{"docs":{"insertions":1,"deletions":1}}},{"hash":"bfaf349dbde81b1a4f95999cd722138edaa1d89b","isMergeCommit":false,"messageTitle":"Update INDEX to indicate strictly 1 and above","messageBody":"","fileTypesAndContributionMap":{"functional-code":{"insertions":3,"deletions":3}}},{"hash":"eeabcb00902dd937f413fd5b875649a23b1a6722","isMergeCommit":false,"messageTitle":"Add Planned Enhancements appendix and UC6S3","messageBody":"","fileTypesAndContributionMap":{"docs":{"insertions":15,"deletions":0}}},{"hash":"b5f235cb6853846cc4bbea4fca316cfbdb903468","isMergeCommit":false,"messageTitle":"Recitfy grammar and vocab","messageBody":"","fileTypesAndContributionMap":{"docs":{"insertions":2,"deletions":2}}},{"hash":"e3c2706c523ad17ca7fd8c75e33aa7843e0c4c24","isMergeCommit":false,"messageTitle":"Rectify mistakes from review","messageBody":"","fileTypesAndContributionMap":{"docs":{"insertions":4,"deletions":4}}}]}]},"authorFileTypeContributionMap":{"AnWe11":{"docs":0,"functional-code":0,"test-code":0},"CloudKai":{"docs":0,"functional-code":0,"test-code":0},"wzhua02":{"docs":0,"functional-code":0,"test-code":0},"vikeedough":{"docs":0,"functional-code":0,"test-code":0},"deseansoh":{"docs":66,"functional-code":6,"test-code":3}},"authorContributionVariance":{"AnWe11":0.0,"CloudKai":0.0,"wzhua02":0.0,"vikeedough":0.0,"deseansoh":5000.0},"authorDisplayNameMap":{"AnWe11":"CS2103T-T13-1 WONG.. WEI","CloudKai":"CS2103T-T13-1 BOON..MING","wzhua02":"CS2103T-T13-1 WOO .. HUA","vikeedough":"CS2103T-T13-1 DAVI..CEDO","deseansoh":"CS2103T-T13-1 DESE.. SOH"}}
