{"authorDailyContributionsMap":{"AnWe11":[{"date":"2025-04-07","commitResults":[{"hash":"8eb6cacab980da22c3918413a2f0fbca70fd018e","isMergeCommit":false,"messageTitle":"Update UG\u0027s List Feature","messageBody":"","fileTypesAndContributionMap":{"docs":{"insertions":2,"deletions":1}}},{"hash":"b94bfce6f8737e2a49d3c5ccc305299d3e5ec140","isMergeCommit":false,"messageTitle":"Update Find Feature output message, UG document and image","messageBody":"","fileTypesAndContributionMap":{"functional-code":{"insertions":11,"deletions":4},"docs":{"insertions":1,"deletions":0},"test-code":{"insertions":4,"deletions":2}}},{"hash":"e12879592026b87786940c19f31bd100ce598de8","isMergeCommit":true,"messageTitle":"Merge pull request #260 from wzhua02/201-pagebreak","messageBody":"201 pagebreak","fileTypesAndContributionMap":{}},{"hash":"7ca1bb4de69e4da58ae02a6d7409ed83ec490254","isMergeCommit":true,"messageTitle":"Merge pull request #268 from wzhua02/202-whitespace","messageBody":"Addressing parsing error due to excess whitespace","fileTypesAndContributionMap":{}},{"hash":"316296aaa9d4994c9411ca4806f1d383b5451d79","isMergeCommit":true,"messageTitle":"Merge pull request #258 from CloudKai/fix-display-command","messageBody":"Fix display command","fileTypesAndContributionMap":{}},{"hash":"cc9b67c55dc1d2f8b9b9a2cd4ada06d2341f782f","isMergeCommit":true,"messageTitle":"Merge pull request #261 from CloudKai/fix-ots-error-message","messageBody":"Fix ots error message","fileTypesAndContributionMap":{}},{"hash":"fe270979d3597a3bb46ed2469e174e72fa1ca7c5","isMergeCommit":true,"messageTitle":"Merge pull request #262 from vikeedough/dg-schedule-future-enhancement","messageBody":"Edits to UG and DG","fileTypesAndContributionMap":{}}]}],"CloudKai":[{"date":"2025-04-06","commitResults":[{"hash":"1f3fe4299c540c76bfd30b53d28b9596b8dfe1fc","isMergeCommit":false,"messageTitle":"Fix different error message due to Integer overflow","messageBody":"","fileTypesAndContributionMap":{"functional-code":{"insertions":16,"deletions":6}}},{"hash":"25455565b12bfccc4da16f2f3856470390eae62d","isMergeCommit":true,"messageTitle":"Merge branch \u0027master\u0027 into fix-display-command","messageBody":"* master:\n  Recitfy grammar and vocab\n  Add Planned Enhancements appendix and UC6S3\n  Update INDEX to indicate strictly 1 and above\n  Update version number and edit UG\n  Update DG formatting\n  Update DG punctuation formatting\n  Update DG grammatical errors\n  Update DG Quick Start tutorial\n  Update Medical History VALIDATION_REGEX Comment\n  Update UG Introduction\n  Apply suggestions from deseansoh review\n\n# Conflicts:\n#\tsrc/main/java/seedu/address/logic/commands/DisplayCommand.java\n","fileTypesAndContributionMap":{}},{"hash":"e67474e283219a0ccabee9264fa6e9f424fd1e42","isMergeCommit":false,"messageTitle":"Format string neatly","messageBody":"","fileTypesAndContributionMap":{"functional-code":{"insertions":2,"deletions":2}}}]},{"date":"2025-04-07","commitResults":[{"hash":"b2f0820931c7169f03cec6ac9f9d921c50016630","isMergeCommit":false,"messageTitle":"Fix string formating and output for empty list after find","messageBody":"","fileTypesAndContributionMap":{"functional-code":{"insertions":8,"deletions":9}}},{"hash":"4981b24141ee988d55b60c4d0e17f484b2174ef3","isMergeCommit":false,"messageTitle":"Fix checkstyle and test cases issues","messageBody":"","fileTypesAndContributionMap":{"functional-code":{"insertions":3,"deletions":2},"test-code":{"insertions":22,"deletions":10}}},{"hash":"ecb738ef137e61a220a79f933248cc514b2fe56f","isMergeCommit":false,"messageTitle":"Change output when Integer overflow and fix test cases","messageBody":"","fileTypesAndContributionMap":{"functional-code":{"insertions":4,"deletions":18},"test-code":{"insertions":2,"deletions":8}}},{"hash":"9ea526fab55020272676635336956909f0e49090","isMergeCommit":false,"messageTitle":"Change output for just command and fix test cases","messageBody":"","fileTypesAndContributionMap":{"functional-code":{"insertions":12,"deletions":2},"test-code":{"insertions":4,"deletions":4}}},{"hash":"3446795f186428e1f66caf8fe542a919a8808e28","isMergeCommit":false,"messageTitle":"Fix test cases","messageBody":"","fileTypesAndContributionMap":{"test-code":{"insertions":24,"deletions":8}}},{"hash":"d4f9eeba682b476fcbc8aec1b5ed85fa9e19a972","isMergeCommit":false,"messageTitle":"Fix ots message constraint","messageBody":"","fileTypesAndContributionMap":{"functional-code":{"insertions":2,"deletions":3}}},{"hash":"885709873a5f4e4350a0c96eed3b62ea0930cca0","isMergeCommit":true,"messageTitle":"Merge pull request #255 from deseansoh/ped-tag-format","messageBody":"Update Tags format to allow for all ASCII characters","fileTypesAndContributionMap":{}},{"hash":"8d09d7b0dff690f82867aaaa9315f4b3a026ec61","isMergeCommit":true,"messageTitle":"Merge branch \u0027master\u0027 of github.com:AY2425S2-CS2103T-T13-1/tp into fix-display-command","messageBody":"* \u0027master\u0027 of github.com:AY2425S2-CS2103T-T13-1/tp: (25 commits)\n  Update Find Feature output message, UG document and image\n  Update UG\u0027s List Feature\n  Remove extra page break\n  Add page breaks to UG\n  Add page breaks in DG\n  Rectify mistakes from review\n  Update UG to say Tags accept all ASCII characters\n  Update relevant tests\n  Update Tag class\n  Update HelpCommandActivityDiagram\n  Update accepted Day names in view command\n  Update related session terms to schedule\n  Highlight non-cumulative behaviour of RS, OTS, Tags\n  Update Add Command examples\n  Update ModelClassDiagram multiplicity\n  Update Find Command usage in Quick Start\n  Fix typo in Edit Command Summary\n  Update schedule conflict behaviour in Use Cases\n  Update Year format to Known Issues\n  Update View Command Summary\n  ...\n\n# Conflicts:\n#\tsrc/main/java/seedu/address/logic/Messages.java\n","fileTypesAndContributionMap":{}},{"hash":"21c73965b9f0e05169304ef4743203b9f9da5ef1","isMergeCommit":false,"messageTitle":"Change message when list is empty and when user enters below 1 and overflow for display and delete","messageBody":"","fileTypesAndContributionMap":{"functional-code":{"insertions":4,"deletions":2}}},{"hash":"5135cf4596a3d700f1b44a15019fe46fe5ab43ea","isMergeCommit":true,"messageTitle":"Merge branch \u0027master\u0027 into fix-ots-error-message","messageBody":"","fileTypesAndContributionMap":{}}]}],"wzhua02":[{"date":"2025-04-07","commitResults":[{"hash":"6e6b3254f75c054d27baf884fff6388b5dcbd480","isMergeCommit":false,"messageTitle":"Add page breaks in DG","messageBody":"","fileTypesAndContributionMap":{"docs":{"insertions":18,"deletions":2}}},{"hash":"dd14ae9e46db6300c555260e027f988096aa6028","isMergeCommit":false,"messageTitle":"Add page breaks to UG","messageBody":"","fileTypesAndContributionMap":{"docs":{"insertions":7,"deletions":1}}},{"hash":"f79283cf3799620baafef848bd3975e47414027b","isMergeCommit":false,"messageTitle":"Remove extra page break","messageBody":"","fileTypesAndContributionMap":{"docs":{"insertions":0,"deletions":2}}},{"hash":"e38b5cc401b0ea62c1c455c8789d8ae005b12df1","isMergeCommit":true,"messageTitle":"Merge pull request #264 from AnWe11/Branch-UpdateUGListFeature","messageBody":"Update UG\u0027s List Feature","fileTypesAndContributionMap":{}},{"hash":"1044e93687f56f2754d0dd0f5eae8bf1474786fc","isMergeCommit":true,"messageTitle":"Merge pull request #265 from AnWe11/Branch-FindCommandBugFix","messageBody":"Update Find feature output message, UG document and image","fileTypesAndContributionMap":{}},{"hash":"d1ba48909d5f779309c10c4341113288aadeb5cf","isMergeCommit":false,"messageTitle":"Modify UG and DG","messageBody":"- Add issue to known issues in UG.\n- Add issue and potential fix to DG.\n","fileTypesAndContributionMap":{"docs":{"insertions":6,"deletions":1}}},{"hash":"10c3f49bd5400e72143b00f1fca67fe1e86cf193","isMergeCommit":true,"messageTitle":"Merge pull request #270 from vikeedough/dg-invalid-example-update","messageBody":"Rectify number in invalid example","fileTypesAndContributionMap":{}}]}],"vikeedough":[{"date":"2025-04-06","commitResults":[{"hash":"b2d52fd1cb99ab160b8eba1b6419d9fa85e9d906","isMergeCommit":true,"messageTitle":"Merge pull request #257 from deseansoh/planned-enhancements","messageBody":"Planned Enhancements Appendix","fileTypesAndContributionMap":{}},{"hash":"80797318c25efcb40de599bebdd098cef7f74efc","isMergeCommit":true,"messageTitle":"Merge pull request #256 from deseansoh/ped-display-command-message","messageBody":"Update INDEX to indicate strictly 1 and above","fileTypesAndContributionMap":{}}]},{"date":"2025-04-07","commitResults":[{"hash":"32e715b70af095c5685bb170eeb79f56374419e5","isMergeCommit":true,"messageTitle":"Merge pull request #254 from deseansoh/ped-documentation-fixes","messageBody":"PED UG and DG fixes","fileTypesAndContributionMap":{}},{"hash":"ea1d831e7bd919bca0bdfb8f20cd8d1efd05817e","isMergeCommit":false,"messageTitle":"Update planned enhancements and known issues regarding past ots","messageBody":"","fileTypesAndContributionMap":{"docs":{"insertions":8,"deletions":0}}},{"hash":"76f1b00896a8d76c6085557dd2ddadd6eeb444a6","isMergeCommit":false,"messageTitle":"Add invalid examples for each command to UG","messageBody":"","fileTypesAndContributionMap":{"docs":{"insertions":32,"deletions":1}}},{"hash":"5a341e28ba99ec4651744b9bc027a6793e96bc7a","isMergeCommit":false,"messageTitle":"Add visuals for add and edit commands","messageBody":"","fileTypesAndContributionMap":{"docs":{"insertions":2,"deletions":0}}},{"hash":"0372ad8403c1ba60dcc056845e45635fb989ff2f","isMergeCommit":false,"messageTitle":"Add use case 14 to planned enhancements","messageBody":"","fileTypesAndContributionMap":{"docs":{"insertions":9,"deletions":0}}},{"hash":"ebda81e0592374f4110b0c9a2cf6833f4e497840","isMergeCommit":false,"messageTitle":"Add assumptions to out of bounds index invalid examples","messageBody":"","fileTypesAndContributionMap":{"docs":{"insertions":2,"deletions":2}}},{"hash":"c85588158f4b2635744153e0facd6f78a4715691","isMergeCommit":true,"messageTitle":"Merge branch \u0027master\u0027 into dg-schedule-future-enhancement","messageBody":"","fileTypesAndContributionMap":{}},{"hash":"99e9eb8f63baccc84688689e0d7ddeb77e0d954a","isMergeCommit":false,"messageTitle":"Rectify changes according to comments","messageBody":"","fileTypesAndContributionMap":{"docs":{"insertions":2,"deletions":2}}},{"hash":"84478770815a7fc9a01bdda5b877ae51f6388792","isMergeCommit":true,"messageTitle":"Merge branch \u0027master\u0027 into dg-schedule-future-enhancement","messageBody":"","fileTypesAndContributionMap":{}},{"hash":"8327b09cc8123a669eeb80534803af69f162ca25","isMergeCommit":false,"messageTitle":"Rectify number in invalid example","messageBody":"","fileTypesAndContributionMap":{"docs":{"insertions":1,"deletions":1}}},{"hash":"ec7741d5f23a6642c24e12308159304d13bb343a","isMergeCommit":false,"messageTitle":"Remove duplicate MESSAGE_NO_PERSON_TO_DISPLAY","messageBody":"","fileTypesAndContributionMap":{"functional-code":{"insertions":0,"deletions":2}}}]}],"deseansoh":[{"date":"2025-04-06","commitResults":[{"hash":"1792c758d694122e5792f2139a752cf78a9c64c9","isMergeCommit":false,"messageTitle":"Update UG Add Command Summary","messageBody":"","fileTypesAndContributionMap":{"docs":{"insertions":1,"deletions":1}}},{"hash":"be23c27a933fea9a13dbc3dd28f3785aff3de52a","isMergeCommit":false,"messageTitle":"Update UG with clearer duplication person definition","messageBody":"","fileTypesAndContributionMap":{"docs":{"insertions":3,"deletions":1}}},{"hash":"5f2ec57f0116589bfc94cc42f4620103ef9dd7fd","isMergeCommit":false,"messageTitle":"Update duplicate person definition to Note","messageBody":"","fileTypesAndContributionMap":{"docs":{"insertions":2,"deletions":2}}},{"hash":"1e845c4f57cec7ab65a91a0d3ee3d872af137723","isMergeCommit":false,"messageTitle":"Update purpose of Find command","messageBody":"","fileTypesAndContributionMap":{"docs":{"insertions":2,"deletions":1}}},{"hash":"6b142abacf9eee8a25e13baccdd84bd39407b930","isMergeCommit":false,"messageTitle":"Add view command limination to Known Issues","messageBody":"","fileTypesAndContributionMap":{"docs":{"insertions":1,"deletions":0}}},{"hash":"17cb770776952103bf4f6664d8b23d5f3506b247","isMergeCommit":false,"messageTitle":"Update View Command Summary","messageBody":"","fileTypesAndContributionMap":{"docs":{"insertions":1,"deletions":1}}},{"hash":"9ea822ef69bf1f639e0da6776f8b224297ed598e","isMergeCommit":false,"messageTitle":"Update Year format to Known Issues","messageBody":"","fileTypesAndContributionMap":{"docs":{"insertions":2,"deletions":1}}},{"hash":"26a64c9c88c27d2166b4bbc930de852f1396d9f1","isMergeCommit":false,"messageTitle":"Update schedule conflict behaviour in Use Cases","messageBody":"","fileTypesAndContributionMap":{"docs":{"insertions":6,"deletions":10}}},{"hash":"202b5410065aa6acd7b49d7ed9a477f17b1614f9","isMergeCommit":false,"messageTitle":"Fix typo in Edit Command Summary","messageBody":"","fileTypesAndContributionMap":{"docs":{"insertions":1,"deletions":1}}},{"hash":"6e6a8299b3e714d00bbb5ece56ae418c8b2e6cc7","isMergeCommit":false,"messageTitle":"Update Find Command usage in Quick Start","messageBody":"","fileTypesAndContributionMap":{"docs":{"insertions":1,"deletions":1}}},{"hash":"ebad20180c405b214e03e2a388df6548009bf95e","isMergeCommit":false,"messageTitle":"Update ModelClassDiagram multiplicity","messageBody":"","fileTypesAndContributionMap":{"docs":{"insertions":8,"deletions":8}}},{"hash":"844cc0183ac3762a7a95b873f8f6b89c1b9cba98","isMergeCommit":false,"messageTitle":"Update Add Command examples","messageBody":"","fileTypesAndContributionMap":{"docs":{"insertions":3,"deletions":2}}},{"hash":"86cc01b86d6e14045bd47e0ca313186df77b546d","isMergeCommit":false,"messageTitle":"Highlight non-cumulative behaviour of RS, OTS, Tags","messageBody":"","fileTypesAndContributionMap":{"docs":{"insertions":4,"deletions":2}}},{"hash":"1e786abc07ee25ade917e601c4926bfcf97bc8e4","isMergeCommit":false,"messageTitle":"Update related session terms to schedule","messageBody":"","fileTypesAndContributionMap":{"docs":{"insertions":16,"deletions":16}}},{"hash":"02d75085c2ef8cac3a5e3dc627455330bbc0a80d","isMergeCommit":false,"messageTitle":"Update accepted Day names in view command","messageBody":"","fileTypesAndContributionMap":{"docs":{"insertions":3,"deletions":1}}},{"hash":"097d3a80cbfd13c4a2b436193f747db5e5abba25","isMergeCommit":false,"messageTitle":"Update HelpCommandActivityDiagram","messageBody":"","fileTypesAndContributionMap":{"docs":{"insertions":1,"deletions":1}}},{"hash":"b9f5bd814dbc09f543ead5aa614ae70b618011ef","isMergeCommit":false,"messageTitle":"Update Tag class","messageBody":"","fileTypesAndContributionMap":{"functional-code":{"insertions":3,"deletions":2}}},{"hash":"9b0eede10a9f2c0170a42294524002d9fc7d50cc","isMergeCommit":false,"messageTitle":"Update relevant tests","messageBody":"","fileTypesAndContributionMap":{"test-code":{"insertions":3,"deletions":3}}},{"hash":"74aebfc0ec35228291a6733df9694920a9fe5044","isMergeCommit":false,"messageTitle":"Update UG to say Tags accept all ASCII characters","messageBody":"","fileTypesAndContributionMap":{"docs":{"insertions":1,"deletions":1}}},{"hash":"bfaf349dbde81b1a4f95999cd722138edaa1d89b","isMergeCommit":false,"messageTitle":"Update INDEX to indicate strictly 1 and above","messageBody":"","fileTypesAndContributionMap":{"functional-code":{"insertions":3,"deletions":3}}},{"hash":"eeabcb00902dd937f413fd5b875649a23b1a6722","isMergeCommit":false,"messageTitle":"Add Planned Enhancements appendix and UC6S3","messageBody":"","fileTypesAndContributionMap":{"docs":{"insertions":15,"deletions":0}}},{"hash":"b5f235cb6853846cc4bbea4fca316cfbdb903468","isMergeCommit":false,"messageTitle":"Recitfy grammar and vocab","messageBody":"","fileTypesAndContributionMap":{"docs":{"insertions":2,"deletions":2}}},{"hash":"e3c2706c523ad17ca7fd8c75e33aa7843e0c4c24","isMergeCommit":false,"messageTitle":"Rectify mistakes from review","messageBody":"","fileTypesAndContributionMap":{"docs":{"insertions":4,"deletions":4}}}]}]},"authorFileTypeContributionMap":{"AnWe11":{"docs":3,"functional-code":11,"test-code":4},"CloudKai":{"docs":0,"functional-code":26,"test-code":36},"wzhua02":{"docs":30,"functional-code":0,"test-code":0},"vikeedough":{"docs":52,"functional-code":0,"test-code":0},"deseansoh":{"docs":65,"functional-code":6,"test-code":3}},"authorContributionVariance":{"AnWe11":138.8889,"CloudKai":4344.6665,"wzhua02":304.22223,"vikeedough":910.22217,"deseansoh":5000.0},"authorDisplayNameMap":{"AnWe11":"CS2103T-T13-1 WONG.. WEI","CloudKai":"CS2103T-T13-1 BOON..MING","wzhua02":"CS2103T-T13-1 WOO .. HUA","vikeedough":"CS2103T-T13-1 DAVI..CEDO","deseansoh":"CS2103T-T13-1 DESE.. SOH"}}
