{"authorDailyContributionsMap":{"farhan-navas":[],"ypuppy":[],"heyitssakinah":[{"date":"2025-04-06","commitResults":[{"hash":"03266d2e3f0efcc17023e1106cbfbb4943882954","isMergeCommit":false,"messageTitle":"Update DG","messageBody":"","fileTypesAndContributionMap":{"docs":{"insertions":2,"deletions":2}}},{"hash":"89fe2743d36cb7ac530b2690b773c9cc475b9f34","isMergeCommit":true,"messageTitle":"Merge pull request #192 from AY2425S2-CS2103T-T15-2/docs/sakinah/DG-update","messageBody":"Update DG","fileTypesAndContributionMap":{}}]}],"sreelakshmiharidos":[]},"authorFileTypeContributionMap":{"farhan-navas":{"docs":0,"functional-code":0,"test-code":0},"ypuppy":{"docs":0,"functional-code":0,"test-code":0},"heyitssakinah":{"docs":0,"functional-code":0,"test-code":0},"sreelakshmiharidos":{"docs":0,"functional-code":0,"test-code":0}},"authorContributionVariance":{"farhan-navas":0.0,"ypuppy":0.0,"heyitssakinah":4.0,"sreelakshmiharidos":0.0},"authorDisplayNameMap":{"farhan-navas":"CS2103T-T15-2 MOHA..RHAN","ypuppy":"CS2103T-T15-2 YIN .. CAN","heyitssakinah":"CS2103T-T15-2 NUR ..DDIN","sreelakshmiharidos":"CS2103T-T15-2 HARI..SHMI"}}
