{"authorDailyContributionsMap":{"farhan-navas":[{"date":"2025-04-07","commitResults":[{"hash":"dd1b17fe6a912e0f325516c667a2fed9cce58774","isMergeCommit":true,"messageTitle":"Merge pull request #191 from AY2425S2-CS2103T-T15-2/docs/sakinah/user-guide-update","messageBody":"Update user guide","fileTypesAndContributionMap":{}},{"hash":"c4732444c7012b961968fd398fa2ec36371aaec1","isMergeCommit":true,"messageTitle":"Merge pull request #193 from AY2425S2-CS2103T-T15-2/feature/sakinah/grouping-logic","messageBody":"Update seed data in SampleDataUtil to include Studygroup tags","fileTypesAndContributionMap":{}},{"hash":"2dfddf6b4a49d7854eabe51f90a63c1e9e4f846f","isMergeCommit":true,"messageTitle":"Merge pull request #189 from AY2425S2-CS2103T-T15-2/feature/sakinah/fix-grouping-logic","messageBody":"Fix grouping logic to regroup correctly after delete","fileTypesAndContributionMap":{}}]}],"ypuppy":[],"heyitssakinah":[{"date":"2025-04-06","commitResults":[{"hash":"201ecffa8373fafbf6f4dd589e2592ec7de4e694","isMergeCommit":false,"messageTitle":"Fix grouping logic to regroup correctly after delete","messageBody":"","fileTypesAndContributionMap":{"functional-code":{"insertions":1,"deletions":1},"test-code":{"insertions":3,"deletions":0}}},{"hash":"009788a38a0146d7a605bc09eb774a06e31d16e3","isMergeCommit":false,"messageTitle":"Update user guide","messageBody":"","fileTypesAndContributionMap":{"docs":{"insertions":10,"deletions":4}}},{"hash":"5b4b3274caedb547a1a6933126a970c6c4c31b64","isMergeCommit":true,"messageTitle":"Merge branch \u0027master\u0027 into docs/sakinah/user-guide-update","messageBody":"","fileTypesAndContributionMap":{}},{"hash":"03266d2e3f0efcc17023e1106cbfbb4943882954","isMergeCommit":false,"messageTitle":"Update DG","messageBody":"","fileTypesAndContributionMap":{"docs":{"insertions":2,"deletions":2}}},{"hash":"89fe2743d36cb7ac530b2690b773c9cc475b9f34","isMergeCommit":true,"messageTitle":"Merge pull request #192 from AY2425S2-CS2103T-T15-2/docs/sakinah/DG-update","messageBody":"Update DG","fileTypesAndContributionMap":{}},{"hash":"d2aaee5e7af45766c3bc83aefd65f8db34862127","isMergeCommit":false,"messageTitle":"Update seed data in SampleDataUtil to include Studygroup tags","messageBody":"","fileTypesAndContributionMap":{"functional-code":{"insertions":20,"deletions":20}}}]}],"sreelakshmiharidos":[]},"authorFileTypeContributionMap":{"farhan-navas":{"docs":0,"functional-code":0,"test-code":0},"ypuppy":{"docs":0,"functional-code":0,"test-code":0},"heyitssakinah":{"docs":10,"functional-code":21,"test-code":3},"sreelakshmiharidos":{"docs":0,"functional-code":0,"test-code":0}},"authorContributionVariance":{"farhan-navas":0.0,"ypuppy":0.0,"heyitssakinah":882.0,"sreelakshmiharidos":0.0},"authorDisplayNameMap":{"farhan-navas":"CS2103T-T15-2 MOHA..RHAN","ypuppy":"CS2103T-T15-2 YIN .. CAN","heyitssakinah":"CS2103T-T15-2 NUR ..DDIN","sreelakshmiharidos":"CS2103T-T15-2 HARI..SHMI"}}
