{"authorDailyContributionsMap":{"farhan-navas":[{"date":"2025-04-06","commitResults":[{"hash":"832e0ae58e8d163513b4a8c398c5d683afb808ac","isMergeCommit":false,"messageTitle":"adjust overall panel sizing","messageBody":"","fileTypesAndContributionMap":{"functional-code":{"insertions":4,"deletions":4}}},{"hash":"70a669d5ac7be42359a7485648c7af3e38582761","isMergeCommit":false,"messageTitle":"remove styling from selected person","messageBody":"","fileTypesAndContributionMap":{"functional-code":{"insertions":11,"deletions":11}}},{"hash":"f78246c1dd0e97a7b5a8a6ea884a610d29c74833","isMergeCommit":false,"messageTitle":"adjust person card styling","messageBody":"","fileTypesAndContributionMap":{"functional-code":{"insertions":8,"deletions":8}}}]},{"date":"2025-04-07","commitResults":[{"hash":"5032055dcce5decd3ea4e76499dceb9f03fb38d9","isMergeCommit":false,"messageTitle":"update command results and index.md","messageBody":"","fileTypesAndContributionMap":{"functional-code":{"insertions":4,"deletions":3},"docs":{"insertions":4,"deletions":4}}},{"hash":"f5a856ba4da71773ae7f8ca38612847281e741db","isMergeCommit":false,"messageTitle":"update markbind navbar gh link","messageBody":"","fileTypesAndContributionMap":{"docs":{"insertions":1,"deletions":1}}},{"hash":"6b75b24d61a8216f4bef28372e62afc216895a02","isMergeCommit":false,"messageTitle":"update ug and dg","messageBody":"","fileTypesAndContributionMap":{"docs":{"insertions":5,"deletions":3}}},{"hash":"dd1b17fe6a912e0f325516c667a2fed9cce58774","isMergeCommit":true,"messageTitle":"Merge pull request #191 from AY2425S2-CS2103T-T15-2/docs/sakinah/user-guide-update","messageBody":"Update user guide","fileTypesAndContributionMap":{}},{"hash":"c4732444c7012b961968fd398fa2ec36371aaec1","isMergeCommit":true,"messageTitle":"Merge pull request #193 from AY2425S2-CS2103T-T15-2/feature/sakinah/grouping-logic","messageBody":"Update seed data in SampleDataUtil to include Studygroup tags","fileTypesAndContributionMap":{}},{"hash":"2dfddf6b4a49d7854eabe51f90a63c1e9e4f846f","isMergeCommit":true,"messageTitle":"Merge pull request #189 from AY2425S2-CS2103T-T15-2/feature/sakinah/fix-grouping-logic","messageBody":"Fix grouping logic to regroup correctly after delete","fileTypesAndContributionMap":{}},{"hash":"66e5afea3d9493ea296e7e844115643fb4b7539d","isMergeCommit":false,"messageTitle":"adjust overall panel sizing","messageBody":"","fileTypesAndContributionMap":{"functional-code":{"insertions":4,"deletions":4}}},{"hash":"02aea5f7b62e013611a90c260b1828e010ceaa8d","isMergeCommit":false,"messageTitle":"remove styling from selected person","messageBody":"","fileTypesAndContributionMap":{"functional-code":{"insertions":11,"deletions":11}}},{"hash":"1833026ba8d9c17433b5fe85dc6d1989a5ac612f","isMergeCommit":false,"messageTitle":"adjust person card styling","messageBody":"","fileTypesAndContributionMap":{"functional-code":{"insertions":8,"deletions":8}}},{"hash":"d72f2af865648bd77f6d4456c0a64d91771e5964","isMergeCommit":false,"messageTitle":"update command results and index.md","messageBody":"","fileTypesAndContributionMap":{"functional-code":{"insertions":4,"deletions":3},"docs":{"insertions":4,"deletions":4}}},{"hash":"3de9a3b687320e7d0bbb2141b131bc358075024c","isMergeCommit":false,"messageTitle":"update markbind navbar gh link","messageBody":"","fileTypesAndContributionMap":{"docs":{"insertions":1,"deletions":1}}},{"hash":"bda7fd60759ac239abe7fe6fbc146c0a9745b50d","isMergeCommit":false,"messageTitle":"update ug and dg","messageBody":"","fileTypesAndContributionMap":{"docs":{"insertions":5,"deletions":3}}},{"hash":"88905e41de7841e4604cc8cd7d30a1ffddc25c99","isMergeCommit":true,"messageTitle":"Merge branch \u0027bug/farhan/ped-fixes\u0027 of github.com:AY2425S2-CS2103T-T15-2/tp into bug/farhan/ped-fixes","messageBody":"","fileTypesAndContributionMap":{}},{"hash":"264734131fcc8e841bb633f1ab6f2865c79baa9d","isMergeCommit":false,"messageTitle":"update user guide to show bef/aft command","messageBody":"","fileTypesAndContributionMap":{"functional-code":{"insertions":1,"deletions":1},"docs":{"insertions":254,"deletions":41}}},{"hash":"78faf023572b905cbc73a6b668177cde2e216110","isMergeCommit":false,"messageTitle":"update user guide overall styling","messageBody":"","fileTypesAndContributionMap":{"docs":{"insertions":45,"deletions":40}}},{"hash":"4e645766420b73cad0783e7c85352df4756f57a9","isMergeCommit":true,"messageTitle":"Merge branch \u0027master\u0027 into bug/farhan/ped-fixes","messageBody":"","fileTypesAndContributionMap":{}}]},{"date":"2025-04-08","commitResults":[{"hash":"6cc100c116fcb33d9868e07210c2efe591771add","isMergeCommit":true,"messageTitle":"Merge pull request #195 from AY2425S2-CS2103T-T15-2/fix-same-phone","messageBody":"Fix duplicated check","fileTypesAndContributionMap":{}},{"hash":"a4dd45903041edf98516c365ce80f0d2cd725a83","isMergeCommit":true,"messageTitle":"Merge pull request #196 from AY2425S2-CS2103T-T15-2/fix_UG","messageBody":"Fix UserGuide issues","fileTypesAndContributionMap":{}},{"hash":"4c68486c0dc16976ad9d77b4af683cf13ce8624e","isMergeCommit":true,"messageTitle":"Merge pull request #197 from AY2425S2-CS2103T-T15-2/Update_Grade","messageBody":"Fix Grade bugs","fileTypesAndContributionMap":{}}]}],"ypuppy":[{"date":"2025-04-07","commitResults":[{"hash":"dd804b4187766e5ca756c3b7eda9cb0e256608ab","isMergeCommit":false,"messageTitle":"Fix duplicated check bug","messageBody":"","fileTypesAndContributionMap":{"functional-code":{"insertions":18,"deletions":8},"test-code":{"insertions":16,"deletions":10}}},{"hash":"1f3aac5d7bbce34d1f993a40781e986fa3766e54","isMergeCommit":false,"messageTitle":"Fix checkstyle","messageBody":"","fileTypesAndContributionMap":{"functional-code":{"insertions":0,"deletions":6}}},{"hash":"98f80ba4e267919e730c17a77389f5467c8fa8d8","isMergeCommit":false,"messageTitle":"Add testcases","messageBody":"","fileTypesAndContributionMap":{"test-code":{"insertions":39,"deletions":0}}},{"hash":"de4cd6fed28ddca59e690e87073479b1008ccf39","isMergeCommit":false,"messageTitle":"Fix UserGuide issues","messageBody":"","fileTypesAndContributionMap":{"docs":{"insertions":15,"deletions":2}}},{"hash":"efdd6a71a0075e6f56526a06fa9ec84b4be4adfb","isMergeCommit":false,"messageTitle":"enhance logic","messageBody":"","fileTypesAndContributionMap":{"functional-code":{"insertions":3,"deletions":1},"test-code":{"insertions":27,"deletions":0}}},{"hash":"e76b2e1eb735e91cdd2895f12fd5d53a94d3b996","isMergeCommit":false,"messageTitle":"Fix Grade bugs","messageBody":"","fileTypesAndContributionMap":{"functional-code":{"insertions":45,"deletions":3},"test-code":{"insertions":83,"deletions":0}}},{"hash":"7489e3e70ce7523538ef81a20ab49292e906f93d","isMergeCommit":false,"messageTitle":"Fix checkstyle","messageBody":"","fileTypesAndContributionMap":{"functional-code":{"insertions":1,"deletions":1}}},{"hash":"5be898f8d15fbca5cf7177d669abdd1e603d595a","isMergeCommit":false,"messageTitle":"Add testcases","messageBody":"","fileTypesAndContributionMap":{"test-code":{"insertions":63,"deletions":0}}}]}],"heyitssakinah":[{"date":"2025-04-06","commitResults":[{"hash":"201ecffa8373fafbf6f4dd589e2592ec7de4e694","isMergeCommit":false,"messageTitle":"Fix grouping logic to regroup correctly after delete","messageBody":"","fileTypesAndContributionMap":{"functional-code":{"insertions":1,"deletions":1},"test-code":{"insertions":3,"deletions":0}}},{"hash":"009788a38a0146d7a605bc09eb774a06e31d16e3","isMergeCommit":false,"messageTitle":"Update user guide","messageBody":"","fileTypesAndContributionMap":{"docs":{"insertions":10,"deletions":4}}},{"hash":"5b4b3274caedb547a1a6933126a970c6c4c31b64","isMergeCommit":true,"messageTitle":"Merge branch \u0027master\u0027 into docs/sakinah/user-guide-update","messageBody":"","fileTypesAndContributionMap":{}},{"hash":"03266d2e3f0efcc17023e1106cbfbb4943882954","isMergeCommit":false,"messageTitle":"Update DG","messageBody":"","fileTypesAndContributionMap":{"docs":{"insertions":2,"deletions":2}}},{"hash":"89fe2743d36cb7ac530b2690b773c9cc475b9f34","isMergeCommit":true,"messageTitle":"Merge pull request #192 from AY2425S2-CS2103T-T15-2/docs/sakinah/DG-update","messageBody":"Update DG","fileTypesAndContributionMap":{}},{"hash":"d2aaee5e7af45766c3bc83aefd65f8db34862127","isMergeCommit":false,"messageTitle":"Update seed data in SampleDataUtil to include Studygroup tags","messageBody":"","fileTypesAndContributionMap":{"functional-code":{"insertions":20,"deletions":20}}}]}],"sreelakshmiharidos":[{"date":"2025-04-07","commitResults":[{"hash":"d8eb51ff4f96db582c56e7524433cff7f2f160fa","isMergeCommit":true,"messageTitle":"Merge pull request #194 from AY2425S2-CS2103T-T15-2/docs/farhan/ug-dg-updates","messageBody":"Update User Guide to show bef/aft commands","fileTypesAndContributionMap":{}},{"hash":"e29aa04df4a1dde8abc5273bef016f6d3756a902","isMergeCommit":true,"messageTitle":"Merge pull request #190 from AY2425S2-CS2103T-T15-2/bug/farhan/ped-fixes","messageBody":"Bug Fixes for PED (UI)","fileTypesAndContributionMap":{}}]}]},"authorFileTypeContributionMap":{"farhan-navas":{"docs":288,"functional-code":22,"test-code":0},"ypuppy":{"docs":15,"functional-code":55,"test-code":226},"heyitssakinah":{"docs":5,"functional-code":21,"test-code":3},"sreelakshmiharidos":{"docs":0,"functional-code":0,"test-code":0}},"authorContributionVariance":{"farhan-navas":40489.0,"ypuppy":21802.688,"heyitssakinah":744.1875,"sreelakshmiharidos":0.0},"authorDisplayNameMap":{"farhan-navas":"CS2103T-T15-2 MOHA..RHAN","ypuppy":"CS2103T-T15-2 YIN .. CAN","heyitssakinah":"CS2103T-T15-2 NUR ..DDIN","sreelakshmiharidos":"CS2103T-T15-2 HARI..SHMI"}}
