{"authorDailyContributionsMap":{"botosek":[],"tadacheng":[{"date":"2025-04-05","commitResults":[{"hash":"b542066a9a3d14bb092f13a363e33343b735b522","isMergeCommit":true,"messageTitle":"Merge pull request #251 from deberinoo/bugs-schedule","messageBody":"Fix schedule commands in UG, improved response message","fileTypesAndContributionMap":{}},{"hash":"9e81da59e98d872e41789467e0832a76086d38c1","isMergeCommit":false,"messageTitle":"Fix PE-D bugs relating to documentation","messageBody":"","fileTypesAndContributionMap":{"docs":{"insertions":15,"deletions":5}}},{"hash":"47ecc70518e8380874441d49f5213fbe180afcaf","isMergeCommit":false,"messageTitle":"Fix minor code issues","messageBody":"","fileTypesAndContributionMap":{"functional-code":{"insertions":2,"deletions":2}}}]},{"date":"2025-04-07","commitResults":[{"hash":"0ca4a23b1912ae506eb72f8e54f990363fc6a201","isMergeCommit":false,"messageTitle":"Fix more PED bugs","messageBody":"","fileTypesAndContributionMap":{"functional-code":{"insertions":3,"deletions":2},"docs":{"insertions":14,"deletions":13}}},{"hash":"8e2387732b6929a79be9056c12bab61d8fca7789","isMergeCommit":false,"messageTitle":"Fix test","messageBody":"","fileTypesAndContributionMap":{"functional-code":{"insertions":4,"deletions":1}}},{"hash":"5a4e85fc89fdd77fa1c3768aa6fe6b007a8664f2","isMergeCommit":false,"messageTitle":"Remove switch in list","messageBody":"","fileTypesAndContributionMap":{"functional-code":{"insertions":1,"deletions":10}}},{"hash":"e91d704763d2ff3742370d207c0bd960eaefb5f2","isMergeCommit":true,"messageTitle":"Merge pull request #254 from xenyeo/fix-invalid-name","messageBody":"Update name field to only accept alphabets","fileTypesAndContributionMap":{}},{"hash":"b9e1cf663f169c42bdf26ccdb44c004fb8016357","isMergeCommit":true,"messageTitle":"Merge pull request #255 from xenyeo/update-dg-usecase","messageBody":"Update use case to remove internal implementation","fileTypesAndContributionMap":{}}]}],"deberinoo":[{"date":"2025-04-05","commitResults":[{"hash":"f57dccfc14f9406af6ef24c31a3151c7f4731604","isMergeCommit":false,"messageTitle":"Fix schedule commands in UG, improved response message","messageBody":"","fileTypesAndContributionMap":{"functional-code":{"insertions":3,"deletions":4},"docs":{"insertions":7,"deletions":4}}},{"hash":"9cdbc343793daaa63720f06988812f7c9f106139","isMergeCommit":true,"messageTitle":"Merge pull request #252 from tadacheng/branch-fix-ped-bugs","messageBody":"Fix ped bugs","fileTypesAndContributionMap":{}}]}],"dnardnar":[],"xenyeo":[{"date":"2025-04-07","commitResults":[{"hash":"d0a5ee2c372fb49e22b58bb3b1571e7885846872","isMergeCommit":false,"messageTitle":"Update name field to only accept alphabets","messageBody":"","fileTypesAndContributionMap":{"functional-code":{"insertions":2,"deletions":2},"test-code":{"insertions":3,"deletions":3}}},{"hash":"fbb8152ae5b0f875f0df9bc9175bcc2a5a9cfa27","isMergeCommit":false,"messageTitle":"Fix test case","messageBody":"","fileTypesAndContributionMap":{"test-code":{"insertions":2,"deletions":2}}},{"hash":"42a4d28864b4674518b048599be63eb7b5925680","isMergeCommit":true,"messageTitle":"Merge pull request #253 from tadacheng/branch-fix-ped-2","messageBody":"Fix more PED bugs","fileTypesAndContributionMap":{}},{"hash":"310bf2be7c797c2d7f81c5143e62906e5611ba53","isMergeCommit":false,"messageTitle":"Update use case to remove internal implementation","messageBody":"","fileTypesAndContributionMap":{"docs":{"insertions":1,"deletions":1}}}]}]},"authorFileTypeContributionMap":{"botosek":{"docs":0,"functional-code":0,"test-code":0},"tadacheng":{"docs":19,"functional-code":5,"test-code":0},"deberinoo":{"docs":7,"functional-code":3,"test-code":0},"dnardnar":{"docs":0,"functional-code":0,"test-code":0},"xenyeo":{"docs":1,"functional-code":2,"test-code":5}},"authorContributionVariance":{"botosek":0.0,"tadacheng":384.0,"deberinoo":72.0,"dnardnar":0.0,"xenyeo":56.888885},"authorDisplayNameMap":{"botosek":"CS2103-F09-2 SEAN..KIAT","tadacheng":"CS2103-F09-2 TANG..HENG","deberinoo":"CS2103-F09-2 LU Y..ORAH","dnardnar":"CS2103-F09-2 PHIL.. HEW","xenyeo":"CS2103-F09-2 YEO .. WEN"}}
