{"authorDailyContributionsMap":{"curiousfun88":[{"date":"2025-04-06","commitResults":[{"hash":"1e801afa087ddd12282d4ac77cd4165e3d1ce5fb","isMergeCommit":false,"messageTitle":"add documentation edits","messageBody":"","fileTypesAndContributionMap":{"docs":{"insertions":34,"deletions":9}}},{"hash":"fb33ce6fa7515b98522f80a5a5fc479bc69d9e91","isMergeCommit":false,"messageTitle":"add more edits","messageBody":"","fileTypesAndContributionMap":{"docs":{"insertions":4,"deletions":4}}},{"hash":"a9560b5ff2fbace88dd89ad52aad84350205116f","isMergeCommit":false,"messageTitle":"add more edits","messageBody":"","fileTypesAndContributionMap":{"docs":{"insertions":1,"deletions":1}}},{"hash":"3a9d8f1ca9787faa5390f18e596ad7fd24564cda","isMergeCommit":false,"messageTitle":"add more edits","messageBody":"","fileTypesAndContributionMap":{"docs":{"insertions":261,"deletions":38}}}]}],"sciphi-123":[{"date":"2025-04-07","commitResults":[{"hash":"7ff093248df88d3f942e2b681c1e045e840958fb","isMergeCommit":false,"messageTitle":"Add edits to DG","messageBody":"","fileTypesAndContributionMap":{"docs":{"insertions":25,"deletions":0}}},{"hash":"6d4c7449479ed7279d54f6f4ca766f632e65f8de","isMergeCommit":false,"messageTitle":"Add minor edits","messageBody":"","fileTypesAndContributionMap":{"docs":{"insertions":3,"deletions":3}}},{"hash":"7a9f5a255cc0bd9d0a5d9f8c3e7386e3e4bd6970","isMergeCommit":true,"messageTitle":"Merge pull request #209 from sciphi-123/add-dg-ug-edits","messageBody":"Add edits to DG","fileTypesAndContributionMap":{}}]}],"J4Joshua":[{"date":"2025-04-07","commitResults":[{"hash":"f038ac108cecc1284aa2ec5d5adb75c5a3f831eb","isMergeCommit":false,"messageTitle":"fix","messageBody":"","fileTypesAndContributionMap":{"functional-code":{"insertions":0,"deletions":4}}},{"hash":"f5d49a5520bb22cabdfdf669ed7b03de92e93303","isMergeCommit":false,"messageTitle":"fix update ug","messageBody":"","fileTypesAndContributionMap":{"docs":{"insertions":0,"deletions":5}}},{"hash":"a8420e36e8b33071aaddf786195594555ff83fc9","isMergeCommit":false,"messageTitle":"fix ug","messageBody":"","fileTypesAndContributionMap":{"docs":{"insertions":2,"deletions":0}}},{"hash":"925eb1aed7ea61410e61b64d72a2ff7d115db59c","isMergeCommit":true,"messageTitle":"Merge pull request #207 from J4Joshua/branch-ped-fix","messageBody":"fix ped bugs","fileTypesAndContributionMap":{}}]}],"FooNicholas":[{"date":"2025-04-07","commitResults":[{"hash":"5d119344ff4b72725632497a0ab130c56d93a111","isMergeCommit":false,"messageTitle":"Add new error messages for list and sort commands","messageBody":"","fileTypesAndContributionMap":{"functional-code":{"insertions":59,"deletions":46},"test-code":{"insertions":107,"deletions":79}}},{"hash":"6369547786f3dd3651df59ab491c6989fecdf38c","isMergeCommit":false,"messageTitle":"Add input restriction and sequence diagram for DeleteClientMult","messageBody":"","fileTypesAndContributionMap":{"functional-code":{"insertions":12,"deletions":6},"docs":{"insertions":66,"deletions":0},"test-code":{"insertions":64,"deletions":80}}},{"hash":"cc0c6667fd63c865b07522affe4716834839cda8","isMergeCommit":false,"messageTitle":"Fine tune error messages and UG updates","messageBody":"","fileTypesAndContributionMap":{"functional-code":{"insertions":77,"deletions":69},"docs":{"insertions":22,"deletions":4},"test-code":{"insertions":57,"deletions":54}}}]}],"Sean-G-Han":[{"date":"2025-04-07","commitResults":[{"hash":"7e6cd4a52651fb86881f3d23282c3347e3aecf3e","isMergeCommit":false,"messageTitle":"Add a memo under addc on how duplicates are handled","messageBody":"","fileTypesAndContributionMap":{"docs":{"insertions":6,"deletions":8}}},{"hash":"c550346dc4a6ec3528444c42226d777f78f463cb","isMergeCommit":true,"messageTitle":"Merge pull request #202 from curiousfun88/finishing-edits","messageBody":"Update UG and DG ","fileTypesAndContributionMap":{}},{"hash":"74f43b832a879340af87d011027eab34815cb745","isMergeCommit":true,"messageTitle":"Merge pull request #203 from Sean-G-Han/tips-on-dupplicate-handling","messageBody":"Add a memo under addc on how duplicates are handled","fileTypesAndContributionMap":{}},{"hash":"d7add2dc895abf6e58d6e5c2753fb01eace2033e","isMergeCommit":true,"messageTitle":"Merge branch \u0027master\u0027 into branch-PE_D-Bugfix","messageBody":"","fileTypesAndContributionMap":{}},{"hash":"1512458c2c5209f089bbad5afa66f3154ea7297e","isMergeCommit":true,"messageTitle":"Merge pull request #204 from FooNicholas/branch-PE_D-Bugfix","messageBody":"Fix Documentation Bugs and Error Messages for Commands","fileTypesAndContributionMap":{}}]}]},"authorFileTypeContributionMap":{"curiousfun88":{"docs":283,"functional-code":0,"test-code":0},"sciphi-123":{"docs":25,"functional-code":0,"test-code":0},"J4Joshua":{"docs":2,"functional-code":0,"test-code":0},"FooNicholas":{"docs":87,"functional-code":38,"test-code":46},"Sean-G-Han":{"docs":6,"functional-code":0,"test-code":0}},"authorContributionVariance":{"curiousfun88":27534.22,"sciphi-123":213.55556,"J4Joshua":26.888887,"FooNicholas":142934.2,"Sean-G-Han":43.555557},"authorDisplayNameMap":{"curiousfun88":"CS2103T-W12-2 LAE ..STYN","sciphi-123":"CS2103T-W12-2 BEK ..HUAN","J4Joshua":"CS2103T-W12-2 JOSH.. JIE","FooNicholas":"CS2103T-W12-2 FOO ..OLAS","Sean-G-Han":"CS2103T-W12-2 TAN .. HAN"}}
