{"authorDailyContributionsMap":{"curiousfun88":[{"date":"2025-04-06","commitResults":[{"hash":"1e801afa087ddd12282d4ac77cd4165e3d1ce5fb","isMergeCommit":false,"messageTitle":"add documentation edits","messageBody":"","fileTypesAndContributionMap":{"docs":{"insertions":34,"deletions":9}}},{"hash":"fb33ce6fa7515b98522f80a5a5fc479bc69d9e91","isMergeCommit":false,"messageTitle":"add more edits","messageBody":"","fileTypesAndContributionMap":{"docs":{"insertions":4,"deletions":4}}},{"hash":"a9560b5ff2fbace88dd89ad52aad84350205116f","isMergeCommit":false,"messageTitle":"add more edits","messageBody":"","fileTypesAndContributionMap":{"docs":{"insertions":1,"deletions":1}}},{"hash":"3a9d8f1ca9787faa5390f18e596ad7fd24564cda","isMergeCommit":false,"messageTitle":"add more edits","messageBody":"","fileTypesAndContributionMap":{"docs":{"insertions":261,"deletions":38}}}]},{"date":"2025-04-07","commitResults":[{"hash":"aa00613b2d19300f92381406cd00f7b3ed040853","isMergeCommit":false,"messageTitle":"add more UG and DG edits","messageBody":"","fileTypesAndContributionMap":{"docs":{"insertions":58,"deletions":25}}}]},{"date":"2025-04-08","commitResults":[{"hash":"a9be9b54ab761fa5513ca6f1444541213a66362f","isMergeCommit":false,"messageTitle":"add minor last edits","messageBody":"","fileTypesAndContributionMap":{"docs":{"insertions":1,"deletions":1}}},{"hash":"647f645b86e08a4458999ae4de56e9ca3d7e035b","isMergeCommit":false,"messageTitle":"add more minor edits","messageBody":"","fileTypesAndContributionMap":{"docs":{"insertions":2,"deletions":2}}},{"hash":"f29a4f75f02d27edfcb31d8edf38351e49ba2528","isMergeCommit":false,"messageTitle":"add more minor edits","messageBody":"","fileTypesAndContributionMap":{"docs":{"insertions":1,"deletions":1}}},{"hash":"fedd528555cea1476600fcf93793f1ff7bfd4360","isMergeCommit":true,"messageTitle":"Merge branch \u0027master\u0027 into finishing-edits","messageBody":"","fileTypesAndContributionMap":{}},{"hash":"034e3532d6eb384e326ca146d5bd5391905b2999","isMergeCommit":true,"messageTitle":"Merge pull request #217 from curiousfun88/finishing-edits","messageBody":"add minor last edits to DG","fileTypesAndContributionMap":{}},{"hash":"33202a9d67909946286e44d0acff6d59212d8d54","isMergeCommit":false,"messageTitle":"add minor edits","messageBody":"","fileTypesAndContributionMap":{"docs":{"insertions":3,"deletions":3}}},{"hash":"7f5440bf613f673239a8468819abff6eb5bf56e4","isMergeCommit":true,"messageTitle":"Merge branch \u0027master\u0027 of https://github.com/AY2425S2-CS2103T-W12-2/tp into finishing-edits","messageBody":"","fileTypesAndContributionMap":{}},{"hash":"d0bd9b4f36e384efc1edc5115e838a637aa88778","isMergeCommit":false,"messageTitle":"add more minor edits","messageBody":"","fileTypesAndContributionMap":{"docs":{"insertions":3,"deletions":3}}},{"hash":"ac14885bb60a530b6afb160825308e2966b58105","isMergeCommit":false,"messageTitle":"add more minor edits 2","messageBody":"","fileTypesAndContributionMap":{"docs":{"insertions":5,"deletions":10}}},{"hash":"85808065c5a3f7cd4e28ffaffb2030c3a7f6e5a5","isMergeCommit":false,"messageTitle":"add more minor edits 3","messageBody":"","fileTypesAndContributionMap":{"docs":{"insertions":5,"deletions":5}}},{"hash":"c041c297c1e73e9bfcd33cad3a30f0e968425926","isMergeCommit":true,"messageTitle":"Merge pull request #219 from curiousfun88/finishing-edits","messageBody":"minor edits to UG and DG","fileTypesAndContributionMap":{}},{"hash":"4c29fd8ef0634ea15aaed2f40e2d66d1661603c5","isMergeCommit":false,"messageTitle":"add more minor edits","messageBody":"","fileTypesAndContributionMap":{"docs":{"insertions":7,"deletions":7}}},{"hash":"c03ba516c218a68dca5c4c4d1121b37329b7a4c1","isMergeCommit":true,"messageTitle":"Merge pull request #220 from curiousfun88/finishing-edits","messageBody":"add last edits ","fileTypesAndContributionMap":{}}]}],"sciphi-123":[{"date":"2025-04-07","commitResults":[{"hash":"7ff093248df88d3f942e2b681c1e045e840958fb","isMergeCommit":false,"messageTitle":"Add edits to DG","messageBody":"","fileTypesAndContributionMap":{"docs":{"insertions":25,"deletions":0}}},{"hash":"6d4c7449479ed7279d54f6f4ca766f632e65f8de","isMergeCommit":false,"messageTitle":"Add minor edits","messageBody":"","fileTypesAndContributionMap":{"docs":{"insertions":3,"deletions":3}}},{"hash":"7a9f5a255cc0bd9d0a5d9f8c3e7386e3e4bd6970","isMergeCommit":true,"messageTitle":"Merge pull request #209 from sciphi-123/add-dg-ug-edits","messageBody":"Add edits to DG","fileTypesAndContributionMap":{}}]}],"J4Joshua":[{"date":"2025-04-07","commitResults":[{"hash":"f038ac108cecc1284aa2ec5d5adb75c5a3f831eb","isMergeCommit":false,"messageTitle":"fix","messageBody":"","fileTypesAndContributionMap":{"functional-code":{"insertions":0,"deletions":4}}},{"hash":"f5d49a5520bb22cabdfdf669ed7b03de92e93303","isMergeCommit":false,"messageTitle":"fix update ug","messageBody":"","fileTypesAndContributionMap":{"docs":{"insertions":0,"deletions":5}}},{"hash":"a8420e36e8b33071aaddf786195594555ff83fc9","isMergeCommit":false,"messageTitle":"fix ug","messageBody":"","fileTypesAndContributionMap":{"docs":{"insertions":2,"deletions":0}}},{"hash":"925eb1aed7ea61410e61b64d72a2ff7d115db59c","isMergeCommit":true,"messageTitle":"Merge pull request #207 from J4Joshua/branch-ped-fix","messageBody":"fix ped bugs","fileTypesAndContributionMap":{}}]},{"date":"2025-04-08","commitResults":[{"hash":"a44e3af812199a86639f7652bdfb4791aab7e040","isMergeCommit":false,"messageTitle":"fix","messageBody":"","fileTypesAndContributionMap":{"docs":{"insertions":1,"deletions":1}}},{"hash":"577cdbc0730b4c906abef49851bf4d68b68048c5","isMergeCommit":false,"messageTitle":"fix","messageBody":"","fileTypesAndContributionMap":{"docs":{"insertions":1,"deletions":1}}},{"hash":"4d3318c6c5a077440c0518cec541ba17847ff1c1","isMergeCommit":false,"messageTitle":"fix","messageBody":"","fileTypesAndContributionMap":{"docs":{"insertions":1,"deletions":0}}},{"hash":"31421c437b692058ba29fddf16bd4ffa145521fb","isMergeCommit":true,"messageTitle":"Merge pull request #213 from J4Joshua/branch-fix-ug","messageBody":"Branch fix ug","fileTypesAndContributionMap":{}}]}],"FooNicholas":[{"date":"2025-04-07","commitResults":[{"hash":"5d119344ff4b72725632497a0ab130c56d93a111","isMergeCommit":false,"messageTitle":"Add new error messages for list and sort commands","messageBody":"","fileTypesAndContributionMap":{"functional-code":{"insertions":59,"deletions":46},"test-code":{"insertions":107,"deletions":79}}},{"hash":"6369547786f3dd3651df59ab491c6989fecdf38c","isMergeCommit":false,"messageTitle":"Add input restriction and sequence diagram for DeleteClientMult","messageBody":"","fileTypesAndContributionMap":{"functional-code":{"insertions":12,"deletions":6},"docs":{"insertions":66,"deletions":0},"test-code":{"insertions":64,"deletions":80}}},{"hash":"cc0c6667fd63c865b07522affe4716834839cda8","isMergeCommit":false,"messageTitle":"Fine tune error messages and UG updates","messageBody":"","fileTypesAndContributionMap":{"functional-code":{"insertions":77,"deletions":69},"docs":{"insertions":22,"deletions":4},"test-code":{"insertions":57,"deletions":54}}}]},{"date":"2025-04-08","commitResults":[{"hash":"393962044db4e45c65457f23055b289222507050","isMergeCommit":false,"messageTitle":"Add touchups for UG and DG","messageBody":"","fileTypesAndContributionMap":{"docs":{"insertions":16,"deletions":6}}},{"hash":"fd8ce5f12e33a268b7904f7ad4992e49d5f98d15","isMergeCommit":true,"messageTitle":"Merge pull request #216 from FooNicholas/branch-DocUpdate","messageBody":"Add touchups for UG and DG","fileTypesAndContributionMap":{}},{"hash":"b7da9907b13fa369fdb49008fd0fe46209e7581b","isMergeCommit":false,"messageTitle":"Add minor fix to DG","messageBody":"","fileTypesAndContributionMap":{"docs":{"insertions":1,"deletions":1}}},{"hash":"44e1d685469e9b1395e7d50d5b0b9666c743b168","isMergeCommit":true,"messageTitle":"Merge pull request #218 from FooNicholas/branch-DGFix","messageBody":"Add minor fix to DG","fileTypesAndContributionMap":{}}]}],"Sean-G-Han":[{"date":"2025-04-07","commitResults":[{"hash":"7e6cd4a52651fb86881f3d23282c3347e3aecf3e","isMergeCommit":false,"messageTitle":"Add a memo under addc on how duplicates are handled","messageBody":"","fileTypesAndContributionMap":{"docs":{"insertions":6,"deletions":8}}},{"hash":"c550346dc4a6ec3528444c42226d777f78f463cb","isMergeCommit":true,"messageTitle":"Merge pull request #202 from curiousfun88/finishing-edits","messageBody":"Update UG and DG ","fileTypesAndContributionMap":{}},{"hash":"74f43b832a879340af87d011027eab34815cb745","isMergeCommit":true,"messageTitle":"Merge pull request #203 from Sean-G-Han/tips-on-dupplicate-handling","messageBody":"Add a memo under addc on how duplicates are handled","fileTypesAndContributionMap":{}},{"hash":"d7add2dc895abf6e58d6e5c2753fb01eace2033e","isMergeCommit":true,"messageTitle":"Merge branch \u0027master\u0027 into branch-PE_D-Bugfix","messageBody":"","fileTypesAndContributionMap":{}},{"hash":"1512458c2c5209f089bbad5afa66f3154ea7297e","isMergeCommit":true,"messageTitle":"Merge pull request #204 from FooNicholas/branch-PE_D-Bugfix","messageBody":"Fix Documentation Bugs and Error Messages for Commands","fileTypesAndContributionMap":{}},{"hash":"4cc1cadbfe8037b41d0fd1fdd73ce611eb078f43","isMergeCommit":false,"messageTitle":"Fix formating issues","messageBody":"","fileTypesAndContributionMap":{"docs":{"insertions":70,"deletions":25}}},{"hash":"155a23e4fcafb866b8b9b28b2d347feaa2224c46","isMergeCommit":false,"messageTitle":"Add Manual Testing for Priority and Find","messageBody":"","fileTypesAndContributionMap":{"docs":{"insertions":47,"deletions":44}}},{"hash":"5f07700a12ffa605d2f8a68c9e0396789de24c86","isMergeCommit":false,"messageTitle":"Update UG format","messageBody":"","fileTypesAndContributionMap":{"docs":{"insertions":13,"deletions":32}}},{"hash":"e96059aa448c5fd178987378c36fddd257854a18","isMergeCommit":false,"messageTitle":"Update PUML diagrams","messageBody":"","fileTypesAndContributionMap":{"docs":{"insertions":9,"deletions":0}}},{"hash":"d345dd685a3775a6f0117798a023bd82589b0ec9","isMergeCommit":true,"messageTitle":"Merge pull request #210 from Sean-G-Han/ug-update","messageBody":"Fix formating issues in UG","fileTypesAndContributionMap":{}}]},{"date":"2025-04-08","commitResults":[{"hash":"318597e010c2056a0ab858b16bfc49ccb6fb8350","isMergeCommit":true,"messageTitle":"Merge pull request #211 from Sean-G-Han/Add-Manual-Testing","messageBody":"Add Manual Testing for Priority and Find","fileTypesAndContributionMap":{}},{"hash":"43566a826faf45bf610181e1763f29483b6b53df","isMergeCommit":true,"messageTitle":"Merge branch \u0027master\u0027 into finishing-edits","messageBody":"","fileTypesAndContributionMap":{}},{"hash":"d4ccecbd2d930af4bee0fb27c16682e8fb5ed9c8","isMergeCommit":true,"messageTitle":"Merge pull request #212 from curiousfun88/finishing-edits","messageBody":"add manual testing for add, delete and UG improvements ","fileTypesAndContributionMap":{}},{"hash":"f3e8237ea640e35be28fd860e710304309e66787","isMergeCommit":false,"messageTitle":"Update to Final UG","messageBody":"","fileTypesAndContributionMap":{"docs":{"insertions":13,"deletions":4}}},{"hash":"828edf8910cb1ffbcda6efd71a0dbbca6d038d04","isMergeCommit":true,"messageTitle":"Merge pull request #215 from Sean-G-Han/ug-update-2","messageBody":"Update to Final UG","fileTypesAndContributionMap":{}}]}]},"authorFileTypeContributionMap":{"curiousfun88":{"docs":309,"functional-code":0,"test-code":0},"sciphi-123":{"docs":24,"functional-code":0,"test-code":0},"J4Joshua":{"docs":2,"functional-code":0,"test-code":0},"FooNicholas":{"docs":95,"functional-code":38,"test-code":46},"Sean-G-Han":{"docs":127,"functional-code":0,"test-code":0}},"authorContributionVariance":{"curiousfun88":18316.25,"sciphi-123":180.1875,"J4Joshua":20.5,"FooNicholas":118302.75,"Sean-G-Han":11611.1875},"authorDisplayNameMap":{"curiousfun88":"CS2103T-W12-2 LAE ..STYN","sciphi-123":"CS2103T-W12-2 BEK ..HUAN","J4Joshua":"CS2103T-W12-2 JOSH.. JIE","FooNicholas":"CS2103T-W12-2 FOO ..OLAS","Sean-G-Han":"CS2103T-W12-2 TAN .. HAN"}}
