{"authorDailyContributionsMap":{"caando":[{"date":"2025-04-07","commitResults":[{"hash":"ec5e023f579132204ea76ceeef9104d7b234c098","isMergeCommit":false,"messageTitle":"fix: Ignore case for email","messageBody":"","fileTypesAndContributionMap":{"functional-code":{"insertions":1,"deletions":1}}},{"hash":"23a637a016f477ec90c70f5d5957e2460f91b8d5","isMergeCommit":false,"messageTitle":"fix: Show criteria when no person found for DeleteByCommand","messageBody":"","fileTypesAndContributionMap":{"functional-code":{"insertions":3,"deletions":1}}},{"hash":"b12e0ff4507097ac38a05f2afc2adb06e6275c0a","isMergeCommit":false,"messageTitle":"fix: deleteby category","messageBody":"","fileTypesAndContributionMap":{"functional-code":{"insertions":2,"deletions":1}}},{"hash":"c6398a887f877a9b39be3eab5a4d8c1cce410e19","isMergeCommit":false,"messageTitle":"fix: show message constraint for addnote on invalid note","messageBody":"","fileTypesAndContributionMap":{"functional-code":{"insertions":6,"deletions":1}}},{"hash":"3c198d49d5ef861cabcb6c6917c3ebaae1ee181f","isMergeCommit":false,"messageTitle":"test: Add test for exceed max note length","messageBody":"","fileTypesAndContributionMap":{"functional-code":{"insertions":1,"deletions":1},"test-code":{"insertions":11,"deletions":0}}},{"hash":"8edd6ae559d224256605f0b538b8498e6cd31fee","isMergeCommit":false,"messageTitle":"refactor: Rename instances of addressbook to trackup","messageBody":"","fileTypesAndContributionMap":{"functional-code":{"insertions":1,"deletions":1},"test-code":{"insertions":1,"deletions":1}}}]}],"juneha1120":[{"date":"2025-04-06","commitResults":[{"hash":"d805038c73637e567637bad13016d3353897476b","isMergeCommit":false,"messageTitle":"fix: Edit accelarator logic for week navigation shortcut to work properly","messageBody":"","fileTypesAndContributionMap":{"functional-code":{"insertions":28,"deletions":22}}},{"hash":"0fec9693b6fe1ef33d00144e26706e1b4f55654b","isMergeCommit":false,"messageTitle":"fix: Edit MainWindow.fxml to set sizes for panes with events and contacts","messageBody":"","fileTypesAndContributionMap":{"functional-code":{"insertions":3,"deletions":3}}},{"hash":"1ffa496d6724145fde8392fd0aad2f5ae623cb9b","isMergeCommit":false,"messageTitle":"fix: Edit MainWindow.fxml to set sizes for panes with events and contacts","messageBody":"","fileTypesAndContributionMap":{"functional-code":{"insertions":3,"deletions":3}}},{"hash":"d087f84e9b1a64514c2aa446f62bbd953766be5a","isMergeCommit":false,"messageTitle":"fix: Add larger padding for category label","messageBody":"","fileTypesAndContributionMap":{"functional-code":{"insertions":1,"deletions":1}}},{"hash":"2f0115f274d2110da3244c074b8c351ae9631cee","isMergeCommit":false,"messageTitle":"fix: Edit tag label to have max width and wrapping enabled","messageBody":"","fileTypesAndContributionMap":{"functional-code":{"insertions":3,"deletions":0}}},{"hash":"39570d8e3787f9c533bc80daca11625c072f9c54","isMergeCommit":true,"messageTitle":"Merge pull request #207 from juneha1120/fix-Calendar-Navigation","messageBody":"fix: Edit accelarator logic for week navigation shortcut to work properly","fileTypesAndContributionMap":{}},{"hash":"db0479fbe401e31ebf271081afc31ba40a4bbd12","isMergeCommit":true,"messageTitle":"Merge pull request #208 from juneha1120/fix-UI-empty-space","messageBody":"fix: Edit MainWindow.fxml to set sizes for panes with events and contacts","fileTypesAndContributionMap":{}},{"hash":"1d4919191db9432a6a54ae8befe329c181168c3c","isMergeCommit":true,"messageTitle":"Merge pull request #209 from juneha1120/fix-Category-text-label-shrinked","messageBody":"fix: Add larger padding for category label","fileTypesAndContributionMap":{}},{"hash":"14b734c09dfe634a875a75538ef4a620dd523077","isMergeCommit":true,"messageTitle":"Merge pull request #210 from juneha1120/fix-Tag-text-overrun","messageBody":"fix: Edit tag label to have max width and wrapping enabled","fileTypesAndContributionMap":{}},{"hash":"617883bc0f15d7506747a9e30c33bda9a01ad9f7","isMergeCommit":true,"messageTitle":"Merge branch \u0027master\u0027 of https://github.com/juneha1120/tp","messageBody":"","fileTypesAndContributionMap":{}},{"hash":"f814b463c7befb33ac61fdc119702633cbee4bf2","isMergeCommit":false,"messageTitle":"fix: Edit command usages for consistency with UG","messageBody":"","fileTypesAndContributionMap":{"functional-code":{"insertions":86,"deletions":78}}},{"hash":"4ba3e0b5aa07d1acdca07f58a7acffaf0ab87067","isMergeCommit":false,"messageTitle":"fix: Edit HelpCommand for better clarity when displaying help message","messageBody":"","fileTypesAndContributionMap":{"functional-code":{"insertions":40,"deletions":41},"test-code":{"insertions":15,"deletions":43}}},{"hash":"249905a33cf7242852da7ffed8f0c275643a6f21","isMergeCommit":false,"messageTitle":"docs: Edit UG for better consistency and fixing duplicates","messageBody":"","fileTypesAndContributionMap":{"docs":{"insertions":55,"deletions":114}}},{"hash":"8a9c541afa15a4bfbc0468863d36b64d9a5db994","isMergeCommit":false,"messageTitle":"docs: Fix examples for sort command","messageBody":"","fileTypesAndContributionMap":{"docs":{"insertions":3,"deletions":3}}},{"hash":"1402e0bf4f651ce0e991004ccf524de582d2c1c2","isMergeCommit":true,"messageTitle":"Merge pull request #212 from arshinsikka/fix-clear-message-branding","messageBody":"Fix clear command message to reflect product name \u0027TrackUp\u0027","fileTypesAndContributionMap":{}},{"hash":"a2120cbb1cf59d8437c11c2cfda51b3afbfaa00a","isMergeCommit":true,"messageTitle":"Merge pull request #213 from arshinsikka/fix-sort-command-ug-docs","messageBody":"Fix UG: Remove invalid sort command example with multiple fields","fileTypesAndContributionMap":{}},{"hash":"d0792c4eb25ca993704ccc56146a7cfaa0bc8c95","isMergeCommit":true,"messageTitle":"Merge pull request #215 from arshinsikka/fix-disallow-numeric-name-clean","messageBody":"Disallow numeric-only names in AddCommand (cherry-pick)","fileTypesAndContributionMap":{}},{"hash":"3f5dbfe7afe39fbacc6c9ffb5f917fb59af1fdb1","isMergeCommit":true,"messageTitle":"Merge pull request #216 from arshinsikka/fix-email-validation-ped192","messageBody":"Fix email validation to reject invalid domain formats","fileTypesAndContributionMap":{}},{"hash":"929a30f82cd0875d4b6a4b4d40353aed26eb3aae","isMergeCommit":true,"messageTitle":"Merge branch \u0027master\u0027 into docs-v1.6-Update-UG","messageBody":"","fileTypesAndContributionMap":{}},{"hash":"b7249b01357b7eaab4a2c79e4f03ce05bf74e372","isMergeCommit":false,"messageTitle":"test: Improve test coverage","messageBody":"","fileTypesAndContributionMap":{"test-code":{"insertions":33,"deletions":0}}},{"hash":"188fad32d98deacd3d6ff1e560ee8080759773fb","isMergeCommit":true,"messageTitle":"Merge branch \u0027master\u0027 of https://github.com/AY2425S2-CS2103T-F14-4/tp","messageBody":"","fileTypesAndContributionMap":{}},{"hash":"60f7de08aac49bbf6c57a7306e6bae228862bb3a","isMergeCommit":true,"messageTitle":"Merge branch \u0027docs-v1.6-Update-UG\u0027 of https://github.com/juneha1120/tp into docs-v1.6-Update-UG","messageBody":"","fileTypesAndContributionMap":{}},{"hash":"b28a978a2412700fb9b1696edb31d0ef7a8d648d","isMergeCommit":false,"messageTitle":"refactor: Remove unnecessary parameter for HelpCommand","messageBody":"","fileTypesAndContributionMap":{"functional-code":{"insertions":22,"deletions":38},"test-code":{"insertions":19,"deletions":49}}}]},{"date":"2025-04-07","commitResults":[{"hash":"3bdec1cdd6e46b396266abf8ee29fa02307b3b6f","isMergeCommit":true,"messageTitle":"Merge pull request #217 from juneha1120/docs-v1.6-Update-UG","messageBody":"docs: Update User Guide for v1.6","fileTypesAndContributionMap":{}},{"hash":"9960c1bfb643b295913d910f77f7545f640cfec0","isMergeCommit":true,"messageTitle":"Merge branch \u0027master\u0027 of https://github.com/AY2425S2-CS2103T-F14-4/tp","messageBody":"","fileTypesAndContributionMap":{}},{"hash":"ad2d469cbf7127ca521951c5911eabf59ce461a3","isMergeCommit":true,"messageTitle":"Merge pull request #218 from arshinsikka/fix-delete-command-wrong-index-bug","messageBody":"Fix DeleteCommand deleting wrong person due to unsynced view","fileTypesAndContributionMap":{}},{"hash":"f88d82714b44ed855bfc7099c4d7356917a52009","isMergeCommit":true,"messageTitle":"Merge branch \u0027master\u0027 into fix-list-invalid-category-error-message","messageBody":"","fileTypesAndContributionMap":{}},{"hash":"0f6b6177f12d2e77f21a56751bb75e993f11070e","isMergeCommit":true,"messageTitle":"Merge pull request #220 from arshinsikka/fix-list-invalid-category-error-message","messageBody":"Fix misleading error for invalid category in list command","fileTypesAndContributionMap":{}},{"hash":"afe8e10d08c75909d91ef5af55d9dbb146cba521","isMergeCommit":true,"messageTitle":"Merge branch \u0027master\u0027 of https://github.com/AY2425S2-CS2103T-F14-4/tp","messageBody":"","fileTypesAndContributionMap":{}},{"hash":"d88ddc04c91bf8f194809977fdb3c694c8d21628","isMergeCommit":true,"messageTitle":"Merge pull request #222 from caando/fix/deleteby","messageBody":"Fix: DeleteByCommand issues found in PE-D","fileTypesAndContributionMap":{}},{"hash":"caa26b0635b6a8e3f3054e4afe809af27e1d43df","isMergeCommit":false,"messageTitle":"docs: Edit UserGuide for consistent formatting and screenshots","messageBody":"","fileTypesAndContributionMap":{"docs":{"insertions":42,"deletions":33}}},{"hash":"0538026d5ddf7e37285094c17d5e6764da8a60ed","isMergeCommit":true,"messageTitle":"Merge pull request #221 from arshinsikka/fix-dg-saving-data-manual-tests","messageBody":"Fix DG: Add manual testing instructions for Saving Data section","fileTypesAndContributionMap":{}},{"hash":"8b3fb47c45a862370be5091e2304e66d9c178d7e","isMergeCommit":true,"messageTitle":"Merge pull request #227 from caando/refactor/rename-addressbook-to-trackup","messageBody":"refactor: Rename user facing instances of addressbook to trackup","fileTypesAndContributionMap":{}},{"hash":"3bd197169432498815e29ff1d7d15515b8a577d6","isMergeCommit":true,"messageTitle":"Merge branch \u0027master\u0027 of https://github.com/AY2425S2-CS2103T-F14-4/tp into docs-final-Update-UG","messageBody":"","fileTypesAndContributionMap":{}}]},{"date":"2025-04-08","commitResults":[{"hash":"4bb97ae09d08f0904d207396fae1a2b657445f3a","isMergeCommit":true,"messageTitle":"Merge pull request #228 from CHI-ME/fix/name-Comparator","messageBody":"Fix: modify Name comparator to compareToIgnoreCase(), switch ascending and descending comparators","fileTypesAndContributionMap":{}},{"hash":"c61cc61611daf4aa8e05372cf4d94090996364c3","isMergeCommit":true,"messageTitle":"Merge pull request #223 from caando/fix/addnote","messageBody":"Fix: AddNoteCommand issues found in PE-D","fileTypesAndContributionMap":{}},{"hash":"cc296f7ee3ba43d27a22c837df3bd3b6058d2a1a","isMergeCommit":false,"messageTitle":"docs: Update text and screenshot formatting for user guide","messageBody":"","fileTypesAndContributionMap":{"functional-code":{"insertions":2,"deletions":2},"docs":{"insertions":21,"deletions":14}}},{"hash":"d8715ff136303cb53e46f2bacc81359443573b61","isMergeCommit":true,"messageTitle":"Merge pull request #225 from juneha1120/docs-final-Update-UG","messageBody":"docs: Update User Guide for final submission","fileTypesAndContributionMap":{}}]}],"CHI-ME":[{"date":"2025-04-08","commitResults":[{"hash":"37fcd180a1cad6a893e090df336a86362e0f08ee","isMergeCommit":false,"messageTitle":"fix: solves issue#185, and switch ascending and descending comparators","messageBody":"","fileTypesAndContributionMap":{"functional-code":{"insertions":3,"deletions":3},"test-code":{"insertions":10,"deletions":10}}}]}],"arshinsikka":[{"date":"2025-04-06","commitResults":[{"hash":"f98a97a48b4454a828642f80d699ad690a346e14","isMergeCommit":false,"messageTitle":"Fix clear command message to reflect product name \u0027TrackUp\u0027","messageBody":"","fileTypesAndContributionMap":{"functional-code":{"insertions":1,"deletions":1}}},{"hash":"30267e49ad03b82c6e7b8e361844e4692d9d2617","isMergeCommit":false,"messageTitle":"Fix UG: Remove invalid compound sort example and clarify single-field support","messageBody":"","fileTypesAndContributionMap":{"docs":{"insertions":22,"deletions":19}}},{"hash":"c304482c80099a9b703dda1bf9d3242e9cffc6f4","isMergeCommit":false,"messageTitle":"Prevent adding contacts with numeric-only names","messageBody":"Updated the Name class to disallow names made up of only digits (e.g., 1234), as this caused confusion with phone numbers and impaired search accuracy. Added regex validation to ensure names contain at least one letter. Updated corresponding tests.\n","fileTypesAndContributionMap":{"functional-code":{"insertions":4,"deletions":2},"test-code":{"insertions":6,"deletions":2}}},{"hash":"650503b704aef63f1e372ad86a47cc33ff4f0b9b","isMergeCommit":false,"messageTitle":"Fix: Reject invalid emails like \u0027@\u0027 and domains without periods","messageBody":"","fileTypesAndContributionMap":{"functional-code":{"insertions":6,"deletions":2},"test-code":{"insertions":20,"deletions":6}}},{"hash":"f52a740541cba7df4521301004678dfdefaa94b3","isMergeCommit":false,"messageTitle":"Fix DeleteCommand bug: synced model list with UI display by always returning sortedFilteredPersons","messageBody":"","fileTypesAndContributionMap":{"functional-code":{"insertions":2,"deletions":4}}},{"hash":"9689367bab93872b57d4f725d8d4d98e1e66e2e5","isMergeCommit":false,"messageTitle":"Fix misleading error for invalid category in list command","messageBody":"","fileTypesAndContributionMap":{"functional-code":{"insertions":3,"deletions":1}}},{"hash":"a3f7c865fa5e972ad6be99da7e7eca850ac3b85d","isMergeCommit":false,"messageTitle":"Fix style issue (unused import)","messageBody":"","fileTypesAndContributionMap":{"functional-code":{"insertions":0,"deletions":2}}},{"hash":"6a03a21fead95613e2be6f1c1a09050ba6cfc6fb","isMergeCommit":false,"messageTitle":"fix test cases failure","messageBody":"","fileTypesAndContributionMap":{"docs":{"insertions":22,"deletions":22}}},{"hash":"ca22ad4d3717b5ad9631b79b27b2830add13f48f","isMergeCommit":false,"messageTitle":"Fix DG bug: Add manual testing instructions for saving and corrupted data","messageBody":"","fileTypesAndContributionMap":{"docs":{"insertions":9,"deletions":2}}},{"hash":"8d7c3e4927955f24b63297f573909a03e5d30276","isMergeCommit":false,"messageTitle":"Add ListCommandParserTest to cover invalid category edge case","messageBody":"","fileTypesAndContributionMap":{"test-code":{"insertions":2,"deletions":0}}},{"hash":"3b5ac5d9b41ac38f538b8dd565f3bdd88cf75335","isMergeCommit":false,"messageTitle":"Fix Checkstyle error: add space after semicolon in ListCommandParserTest","messageBody":"","fileTypesAndContributionMap":{"test-code":{"insertions":29,"deletions":1}}}]}]},"authorFileTypeContributionMap":{"caando":{"docs":0,"functional-code":13,"test-code":12},"juneha1120":{"docs":98,"functional-code":151,"test-code":40},"CHI-ME":{"docs":0,"functional-code":3,"test-code":10},"arshinsikka":{"docs":9,"functional-code":13,"test-code":56}},"authorContributionVariance":{"caando":204.1875,"juneha1120":84370.5,"CHI-ME":126.75,"arshinsikka":6768.75},"authorDisplayNameMap":{"caando":"CS2103T-F14-4 ZHAN..IKUN","juneha1120":"CS2103T-F14-4 HA J..WOON","CHI-ME":"CS2103T-F14-4 CHEN.. FAN","arshinsikka":"CS2103T-F14-4 SIKK..SHIN"}}
