{"authorDailyContributionsMap":{"TheEnd-alr-taken":[{"date":"2025-04-07","commitResults":[{"hash":"70edc66945f7943f7398c524132d8372ed51a90d","isMergeCommit":true,"messageTitle":"Merge pull request #290 from Shamanbenny/branch-MinorBugFixes","messageBody":"Update Payment bugs found in PE-D","fileTypesAndContributionMap":{}},{"hash":"5dcc3e96555d14482853fae73a33b119f999782e","isMergeCommit":true,"messageTitle":"Merge pull request #289 from samuelkwik/branch-FixMinorTypo","messageBody":"Fix typos in UG","fileTypesAndContributionMap":{}},{"hash":"eb8ce92f8dc520c402274b92797eb3636e7eb213","isMergeCommit":true,"messageTitle":"Merge branch \u0027master\u0027 of https://github.com/AY2425S2-CS2103-F15-2/tp","messageBody":"","fileTypesAndContributionMap":{}},{"hash":"0c52bb87b500badfc1a2f98a2eeb5fd77455424d","isMergeCommit":false,"messageTitle":"Update User Guide to make target user clearer","messageBody":"","fileTypesAndContributionMap":{"docs":{"insertions":5,"deletions":4}}}]}],"GaaneshT":[{"date":"2025-04-08","commitResults":[{"hash":"6ce163dc81089256a37520d56d7d11725e4916c3","isMergeCommit":true,"messageTitle":"Merge pull request #294 from TheEnd-alr-taken/branch-PostPE-D","messageBody":"Update User Guide to make target user clearer","fileTypesAndContributionMap":{}}]}],"samuelkwik":[{"date":"2025-04-07","commitResults":[{"hash":"5296b3451337e089383703f925c9748ef2b44eea","isMergeCommit":false,"messageTitle":"Fix typos in UG","messageBody":"","fileTypesAndContributionMap":{"docs":{"insertions":2,"deletions":53}}},{"hash":"2ade3d630f05fd566c3483ce6b48255e11dbb578","isMergeCommit":false,"messageTitle":"Add glossary and fix some typos in UserGuide","messageBody":"","fileTypesAndContributionMap":{"docs":{"insertions":226,"deletions":131}}},{"hash":"69cafcfa74cbaf54d87b350b8968ca842b874dd0","isMergeCommit":false,"messageTitle":"Fix minor formatting issues","messageBody":"","fileTypesAndContributionMap":{"docs":{"insertions":3,"deletions":3}}},{"hash":"ef788a0e27baf380f92165829213a8820884058b","isMergeCommit":true,"messageTitle":"Merge branch \u0027master\u0027 into branch_UGFixing","messageBody":"","fileTypesAndContributionMap":{}},{"hash":"1019c4139d09592be1cd1cb7ba751ec8762f5d78","isMergeCommit":true,"messageTitle":"Merge remote-tracking branch \u0027origin/branch_UGFixing\u0027 into branch_UGFixing","messageBody":"","fileTypesAndContributionMap":{}},{"hash":"835ffe15f19bb8b24ebb5b714728d50c47ec2c09","isMergeCommit":false,"messageTitle":"Fix payment constraints","messageBody":"","fileTypesAndContributionMap":{"docs":{"insertions":3,"deletions":3}}}]},{"date":"2025-04-08","commitResults":[{"hash":"9a9d03c31a2058f4228bb8fd54e8384e748248f5","isMergeCommit":true,"messageTitle":"Merge pull request #291 from samuelkwik/branch_UGFixing","messageBody":"Add glossary and fix some typos in UserGuide","fileTypesAndContributionMap":{}}]}],"JunXiang26":[{"date":"2025-04-07","commitResults":[{"hash":"4cbe8a76a42319859981f2e1c62bb4565fc233dd","isMergeCommit":false,"messageTitle":"Fix Bug Issues","messageBody":"","fileTypesAndContributionMap":{"functional-code":{"insertions":11,"deletions":9},"docs":{"insertions":58,"deletions":83},"test-code":{"insertions":18,"deletions":10}}},{"hash":"c7e7bb81b4cfdaaa4bf06ea6ce1c512d3cf22114","isMergeCommit":false,"messageTitle":"Fix EOF error in junxiang26.md","messageBody":"","fileTypesAndContributionMap":{"docs":{"insertions":1,"deletions":1}}}]},{"date":"2025-04-08","commitResults":[{"hash":"3c1ffd9e26a5ca07aa6cedf4a26299f87dd11914","isMergeCommit":true,"messageTitle":"Merge branch \u0027master\u0027 into branch-FixBugs","messageBody":"","fileTypesAndContributionMap":{}},{"hash":"84a7197cc621c274d990c6e605a1ffaba7e636a2","isMergeCommit":false,"messageTitle":"Update UserGuide.md","messageBody":"Fixed less than 10 characters long","fileTypesAndContributionMap":{"docs":{"insertions":3,"deletions":3}}},{"hash":"d3f0007a1d8f611e0f46c12b3da29d9919eb9940","isMergeCommit":true,"messageTitle":"Merge pull request #293 from JunXiang26/branch-FixBugs","messageBody":"Fix Bug Issues","fileTypesAndContributionMap":{}}]}],"boinkkitty":[],"Shamanbenny":[{"date":"2025-04-07","commitResults":[{"hash":"b444c8b2f4b9dd2bb8dfa24d168d0e0a33494a89","isMergeCommit":false,"messageTitle":"Update UG for blank Payment Date or Status","messageBody":"","fileTypesAndContributionMap":{"docs":{"insertions":3,"deletions":3}}},{"hash":"4c11d4360d222020961a61750845433d574b0560","isMergeCommit":false,"messageTitle":"Fix #280 and #254 for Payment Date","messageBody":"","fileTypesAndContributionMap":{"functional-code":{"insertions":4,"deletions":3}}},{"hash":"3f7090885f51f9aa30af5acc150773282037601f","isMergeCommit":false,"messageTitle":"Add test for isValidDate function","messageBody":"","fileTypesAndContributionMap":{"test-code":{"insertions":31,"deletions":0}}},{"hash":"6dbbab2655ad8fd5ce10e760e77bf7657eeafd5e","isMergeCommit":false,"messageTitle":"Update Payment command to show formatted Person","messageBody":"","fileTypesAndContributionMap":{"functional-code":{"insertions":4,"deletions":4},"test-code":{"insertions":12,"deletions":10}}},{"hash":"9e8cb30dec30792c6f23df79e9a96266aec5e25c","isMergeCommit":false,"messageTitle":"Extend valid range of Payment Date","messageBody":"","fileTypesAndContributionMap":{"functional-code":{"insertions":2,"deletions":2},"test-code":{"insertions":2,"deletions":2}}},{"hash":"cdc6b2eea9410b93df2ec8b7d782a11ca4c3de4b","isMergeCommit":false,"messageTitle":"Fix #242, #230 and #228","messageBody":"","fileTypesAndContributionMap":{"functional-code":{"insertions":2,"deletions":2}}}]}]},"authorFileTypeContributionMap":{"TheEnd-alr-taken":{"docs":5,"functional-code":0,"test-code":0},"GaaneshT":{"docs":0,"functional-code":0,"test-code":0},"samuelkwik":{"docs":206,"functional-code":0,"test-code":0},"JunXiang26":{"docs":59,"functional-code":10,"test-code":18},"boinkkitty":{"docs":0,"functional-code":0,"test-code":0},"Shamanbenny":{"docs":0,"functional-code":10,"test-code":43,"other":1}},"authorContributionVariance":{"TheEnd-alr-taken":15.1875,"GaaneshT":0.0,"samuelkwik":33708.0,"JunXiang26":6703.6875,"boinkkitty":0.0,"Shamanbenny":1386.75},"authorDisplayNameMap":{"TheEnd-alr-taken":"CS2103-F15-2 MUHA..RMAN","GaaneshT":"CS2103-F15-2 GAAN..MANI","samuelkwik":"CS2103-F15-2 JERE..XIAN","JunXiang26":"CS2103-F15-2 NG J..IANG","boinkkitty":"CS2103-F15-2 DARY.. WEN","Shamanbenny":"CS2103-F15-2 LEE ..QUAN"}}
