{"authorDailyContributionsMap":{"TheEnd-alr-taken":[{"date":"2025-04-07","commitResults":[{"hash":"70edc66945f7943f7398c524132d8372ed51a90d","isMergeCommit":true,"messageTitle":"Merge pull request #290 from Shamanbenny/branch-MinorBugFixes","messageBody":"Update Payment bugs found in PE-D","fileTypesAndContributionMap":{}},{"hash":"5dcc3e96555d14482853fae73a33b119f999782e","isMergeCommit":true,"messageTitle":"Merge pull request #289 from samuelkwik/branch-FixMinorTypo","messageBody":"Fix typos in UG","fileTypesAndContributionMap":{}},{"hash":"eb8ce92f8dc520c402274b92797eb3636e7eb213","isMergeCommit":true,"messageTitle":"Merge branch \u0027master\u0027 of https://github.com/AY2425S2-CS2103-F15-2/tp","messageBody":"","fileTypesAndContributionMap":{}},{"hash":"0c52bb87b500badfc1a2f98a2eeb5fd77455424d","isMergeCommit":false,"messageTitle":"Update User Guide to make target user clearer","messageBody":"","fileTypesAndContributionMap":{"docs":{"insertions":5,"deletions":4}}}]}],"GaaneshT":[{"date":"2025-04-08","commitResults":[{"hash":"6ce163dc81089256a37520d56d7d11725e4916c3","isMergeCommit":true,"messageTitle":"Merge pull request #294 from TheEnd-alr-taken/branch-PostPE-D","messageBody":"Update User Guide to make target user clearer","fileTypesAndContributionMap":{}},{"hash":"4b12dd52bc4fdd568d9a1a34671ad6edf742021f","isMergeCommit":false,"messageTitle":"Minor fix in the UG","messageBody":"","fileTypesAndContributionMap":{"docs":{"insertions":7,"deletions":5}}},{"hash":"3db7de302113321360c4899c5180926810286bf9","isMergeCommit":false,"messageTitle":"Minor fix in UG","messageBody":"","fileTypesAndContributionMap":{"docs":{"insertions":2,"deletions":1}}},{"hash":"30060aac5e3d3db639019e76c758a89c50914e92","isMergeCommit":false,"messageTitle":"Fix edit command help message","messageBody":"","fileTypesAndContributionMap":{"functional-code":{"insertions":4,"deletions":1}}},{"hash":"e57e9c7f14ad23a972529ce74b81211cbc096fa1","isMergeCommit":false,"messageTitle":"Remove reference to AB","messageBody":"","fileTypesAndContributionMap":{"functional-code":{"insertions":1,"deletions":1}}},{"hash":"1de16f62a5c74d49f92b3d9b071938508152b6ef","isMergeCommit":false,"messageTitle":"Remove reference to AB","messageBody":"","fileTypesAndContributionMap":{"functional-code":{"insertions":2,"deletions":2}}},{"hash":"b667fe8ef6a98fd39893197f81594c8e6fe7ff4a","isMergeCommit":false,"messageTitle":"Remove reference to AB","messageBody":"","fileTypesAndContributionMap":{"functional-code":{"insertions":5,"deletions":5}}}]}],"samuelkwik":[{"date":"2025-04-07","commitResults":[{"hash":"5296b3451337e089383703f925c9748ef2b44eea","isMergeCommit":false,"messageTitle":"Fix typos in UG","messageBody":"","fileTypesAndContributionMap":{"docs":{"insertions":2,"deletions":53}}},{"hash":"2ade3d630f05fd566c3483ce6b48255e11dbb578","isMergeCommit":false,"messageTitle":"Add glossary and fix some typos in UserGuide","messageBody":"","fileTypesAndContributionMap":{"docs":{"insertions":226,"deletions":131}}},{"hash":"69cafcfa74cbaf54d87b350b8968ca842b874dd0","isMergeCommit":false,"messageTitle":"Fix minor formatting issues","messageBody":"","fileTypesAndContributionMap":{"docs":{"insertions":3,"deletions":3}}},{"hash":"ef788a0e27baf380f92165829213a8820884058b","isMergeCommit":true,"messageTitle":"Merge branch \u0027master\u0027 into branch_UGFixing","messageBody":"","fileTypesAndContributionMap":{}},{"hash":"1019c4139d09592be1cd1cb7ba751ec8762f5d78","isMergeCommit":true,"messageTitle":"Merge remote-tracking branch \u0027origin/branch_UGFixing\u0027 into branch_UGFixing","messageBody":"","fileTypesAndContributionMap":{}},{"hash":"835ffe15f19bb8b24ebb5b714728d50c47ec2c09","isMergeCommit":false,"messageTitle":"Fix payment constraints","messageBody":"","fileTypesAndContributionMap":{"docs":{"insertions":3,"deletions":3}}}]},{"date":"2025-04-08","commitResults":[{"hash":"9a9d03c31a2058f4228bb8fd54e8384e748248f5","isMergeCommit":true,"messageTitle":"Merge pull request #291 from samuelkwik/branch_UGFixing","messageBody":"Add glossary and fix some typos in UserGuide","fileTypesAndContributionMap":{}},{"hash":"e90a0a55a7789508f10017131aa2e2096edaffed","isMergeCommit":true,"messageTitle":"Merge pull request #292 from boinkkitty/branch-PED","messageBody":"Update name casing and phone numbers","fileTypesAndContributionMap":{}}]}],"JunXiang26":[{"date":"2025-04-07","commitResults":[{"hash":"4cbe8a76a42319859981f2e1c62bb4565fc233dd","isMergeCommit":false,"messageTitle":"Fix Bug Issues","messageBody":"","fileTypesAndContributionMap":{"functional-code":{"insertions":11,"deletions":9},"docs":{"insertions":58,"deletions":83},"test-code":{"insertions":18,"deletions":10}}},{"hash":"c7e7bb81b4cfdaaa4bf06ea6ce1c512d3cf22114","isMergeCommit":false,"messageTitle":"Fix EOF error in junxiang26.md","messageBody":"","fileTypesAndContributionMap":{"docs":{"insertions":1,"deletions":1}}}]},{"date":"2025-04-08","commitResults":[{"hash":"3c1ffd9e26a5ca07aa6cedf4a26299f87dd11914","isMergeCommit":true,"messageTitle":"Merge branch \u0027master\u0027 into branch-FixBugs","messageBody":"","fileTypesAndContributionMap":{}},{"hash":"84a7197cc621c274d990c6e605a1ffaba7e636a2","isMergeCommit":false,"messageTitle":"Update UserGuide.md","messageBody":"Fixed less than 10 characters long","fileTypesAndContributionMap":{"docs":{"insertions":3,"deletions":3}}},{"hash":"d3f0007a1d8f611e0f46c12b3da29d9919eb9940","isMergeCommit":true,"messageTitle":"Merge pull request #293 from JunXiang26/branch-FixBugs","messageBody":"Fix Bug Issues","fileTypesAndContributionMap":{}},{"hash":"8500dfd8d0e9bf2ebf7465a60e7d300ccf73389c","isMergeCommit":false,"messageTitle":"Update Error Message of Tag","messageBody":"","fileTypesAndContributionMap":{"functional-code":{"insertions":1,"deletions":1}}},{"hash":"ffd4163e72106b981f2ddb6deef7044437ecbf2d","isMergeCommit":false,"messageTitle":"Fix checkstyle","messageBody":"","fileTypesAndContributionMap":{"functional-code":{"insertions":2,"deletions":2}}},{"hash":"83198601882430970f2a70d7abb3fd28615c2d7f","isMergeCommit":true,"messageTitle":"Merge pull request #302 from GaaneshT/master","messageBody":"Fix edit command help message","fileTypesAndContributionMap":{}},{"hash":"0b9535bc787c10772c9a6fac77a59637192aafff","isMergeCommit":false,"messageTitle":"Update Page Breaks for UG and DG","messageBody":"","fileTypesAndContributionMap":{"docs":{"insertions":4,"deletions":0}}}]}],"boinkkitty":[{"date":"2025-04-07","commitResults":[{"hash":"344c193389421232c4ad789a02fb75184adf7afb","isMergeCommit":false,"messageTitle":"Update Phone constraints","messageBody":"","fileTypesAndContributionMap":{"functional-code":{"insertions":9,"deletions":3},"test-code":{"insertions":47,"deletions":13}}},{"hash":"1357769709ee5cc4833ab68a7c6c669617d5fd17","isMergeCommit":false,"messageTitle":"Update names to ignore case for duplicate","messageBody":"","fileTypesAndContributionMap":{"functional-code":{"insertions":1,"deletions":1},"test-code":{"insertions":4,"deletions":1}}},{"hash":"9ae1b9a1e13d562dd65e3b834f74d5388b670e34","isMergeCommit":false,"messageTitle":"Update UG and DG for Phone and Name","messageBody":"","fileTypesAndContributionMap":{"functional-code":{"insertions":6,"deletions":7},"docs":{"insertions":6,"deletions":4}}},{"hash":"d566410af60bee7a6584c4850db9ddbc4a9b02cc","isMergeCommit":false,"messageTitle":"Comply with checkstyle requirements","messageBody":"","fileTypesAndContributionMap":{"test-code":{"insertions":34,"deletions":29}}}]},{"date":"2025-04-08","commitResults":[{"hash":"2a47def5cbe77d4b7d69e2811bf9ebea97d46a97","isMergeCommit":false,"messageTitle":"Update personal documentation","messageBody":"","fileTypesAndContributionMap":{"docs":{"insertions":9,"deletions":3}}},{"hash":"60823a8e903ddd5dc348620c2f38a8bdf4ce8b7c","isMergeCommit":true,"messageTitle":"Merge branch \u0027master\u0027 into branch-PED","messageBody":"","fileTypesAndContributionMap":{}},{"hash":"4eeaa934409f8c3c43e22e036df9d8149d3a1b67","isMergeCommit":false,"messageTitle":"Update UserGuide","messageBody":"","fileTypesAndContributionMap":{"docs":{"insertions":0,"deletions":74}}},{"hash":"e03484483404e10df34280823288c71d94d6719e","isMergeCommit":false,"messageTitle":"Update Phone Numbers to take in multiple","messageBody":"","fileTypesAndContributionMap":{"functional-code":{"insertions":7,"deletions":5},"docs":{"insertions":10,"deletions":6},"test-code":{"insertions":56,"deletions":0}}},{"hash":"99346cf33634a20a1bdfa0a2b68da19fcb063379","isMergeCommit":false,"messageTitle":"Update UG","messageBody":"","fileTypesAndContributionMap":{"docs":{"insertions":1,"deletions":0}}},{"hash":"639a70b1d010aa3fe112a1ced55b0d46737f2bd1","isMergeCommit":false,"messageTitle":"Adhere to checkstyle","messageBody":"","fileTypesAndContributionMap":{"functional-code":{"insertions":2,"deletions":2},"test-code":{"insertions":1,"deletions":1}}},{"hash":"5c514d249ddf4cb5d70bb7663c8c6226bcda7672","isMergeCommit":false,"messageTitle":"Update DG","messageBody":"","fileTypesAndContributionMap":{"docs":{"insertions":80,"deletions":61}}},{"hash":"487ff58bf579aadadf43360bc2f1c9f006738a77","isMergeCommit":false,"messageTitle":"Update DG","messageBody":"","fileTypesAndContributionMap":{"docs":{"insertions":2,"deletions":2}}},{"hash":"957217e4d935fa1d55e4a92f52c559de8943d3cb","isMergeCommit":false,"messageTitle":"Update untag command","messageBody":"","fileTypesAndContributionMap":{"functional-code":{"insertions":1,"deletions":1}}},{"hash":"af5aa959490e9c30ec5fb29d252ed1498a85ce1a","isMergeCommit":false,"messageTitle":"Update untag test case","messageBody":"","fileTypesAndContributionMap":{"test-code":{"insertions":4,"deletions":1}}},{"hash":"386ee9dd51414540f5e82b4a3efeb325ed1bdf15","isMergeCommit":false,"messageTitle":"Add DG","messageBody":"","fileTypesAndContributionMap":{"docs":{"insertions":29,"deletions":6},"test-code":{"insertions":0,"deletions":1}}}]}],"Shamanbenny":[{"date":"2025-04-07","commitResults":[{"hash":"b444c8b2f4b9dd2bb8dfa24d168d0e0a33494a89","isMergeCommit":false,"messageTitle":"Update UG for blank Payment Date or Status","messageBody":"","fileTypesAndContributionMap":{"docs":{"insertions":3,"deletions":3}}},{"hash":"4c11d4360d222020961a61750845433d574b0560","isMergeCommit":false,"messageTitle":"Fix #280 and #254 for Payment Date","messageBody":"","fileTypesAndContributionMap":{"functional-code":{"insertions":4,"deletions":3}}},{"hash":"3f7090885f51f9aa30af5acc150773282037601f","isMergeCommit":false,"messageTitle":"Add test for isValidDate function","messageBody":"","fileTypesAndContributionMap":{"test-code":{"insertions":31,"deletions":0}}},{"hash":"6dbbab2655ad8fd5ce10e760e77bf7657eeafd5e","isMergeCommit":false,"messageTitle":"Update Payment command to show formatted Person","messageBody":"","fileTypesAndContributionMap":{"functional-code":{"insertions":4,"deletions":4},"test-code":{"insertions":12,"deletions":10}}},{"hash":"9e8cb30dec30792c6f23df79e9a96266aec5e25c","isMergeCommit":false,"messageTitle":"Extend valid range of Payment Date","messageBody":"","fileTypesAndContributionMap":{"functional-code":{"insertions":2,"deletions":2},"test-code":{"insertions":2,"deletions":2}}},{"hash":"cdc6b2eea9410b93df2ec8b7d782a11ca4c3de4b","isMergeCommit":false,"messageTitle":"Fix #242, #230 and #228","messageBody":"","fileTypesAndContributionMap":{"functional-code":{"insertions":2,"deletions":2}}}]},{"date":"2025-04-08","commitResults":[{"hash":"d612539e5b3b5bd86344896de15d35fc478c34ed","isMergeCommit":false,"messageTitle":"Update Team\u0027s Portfolio Page file name","messageBody":"","fileTypesAndContributionMap":{"docs":{"insertions":70,"deletions":153}}},{"hash":"38c8e67b1a19d3e8699b31e500eb9008c1a8e8b1","isMergeCommit":false,"messageTitle":"Minor changes to page linking","messageBody":"","fileTypesAndContributionMap":{"docs":{"insertions":3,"deletions":3}}},{"hash":"37c38bd01dc749f1b23e71354bb4892a6c32c182","isMergeCommit":true,"messageTitle":"Merge pull request #295 from Shamanbenny/branch-MinorBugFixes","messageBody":"Update Team\u0027s Portfolio Page file name","fileTypesAndContributionMap":{}},{"hash":"e49a334307ab7403efa78d7cc27408ecb0370bb9","isMergeCommit":false,"messageTitle":"Close #219","messageBody":"","fileTypesAndContributionMap":{"docs":{"insertions":10,"deletions":0}}},{"hash":"6ec536cd3649656042e60e96c2505ef8dfe7d549","isMergeCommit":false,"messageTitle":"Close #215","messageBody":"","fileTypesAndContributionMap":{"docs":{"insertions":6,"deletions":0}}},{"hash":"36cada23ae6443328008ea7530ecf2bad5c4a91f","isMergeCommit":false,"messageTitle":"Close #239","messageBody":"","fileTypesAndContributionMap":{"docs":{"insertions":2,"deletions":1}}},{"hash":"065f38730b953cea504dd5819eeec072845374a6","isMergeCommit":true,"messageTitle":"Merge pull request #298 from JunXiang26/branch-UpdateTagErrorMessage","messageBody":"Branch update tag error message","fileTypesAndContributionMap":{}},{"hash":"ca5e2d76052ca834a3922aeb99bbc8306a691004","isMergeCommit":false,"messageTitle":"Close #266","messageBody":"","fileTypesAndContributionMap":{"docs":{"insertions":1,"deletions":1}}},{"hash":"6879e4c08fe62cf11ca7a1e706012568a723ce62","isMergeCommit":false,"messageTitle":"Minor typo fix in User Guide","messageBody":"","fileTypesAndContributionMap":{"docs":{"insertions":3,"deletions":3}}},{"hash":"aeca590780d31b56b1186cca0d60547f5b5ad2d5","isMergeCommit":true,"messageTitle":"Merge pull request #296 from Shamanbenny/branch-MinorBugFixes","messageBody":"Minor Fixes before v1.6 release","fileTypesAndContributionMap":{}},{"hash":"a76efe36beb0312ba8755108cfa66bf79151eea2","isMergeCommit":true,"messageTitle":"Merge pull request #299 from GaaneshT/branch-FixEmailUG","messageBody":"Minor fix in the UG","fileTypesAndContributionMap":{}},{"hash":"c757bb9ab508af09a35d441d178249347399ff2d","isMergeCommit":false,"messageTitle":"Update User Guide for Double Spaced examples","messageBody":"","fileTypesAndContributionMap":{"docs":{"insertions":2,"deletions":3}}},{"hash":"172a4c1f0e334bd90d763121f8b27acdd0d19cbb","isMergeCommit":true,"messageTitle":"Merge pull request #301 from Shamanbenny/master","messageBody":"Update User Guide for Double Spaced examples","fileTypesAndContributionMap":{}},{"hash":"eac249810b7af5f01451bdf0e5fe49df612eca04","isMergeCommit":true,"messageTitle":"Merge pull request #300 from boinkkitty/FinalUGandDG","messageBody":"Updated DG","fileTypesAndContributionMap":{}},{"hash":"a4cca69ed70edf71b7a6e60a3931415c0a7b0a2f","isMergeCommit":false,"messageTitle":"Fix error message for empty t/ prefix during Add","messageBody":"","fileTypesAndContributionMap":{"functional-code":{"insertions":5,"deletions":1}}},{"hash":"769f7fd069607b3cdf409ca96883e11e04e2c931","isMergeCommit":false,"messageTitle":"Revert accidental dot in Tag.java","messageBody":"","fileTypesAndContributionMap":{"functional-code":{"insertions":1,"deletions":1}}},{"hash":"4db029c92abe4354427daa0fef9d55a4a3048d00","isMergeCommit":true,"messageTitle":"Merge pull request #303 from Shamanbenny/master","messageBody":"Fix error message for empty t/ prefix during Add","fileTypesAndContributionMap":{}},{"hash":"960b5b901938188273404ce7048fc847f8406f82","isMergeCommit":true,"messageTitle":"Merge pull request #305 from GaaneshT/master","messageBody":"Minor changes to Functional code","fileTypesAndContributionMap":{}},{"hash":"c654456bf3b269a6580e54f13baecb9568989306","isMergeCommit":true,"messageTitle":"Merge pull request #306 from JunXiang26/branch-FormatUGDG","messageBody":"Update Page Breaks for UG and DG","fileTypesAndContributionMap":{}},{"hash":"d617d1cb6b11ad9494fbeaa6b1441754478d8902","isMergeCommit":true,"messageTitle":"Merge pull request #304 from boinkkitty/branch-untagbug","messageBody":"Resolve untag command bug","fileTypesAndContributionMap":{}},{"hash":"106bc81ffd42a23d78f8d2a140e887726b4271bf","isMergeCommit":true,"messageTitle":"Merge pull request #307 from GaaneshT/master","messageBody":"Remove reference to AB","tags":["v1.6"],"fileTypesAndContributionMap":{}}]}]},"authorFileTypeContributionMap":{"TheEnd-alr-taken":{"docs":5,"functional-code":0,"test-code":0},"GaaneshT":{"docs":6,"functional-code":10,"test-code":0},"samuelkwik":{"docs":199,"functional-code":0,"test-code":0},"JunXiang26":{"docs":63,"functional-code":10,"test-code":18},"boinkkitty":{"docs":91,"functional-code":12,"test-code":115},"Shamanbenny":{"docs":87,"functional-code":14,"test-code":43,"other":1}},"authorContributionVariance":{"TheEnd-alr-taken":15.1875,"GaaneshT":243.0,"samuelkwik":33708.0,"JunXiang26":6506.1875,"boinkkitty":22556.25,"Shamanbenny":12062.6875},"authorDisplayNameMap":{"TheEnd-alr-taken":"CS2103-F15-2 MUHA..RMAN","GaaneshT":"CS2103-F15-2 GAAN..MANI","samuelkwik":"CS2103-F15-2 JERE..XIAN","JunXiang26":"CS2103-F15-2 NG J..IANG","boinkkitty":"CS2103-F15-2 DARY.. WEN","Shamanbenny":"CS2103-F15-2 LEE ..QUAN"}}
