{"authorDailyContributionsMap":{"souledfigurine":[{"date":"2025-04-07","commitResults":[{"hash":"f16b6f966ef5d7bd2f362f7210a93282b722f7b3","isMergeCommit":false,"messageTitle":"Edit deleteSequenceDiagram","messageBody":"","fileTypesAndContributionMap":{"docs":{"insertions":13,"deletions":0}}},{"hash":"064fa11b0ea429738835cd2e424a9b24e17adbce","isMergeCommit":false,"messageTitle":"add DeleteNoteSeqDia","messageBody":"","fileTypesAndContributionMap":{"docs":{"insertions":76,"deletions":0}}}]},{"date":"2025-04-08","commitResults":[{"hash":"5f3e1d1f6b299f6d7d1220853847c58b1b1899d0","isMergeCommit":false,"messageTitle":"Add NoteSeqDiagram","messageBody":"","fileTypesAndContributionMap":{"docs":{"insertions":87,"deletions":4}}},{"hash":"9ec9f14d6317bb3918f5394d7b2a8e913db184ad","isMergeCommit":true,"messageTitle":"Merge branch \u0027master\u0027 into add-UML","messageBody":"","fileTypesAndContributionMap":{}},{"hash":"6dd9c352a4c9c97d0f3e8b7a2d72ca6cc8fc88d4","isMergeCommit":false,"messageTitle":"Edit UiClassDiagram","messageBody":"","fileTypesAndContributionMap":{"docs":{"insertions":15,"deletions":8}}},{"hash":"2579676983d06522e65cea7c8e2c23fa0f4af75f","isMergeCommit":true,"messageTitle":"Merge branch \u0027master\u0027 into add-UML","messageBody":"","fileTypesAndContributionMap":{}},{"hash":"8487a788cd3cf738aa095bb76224e1511e7b3e35","isMergeCommit":false,"messageTitle":"Add Note Section","messageBody":"","fileTypesAndContributionMap":{"docs":{"insertions":48,"deletions":0}}},{"hash":"c520b806031a79bb12892208aaf5ee599c467a14","isMergeCommit":true,"messageTitle":"Merge branch \u0027master\u0027 into add-UML","messageBody":"","fileTypesAndContributionMap":{}},{"hash":"343770cc623939cfcd0735ac31b79bb54dc1a624","isMergeCommit":false,"messageTitle":"edit UML","messageBody":"","fileTypesAndContributionMap":{"docs":{"insertions":1,"deletions":1}}},{"hash":"0bfbebe01b55a74ad678877bcd444583a6d8a2fa","isMergeCommit":false,"messageTitle":"Update UML","messageBody":"","fileTypesAndContributionMap":{"docs":{"insertions":1,"deletions":2}}},{"hash":"b55ae91da120537534579c68ef29c8f10790e550","isMergeCommit":true,"messageTitle":"Merge pull request #239 from add-UML","messageBody":"Add Note Implementation in DG","fileTypesAndContributionMap":{}}]}],"tim0tay":[{"date":"2025-04-08","commitResults":[{"hash":"71831f6763a0d180e3e55fe1431057f804c656d4","isMergeCommit":false,"messageTitle":"Update UG for consistency with app behaviour and clarity","messageBody":"","fileTypesAndContributionMap":{"docs":{"insertions":16,"deletions":2}}},{"hash":"26f568422c763bbb4119b3b554c829e9a2fcad6f","isMergeCommit":true,"messageTitle":"Merge remote-tracking branch \u0027upstream\u0027","messageBody":"","fileTypesAndContributionMap":{}},{"hash":"b94aca00cb07e34557355a54eb2f3c022ba993ca","isMergeCommit":true,"messageTitle":"Merge branch \u0027master\u0027 into ug-documentation-fixes","messageBody":"","fileTypesAndContributionMap":{}},{"hash":"a22bc4536975c77fcc0ba33dc288bf4ece82fd72","isMergeCommit":false,"messageTitle":"Update UG for restrictions on name field","messageBody":"","fileTypesAndContributionMap":{"docs":{"insertions":2,"deletions":1}}},{"hash":"63ad80d3e4a00b7d017630bb3fc334599883b38c","isMergeCommit":false,"messageTitle":"Add hyperlink to known issues for easier navigability","messageBody":"","fileTypesAndContributionMap":{"docs":{"insertions":1,"deletions":1}}},{"hash":"8f93231ba14954def7f3a9c8ea208e015d550b1a","isMergeCommit":true,"messageTitle":"Merge remote-tracking branch \u0027upstream\u0027","messageBody":"","fileTypesAndContributionMap":{}},{"hash":"1fb3e6124a2b4ccd57108ee0fded52e82bfb4141","isMergeCommit":true,"messageTitle":"Merge branch \u0027master\u0027 into ug-documentation-fixes","messageBody":"","fileTypesAndContributionMap":{}},{"hash":"5de3181716ac5edede33a713d6a4d15d95f1b951","isMergeCommit":true,"messageTitle":"Merge pull request #236 from tim0tay/ug-documentation-fixes","messageBody":"Update UG for clarity and consistency in behaviour","fileTypesAndContributionMap":{}},{"hash":"ee9659c8e81e89f8a61bcfda4d3c72092a05ec58","isMergeCommit":true,"messageTitle":"Merge remote-tracking branch \u0027upstream\u0027","messageBody":"","fileTypesAndContributionMap":{}},{"hash":"c44ea3c4b8af7cd835b65d16ef2b03661063cef9","isMergeCommit":false,"messageTitle":"Update DG for planned enhancement and validity of name","messageBody":"","fileTypesAndContributionMap":{"docs":{"insertions":2,"deletions":1}}},{"hash":"5a48b0b6d26a661cfa4f5ce1750e0f68982336bf","isMergeCommit":false,"messageTitle":"Update UG for validity of name","messageBody":"","fileTypesAndContributionMap":{"docs":{"insertions":1,"deletions":1}}},{"hash":"eeb02a2112a34c0bba77dedb47c430f2f0cca1db","isMergeCommit":false,"messageTitle":"Update Model UML diagrams","messageBody":"","fileTypesAndContributionMap":{"docs":{"insertions":17,"deletions":14}}},{"hash":"a3900250a3ccc117769c703c34034437845c8230","isMergeCommit":true,"messageTitle":"Merge remote-tracking branch \u0027upstream\u0027","messageBody":"","fileTypesAndContributionMap":{}},{"hash":"4bcb8b4c9e51533face153c9e5ef071bf1898337","isMergeCommit":true,"messageTitle":"Merge branch \u0027master\u0027 into dg-fixes","messageBody":"","fileTypesAndContributionMap":{}},{"hash":"dff5c5d1ec84f1d77f01f6341830b8e8385eb43c","isMergeCommit":true,"messageTitle":"Merge pull request #237 from tim0tay/dg-fixes","messageBody":"Update DG and UG for validity of name and planned enhancements","fileTypesAndContributionMap":{}}]}],"wentingchua":[{"date":"2025-04-07","commitResults":[{"hash":"edbf5e32fb0701605c9cae258e1b83b2a099ff40","isMergeCommit":false,"messageTitle":"Update user guide","messageBody":"","fileTypesAndContributionMap":{"docs":{"insertions":32,"deletions":10}}},{"hash":"a049b8039946f6a917cdc41690541d60b58803bf","isMergeCommit":false,"messageTitle":"Edit UG","messageBody":"","fileTypesAndContributionMap":{"docs":{"insertions":6,"deletions":3}}},{"hash":"123c4c7f4156422dd7c88eafecfe2bd7fad237ff","isMergeCommit":false,"messageTitle":"Edit UG","messageBody":"","fileTypesAndContributionMap":{"docs":{"insertions":2,"deletions":2}}}]},{"date":"2025-04-08","commitResults":[{"hash":"6d506e54c48c96114c95552707ded2e6c7bde938","isMergeCommit":false,"messageTitle":"Reformat UG till edit command","messageBody":"","fileTypesAndContributionMap":{"docs":{"insertions":24,"deletions":23}}},{"hash":"aac1fec55538adc2e624589603bb3ef3734c522e","isMergeCommit":false,"messageTitle":"remove emojis","messageBody":"","fileTypesAndContributionMap":{"docs":{"insertions":15,"deletions":11}}},{"hash":"d56840c49cfa6db10d864b8a67ff0311b6893b9b","isMergeCommit":false,"messageTitle":"Format the code format into code blocks","messageBody":"","fileTypesAndContributionMap":{"docs":{"insertions":38,"deletions":16}}},{"hash":"09555f0a51702cde086c5d75ebaa2648b94d8240","isMergeCommit":false,"messageTitle":"Edit UG to include emojis for tips and warnings","messageBody":"","fileTypesAndContributionMap":{"docs":{"insertions":17,"deletions":8}}}]}],"shawnnygoh":[{"date":"2025-04-07","commitResults":[{"hash":"bf4d695fd77c47fe9af66ef727fda0789234adc0","isMergeCommit":false,"messageTitle":"Remove \u0027Archiving data files\u0027 section","messageBody":"","fileTypesAndContributionMap":{"docs":{"insertions":0,"deletions":4}}},{"hash":"084ee88f512c6a55f2bbfa1d0fc3b22e46ad02b3","isMergeCommit":true,"messageTitle":"Merge pull request #234 from shawnnygoh/update-user-guide","messageBody":"Remove \u0027Archiving data files\u0027 section\n\nFixes #191","fileTypesAndContributionMap":{}},{"hash":"b72b3b7492435df56685de28f9fe53ed33908fd5","isMergeCommit":true,"messageTitle":"Merge remote-tracking branch \u0027upstream/master\u0027","messageBody":"","fileTypesAndContributionMap":{}},{"hash":"1d8b831388d9e210f69a29285ce36b7097bbef95","isMergeCommit":false,"messageTitle":"Update \u0027removetag\u0027 section for clearing all tags","messageBody":"","fileTypesAndContributionMap":{"docs":{"insertions":1,"deletions":0}}},{"hash":"8ff47e6176e67e3b21200e3a14551328af1cae85","isMergeCommit":true,"messageTitle":"Merge pull request #235 from shawnnygoh/update-user-guide","messageBody":"Update \u0027removetag\u0027 section for clearing all tags\n\nFixes #163","fileTypesAndContributionMap":{}},{"hash":"17407947c228d34f6b4543628103a575bed84f64","isMergeCommit":true,"messageTitle":"Merge remote-tracking branch \u0027upstream/master\u0027","messageBody":"","fileTypesAndContributionMap":{}}]},{"date":"2025-04-08","commitResults":[{"hash":"15ca5b4a5098b2e3b0908ea1710bafd93868b264","isMergeCommit":false,"messageTitle":"Update validation regex for name","messageBody":"","fileTypesAndContributionMap":{"functional-code":{"insertions":4,"deletions":3},"test-code":{"insertions":2,"deletions":2}}},{"hash":"bad4ed494d6ada54e95b4f7c825ddd9f4fa245aa","isMergeCommit":true,"messageTitle":"Merge remote-tracking branch \u0027upstream/master\u0027","messageBody":"","fileTypesAndContributionMap":{}},{"hash":"c1da1a08e23e67ed9b98b4a40cea5691d102cc6c","isMergeCommit":true,"messageTitle":"Merge branch \u0027master\u0027 into update-name-regex","messageBody":"","fileTypesAndContributionMap":{}},{"hash":"6a7cdde0bb3550349058672f2ee0f3b05f3a59a2","isMergeCommit":false,"messageTitle":"Update FAQ in User Guide with Duplicate Contacts","messageBody":"","fileTypesAndContributionMap":{"docs":{"insertions":25,"deletions":16}}},{"hash":"3ca4e31d005a3c4f5c42dba0244b534cc3d5ab92","isMergeCommit":true,"messageTitle":"Merge remote-tracking branch \u0027upstream/master\u0027","messageBody":"","fileTypesAndContributionMap":{}},{"hash":"9b2a208fdc858e0ebbe6ce83aefb864d252e47c7","isMergeCommit":true,"messageTitle":"Merge branch \u0027master\u0027 into update-user-guide","messageBody":"","fileTypesAndContributionMap":{}},{"hash":"44fe3de38d6e2d3b96921a82c305889cf631cd07","isMergeCommit":false,"messageTitle":"Update title on website home page","messageBody":"","fileTypesAndContributionMap":{"docs":{"insertions":1,"deletions":1}}},{"hash":"45a70467a04db1c2e6588e4deca620bd4d2be411","isMergeCommit":true,"messageTitle":"Merge remote-tracking branch \u0027upstream/master\u0027","messageBody":"","fileTypesAndContributionMap":{}},{"hash":"52370fc64d9c29bf2818562335507bd610ed0755","isMergeCommit":true,"messageTitle":"Merge pull request #242 from shawnnygoh/update-user-guide","messageBody":"Update FAQ in User Guide with Duplicate Contacts\n\nFixes #166\nFixes #173\nFixes #190\nFixes #194\nFixes #214","fileTypesAndContributionMap":{}},{"hash":"9c12a5a56022b5bc4a09d925e40eb59ce0eb2133","isMergeCommit":true,"messageTitle":"Merge remote-tracking branch \u0027upstream/master\u0027","messageBody":"","fileTypesAndContributionMap":{}},{"hash":"a545c12dd69440d3704afc94a3cb851584003cdf","isMergeCommit":true,"messageTitle":"Merge branch \u0027master\u0027 into update-site-wide-settings","messageBody":"","fileTypesAndContributionMap":{}},{"hash":"68772b79bfb98335d617140ba77b7a4610fb6bcb","isMergeCommit":false,"messageTitle":"Update archiveFileName in shadowJar","messageBody":"","fileTypesAndContributionMap":{"other":{"insertions":1,"deletions":1}}},{"hash":"5be3d9c33d0be91aeb915ccd99c87b3d42bb0051","isMergeCommit":true,"messageTitle":"Merge pull request #243 from shawnnygoh/update-site-wide-settings","messageBody":"Update title on website home page","fileTypesAndContributionMap":{}},{"hash":"63f5658a917f54825139801eef398e5b750c1b45","isMergeCommit":true,"messageTitle":"Merge pull request #244 from shawnnygoh/update-build-gradle","messageBody":"Update archiveFileName in shadowJar","fileTypesAndContributionMap":{}}]}],"Meatsushi64":[{"date":"2025-04-05","commitResults":[{"hash":"db4279bc070173f0e4bc091e1e7924185d210289","isMergeCommit":false,"messageTitle":"Update DeveloperGuide.md","messageBody":"Remove Use Cases that are not implemented and update export and import use cases","fileTypesAndContributionMap":{"docs":{"insertions":33,"deletions":212}}},{"hash":"4e565339fec5f33c5c0379736a500cc809a83e32","isMergeCommit":false,"messageTitle":"Update DeveloperGuide.md","messageBody":"updated more use cases and appendix","fileTypesAndContributionMap":{"docs":{"insertions":159,"deletions":19}}},{"hash":"8c3056e074484af3f165ee2051ed4bf449c53962","isMergeCommit":false,"messageTitle":"Update DeveloperGuide.md","messageBody":"Edit words in UC6 to be more consistent with tags","fileTypesAndContributionMap":{"docs":{"insertions":2,"deletions":2}}}]},{"date":"2025-04-06","commitResults":[{"hash":"db8d8d4e8e55db18cfd63b7959243a5be4441124","isMergeCommit":false,"messageTitle":"Update DeveloperGuide.md","messageBody":"Added acknowledgements and saving test cases","fileTypesAndContributionMap":{"docs":{"insertions":25,"deletions":5}}},{"hash":"5ee8437bdee93db2f40a77311dd1e8aefed11531","isMergeCommit":false,"messageTitle":"Update DeveloperGuide.md","messageBody":"Update indentation and add planned enhancements section.","fileTypesAndContributionMap":{"docs":{"insertions":24,"deletions":15}}}]},{"date":"2025-04-07","commitResults":[{"hash":"e66aed3b443b7205698297fc3f448c8a1cae42d2","isMergeCommit":false,"messageTitle":"Update DeveloperGuide.md","messageBody":"Re-introduced previously deleted use cases as they will be implemented in future iterations","fileTypesAndContributionMap":{"docs":{"insertions":202,"deletions":12}}},{"hash":"acc13d7fe1c3fddc7552c7c5a7860c46ed00888a","isMergeCommit":false,"messageTitle":"Update DeveloperGuide.md","messageBody":"Add 2 new planned enhancements: \r\n- handling long text fields in ui\r\n- standardising error msgs","fileTypesAndContributionMap":{"docs":{"insertions":3,"deletions":0}}},{"hash":"3df03d5db8fc645f0e3d6c147c82eb249259ec6e","isMergeCommit":false,"messageTitle":"Add find command planned enhancement to DG","messageBody":"Add planned enhancement for improving relevance of the find command search results","fileTypesAndContributionMap":{"docs":{"insertions":2,"deletions":1}}},{"hash":"4b2f480a0e207b246be865664fa53b65c409891b","isMergeCommit":false,"messageTitle":"Edit NFR to quantify sluggishness","messageBody":"","fileTypesAndContributionMap":{"docs":{"insertions":1,"deletions":1}}},{"hash":"fee802871a4854fa2498da4512004fc7e9add45b","isMergeCommit":false,"messageTitle":"Update Export UC to fit current version","messageBody":"","fileTypesAndContributionMap":{"docs":{"insertions":4,"deletions":10}}},{"hash":"b36f41acd0b2d94f54010a8dae7def4f488612cd","isMergeCommit":false,"messageTitle":"Update UC to match version","messageBody":"","fileTypesAndContributionMap":{"docs":{"insertions":1,"deletions":1}}},{"hash":"0a14150217916343c28d48bacc807f265eda83f2","isMergeCommit":false,"messageTitle":"Update DeveloperGuide.md import UC","messageBody":"","fileTypesAndContributionMap":{"docs":{"insertions":6,"deletions":12}}}]},{"date":"2025-04-08","commitResults":[{"hash":"0d89624f351ce4725f28c6441e1ba8b4ee5b546f","isMergeCommit":false,"messageTitle":"Edit jar file name to submission format","messageBody":"","fileTypesAndContributionMap":{"docs":{"insertions":2,"deletions":2}}},{"hash":"97370a531c6ac87e5f9705e8c7afb51d090521c4","isMergeCommit":false,"messageTitle":"Update DeveloperGuide.md","messageBody":"Edits made to make test cases more accurate to changes made.","fileTypesAndContributionMap":{"docs":{"insertions":18,"deletions":13}}},{"hash":"319718eadcf381c1b321cb519ecc95008a6bbc37","isMergeCommit":false,"messageTitle":"Improve language for DG","messageBody":"","fileTypesAndContributionMap":{"docs":{"insertions":8,"deletions":8}}},{"hash":"204947ca890a1487675fefc083060a83044d4f2c","isMergeCommit":true,"messageTitle":"Merge pull request #228 from Meatsushi64/remove-dg-parts","messageBody":"Fixes made to DG to comply with post dry run bugs\n\nIssue number and changes\n\nFixes #226 : Change to \"to be implemented\" UC23\n\nFixes #225 : Change to \"to be implemented\" UC21 and UC22\n\nFixes #224 : Change to \"to be implemented\" UC 18-20\n\nFixes #223 : Edit launch from double click jar file to open using CLI\n\nFixes #220 : Mentions of investigations to be changed to \"to be implemented\"\n\nFixes #216 : Change export notes to export contacts only since current version of the application is not able to do it\n\nFixes #212 : DG says: application to not lose data in event of sudden system crash or power failure: not consistent with notes, as notes only close on save\n\nFixes #210 : Remove UC 11-13: Change to \"to be implemented\"\n\nFixes #207 : Edited inaccuracies for UC 10\n\nFixes #191 : Data Archiving Proposal: Deleted as we have export command\n\nFixes #183 : To Quantify the sluggishness later by testing json file\n\nFixes #182 : Missing Test cases for saving data\n\nFixes #180 : Add Test Cases\n\nFixes #179 : inconsistencies in UC6 edited\n\nFixes #178 : Contacts store offline shdnt be user trait. Deleted and covered in existing line for NFR.\n\nFixes #176 : Acknowledgements missing. ADDED\n\nFixes #175 : Duplicate issue on launching scoopbook from CLI\n\nIssues covered in planned enhancements\nFixes #177 : Optional wrapper -- Added under planned enhancements\n\nFixes #157 : standardising error messages for index.\n\nFixes #199 : Name card extending past\n\nFixes #185 : long name\n\nFixes #187 : long tag\n\nFixes #159 : Add better search to planned enhancements","fileTypesAndContributionMap":{}},{"hash":"dc6b40ba5f469528da239f86b2123e3aac731132","isMergeCommit":true,"messageTitle":"Merge branch \u0027master\u0027 into branch-fix-ug","messageBody":"","fileTypesAndContributionMap":{}},{"hash":"25310c13442c14e8358b0a5177cbea0f298da224","isMergeCommit":true,"messageTitle":"Merge pull request #233 from wentingchua/branch-fix-ug","messageBody":"Fix documentation bugs in UG","fileTypesAndContributionMap":{}},{"hash":"1c748bc091fe7e6915c3bc80a67d18c8b52123a9","isMergeCommit":false,"messageTitle":"Change jar file name and add tip for export","messageBody":"","fileTypesAndContributionMap":{"docs":{"insertions":5,"deletions":4}}},{"hash":"21ace17f6bced18bcee029fc9e6eae4560c89bbc","isMergeCommit":false,"messageTitle":"Specify edit changing tags","messageBody":"","fileTypesAndContributionMap":{"docs":{"insertions":1,"deletions":0}}},{"hash":"f9afbdb1562f7843685f207963f6085ad97f1e10","isMergeCommit":true,"messageTitle":"Merge pull request #238 from shawnnygoh/update-name-regex","messageBody":"Update validation regex for name\n\nFixes #162","fileTypesAndContributionMap":{}},{"hash":"7672236535afa2968ac3cc06a8c3e1972890ad97","isMergeCommit":false,"messageTitle":"Make minor grammar edit","messageBody":"mi","fileTypesAndContributionMap":{"docs":{"insertions":1,"deletions":1}}},{"hash":"204c31f5961b23be17aa21e05785bd2925fd653b","isMergeCommit":true,"messageTitle":"Merge pull request #241 from Meatsushi64/UG-edit-tags","messageBody":"Specify edit changing tags\n\nFixes #200","fileTypesAndContributionMap":{}},{"hash":"d0bef63e7b0c18b4cb6d9d7744ac5a0d581fe574","isMergeCommit":true,"messageTitle":"Merge pull request #240 from Meatsushi64/Edit-UG","messageBody":"Change jar file name and add tip for export","fileTypesAndContributionMap":{}}]}]},"authorFileTypeContributionMap":{"souledfigurine":{"docs":234,"functional-code":0,"test-code":0},"tim0tay":{"docs":36,"functional-code":0,"test-code":0},"wentingchua":{"docs":78,"functional-code":0,"test-code":0},"shawnnygoh":{"docs":27,"functional-code":4,"test-code":2,"other":1},"Meatsushi64":{"docs":222,"functional-code":0,"test-code":0}},"authorContributionVariance":{"souledfigurine":4856.5,"tim0tay":652.6875,"wentingchua":3854.1875,"shawnnygoh":557.6875,"Meatsushi64":22634.688},"authorDisplayNameMap":{"souledfigurine":"CS2103T-W13-1 FRED..YONG","tim0tay":"CS2103T-W13-1 TAY ..OTHY","wentingchua":"CS2103T-W13-1 CHUA..TING","shawnnygoh":"CS2103T-W13-1 GOH ..HAWN","Meatsushi64":"CS2103T-W13-1 SOH .. JEN"}}
