{"authorDailyContributionsMap":{"jensenhuangyankai":[{"date":"2025-04-06","commitResults":[{"hash":"da6fe1d4710da986e950095d8e07e6d0c505c886","isMergeCommit":true,"messageTitle":"Merge pull request #272 from josejhkim/branch-Fix-PE-Bugs","messageBody":"Fix broken links in the document","fileTypesAndContributionMap":{}}]},{"date":"2025-04-07","commitResults":[{"hash":"4e94e92943c7630289c0be2995d7ac62e4bd31e8","isMergeCommit":true,"messageTitle":"Merge pull request #274 from kaungzinye/fix-bugs-branch","messageBody":"fix #246, #250, #239, #253","fileTypesAndContributionMap":{}},{"hash":"01b6636c1ac9103cdca5b02f4c617d8a19ba5610","isMergeCommit":false,"messageTitle":"Fix gui issues","messageBody":"","fileTypesAndContributionMap":{"functional-code":{"insertions":39,"deletions":28}}},{"hash":"1263cdf3f9d66233b0fd6f16f916e8e4caec86b7","isMergeCommit":true,"messageTitle":"Merge pull request #270 from bhavinaa/update-ug-2.0","messageBody":"Update ug 2.0","fileTypesAndContributionMap":{}},{"hash":"9ad2a48e4bff7ab4c2c24255f136b642279e2f06","isMergeCommit":true,"messageTitle":"Merge pull request #269 from bhavinaa/update-DG","messageBody":"Update DG","fileTypesAndContributionMap":{}}]},{"date":"2025-04-08","commitResults":[{"hash":"7917d4a37615aa6b2ff86ed4ccd9be63657a4804","isMergeCommit":false,"messageTitle":"Fix ui and uml","messageBody":"","fileTypesAndContributionMap":{"functional-code":{"insertions":32,"deletions":14},"docs":{"insertions":14,"deletions":1}}},{"hash":"325936bc995350e051d673bb82f92a2fa93cc6ee","isMergeCommit":false,"messageTitle":"Fix DG","messageBody":"","fileTypesAndContributionMap":{"docs":{"insertions":198,"deletions":0}}},{"hash":"a97d332303ee09e35ae7366cc8e04e18feaaab93","isMergeCommit":true,"messageTitle":"Merge branch \u0027master\u0027 into Gui-fix","messageBody":"","fileTypesAndContributionMap":{}},{"hash":"e185639c07c376a4038026c71b76b5fe35c1a9ad","isMergeCommit":false,"messageTitle":"Whitespace fix","messageBody":"","fileTypesAndContributionMap":{"docs":{"insertions":4,"deletions":4}}},{"hash":"554804ed09dae3e84f77e844d051af826d19a668","isMergeCommit":false,"messageTitle":"Fix ug","messageBody":"","fileTypesAndContributionMap":{"docs":{"insertions":24,"deletions":7}}},{"hash":"e17a3ca3b68746c38d7f6c756156b5714abedd9c","isMergeCommit":false,"messageTitle":"Fix DG","messageBody":"","fileTypesAndContributionMap":{"docs":{"insertions":2,"deletions":2}}},{"hash":"da9247d192107defe2d4dcc5e21e7741c1333f3e","isMergeCommit":false,"messageTitle":"Fix DG","messageBody":"","fileTypesAndContributionMap":{"docs":{"insertions":8,"deletions":1}}},{"hash":"b423e2efbb004bfae83702ed345813393a373c6e","isMergeCommit":false,"messageTitle":"Fix dg again","messageBody":"","fileTypesAndContributionMap":{"docs":{"insertions":5,"deletions":5}}}]}],"kaungzinye":[{"date":"2025-04-05","commitResults":[{"hash":"39fa784436ea5467ddf818e5396d086a13f71002","isMergeCommit":true,"messageTitle":"Merge pull request #264 from jonzyyyy/More-UG-Issues","messageBody":"Fixes more ug issues","fileTypesAndContributionMap":{}}]},{"date":"2025-04-06","commitResults":[{"hash":"a0257c2b83caa02513f5674fe2103bb749a24b57","isMergeCommit":true,"messageTitle":"Merge pull request #266 from jonzyyyy/remove-filter-noArgs","messageBody":"Improves filterPersons to handle invalid values","fileTypesAndContributionMap":{}}]},{"date":"2025-04-07","commitResults":[{"hash":"fdf481dd5e90d97db0cc1d833ddf7b5e85b4e3b3","isMergeCommit":false,"messageTitle":"Fix #246","messageBody":"","fileTypesAndContributionMap":{"docs":{"insertions":1,"deletions":1}}},{"hash":"a1a6556ad7d400e2abcf5346c54c3fcd2fc942cd","isMergeCommit":false,"messageTitle":"Fix DG mentioning addGuest, fix #250","messageBody":"","fileTypesAndContributionMap":{"docs":{"insertions":1,"deletions":1}}},{"hash":"a574c8e0c29aac4e8e415f0700e8cea911b1e5cb","isMergeCommit":false,"messageTitle":"Remove deleteGuest from DG","messageBody":"","fileTypesAndContributionMap":{"docs":{"insertions":3,"deletions":3}}},{"hash":"b916cef95f8cc2274347999b0d084cba690912b4","isMergeCommit":false,"messageTitle":"Added UG and DG references to edit command, fixes #239","messageBody":"","fileTypesAndContributionMap":{"docs":{"insertions":75,"deletions":2}}},{"hash":"7a4bbf48345e4565325c85835303a634d54ceabc","isMergeCommit":false,"messageTitle":"fix #267","messageBody":"","fileTypesAndContributionMap":{"functional-code":{"insertions":1,"deletions":1},"docs":{"insertions":10,"deletions":4}}},{"hash":"93182885ab42906e81d85a25a202e3e5a29b4c82","isMergeCommit":false,"messageTitle":"fix #245","messageBody":"","fileTypesAndContributionMap":{"docs":{"insertions":32,"deletions":2}}},{"hash":"5d0b9222d3c0d949b0160072c155090c36d199e2","isMergeCommit":false,"messageTitle":"attempt to fix #236, should be working","messageBody":"","fileTypesAndContributionMap":{"docs":{"insertions":9,"deletions":0}}},{"hash":"0afd366031b6cd75b8155c8c1b64ecb1672e36c6","isMergeCommit":false,"messageTitle":"fix #214","messageBody":"","fileTypesAndContributionMap":{"docs":{"insertions":1,"deletions":1}}},{"hash":"153fecb3946b4fff3e007126d08eee94b1c0f946","isMergeCommit":false,"messageTitle":"Add Kaung ppp","messageBody":"","fileTypesAndContributionMap":{"docs":{"insertions":48,"deletions":33}}},{"hash":"1d4c34f5cd1119ac00ac36388f280de44867da00","isMergeCommit":false,"messageTitle":"fix mistakes and refactor all mentions of guest into person","messageBody":"","fileTypesAndContributionMap":{"functional-code":{"insertions":1,"deletions":1},"docs":{"insertions":80,"deletions":69}}},{"hash":"5bfc9235333cd22180fffe57d5c3ca76cc60224b","isMergeCommit":false,"messageTitle":"Fix deleteGuest DG by removing 5a","messageBody":"","fileTypesAndContributionMap":{"docs":{"insertions":8,"deletions":14}}},{"hash":"aae0576b06cd630e70840f571c65dbed900d6e87","isMergeCommit":false,"messageTitle":"Unifying person to guest for DG","messageBody":"","fileTypesAndContributionMap":{"docs":{"insertions":284,"deletions":295}}},{"hash":"6b182f0a547c3ad9cff97f93554345d27bb75622","isMergeCommit":false,"messageTitle":"Unifying Person to Guest in UG and defining the distinction in glossary","messageBody":"","fileTypesAndContributionMap":{"docs":{"insertions":56,"deletions":51}}},{"hash":"383ab900fd214efe9cf222bc28198a8e1ec1d4f4","isMergeCommit":false,"messageTitle":"Fix weddingoverview command message","messageBody":"","fileTypesAndContributionMap":{"functional-code":{"insertions":1,"deletions":1}}},{"hash":"29796b76dbf5168cdf12918453c94fa0211c1e40","isMergeCommit":false,"messageTitle":"Fix grammar issues and standardise guest","messageBody":"","fileTypesAndContributionMap":{"docs":{"insertions":2,"deletions":2}}}]},{"date":"2025-04-08","commitResults":[{"hash":"617de66b2837f61b0ab8d89df38bccd733578592","isMergeCommit":false,"messageTitle":"Fix #246","messageBody":"","fileTypesAndContributionMap":{"docs":{"insertions":1,"deletions":1}}},{"hash":"d9ab104a2cd11069108f84dd87dfd0232ad8dfb9","isMergeCommit":false,"messageTitle":"Fix DG mentioning addGuest, fix #250","messageBody":"","fileTypesAndContributionMap":{"docs":{"insertions":1,"deletions":1}}},{"hash":"63e1bb6cfcf5a990be1b2d6fb89b6df61a59c1fc","isMergeCommit":false,"messageTitle":"Remove deleteGuest from DG","messageBody":"","fileTypesAndContributionMap":{"docs":{"insertions":3,"deletions":3}}},{"hash":"16e24df9e8702fa5a757eaa4e79cac6765091f90","isMergeCommit":false,"messageTitle":"Added UG and DG references to edit command, fixes #239","messageBody":"","fileTypesAndContributionMap":{"docs":{"insertions":85,"deletions":12}}},{"hash":"26473ea01b60919328166eae7710fe7b73a26e1d","isMergeCommit":false,"messageTitle":"fix #267","messageBody":"","fileTypesAndContributionMap":{"functional-code":{"insertions":1,"deletions":1},"docs":{"insertions":10,"deletions":4}}},{"hash":"9a08f0775073014bb7c1ec06e4bf9b23f2e76ed7","isMergeCommit":false,"messageTitle":"fix #245","messageBody":"","fileTypesAndContributionMap":{"docs":{"insertions":32,"deletions":2}}},{"hash":"d1350dd17d6c3617e8e9a150e8a7324dab5f0516","isMergeCommit":false,"messageTitle":"attempt to fix #236, should be working","messageBody":"","fileTypesAndContributionMap":{"docs":{"insertions":9,"deletions":0}}},{"hash":"8a2d07d63fb692fd3f43421b4a845cf9e435c8b3","isMergeCommit":false,"messageTitle":"fix #214","messageBody":"","fileTypesAndContributionMap":{"docs":{"insertions":1,"deletions":1}}},{"hash":"41066227b9d17bab2add25ed7376a0cece55bfd1","isMergeCommit":false,"messageTitle":"Add Kaung ppp","messageBody":"","fileTypesAndContributionMap":{"docs":{"insertions":48,"deletions":33}}},{"hash":"9b358323efaa627e5fde6dda83c0513b3ef4b6e1","isMergeCommit":false,"messageTitle":"fix mistakes and refactor all mentions of guest into person","messageBody":"","fileTypesAndContributionMap":{"functional-code":{"insertions":1,"deletions":1},"docs":{"insertions":80,"deletions":69}}},{"hash":"4e352f8dea9509bd9dbf4ff8bce311f8e5315de0","isMergeCommit":false,"messageTitle":"Fix deleteGuest DG by removing 5a","messageBody":"","fileTypesAndContributionMap":{"docs":{"insertions":8,"deletions":14}}},{"hash":"82b9755d6da86ff073f7beb0b2ceda17cf41e1be","isMergeCommit":false,"messageTitle":"Unifying person to guest for DG","messageBody":"","fileTypesAndContributionMap":{"docs":{"insertions":293,"deletions":305}}},{"hash":"bf9b4b01d0269950a99050b6e9ee57d43aa4a0d5","isMergeCommit":false,"messageTitle":"Unifying Person to Guest in UG and defining the distinction in glossary","messageBody":"","fileTypesAndContributionMap":{"docs":{"insertions":56,"deletions":51}}},{"hash":"a24863c1459e38aa90056858f3275f01380608cc","isMergeCommit":false,"messageTitle":"Fix weddingoverview command message","messageBody":"","fileTypesAndContributionMap":{"functional-code":{"insertions":1,"deletions":1}}},{"hash":"ff9602927f7c5bc77c35ee5870a59e145d436851","isMergeCommit":false,"messageTitle":"Fix grammar issues and standardise guest","messageBody":"","fileTypesAndContributionMap":{"docs":{"insertions":2,"deletions":2}}},{"hash":"44a87e9c7ddb9e8757991dd6a7a06cb8ea0c6f8a","isMergeCommit":true,"messageTitle":"Merge pull request #279 from jensenhuangyankai/Gui-fix","messageBody":"Gui fix","fileTypesAndContributionMap":{}},{"hash":"d3c7f04a57fa29ef71c7683735278f0c4bc16cee","isMergeCommit":true,"messageTitle":"Merge pull request #280 from jensenhuangyankai/Dg-fix","messageBody":"Dg fix","fileTypesAndContributionMap":{}},{"hash":"fcfe451e35573a01852e03cbecb208e23f19b404","isMergeCommit":true,"messageTitle":"Merge pull request #277 from jonzyyyy/final-bug-fixes","messageBody":"Final UG bug fixes","fileTypesAndContributionMap":{}},{"hash":"23749922958171f1002cc821af3147722184b83b","isMergeCommit":false,"messageTitle":"Add new implementation","messageBody":"","fileTypesAndContributionMap":{"docs":{"insertions":114,"deletions":99}}},{"hash":"9cc3054420a497f510e3a841379e0c0ff512c6e6","isMergeCommit":false,"messageTitle":"Undo remove wedding implementation","messageBody":"","fileTypesAndContributionMap":{"docs":{"insertions":100,"deletions":0}}},{"hash":"b0431261b207fd146c5b373e0794346b6a698916","isMergeCommit":false,"messageTitle":"Fix puml","messageBody":"","fileTypesAndContributionMap":{"docs":{"insertions":168,"deletions":65}}},{"hash":"936ee2324cf4cf89274c1ab0e736f295a46af61e","isMergeCommit":false,"messageTitle":"Fix puml EOF","messageBody":"","fileTypesAndContributionMap":{"docs":{"insertions":1,"deletions":1}}},{"hash":"244723daada61019fbe97352cc2b667a4eca8e2f","isMergeCommit":true,"messageTitle":"Merge pull request #287 from kaungzinye/fix-dg-2-branch","messageBody":"Fix dg 2 branch","tags":["v1.6"],"fileTypesAndContributionMap":{}}]}],"bhavinaa":[{"date":"2025-04-05","commitResults":[{"hash":"e6354be5f3dff34b364441f86db6bcbc59a64146","isMergeCommit":true,"messageTitle":"Merge pull request #262 from jonzyyyy/Fix-PED-UG","messageBody":"Fixes some UG formatting issues","fileTypesAndContributionMap":{}}]},{"date":"2025-04-06","commitResults":[{"hash":"af73dd31a85ed3995ce179db9fec5983138f360c","isMergeCommit":false,"messageTitle":"Add Bhavina PPP","messageBody":"","fileTypesAndContributionMap":{"docs":{"insertions":53,"deletions":0}}},{"hash":"a207f88361dbcd50a99ac801dac3dcec57eef667","isMergeCommit":false,"messageTitle":"Update DG with test cases","messageBody":"","fileTypesAndContributionMap":{"functional-code":{"insertions":1,"deletions":1},"docs":{"insertions":210,"deletions":8}}},{"hash":"bd922166d893022ad73ae3fc37c1404a6e6c0b7a","isMergeCommit":false,"messageTitle":"Fix Typo","messageBody":"","fileTypesAndContributionMap":{"docs":{"insertions":1,"deletions":9}}},{"hash":"c7df270d52436e5914aeb1946c8077acbd33fc36","isMergeCommit":false,"messageTitle":"Update use case","messageBody":"","fileTypesAndContributionMap":{"docs":{"insertions":176,"deletions":94}}},{"hash":"4c14ee8253697c7bfadb1e71686d35e1c6d745cb","isMergeCommit":false,"messageTitle":"Update DG with UML","messageBody":"","fileTypesAndContributionMap":{"docs":{"insertions":50,"deletions":0}}},{"hash":"c033076b4762a60c5b90e7414bd7d64670ef75fe","isMergeCommit":false,"messageTitle":"Update the UG table commands","messageBody":"","fileTypesAndContributionMap":{"docs":{"insertions":39,"deletions":37}}},{"hash":"4e9924a63edc8345080003b1f6006e1d37ea70c7","isMergeCommit":false,"messageTitle":"remove DG changes","messageBody":"","fileTypesAndContributionMap":{"docs":{"insertions":0,"deletions":7}}},{"hash":"62bdf2c4d6117960606db15930e1faa547aeb2d0","isMergeCommit":false,"messageTitle":"fixed DG bugs","messageBody":"","fileTypesAndContributionMap":{"docs":{"insertions":17,"deletions":15}}},{"hash":"375aac529f75add084042c277c9d25086cc29baa","isMergeCommit":true,"messageTitle":"Merge branch \u0027master\u0027 into update-DG","messageBody":"","fileTypesAndContributionMap":{}}]},{"date":"2025-04-07","commitResults":[{"hash":"5a29ce60836e425960412265881c5e12834baf2d","isMergeCommit":false,"messageTitle":"Fix Typos","messageBody":"","fileTypesAndContributionMap":{"docs":{"insertions":4,"deletions":4}}},{"hash":"fcc4aa7bf198646cb9b52154bb9cc664ff868a8b","isMergeCommit":true,"messageTitle":"Merge branch \u0027update-DG\u0027 of github.com:bhavinaa/tp into update-DG","messageBody":"","fileTypesAndContributionMap":{}},{"hash":"97b237ba23de01a77696cf8ce6dfcd0f7ad0eacb","isMergeCommit":false,"messageTitle":"Fix Typos","messageBody":"","fileTypesAndContributionMap":{"docs":{"insertions":1,"deletions":1}}},{"hash":"fc873da4ef55874ee0954481d970fd7e94dd26cf","isMergeCommit":true,"messageTitle":"Fix Typo","messageBody":"","fileTypesAndContributionMap":{}},{"hash":"a1bd77799bdea058acb8a3efcbd9f30f3a4d0d14","isMergeCommit":true,"messageTitle":"Update DG","messageBody":"","fileTypesAndContributionMap":{}},{"hash":"cf2c8873006cb97feaf4dc56e507ab6b2564dc2f","isMergeCommit":false,"messageTitle":"Fix MSS typos","messageBody":"","fileTypesAndContributionMap":{"docs":{"insertions":54,"deletions":129}}},{"hash":"66b652a277b4f1660cc6cdf2f19d367a19246b35","isMergeCommit":false,"messageTitle":"Remove formating errors","messageBody":"","fileTypesAndContributionMap":{"docs":{"insertions":23,"deletions":43}}},{"hash":"e7a004c37d333b4698973963f03c25aa7c437c39","isMergeCommit":false,"messageTitle":"Improve Formating","messageBody":"","fileTypesAndContributionMap":{"docs":{"insertions":9,"deletions":3}}},{"hash":"206c331623e61d339e6115e7b9c837f16d1d51a3","isMergeCommit":false,"messageTitle":"Add table formating","messageBody":"","fileTypesAndContributionMap":{"docs":{"insertions":10,"deletions":0}}}]},{"date":"2025-04-08","commitResults":[{"hash":"d51e0e9a1a2a6181439d86267fdb5f060e52741f","isMergeCommit":false,"messageTitle":"Add Bhavina PPP","messageBody":"","fileTypesAndContributionMap":{"docs":{"insertions":53,"deletions":0}}},{"hash":"e64e6120d6de51f43b2dd9bb98fee794859b131b","isMergeCommit":false,"messageTitle":"Update the UG table commands","messageBody":"","fileTypesAndContributionMap":{"docs":{"insertions":39,"deletions":37}}},{"hash":"678f9124c4b22c9cb3d4e448d9c7ce871a0fec5d","isMergeCommit":false,"messageTitle":"remove DG changes","messageBody":"","fileTypesAndContributionMap":{"docs":{"insertions":0,"deletions":7}}},{"hash":"c6c2c0fcdbdd4b50479e1a9dd76fa70aec54e887","isMergeCommit":false,"messageTitle":"Fix Typos","messageBody":"","fileTypesAndContributionMap":{"docs":{"insertions":1,"deletions":1}}},{"hash":"3b81a5b8e3b1f3992752791edfc524eb807158dc","isMergeCommit":false,"messageTitle":"Update DG with test cases","messageBody":"","fileTypesAndContributionMap":{"functional-code":{"insertions":2,"deletions":2},"docs":{"insertions":208,"deletions":5}}},{"hash":"b7b375c901a75a919ce413c458779316de5720b4","isMergeCommit":false,"messageTitle":"Update use case","messageBody":"","fileTypesAndContributionMap":{"docs":{"insertions":12,"deletions":8}}},{"hash":"e4359c14478e3a2e4fbc55d6a799655f7e3542f6","isMergeCommit":false,"messageTitle":"Update DG with UML","messageBody":"","fileTypesAndContributionMap":{"docs":{"insertions":50,"deletions":0}}},{"hash":"e01eb58acd8cd2eb3b73da2b3fa26c5ccd9459d8","isMergeCommit":false,"messageTitle":"fixed DG bugs","messageBody":"","fileTypesAndContributionMap":{"docs":{"insertions":4,"deletions":3}}},{"hash":"33a1a45038424aebf2c7e2f845ccda2a7f1c06cf","isMergeCommit":false,"messageTitle":"Fix Typos","messageBody":"","fileTypesAndContributionMap":{"docs":{"insertions":3,"deletions":3}}},{"hash":"5076bcefd4f0981c31943390920acd596c53fbb7","isMergeCommit":false,"messageTitle":"Fix MSS typos","messageBody":"","fileTypesAndContributionMap":{"docs":{"insertions":143,"deletions":75}}},{"hash":"517e7b13f7ceab1055a22747135f624e0649302e","isMergeCommit":false,"messageTitle":"Remove formating errors","messageBody":"","fileTypesAndContributionMap":{"docs":{"insertions":23,"deletions":37}}},{"hash":"5191ac2f89b3a80d9809dda7463190d32b2a2891","isMergeCommit":false,"messageTitle":"Improve Formating","messageBody":"","fileTypesAndContributionMap":{"docs":{"insertions":9,"deletions":3}}},{"hash":"00e10932e84ad4ba11a81fae5a1f2b647be8097b","isMergeCommit":false,"messageTitle":"Add table formating","messageBody":"","fileTypesAndContributionMap":{"docs":{"insertions":10,"deletions":0}}}]}],"jonzyyyy":[{"date":"2025-04-05","commitResults":[{"hash":"ceed87632347447affce51d258a56325ce474ed6","isMergeCommit":false,"messageTitle":"Fixes some UG formatting issues","messageBody":"","fileTypesAndContributionMap":{"docs":{"insertions":37,"deletions":64}}},{"hash":"845b26dcc5d138e935245f0bef07a9414d35efb0","isMergeCommit":false,"messageTitle":"Fixes more errors in UG","messageBody":"","fileTypesAndContributionMap":{"docs":{"insertions":14,"deletions":7}}},{"hash":"6ff07994d1888a67e8bb038c81fd578d740067ff","isMergeCommit":false,"messageTitle":"Fixes more UG issues","messageBody":"","fileTypesAndContributionMap":{"docs":{"insertions":8,"deletions":6}}},{"hash":"838d9a8bd4b6fb10422c97a88feea15539b7afd1","isMergeCommit":false,"messageTitle":"Fixes syntax","messageBody":"","fileTypesAndContributionMap":{"docs":{"insertions":2,"deletions":1}}},{"hash":"23423babce716ec89aedb94b3f640b46de21e5f6","isMergeCommit":false,"messageTitle":"Makes changes to addPerson spec","messageBody":"","fileTypesAndContributionMap":{"docs":{"insertions":3,"deletions":4}}},{"hash":"1baa6eeeda3f7634f6bf94ea39ff65fbe8af8330","isMergeCommit":false,"messageTitle":"Makes filterPersons more clear","messageBody":"","fileTypesAndContributionMap":{"docs":{"insertions":14,"deletions":22}}},{"hash":"d5843c4c83cdd453d6c37d5f6f66d4918d500833","isMergeCommit":false,"messageTitle":"Improves table of content","messageBody":"","fileTypesAndContributionMap":{"docs":{"insertions":36,"deletions":49}}},{"hash":"3771554ba54ac46adbce8a8ee02e185c6b3d7cfa","isMergeCommit":false,"messageTitle":"Adds page break for better pdf formatting","messageBody":"","fileTypesAndContributionMap":{"docs":{"insertions":5,"deletions":0}}},{"hash":"8c0eb4673783d6654354e89b9c7ce611d0372614","isMergeCommit":false,"messageTitle":"Fixes some syntax error","messageBody":"","fileTypesAndContributionMap":{"docs":{"insertions":1,"deletions":2}}},{"hash":"7b7fa3ac0538708629d33a13eaef6bab4a17d3bd","isMergeCommit":false,"messageTitle":"Fixes code formatting within commands","messageBody":"","fileTypesAndContributionMap":{"docs":{"insertions":18,"deletions":36}}},{"hash":"7b218ebae4bb03a661f9490c14dce7ebc01b2a6f","isMergeCommit":false,"messageTitle":"Improves example for deletePerson","messageBody":"","fileTypesAndContributionMap":{"docs":{"insertions":4,"deletions":4}}},{"hash":"e1dfc50bb56ee356f075ee7068a1f6610db71b56","isMergeCommit":false,"messageTitle":"Modifies filterPersons to be clearer","messageBody":"","fileTypesAndContributionMap":{"docs":{"insertions":6,"deletions":2}}},{"hash":"cf8b40a8be4de86e13f0df3b4bd83cbbabf29a94","isMergeCommit":false,"messageTitle":"Adds reference to dietary restrictions","messageBody":"","fileTypesAndContributionMap":{"docs":{"insertions":4,"deletions":5}}},{"hash":"fcb5934d7603772e81bb305890a2ffaf9fe44c4c","isMergeCommit":false,"messageTitle":"Adds more information to filterPersons","messageBody":"","fileTypesAndContributionMap":{"docs":{"insertions":1,"deletions":1}}},{"hash":"829d5fdeae0edb1260d25a2d34d3867d0bcf4722","isMergeCommit":false,"messageTitle":"Adds hyperlinks to filterPersons","messageBody":"","fileTypesAndContributionMap":{"docs":{"insertions":12,"deletions":5}}},{"hash":"17f8e0e4cb56981f73c81e90d7ee8b2bf6054613","isMergeCommit":false,"messageTitle":"Fixes NONE inconsistency","messageBody":"","fileTypesAndContributionMap":{"docs":{"insertions":2,"deletions":2}}},{"hash":"c8ea9f05449ab4b340f6f74ca2a42a3101da0a81","isMergeCommit":false,"messageTitle":"Moves bullet point up","messageBody":"","fileTypesAndContributionMap":{"docs":{"insertions":1,"deletions":1}}}]},{"date":"2025-04-06","commitResults":[{"hash":"21bebd872786e3a79488680144ef468f34c6f860","isMergeCommit":false,"messageTitle":"Improves filterPersons to handle invalid values","messageBody":"","fileTypesAndContributionMap":{"functional-code":{"insertions":23,"deletions":5},"docs":{"insertions":41,"deletions":37},"test-code":{"insertions":30,"deletions":6}}},{"hash":"5ec6526154824c7a3c069747c3c1c3e1818a648b","isMergeCommit":false,"messageTitle":"Made small naming changes","messageBody":"","fileTypesAndContributionMap":{"functional-code":{"insertions":3,"deletions":3},"docs":{"insertions":8,"deletions":8}}},{"hash":"56f85fbd324e97cbf6b24242206cf483078b1c1a","isMergeCommit":false,"messageTitle":"Improve wording for UG","messageBody":"","fileTypesAndContributionMap":{"docs":{"insertions":2,"deletions":2}}},{"hash":"5bf7e927f5fdfd56555936f3fd0cc8312c57bd8c","isMergeCommit":false,"messageTitle":"Updates the list javadoc and userguide","messageBody":"","fileTypesAndContributionMap":{"functional-code":{"insertions":1,"deletions":1},"docs":{"insertions":15,"deletions":0}}},{"hash":"7a20566a106bad5607b486671f693ee564862d9d","isMergeCommit":false,"messageTitle":"Updates wording in userGuide","messageBody":"","fileTypesAndContributionMap":{"docs":{"insertions":9,"deletions":9}}},{"hash":"e5e8ec271eed95948b26230103882104f2520ce5","isMergeCommit":false,"messageTitle":"Fixes minor spacing","messageBody":"","fileTypesAndContributionMap":{"docs":{"insertions":1,"deletions":1}}}]},{"date":"2025-04-07","commitResults":[{"hash":"22fe056ac018b82cc5c05ebb9cf2324dc20f015c","isMergeCommit":false,"messageTitle":"Adds Jonathans PPP","messageBody":"","fileTypesAndContributionMap":{"docs":{"insertions":0,"deletions":0}}},{"hash":"6ffa72de1906471580045a58698cf0016923b27b","isMergeCommit":false,"messageTitle":"Modified Jonathan\u0027s PPP","messageBody":"","fileTypesAndContributionMap":{"docs":{"insertions":70,"deletions":17}}},{"hash":"479fa846e413ac7c168b4acd2f0e19db1f4e27a0","isMergeCommit":false,"messageTitle":"Adds Jonathan\u0027s PPP","messageBody":"","fileTypesAndContributionMap":{"docs":{"insertions":4,"deletions":2}}},{"hash":"9b5438944d792faea40cb0aa3c850ae785da35ed","isMergeCommit":false,"messageTitle":"Fixes hyperlink errors","messageBody":"","fileTypesAndContributionMap":{"docs":{"insertions":3,"deletions":3}}},{"hash":"34a36ab19865be49cae174c41e086352ecce6bea","isMergeCommit":false,"messageTitle":"Adds tags and edit command to table","messageBody":"","fileTypesAndContributionMap":{"docs":{"insertions":37,"deletions":21}}},{"hash":"3998b81aecd86a546fa7caca478510718792995f","isMergeCommit":false,"messageTitle":"Adds find description to UG","messageBody":"","fileTypesAndContributionMap":{"docs":{"insertions":26,"deletions":8}}}]},{"date":"2025-04-08","commitResults":[{"hash":"d17e41a57a417e3db45ad39c3ae8deb6ed105260","isMergeCommit":false,"messageTitle":"Adds justification for no weddinglist","messageBody":"","fileTypesAndContributionMap":{"docs":{"insertions":4,"deletions":2}}},{"hash":"53ef8763a218da21b8d0b30e971f56a8e1a1b9d5","isMergeCommit":false,"messageTitle":"Adds full screen justification","messageBody":"","fileTypesAndContributionMap":{"docs":{"insertions":2,"deletions":2}}},{"hash":"7d1d4c79d17deec7a92409337121ba1887e13510","isMergeCommit":false,"messageTitle":"Fixes spelling errors","messageBody":"","fileTypesAndContributionMap":{"docs":{"insertions":5,"deletions":2}}},{"hash":"6b701cf1567dcf0c39b2bcfc20918ee565d81825","isMergeCommit":false,"messageTitle":"Adds more to the FAQ section","messageBody":"","fileTypesAndContributionMap":{"docs":{"insertions":14,"deletions":6}}},{"hash":"dc7605d0f12dbe86ff212ddb811c37d62ab6fe50","isMergeCommit":false,"messageTitle":"Fixes missing n/","messageBody":"","fileTypesAndContributionMap":{"docs":{"insertions":1,"deletions":1}}},{"hash":"e91e82ec042a621456d224ccdaf74e0682d99f39","isMergeCommit":false,"messageTitle":"Fixes errors in UG","messageBody":"","fileTypesAndContributionMap":{"docs":{"insertions":78,"deletions":73}}},{"hash":"323cbbce30eb022bb8c88392834353ff7dde1332","isMergeCommit":true,"messageTitle":"Merge branch \u0027master\u0027 into final-bug-fixes","messageBody":"","fileTypesAndContributionMap":{}},{"hash":"85f85a948228917df87ea9ebf98fbb1132a2ff53","isMergeCommit":false,"messageTitle":"Update docs/UserGuide.md","messageBody":"Co-authored-by: Copilot \u003c175728472+Copilot@users.noreply.github.com\u003e","fileTypesAndContributionMap":{"docs":{"insertions":1,"deletions":1}}},{"hash":"39d70912aef4096068500730c83b84a939f6bdd5","isMergeCommit":false,"messageTitle":"Improves intro","messageBody":"","fileTypesAndContributionMap":{"docs":{"insertions":26,"deletions":11}}},{"hash":"c50f696d7b9e5bcf136492a12429c63e1c6fe207","isMergeCommit":false,"messageTitle":"Fixes examples in edit","messageBody":"","fileTypesAndContributionMap":{"docs":{"insertions":7,"deletions":10}}},{"hash":"039550dc55c4d9169cba1382368c1e9ad4afb23a","isMergeCommit":false,"messageTitle":"Fixes hyperlinks and TOC","messageBody":"","fileTypesAndContributionMap":{"docs":{"insertions":23,"deletions":22}}},{"hash":"f7d8598b96e38ff32c982c4d7b33a16ed4851cec","isMergeCommit":false,"messageTitle":"Adds meaning of symbols","messageBody":"","fileTypesAndContributionMap":{"docs":{"insertions":9,"deletions":0}}},{"hash":"ba6f7fe1b26bbfece0b000c93dc4a409ca5c28a2","isMergeCommit":false,"messageTitle":"Changes info box","messageBody":"","fileTypesAndContributionMap":{"docs":{"insertions":7,"deletions":5}}},{"hash":"1627d4e4a2abfab707e70d620f564c3cccb6ce95","isMergeCommit":true,"messageTitle":"Merge pull request #288 from jonzyyyy/master","messageBody":"Fixes UG","fileTypesAndContributionMap":{}},{"hash":"b6f91aecde0a0c92787cb0f50920e70b050bdb09","isMergeCommit":false,"messageTitle":"Fixes box issue","messageBody":"","fileTypesAndContributionMap":{"docs":{"insertions":1,"deletions":2}}},{"hash":"92d69d5223a1980e41176b2d5fbc14aaa59a0c47","isMergeCommit":true,"messageTitle":"Fix colon spacing issues","messageBody":"","fileTypesAndContributionMap":{}},{"hash":"b59d340b8150fdb5b77f0c7a48a0997a814d0b1f","isMergeCommit":false,"messageTitle":"Removes emoji","messageBody":"","fileTypesAndContributionMap":{"docs":{"insertions":1,"deletions":1}}},{"hash":"c552daf06c84ff089469bd3168c4aae474f532ea","isMergeCommit":true,"messageTitle":"Merge pull request #289 from jonzyyyy/master","messageBody":"Fixes styling issue and TOC","fileTypesAndContributionMap":{}}]}],"josejhkim":[{"date":"2025-04-05","commitResults":[{"hash":"c6c9b007e0f7af7ee33e3aed0187b9701e55579b","isMergeCommit":false,"messageTitle":"Change getCurrentWedding() to throw an exception with no current wedding","messageBody":"","fileTypesAndContributionMap":{"functional-code":{"insertions":60,"deletions":37}}},{"hash":"aa892c2c2f7a45d51d77a241513f5c3964297c85","isMergeCommit":false,"messageTitle":"Change clear command result message formatting","messageBody":"","fileTypesAndContributionMap":{"functional-code":{"insertions":1,"deletions":1}}},{"hash":"bc879dad0591cffd0219d020910f89ed55c9c393","isMergeCommit":false,"messageTitle":"Fix issues found in the app from the PE-D","messageBody":"","fileTypesAndContributionMap":{"functional-code":{"insertions":120,"deletions":133},"test-code":{"insertions":13,"deletions":7}}},{"hash":"e121ebc9052b5e05488f76addd4d944bdc03515a","isMergeCommit":false,"messageTitle":"Fix checkstyle issues","messageBody":"","fileTypesAndContributionMap":{"functional-code":{"insertions":6,"deletions":6},"test-code":{"insertions":11,"deletions":43}}}]},{"date":"2025-04-06","commitResults":[{"hash":"012519eb529e021500efe5ded6c9c7570fdb4537","isMergeCommit":false,"messageTitle":"Fix issues found in the app from the PE-D","messageBody":"","fileTypesAndContributionMap":{"functional-code":{"insertions":146,"deletions":165},"test-code":{"insertions":47,"deletions":67}}},{"hash":"b2ab63cf4513a08264b2ee62a68275a9629a9ba8","isMergeCommit":false,"messageTitle":"Fix typo in command","messageBody":"","fileTypesAndContributionMap":{"functional-code":{"insertions":1,"deletions":1}}},{"hash":"9200da791b672cf423004f636fac9a4bb2c137b2","isMergeCommit":false,"messageTitle":"Call getCurrentWedding() before updating the GUI","messageBody":"","fileTypesAndContributionMap":{"functional-code":{"insertions":20,"deletions":7}}},{"hash":"507bd3382f892449dfa3a6837acacbecf4ef86af","isMergeCommit":true,"messageTitle":"Solve merge issues with upstream","messageBody":"","fileTypesAndContributionMap":{}},{"hash":"6b1594760956544c06758a301ef08c6c8b9a2f3d","isMergeCommit":false,"messageTitle":"Update AddPersonToTableCommand.java","messageBody":"","fileTypesAndContributionMap":{"functional-code":{"insertions":11,"deletions":22}}},{"hash":"22a9b4859d6370a0d1ef49b7bc53cad6ad0341ba","isMergeCommit":false,"messageTitle":"Update WeddingOverviewCommand.java","messageBody":"","fileTypesAndContributionMap":{"functional-code":{"insertions":20,"deletions":22}}},{"hash":"d069920388ad0315c8f0cfc96d0a533499066694","isMergeCommit":false,"messageTitle":"Update AddressBook.java","messageBody":"","fileTypesAndContributionMap":{"functional-code":{"insertions":20,"deletions":20}}},{"hash":"f884264b0f2cb23e0a5c1d3a2bdb94c47d798dd9","isMergeCommit":true,"messageTitle":"Merge branch \u0027master\u0027 into branch-Fix-PE-Bugs","messageBody":"","fileTypesAndContributionMap":{}},{"hash":"ba371adce2bf2d88767fb16ada303126130e2c0f","isMergeCommit":true,"messageTitle":"Merge pull request #265 from josejhkim/branch-Fix-PE-Bugs","messageBody":"Branch fix pe bugs","fileTypesAndContributionMap":{}},{"hash":"7d30b2bd204ec9ccf048534dbc1e1123b9a1bbf5","isMergeCommit":false,"messageTitle":"Fix broken links in the document","messageBody":"","fileTypesAndContributionMap":{"docs":{"insertions":4,"deletions":4}}}]},{"date":"2025-04-07","commitResults":[{"hash":"1fa35f38eaef62500da997dce0077c41c76f1887","isMergeCommit":true,"messageTitle":"Merge pull request #275 from bhavinaa/update-ug-2.0","messageBody":"Remove formating errors","fileTypesAndContributionMap":{}},{"hash":"1a144e81d67c790e4ff742a751c3bd6b52412218","isMergeCommit":false,"messageTitle":"Fix bugs related to UG and DG","messageBody":"","fileTypesAndContributionMap":{"docs":{"insertions":183,"deletions":95}}},{"hash":"3cc8fd4197256934f6014acd277e037f98eff7b9","isMergeCommit":false,"messageTitle":"Fix a minor typo","messageBody":"","fileTypesAndContributionMap":{"docs":{"insertions":1,"deletions":1}}}]},{"date":"2025-04-08","commitResults":[{"hash":"b02d6b2b17dcd099ea6097816bb0651f908f3bcc","isMergeCommit":false,"messageTitle":"Change weddingOverview to \u0027reset\u0027 the wedding data to normal","messageBody":"","fileTypesAndContributionMap":{"functional-code":{"insertions":2,"deletions":1},"docs":{"insertions":3,"deletions":1}}},{"hash":"edcbc77c669d6b5b4d800d1bf3b7596c87aaa4d9","isMergeCommit":false,"messageTitle":"Add new images to the UG","messageBody":"","fileTypesAndContributionMap":{"docs":{"insertions":24,"deletions":4}}},{"hash":"6942bf764f8aaa51136f52ba16075dbcb53827fa","isMergeCommit":true,"messageTitle":"Merge branch \u0027master\u0027 into branch-Fix-Guides","messageBody":"","fileTypesAndContributionMap":{}},{"hash":"647c6698f258518aae6c26b5029d459ca53d082e","isMergeCommit":true,"messageTitle":"Merge pull request #278 from josejhkim/branch-Fix-Guides","messageBody":"Fix issues related to UG and DG","fileTypesAndContributionMap":{}},{"hash":"0fb4147e6c394a1606203d1f387515403c63ccce","isMergeCommit":false,"messageTitle":"Fix formatting issues with the DG","messageBody":"","fileTypesAndContributionMap":{"docs":{"insertions":14,"deletions":12}}},{"hash":"b1a32a59cee4afbee761e67f3eb14093e90b7b48","isMergeCommit":false,"messageTitle":"Fix formatting issues with the DG","messageBody":"","fileTypesAndContributionMap":{"docs":{"insertions":19,"deletions":14}}},{"hash":"00266819f874d4ab57687fc90b994d7da0eac5c7","isMergeCommit":false,"messageTitle":"Fix formatting issues with the DG","messageBody":"","fileTypesAndContributionMap":{"docs":{"insertions":12,"deletions":12}}},{"hash":"1227b7eae877d7baf03c236eea9eb522b313c19a","isMergeCommit":true,"messageTitle":"Merge pull request #282 from josejhkim/branch-Fix-Guides","messageBody":"Fix formatting issues with the DG","fileTypesAndContributionMap":{}},{"hash":"ff252ba742753db60a40e25e98225bec4e1194a5","isMergeCommit":false,"messageTitle":"Fix formatting issues with the DG","messageBody":"","fileTypesAndContributionMap":{"docs":{"insertions":3,"deletions":3}}},{"hash":"8f4b1c5187fe418ebba13d7b453de560b2a123be","isMergeCommit":true,"messageTitle":"Merge pull request #284 from josejhkim/branch-Fix-Guides","messageBody":"Fix formatting issues with the DG","fileTypesAndContributionMap":{}},{"hash":"d6dc08bf8bbe960edb39cb973c11b136e8de3db4","isMergeCommit":true,"messageTitle":"Merge pull request #283 from jonzyyyy/final-bug-fixes","messageBody":"Fixes errors in UG","fileTypesAndContributionMap":{}},{"hash":"954810b3172b016310c58b358feb24f942c531ac","isMergeCommit":true,"messageTitle":"Merge pull request #285 from kaungzinye/fix-dg-2-branch","messageBody":"Add DG for find,get, addTable and deleteTable command ","fileTypesAndContributionMap":{}},{"hash":"382befc6b0ee2a90f7304a8c9390bf7b405ace02","isMergeCommit":true,"messageTitle":"Merge pull request #286 from jonzyyyy/fix-image","messageBody":"Improves intro and fixes image description","fileTypesAndContributionMap":{}},{"hash":"ba2e914805f1dee371bca7a973ca8843a1bdf5d7","isMergeCommit":false,"messageTitle":"Fix link issues in the UG","messageBody":"","fileTypesAndContributionMap":{"docs":{"insertions":16,"deletions":16}}},{"hash":"e2de5b700da53b090ae2ac47e987f32305458112","isMergeCommit":true,"messageTitle":"Fix formatting issues with the DG","messageBody":"","fileTypesAndContributionMap":{}},{"hash":"03a5281c20f67935e2858b930cc60059a8016a3e","isMergeCommit":false,"messageTitle":"Fix formatting issues with the DG","messageBody":"","fileTypesAndContributionMap":{"docs":{"insertions":3,"deletions":3}}},{"hash":"3da8c4f8b2f79daf64a28559dc02eb1030cd497e","isMergeCommit":false,"messageTitle":"Fix formatting issues with the DG","messageBody":"","fileTypesAndContributionMap":{"docs":{"insertions":5,"deletions":5}}},{"hash":"9caa59746e8efde40228caa6eff960be46653e30","isMergeCommit":true,"messageTitle":"Merge pull request #291 from josejhkim/master","messageBody":"Fix issues with UG","fileTypesAndContributionMap":{}}]}]},"authorFileTypeContributionMap":{"jensenhuangyankai":{"docs":218,"functional-code":65,"test-code":0},"kaungzinye":{"docs":484,"functional-code":1,"test-code":0},"bhavinaa":{"docs":441,"functional-code":0,"test-code":0},"jonzyyyy":{"docs":302,"functional-code":24,"test-code":30},"josejhkim":{"docs":226,"functional-code":157,"test-code":41}},"authorContributionVariance":{"jensenhuangyankai":17473.5,"kaungzinye":524360.2,"bhavinaa":96209.19,"jonzyyyy":6130.0,"josejhkim":23683.688},"authorDisplayNameMap":{"jensenhuangyankai":"CS2103T-F12-3 JENS.. KAI","kaungzinye":"CS2103T-F12-3 KAUN..AUNG","bhavinaa":"CS2103T-F12-3 BHAV..UMAR","jonzyyyy":"CS2103T-F12-3 JONA..YANG","josejhkim":"CS2103T-F12-3 KIM ..AEHO"}}
