{"authorDailyContributionsMap":{"nictjh":[{"date":"2025-04-07","commitResults":[{"hash":"86744dd91300952e522a4e484de324027340e760","isMergeCommit":false,"messageTitle":"Fix duplicate inputs for img","messageBody":"","fileTypesAndContributionMap":{"functional-code":{"insertions":1,"deletions":1}}}]}],"Benjam11n":[{"date":"2025-04-05","commitResults":[{"hash":"51cead30a61612e0f17ad877419f6c3ed578665b","isMergeCommit":false,"messageTitle":"Add command history to testing section","messageBody":"","fileTypesAndContributionMap":{"docs":{"insertions":18,"deletions":0}}},{"hash":"3d57f15daa44bcf829f30efe910988ae45292604","isMergeCommit":false,"messageTitle":"Fix small command history bug","messageBody":"","fileTypesAndContributionMap":{"functional-code":{"insertions":2,"deletions":2}}}]},{"date":"2025-04-06","commitResults":[{"hash":"b61a38494eace92c22a66f37104f14a5c1bb27f2","isMergeCommit":false,"messageTitle":"Update links","messageBody":"","fileTypesAndContributionMap":{"docs":{"insertions":4,"deletions":4}}},{"hash":"51cbe11c8f965a10fe5f1352414fb9bb51a6d3f6","isMergeCommit":false,"messageTitle":"Remove escape character in phone","messageBody":"","fileTypesAndContributionMap":{"functional-code":{"insertions":1,"deletions":0}}},{"hash":"ebdc700a52cdc8e1f37c9bfe81cfe211f296a1b3","isMergeCommit":false,"messageTitle":"Make person names case insensitive","messageBody":"","fileTypesAndContributionMap":{"functional-code":{"insertions":1,"deletions":1},"test-code":{"insertions":2,"deletions":2}}},{"hash":"801edeb7634c376efd8325e40e271b57e087a80b","isMergeCommit":false,"messageTitle":"Add duplicate detection section","messageBody":"","fileTypesAndContributionMap":{"docs":{"insertions":21,"deletions":0}}},{"hash":"7aa96595b0cb852cf1e01bc4045c48315ec970cb","isMergeCommit":false,"messageTitle":"Add page break","messageBody":"","fileTypesAndContributionMap":{"docs":{"insertions":2,"deletions":0}}},{"hash":"9dc3295553d584c49d170c29afefb4698aef88d3","isMergeCommit":false,"messageTitle":"Add warning on find command","messageBody":"","fileTypesAndContributionMap":{"docs":{"insertions":6,"deletions":2}}},{"hash":"46dc475fd428dd10c0d6cd980215e01795be2b8b","isMergeCommit":false,"messageTitle":"Revert one change","messageBody":"","fileTypesAndContributionMap":{"docs":{"insertions":1,"deletions":1}}},{"hash":"47fbea9cbbddb3c2a516feeba7915ca4eee7383a","isMergeCommit":false,"messageTitle":"Remove space","messageBody":"","fileTypesAndContributionMap":{"docs":{"insertions":1,"deletions":1}}},{"hash":"22788679dac424b0adeaf6da2d3ef3adadf59511","isMergeCommit":false,"messageTitle":"Add warning for list","messageBody":"","fileTypesAndContributionMap":{"docs":{"insertions":4,"deletions":0}}},{"hash":"eec58c3b90d6ec3fed3cb799ba77122ab1e3f7b7","isMergeCommit":true,"messageTitle":"Merge pull request #278 from adoubleb/patch-credit-reuse","messageBody":"Add acknowledgement relating to reuse","fileTypesAndContributionMap":{}},{"hash":"4d790025cc14642859b7e4aafdf5ca7f6ff051a2","isMergeCommit":false,"messageTitle":"Make message even clearer","messageBody":"","fileTypesAndContributionMap":{"docs":{"insertions":1,"deletions":1}}},{"hash":"4840c558b116125b6e6b39405f280d6871d369a2","isMergeCommit":false,"messageTitle":"Add tests and update acknowledgements","messageBody":"","fileTypesAndContributionMap":{"docs":{"insertions":2,"deletions":1},"test-code":{"insertions":24,"deletions":2}}},{"hash":"fd7785d5b0a214cf57b8932796e48d961b12f55e","isMergeCommit":false,"messageTitle":"Fix test","messageBody":"","fileTypesAndContributionMap":{"test-code":{"insertions":1,"deletions":1}}},{"hash":"8b1d3dce72688d3259a95cbf2a278b096f5fe5f6","isMergeCommit":false,"messageTitle":"Update even more links","messageBody":"","fileTypesAndContributionMap":{"docs":{"insertions":2,"deletions":2}}}]},{"date":"2025-04-07","commitResults":[{"hash":"11c550a9f57ad4b5a4a4f2071c491b138d97a41b","isMergeCommit":true,"messageTitle":"Merge pull request #274 from Benjam11n/update-DG","messageBody":"Fix PE-D issues","fileTypesAndContributionMap":{}},{"hash":"d537fd20a145dbfd820bebfea4648e71645fa0cf","isMergeCommit":true,"messageTitle":"Merge pull request #275 from Benjam11n/fix-command-history","messageBody":"Fix bug in command history","fileTypesAndContributionMap":{}},{"hash":"4c825ed423fcd66c08d01b0bc47704113231a333","isMergeCommit":true,"messageTitle":"Merge branch \u0027master\u0027 into update-UG","messageBody":"","fileTypesAndContributionMap":{}},{"hash":"fe9b6bc6bec4537b1d058d9eb186ea8128b53dd9","isMergeCommit":false,"messageTitle":"Resolve PR comments","messageBody":"","fileTypesAndContributionMap":{"docs":{"insertions":2,"deletions":1}}},{"hash":"6823ed21034cc151f6fda31fd5af98298b2d38b5","isMergeCommit":true,"messageTitle":"Merge pull request #276 from Benjam11n/update-UG","messageBody":"Fix PE-D UG issues","fileTypesAndContributionMap":{}},{"hash":"a6e92a8c586b91905833f19d20f488c87db9aadf","isMergeCommit":false,"messageTitle":"Fix UI issue where name is squashed","messageBody":"","fileTypesAndContributionMap":{"functional-code":{"insertions":2,"deletions":4}}},{"hash":"16828c0c7102d9ce1c796a08a0b075bfdf8cfff8","isMergeCommit":true,"messageTitle":"Merge pull request #287 from nictjh/branch-BugFixDupImginput","messageBody":"Fix duplicate inputs for img","fileTypesAndContributionMap":{}},{"hash":"91b2bca4dce1ba3604b9b86e4a86e974a380c5c8","isMergeCommit":false,"messageTitle":"Fix usage of escape character in name","messageBody":"","fileTypesAndContributionMap":{"functional-code":{"insertions":2,"deletions":13},"docs":{"insertions":1,"deletions":1}}},{"hash":"b1c6745bfc106dd5366b7d07247c1141f2815382","isMergeCommit":true,"messageTitle":"Merge pull request #286 from Benjam11n/fix-ui-issue","messageBody":"Fix UI issue where name is squashed","fileTypesAndContributionMap":{}},{"hash":"4d4055e1c7e9cdeb1ac97847292ea8eb206820bf","isMergeCommit":true,"messageTitle":"Merge pull request #290 from Benjam11n/fix-name-backslash","messageBody":"Fix usage of escape character in name","fileTypesAndContributionMap":{}},{"hash":"09868dab1de98360849e12dc800627c5f96ef93f","isMergeCommit":true,"messageTitle":"Merge pull request #284 from qilstiano/branch-Overzealous-Capitalisation","messageBody":"Overzealous capitalisation of names","fileTypesAndContributionMap":{}},{"hash":"461aafcbc18df42ffae4266ad6a2f34a7cab14ea","isMergeCommit":true,"messageTitle":"Merge branch \u0027master\u0027 into branch-tester-B-fixes","messageBody":"","fileTypesAndContributionMap":{}},{"hash":"3b686e21157ef1d08c60785a651366e521d4a855","isMergeCommit":true,"messageTitle":"Merge pull request #281 from YashvanGH/branch-tester-B-fixes","messageBody":"Fix PE-D Tester B Bugs","fileTypesAndContributionMap":{}}]}],"adoubleb":[{"date":"2025-04-06","commitResults":[{"hash":"536d02cc0a18c534019d73c7453109966d4d44c8","isMergeCommit":false,"messageTitle":"Add acknowledgement relating to reuse","messageBody":"","fileTypesAndContributionMap":{"functional-code":{"insertions":5,"deletions":0}}},{"hash":"9bf66be6b024851bd89913f0781e329a28c83e60","isMergeCommit":false,"messageTitle":"Fix bugs reported in PE-D","messageBody":"","fileTypesAndContributionMap":{"functional-code":{"insertions":2,"deletions":3},"docs":{"insertions":31,"deletions":18}}},{"hash":"6a9f1bc7ae046fe21e06b00d18c1b8330a772ef1","isMergeCommit":false,"messageTitle":"Fix checkstyle","messageBody":"","fileTypesAndContributionMap":{"functional-code":{"insertions":1,"deletions":1}}},{"hash":"185447096219e5c06da514c606c902fcbec9fede","isMergeCommit":false,"messageTitle":"Fix tests","messageBody":"","fileTypesAndContributionMap":{"test-code":{"insertions":1,"deletions":1}}},{"hash":"aa947dc23fc6740fae56f38a828bd5d0be1427ef","isMergeCommit":false,"messageTitle":"Update tag multiplicity","messageBody":"","fileTypesAndContributionMap":{"docs":{"insertions":1,"deletions":1}}},{"hash":"62cf878a05ccc412345634fec6adf63b30cddcc0","isMergeCommit":false,"messageTitle":"Address pr comments","messageBody":"","fileTypesAndContributionMap":{"docs":{"insertions":3,"deletions":3}}},{"hash":"14f9deef315441a761ca72b7b0f0276d75faf1af","isMergeCommit":true,"messageTitle":"Merge pull request #279 from adoubleb/patch-pe-d","messageBody":"Fix bugs reported in PE-D","fileTypesAndContributionMap":{}}]}],"YashvanGH":[{"date":"2025-04-06","commitResults":[{"hash":"1319a9e17e62329dc4a3388ec62ce49cf211c1f9","isMergeCommit":false,"messageTitle":"Update Relationship Class - Relaxed REGEX to allow apostrophe (\u0027) - Updated message constraint for Relationship","messageBody":"","fileTypesAndContributionMap":{"functional-code":{"insertions":3,"deletions":2}}},{"hash":"af53c5841332a95a52193b11de615f13d63f1e92","isMergeCommit":false,"messageTitle":"Remove extra comma(,)","messageBody":"","fileTypesAndContributionMap":{"functional-code":{"insertions":1,"deletions":1}}},{"hash":"86604eb526ee5c57dd2b8912e17a84932cbf09c3","isMergeCommit":false,"messageTitle":"Update explanation for escape slash usage","messageBody":"","fileTypesAndContributionMap":{"docs":{"insertions":5,"deletions":3}}},{"hash":"2b15212ce7d9355baf724ae75aab3baebfec5d96","isMergeCommit":false,"messageTitle":"Update name constraints","messageBody":"","fileTypesAndContributionMap":{"functional-code":{"insertions":1,"deletions":1}}},{"hash":"ac49b752ab701d9d29eeec7bfbd066a02410f713","isMergeCommit":false,"messageTitle":"Fix typos in DG","messageBody":"","fileTypesAndContributionMap":{"docs":{"insertions":3,"deletions":3}}},{"hash":"e2fb797156a6a24ab29c6aa79d5c2be00a788d79","isMergeCommit":false,"messageTitle":"Add first planned enhancement for undo","messageBody":"","fileTypesAndContributionMap":{"docs":{"insertions":9,"deletions":0}}},{"hash":"1b162803ec82274be7637462fb9bcc1118408858","isMergeCommit":false,"messageTitle":"Update invalid formats for list and clear","messageBody":"","fileTypesAndContributionMap":{"docs":{"insertions":2,"deletions":8}}}]}],"qilstiano":[{"date":"2025-04-05","commitResults":[{"hash":"768ae4675211602012fb43c8ac8f1d5e39463acd","isMergeCommit":true,"messageTitle":"Merge remote-tracking branch \u0027upstream/master\u0027","messageBody":"","fileTypesAndContributionMap":{}}]},{"date":"2025-04-07","commitResults":[{"hash":"32756a48abd4c492c6683ee1a15df2fa95ce87be","isMergeCommit":true,"messageTitle":"Merge remote-tracking branch \u0027upstream/master\u0027","messageBody":"","fileTypesAndContributionMap":{}},{"hash":"c368405579119905119760ade6a833f04d449424","isMergeCommit":false,"messageTitle":"Amend `parserUtil#formatName` and relevant tests","messageBody":"Reduce restrictiveness in naming to ensure less overzealous\ncapitalisation in Name field.\n\ne.g. Martha von Trapp used to be formatted to Martha Von Trapp\n\nCurrent behaviour formats Martha von Trapp correctly, only removing\nredundant whitespace between the words.\n\nTo-do\n[ ] Update DG\n","fileTypesAndContributionMap":{"functional-code":{"insertions":7,"deletions":17},"test-code":{"insertions":1,"deletions":1}}},{"hash":"9de99af6f953997f1b39ac7f9a05101017b8e695","isMergeCommit":false,"messageTitle":"Amend Javadoc","messageBody":"As per title\n","fileTypesAndContributionMap":{"functional-code":{"insertions":1,"deletions":3}}}]}]},"authorFileTypeContributionMap":{"nictjh":{"docs":0,"functional-code":1,"test-code":0},"Benjam11n":{"docs":57,"functional-code":7,"test-code":25},"adoubleb":{"docs":33,"functional-code":6,"test-code":1},"YashvanGH":{"docs":14,"functional-code":3,"test-code":0},"qilstiano":{"docs":0,"functional-code":5,"test-code":1}},"authorContributionVariance":{"nictjh":0.88888884,"Benjam11n":1000.22217,"adoubleb":1120.2223,"YashvanGH":392.0,"qilstiano":200.0},"authorDisplayNameMap":{"nictjh":"CS2103T-T14-1 TOK ..OLAS","Benjam11n":"CS2103T-T14-1 BENJ..YUAN","adoubleb":"CS2103T-T14-1 ABDU..AZAK","YashvanGH":"CS2103T-T14-1 YASH..SAMY","qilstiano":"CS2103T-T14-1 MUHA..ALID"}}
