{"authorDailyContributionsMap":{"nictjh":[],"Benjam11n":[{"date":"2025-04-06","commitResults":[{"hash":"eec58c3b90d6ec3fed3cb799ba77122ab1e3f7b7","isMergeCommit":true,"messageTitle":"Merge pull request #278 from adoubleb/patch-credit-reuse","messageBody":"Add acknowledgement relating to reuse","fileTypesAndContributionMap":{}}]}],"adoubleb":[{"date":"2025-04-06","commitResults":[{"hash":"536d02cc0a18c534019d73c7453109966d4d44c8","isMergeCommit":false,"messageTitle":"Add acknowledgement relating to reuse","messageBody":"","fileTypesAndContributionMap":{"functional-code":{"insertions":5,"deletions":0}}}]}],"YashvanGH":[],"qilstiano":[]},"authorFileTypeContributionMap":{"nictjh":{"docs":0,"functional-code":0,"test-code":0},"Benjam11n":{"docs":0,"functional-code":0,"test-code":0},"adoubleb":{"docs":0,"functional-code":5,"test-code":0},"YashvanGH":{"docs":0,"functional-code":0,"test-code":0},"qilstiano":{"docs":0,"functional-code":0,"test-code":0}},"authorContributionVariance":{"nictjh":0.0,"Benjam11n":0.0,"adoubleb":6.25,"YashvanGH":0.0,"qilstiano":0.0},"authorDisplayNameMap":{"nictjh":"CS2103T-T14-1 TOK ..OLAS","Benjam11n":"CS2103T-T14-1 BENJ..YUAN","adoubleb":"CS2103T-T14-1 ABDU..AZAK","YashvanGH":"CS2103T-T14-1 YASH..SAMY","qilstiano":"CS2103T-T14-1 MUHA..ALID"}}
