{"authorDailyContributionsMap":{"nictjh":[{"date":"2025-04-07","commitResults":[{"hash":"86744dd91300952e522a4e484de324027340e760","isMergeCommit":false,"messageTitle":"Fix duplicate inputs for img","messageBody":"","fileTypesAndContributionMap":{"functional-code":{"insertions":1,"deletions":1}}},{"hash":"15202235aa75f2df434465f777e2cbb9f8d6ae05","isMergeCommit":false,"messageTitle":"Fix sort, put no bdays at bottom","messageBody":"","fileTypesAndContributionMap":{"functional-code":{"insertions":4,"deletions":2}}},{"hash":"b60bb203ea1e9653072529893085cf55a98ecdbe","isMergeCommit":false,"messageTitle":"Update docs to ensure correct behaviors","messageBody":"","fileTypesAndContributionMap":{"docs":{"insertions":5,"deletions":0}}},{"hash":"7ee2d3f875053e32584197a757605294acd28a4c","isMergeCommit":false,"messageTitle":"Fix sorting logic","messageBody":"","fileTypesAndContributionMap":{"functional-code":{"insertions":0,"deletions":6},"test-code":{"insertions":2,"deletions":1}}},{"hash":"4c6f52fb84facdefb9f5e0f404594e8a38398056","isMergeCommit":false,"messageTitle":"Remove unused imports","messageBody":"","fileTypesAndContributionMap":{"test-code":{"insertions":0,"deletions":2}}},{"hash":"292bb04c63d9e9e3d26bab9d4b16e79daa40582f","isMergeCommit":false,"messageTitle":"Fix sorting again","messageBody":"","fileTypesAndContributionMap":{"functional-code":{"insertions":10,"deletions":6},"docs":{"insertions":2,"deletions":2}}},{"hash":"b95c9b85b5c5188691260aec797481b661d5395d","isMergeCommit":false,"messageTitle":"Improve on readability for UG","messageBody":"","fileTypesAndContributionMap":{"docs":{"insertions":2,"deletions":2}}},{"hash":"ae93a538c0eeea54dd48f7853a44575bc6555858","isMergeCommit":false,"messageTitle":"Edit wording in UG","messageBody":"","fileTypesAndContributionMap":{"docs":{"insertions":3,"deletions":5}}},{"hash":"b7e924f7626caadefbcc2e1d4e7c800eb08f9f49","isMergeCommit":false,"messageTitle":"Edit DG for consistency","messageBody":"","fileTypesAndContributionMap":{"docs":{"insertions":21,"deletions":6}}},{"hash":"0e3f99ce7853296fcaae4aa8455403710f53facc","isMergeCommit":false,"messageTitle":"Update UG with new changes","messageBody":"","fileTypesAndContributionMap":{"docs":{"insertions":28,"deletions":26}}},{"hash":"2c3369f1b667b84cc7a62080984bf364097fe9b6","isMergeCommit":false,"messageTitle":"Fix checkstyle errors","messageBody":"","fileTypesAndContributionMap":{"docs":{"insertions":1,"deletions":1}}}]},{"date":"2025-04-08","commitResults":[{"hash":"87d4acc40c96f53a3c73e93b427f5a7e58328d9c","isMergeCommit":false,"messageTitle":"Update help window to be more specific","messageBody":"","fileTypesAndContributionMap":{"functional-code":{"insertions":6,"deletions":6}}},{"hash":"c5e20f8a5f6ce8f0800ecb49e279b13b235883c5","isMergeCommit":false,"messageTitle":"Remove the minor typo","messageBody":"","fileTypesAndContributionMap":{"functional-code":{"insertions":0,"deletions":3}}},{"hash":"51114544b53de4180ac1c01a104efcaa83a298ad","isMergeCommit":true,"messageTitle":"Merge pull request #310 from nictjh/branch-minorUpdateHelp","messageBody":"Remove the minor typo","tags":["v1.6"],"fileTypesAndContributionMap":{}},{"hash":"4a1d25bd1b18a542fcd03a1694c552f3e0446502","isMergeCommit":false,"messageTitle":"Fix multiple  inputs","messageBody":"","fileTypesAndContributionMap":{"functional-code":{"insertions":1,"deletions":0}}},{"hash":"728c1ee507e12e4da7aeca30377a4787dcf834e6","isMergeCommit":false,"messageTitle":"Update UG with link for clarity","messageBody":"","fileTypesAndContributionMap":{"functional-code":{"insertions":3,"deletions":0}}},{"hash":"9acc8628c2f84f5be3ab4576943dc824a8b321b7","isMergeCommit":false,"messageTitle":"Add more instructions for clarity","messageBody":"","fileTypesAndContributionMap":{"functional-code":{"insertions":1,"deletions":1}}}]}],"Benjam11n":[{"date":"2025-04-05","commitResults":[{"hash":"51cead30a61612e0f17ad877419f6c3ed578665b","isMergeCommit":false,"messageTitle":"Add command history to testing section","messageBody":"","fileTypesAndContributionMap":{"docs":{"insertions":18,"deletions":0}}},{"hash":"3d57f15daa44bcf829f30efe910988ae45292604","isMergeCommit":false,"messageTitle":"Fix small command history bug","messageBody":"","fileTypesAndContributionMap":{"functional-code":{"insertions":2,"deletions":2}}}]},{"date":"2025-04-06","commitResults":[{"hash":"b61a38494eace92c22a66f37104f14a5c1bb27f2","isMergeCommit":false,"messageTitle":"Update links","messageBody":"","fileTypesAndContributionMap":{"docs":{"insertions":4,"deletions":4}}},{"hash":"51cbe11c8f965a10fe5f1352414fb9bb51a6d3f6","isMergeCommit":false,"messageTitle":"Remove escape character in phone","messageBody":"","fileTypesAndContributionMap":{"functional-code":{"insertions":1,"deletions":0}}},{"hash":"ebdc700a52cdc8e1f37c9bfe81cfe211f296a1b3","isMergeCommit":false,"messageTitle":"Make person names case insensitive","messageBody":"","fileTypesAndContributionMap":{"functional-code":{"insertions":1,"deletions":1},"test-code":{"insertions":2,"deletions":2}}},{"hash":"801edeb7634c376efd8325e40e271b57e087a80b","isMergeCommit":false,"messageTitle":"Add duplicate detection section","messageBody":"","fileTypesAndContributionMap":{"docs":{"insertions":21,"deletions":0}}},{"hash":"7aa96595b0cb852cf1e01bc4045c48315ec970cb","isMergeCommit":false,"messageTitle":"Add page break","messageBody":"","fileTypesAndContributionMap":{"docs":{"insertions":2,"deletions":0}}},{"hash":"9dc3295553d584c49d170c29afefb4698aef88d3","isMergeCommit":false,"messageTitle":"Add warning on find command","messageBody":"","fileTypesAndContributionMap":{"docs":{"insertions":6,"deletions":2}}},{"hash":"46dc475fd428dd10c0d6cd980215e01795be2b8b","isMergeCommit":false,"messageTitle":"Revert one change","messageBody":"","fileTypesAndContributionMap":{"docs":{"insertions":1,"deletions":1}}},{"hash":"47fbea9cbbddb3c2a516feeba7915ca4eee7383a","isMergeCommit":false,"messageTitle":"Remove space","messageBody":"","fileTypesAndContributionMap":{"docs":{"insertions":1,"deletions":1}}},{"hash":"22788679dac424b0adeaf6da2d3ef3adadf59511","isMergeCommit":false,"messageTitle":"Add warning for list","messageBody":"","fileTypesAndContributionMap":{"docs":{"insertions":4,"deletions":0}}},{"hash":"eec58c3b90d6ec3fed3cb799ba77122ab1e3f7b7","isMergeCommit":true,"messageTitle":"Merge pull request #278 from adoubleb/patch-credit-reuse","messageBody":"Add acknowledgement relating to reuse","fileTypesAndContributionMap":{}},{"hash":"4d790025cc14642859b7e4aafdf5ca7f6ff051a2","isMergeCommit":false,"messageTitle":"Make message even clearer","messageBody":"","fileTypesAndContributionMap":{"docs":{"insertions":1,"deletions":1}}},{"hash":"4840c558b116125b6e6b39405f280d6871d369a2","isMergeCommit":false,"messageTitle":"Add tests and update acknowledgements","messageBody":"","fileTypesAndContributionMap":{"docs":{"insertions":2,"deletions":1},"test-code":{"insertions":24,"deletions":2}}},{"hash":"fd7785d5b0a214cf57b8932796e48d961b12f55e","isMergeCommit":false,"messageTitle":"Fix test","messageBody":"","fileTypesAndContributionMap":{"test-code":{"insertions":1,"deletions":1}}},{"hash":"8b1d3dce72688d3259a95cbf2a278b096f5fe5f6","isMergeCommit":false,"messageTitle":"Update even more links","messageBody":"","fileTypesAndContributionMap":{"docs":{"insertions":2,"deletions":2}}}]},{"date":"2025-04-07","commitResults":[{"hash":"11c550a9f57ad4b5a4a4f2071c491b138d97a41b","isMergeCommit":true,"messageTitle":"Merge pull request #274 from Benjam11n/update-DG","messageBody":"Fix PE-D issues","fileTypesAndContributionMap":{}},{"hash":"d537fd20a145dbfd820bebfea4648e71645fa0cf","isMergeCommit":true,"messageTitle":"Merge pull request #275 from Benjam11n/fix-command-history","messageBody":"Fix bug in command history","fileTypesAndContributionMap":{}},{"hash":"4c825ed423fcd66c08d01b0bc47704113231a333","isMergeCommit":true,"messageTitle":"Merge branch \u0027master\u0027 into update-UG","messageBody":"","fileTypesAndContributionMap":{}},{"hash":"fe9b6bc6bec4537b1d058d9eb186ea8128b53dd9","isMergeCommit":false,"messageTitle":"Resolve PR comments","messageBody":"","fileTypesAndContributionMap":{"docs":{"insertions":2,"deletions":1}}},{"hash":"6823ed21034cc151f6fda31fd5af98298b2d38b5","isMergeCommit":true,"messageTitle":"Merge pull request #276 from Benjam11n/update-UG","messageBody":"Fix PE-D UG issues","fileTypesAndContributionMap":{}},{"hash":"a6e92a8c586b91905833f19d20f488c87db9aadf","isMergeCommit":false,"messageTitle":"Fix UI issue where name is squashed","messageBody":"","fileTypesAndContributionMap":{"functional-code":{"insertions":2,"deletions":4}}},{"hash":"16828c0c7102d9ce1c796a08a0b075bfdf8cfff8","isMergeCommit":true,"messageTitle":"Merge pull request #287 from nictjh/branch-BugFixDupImginput","messageBody":"Fix duplicate inputs for img","fileTypesAndContributionMap":{}},{"hash":"91b2bca4dce1ba3604b9b86e4a86e974a380c5c8","isMergeCommit":false,"messageTitle":"Fix usage of escape character in name","messageBody":"","fileTypesAndContributionMap":{"functional-code":{"insertions":2,"deletions":13},"docs":{"insertions":1,"deletions":1}}},{"hash":"b1c6745bfc106dd5366b7d07247c1141f2815382","isMergeCommit":true,"messageTitle":"Merge pull request #286 from Benjam11n/fix-ui-issue","messageBody":"Fix UI issue where name is squashed","fileTypesAndContributionMap":{}},{"hash":"4d4055e1c7e9cdeb1ac97847292ea8eb206820bf","isMergeCommit":true,"messageTitle":"Merge pull request #290 from Benjam11n/fix-name-backslash","messageBody":"Fix usage of escape character in name","fileTypesAndContributionMap":{}},{"hash":"d6bcd471b00c6a0643a6ab01b51eb25e432cec99","isMergeCommit":false,"messageTitle":"Add person fields table and glossary to ug","messageBody":"","fileTypesAndContributionMap":{"functional-code":{"insertions":3,"deletions":3},"docs":{"insertions":60,"deletions":36},"test-code":{"insertions":2,"deletions":0}}},{"hash":"fb9ee947acfe9a87dbf9acfbbb8d0403ec4323fd","isMergeCommit":false,"messageTitle":"Fix some bugs","messageBody":"","fileTypesAndContributionMap":{"docs":{"insertions":17,"deletions":2}}},{"hash":"2ad4db561ef75fedfda7a22a50db060dbb9da846","isMergeCommit":false,"messageTitle":"Add line after EOF","messageBody":"","fileTypesAndContributionMap":{"docs":{"insertions":1,"deletions":1}}},{"hash":"09868dab1de98360849e12dc800627c5f96ef93f","isMergeCommit":true,"messageTitle":"Merge pull request #284 from qilstiano/branch-Overzealous-Capitalisation","messageBody":"Overzealous capitalisation of names","fileTypesAndContributionMap":{}},{"hash":"461aafcbc18df42ffae4266ad6a2f34a7cab14ea","isMergeCommit":true,"messageTitle":"Merge branch \u0027master\u0027 into branch-tester-B-fixes","messageBody":"","fileTypesAndContributionMap":{}},{"hash":"3b686e21157ef1d08c60785a651366e521d4a855","isMergeCommit":true,"messageTitle":"Merge pull request #281 from YashvanGH/branch-tester-B-fixes","messageBody":"Fix PE-D Tester B Bugs","fileTypesAndContributionMap":{}},{"hash":"ff7236d4c5cd7d609da371623978f8bc3cf95f4a","isMergeCommit":true,"messageTitle":"Merge branch \u0027master\u0027 into enhance-ug","messageBody":"","fileTypesAndContributionMap":{}},{"hash":"8ea9c8a6b4a420a54bd90fae0f69da67ec94e94d","isMergeCommit":false,"messageTitle":"Add tag duplication notice","messageBody":"","fileTypesAndContributionMap":{"docs":{"insertions":5,"deletions":1}}},{"hash":"7669442e8701f7db6975cf92b076559c224bbc84","isMergeCommit":true,"messageTitle":"Merge pull request #283 from qilstiano/branch-Case-Insensitive-Tags","messageBody":"Case Sensitivity of Tags","fileTypesAndContributionMap":{}},{"hash":"cdb3290888aba193079f64165a8bebafd03bf268","isMergeCommit":true,"messageTitle":"Merge pull request #291 from Benjam11n/enhance-ug","messageBody":"Add person fields summary and glossary to UG","fileTypesAndContributionMap":{}},{"hash":"83e208099cacefb40d2f98a41a57daf9a1958944","isMergeCommit":false,"messageTitle":"Fix bug","messageBody":"","fileTypesAndContributionMap":{"docs":{"insertions":0,"deletions":2}}},{"hash":"5c5489b465448d0478f5e9347e1fd58bee858777","isMergeCommit":true,"messageTitle":"Merge pull request #292 from Benjam11n/enhance-ug","messageBody":"Fix broken link in ug","fileTypesAndContributionMap":{}},{"hash":"3ed413f3fb9a54f30c0e61426eaa7f70fc647dc4","isMergeCommit":false,"messageTitle":"Fix more bugs","messageBody":"","fileTypesAndContributionMap":{"docs":{"insertions":3,"deletions":4}}},{"hash":"a1c52998a9d64a4488135474596af2644c6957d8","isMergeCommit":true,"messageTitle":"Merge pull request #293 from Benjam11n/enhance-ug","messageBody":"Fix typo in UG","fileTypesAndContributionMap":{}},{"hash":"435e40bd55e5dcbb04ca391e5c428d02d9f3eae8","isMergeCommit":true,"messageTitle":"Merge pull request #282 from qilstiano/branch-Bug-Fixing-PE","messageBody":"Fix my assigned bugs","fileTypesAndContributionMap":{}},{"hash":"8f6839a233e04165b77336ce6711c62c5f8cdf9a","isMergeCommit":true,"messageTitle":"Merge pull request #295 from YashvanGH/branch-more-bugs","messageBody":"Fix minor bugs in UG and DG","fileTypesAndContributionMap":{}},{"hash":"d15b79abe39728768ba1ac3bd3e56cb953ea9074","isMergeCommit":true,"messageTitle":"Merge pull request #288 from nictjh/branch-BugFixInvalidSort","messageBody":"Fix sort, put no bdays at bottom","fileTypesAndContributionMap":{}},{"hash":"af3d213e5c1477f07f02d2de0f2f1e51a7c0599a","isMergeCommit":true,"messageTitle":"Merge pull request #298 from YashvanGH/branch-more-bugs","messageBody":"Update planned enhancements format","fileTypesAndContributionMap":{}},{"hash":"167bbd9e27a8ffb420fd6fb54f3bb64b2aab768b","isMergeCommit":true,"messageTitle":"Merge pull request #300 from adoubleb/fix-error-message","messageBody":"Fix error message","fileTypesAndContributionMap":{}},{"hash":"e95f9ea9067e4b8cc1bb12ec478ddeda1bafd6d4","isMergeCommit":false,"messageTitle":"Fix typo in birthday in ug","messageBody":"","fileTypesAndContributionMap":{"docs":{"insertions":1,"deletions":1}}},{"hash":"91b090aa9fc38ad2ef6962636403a8bc930b9589","isMergeCommit":true,"messageTitle":"Merge pull request #297 from qilstiano/branch-Update-DG","messageBody":"Update Use Cases in DG","fileTypesAndContributionMap":{}},{"hash":"48c39f550a8f45bba36bdef3798402ba7ae18e17","isMergeCommit":true,"messageTitle":"Merge pull request #301 from Benjam11n/fix-typo-ug","messageBody":"Fix birthday typo in ug","fileTypesAndContributionMap":{}},{"hash":"963e7c85d49e20dc444a7ab81bf2e122b81b1472","isMergeCommit":true,"messageTitle":"Merge pull request #299 from adoubleb/planned-enhancements","messageBody":"Add Planned enhancements","fileTypesAndContributionMap":{}},{"hash":"224e41f914582d3f8b40688205be737a6c3da743","isMergeCommit":false,"messageTitle":"Fix typos in UG","messageBody":"","fileTypesAndContributionMap":{"docs":{"insertions":15,"deletions":15}}},{"hash":"c383fc69273f9910c129d2fa07d04a47375eee13","isMergeCommit":false,"messageTitle":"Update glossary","messageBody":"","fileTypesAndContributionMap":{"docs":{"insertions":2,"deletions":2}}},{"hash":"7449226792456cde8bdeea72d06b4c901ab88227","isMergeCommit":true,"messageTitle":"Merge pull request #304 from nictjh/branch-UpdateUGv2","messageBody":"Update UG with new changes","fileTypesAndContributionMap":{}},{"hash":"89c960a2ce14deb52207fb62c435f2d2cc74f626","isMergeCommit":true,"messageTitle":"Merge branch \u0027master\u0027 into fix-typo-in-ug","messageBody":"","fileTypesAndContributionMap":{}},{"hash":"36b3eee3d9b4f8c5b2ed18b55725f08954d7b039","isMergeCommit":false,"messageTitle":"Fix typo","messageBody":"","fileTypesAndContributionMap":{"docs":{"insertions":1,"deletions":1}}},{"hash":"f19ca65b19b790521912edcbc1e124c63f94b211","isMergeCommit":true,"messageTitle":"Merge pull request #303 from Benjam11n/fix-typo-in-ug","messageBody":"Fix miscellaneous typos in UG","fileTypesAndContributionMap":{}},{"hash":"702d71f273bfb00d51581f2f22577dd57fe5a31e","isMergeCommit":false,"messageTitle":"Update help window","messageBody":"","fileTypesAndContributionMap":{"functional-code":{"insertions":18,"deletions":3}}},{"hash":"d5cf4138bda32463c6a05ad97d3e14ecedf643cd","isMergeCommit":false,"messageTitle":"Update typo in ug","messageBody":"","fileTypesAndContributionMap":{"docs":{"insertions":1,"deletions":1}}}]},{"date":"2025-04-08","commitResults":[{"hash":"3eb220654481c4dc48af9407717ce1e71dd5a7a4","isMergeCommit":false,"messageTitle":"Fix small typo","messageBody":"","fileTypesAndContributionMap":{"functional-code":{"insertions":1,"deletions":1}}},{"hash":"bcca697dd9e4d7d9123bf4a3534eb459d0bc3342","isMergeCommit":true,"messageTitle":"Merge pull request #307 from Benjam11n/patch-help-window","messageBody":"Update help window","fileTypesAndContributionMap":{}},{"hash":"46d62fb4475f6c8937f9cab740ea6236726db625","isMergeCommit":false,"messageTitle":"Final commit","messageBody":"","fileTypesAndContributionMap":{"docs":{"insertions":18,"deletions":17}}},{"hash":"6b84573e3a235c7025d97fe5047f390b418334be","isMergeCommit":false,"messageTitle":"Real final commit","messageBody":"","fileTypesAndContributionMap":{"docs":{"insertions":2,"deletions":2}}},{"hash":"68a22259408d5f8520390a5ab4fb3117f9a7c09b","isMergeCommit":true,"messageTitle":"Merge pull request #312 from Benjam11n/final-branch","messageBody":"Add last planned enhancement and fix typos","fileTypesAndContributionMap":{}},{"hash":"465497189a38e44780936e865350b746402dd6da","isMergeCommit":true,"messageTitle":"Merge pull request #313 from nictjh/branch-ListMutliInputFix","messageBody":"Fix multiple inputs","fileTypesAndContributionMap":{}},{"hash":"c670a82fc094e0603f1206b9f7f45ce1b11b43f1","isMergeCommit":true,"messageTitle":"Merge pull request #314 from nictjh/branch-UpdateLinkUG","messageBody":"Branch update link ug","fileTypesAndContributionMap":{}},{"hash":"d1133d4a96be92d580a06687ad31b4dca27af0b3","isMergeCommit":false,"messageTitle":"Final final commit","messageBody":"","fileTypesAndContributionMap":{"docs":{"insertions":6,"deletions":0}}},{"hash":"49e22add567c59ee6036aa4b90378ecbcc56b4b8","isMergeCommit":true,"messageTitle":"Merge branch \u0027master\u0027 into final-branch","messageBody":"","fileTypesAndContributionMap":{}},{"hash":"be60f55d0596b87b9b6d125f8fbbdbac822caa50","isMergeCommit":true,"messageTitle":"Merge pull request #315 from YashvanGH/branch-minor-fixes","messageBody":"Fix identified DG bugs","fileTypesAndContributionMap":{}}]}],"adoubleb":[{"date":"2025-04-06","commitResults":[{"hash":"536d02cc0a18c534019d73c7453109966d4d44c8","isMergeCommit":false,"messageTitle":"Add acknowledgement relating to reuse","messageBody":"","fileTypesAndContributionMap":{"functional-code":{"insertions":5,"deletions":0}}},{"hash":"9bf66be6b024851bd89913f0781e329a28c83e60","isMergeCommit":false,"messageTitle":"Fix bugs reported in PE-D","messageBody":"","fileTypesAndContributionMap":{"functional-code":{"insertions":2,"deletions":3},"docs":{"insertions":31,"deletions":18}}},{"hash":"6a9f1bc7ae046fe21e06b00d18c1b8330a772ef1","isMergeCommit":false,"messageTitle":"Fix checkstyle","messageBody":"","fileTypesAndContributionMap":{"functional-code":{"insertions":1,"deletions":1}}},{"hash":"185447096219e5c06da514c606c902fcbec9fede","isMergeCommit":false,"messageTitle":"Fix tests","messageBody":"","fileTypesAndContributionMap":{"test-code":{"insertions":1,"deletions":1}}},{"hash":"aa947dc23fc6740fae56f38a828bd5d0be1427ef","isMergeCommit":false,"messageTitle":"Update tag multiplicity","messageBody":"","fileTypesAndContributionMap":{"docs":{"insertions":1,"deletions":1}}},{"hash":"62cf878a05ccc412345634fec6adf63b30cddcc0","isMergeCommit":false,"messageTitle":"Address pr comments","messageBody":"","fileTypesAndContributionMap":{"docs":{"insertions":3,"deletions":3}}},{"hash":"14f9deef315441a761ca72b7b0f0276d75faf1af","isMergeCommit":true,"messageTitle":"Merge pull request #279 from adoubleb/patch-pe-d","messageBody":"Fix bugs reported in PE-D","fileTypesAndContributionMap":{}}]},{"date":"2025-04-07","commitResults":[{"hash":"308d8a448edf22d1d61af4d78a61b05ddcd32d4b","isMergeCommit":true,"messageTitle":"Merge branch \u0027master\u0027 of https://github.com/AY2425S2-CS2103T-T14-1/tp","messageBody":"","fileTypesAndContributionMap":{}},{"hash":"ad92f26e6c4bbab59f7193c8fc116ede84b87780","isMergeCommit":true,"messageTitle":"Merge branch \u0027master\u0027 of https://github.com/AY2425S2-CS2103T-T14-1/tp","messageBody":"","fileTypesAndContributionMap":{}},{"hash":"48849b638600e1f345a6048d2b98ecc65c84b2d5","isMergeCommit":true,"messageTitle":"Merge branch \u0027master\u0027 of https://github.com/AY2425S2-CS2103T-T14-1/tp","messageBody":"","fileTypesAndContributionMap":{}},{"hash":"3a84ec6bf29b5dfa1123e980cf74efada1950fd1","isMergeCommit":false,"messageTitle":"Add enhancements","messageBody":"","fileTypesAndContributionMap":{"docs":{"insertions":11,"deletions":0}}},{"hash":"1da5519ae4b3e8a338f51a7f65af18c3bbbcd25a","isMergeCommit":false,"messageTitle":"Fix error message","messageBody":"","fileTypesAndContributionMap":{"functional-code":{"insertions":2,"deletions":2}}},{"hash":"7162d74df0b9c81e54c842c31463d22e78f7b27c","isMergeCommit":false,"messageTitle":"Update DeveloperGuide.md","messageBody":"","fileTypesAndContributionMap":{"docs":{"insertions":1,"deletions":1}}},{"hash":"d5743b9787846824d3f722bd38bb5f4907f8c02e","isMergeCommit":false,"messageTitle":"Update DeveloperGuide.md","messageBody":"Changed the folder name from \u0027savedata\u0027 to \u0027data\u0027 as per the folder name created when running the app.","fileTypesAndContributionMap":{"docs":{"insertions":6,"deletions":6}}},{"hash":"a7d2a8de28a32c082ea0d856b43218085c1d5034","isMergeCommit":false,"messageTitle":"Update edit in help window","messageBody":"","fileTypesAndContributionMap":{"functional-code":{"insertions":2,"deletions":1}}},{"hash":"69d703205b4d4555a1ea7ddc763a57d759ba9b4a","isMergeCommit":false,"messageTitle":"Add img in edit","messageBody":"","fileTypesAndContributionMap":{"functional-code":{"insertions":1,"deletions":1}}},{"hash":"ae3ccaefdd17beda219aec693844c75f41dbac54","isMergeCommit":false,"messageTitle":"Fix typo","messageBody":"","fileTypesAndContributionMap":{"functional-code":{"insertions":1,"deletions":1}}}]},{"date":"2025-04-08","commitResults":[{"hash":"5f91b4b78afc7747950ed4acc76534d64ba641fa","isMergeCommit":true,"messageTitle":"Merge pull request #305 from adoubleb/update-help-window","messageBody":"Update help window","fileTypesAndContributionMap":{}}]}],"YashvanGH":[{"date":"2025-04-06","commitResults":[{"hash":"1319a9e17e62329dc4a3388ec62ce49cf211c1f9","isMergeCommit":false,"messageTitle":"Update Relationship Class - Relaxed REGEX to allow apostrophe (\u0027) - Updated message constraint for Relationship","messageBody":"","fileTypesAndContributionMap":{"functional-code":{"insertions":3,"deletions":2}}},{"hash":"af53c5841332a95a52193b11de615f13d63f1e92","isMergeCommit":false,"messageTitle":"Remove extra comma(,)","messageBody":"","fileTypesAndContributionMap":{"functional-code":{"insertions":1,"deletions":1}}},{"hash":"86604eb526ee5c57dd2b8912e17a84932cbf09c3","isMergeCommit":false,"messageTitle":"Update explanation for escape slash usage","messageBody":"","fileTypesAndContributionMap":{"docs":{"insertions":5,"deletions":3}}},{"hash":"2b15212ce7d9355baf724ae75aab3baebfec5d96","isMergeCommit":false,"messageTitle":"Update name constraints","messageBody":"","fileTypesAndContributionMap":{"functional-code":{"insertions":1,"deletions":1}}},{"hash":"ac49b752ab701d9d29eeec7bfbd066a02410f713","isMergeCommit":false,"messageTitle":"Fix typos in DG","messageBody":"","fileTypesAndContributionMap":{"docs":{"insertions":3,"deletions":3}}},{"hash":"e2fb797156a6a24ab29c6aa79d5c2be00a788d79","isMergeCommit":false,"messageTitle":"Add first planned enhancement for undo","messageBody":"","fileTypesAndContributionMap":{"docs":{"insertions":9,"deletions":0}}},{"hash":"1b162803ec82274be7637462fb9bcc1118408858","isMergeCommit":false,"messageTitle":"Update invalid formats for list and clear","messageBody":"","fileTypesAndContributionMap":{"docs":{"insertions":2,"deletions":8}}}]},{"date":"2025-04-07","commitResults":[{"hash":"5892bde111b8d64f7c5dcfedf694ae4a2ed73244","isMergeCommit":false,"messageTitle":"Update BetterModelClassDiagram.puml","messageBody":"Added Multiplicity for name","fileTypesAndContributionMap":{"docs":{"insertions":1,"deletions":1}}},{"hash":"4cc2361e54bf0ab8c3a6daa84f9ecc8a920a6f76","isMergeCommit":false,"messageTitle":"Fix minor bugs in UG and DG - Moved planned extensions of undo/redo into planned enhancements - Fixed minor typos in undo/redo section of manual testing - Added break line in FAQ to fix formatting - Added getting working directory tip for Linux and Windows","messageBody":"","fileTypesAndContributionMap":{"docs":{"insertions":11,"deletions":11}}},{"hash":"85a589cbb0b68bebde4c9f8fd3cec857a130f944","isMergeCommit":false,"messageTitle":"Update planned enhancements format","messageBody":"","fileTypesAndContributionMap":{"docs":{"insertions":5,"deletions":4}}},{"hash":"993269b607bf9a0f06b517f8ccabc671a9957d94","isMergeCommit":true,"messageTitle":"Merge branch \u0027master\u0027 into planned-enhancements","messageBody":"","fileTypesAndContributionMap":{}},{"hash":"05dcf316afd7fe20096cbd895637826b876f1aa2","isMergeCommit":true,"messageTitle":"Merge branch \u0027master\u0027 into planned-enhancements","messageBody":"","fileTypesAndContributionMap":{}},{"hash":"7e9bc25f64c736fb9adb8dc47dc4a9f17196e0ec","isMergeCommit":false,"messageTitle":"Update DeveloperGuide.md","messageBody":"Changed intralink to `UndoSequenceDiagramProposed`","fileTypesAndContributionMap":{"docs":{"insertions":1,"deletions":1}}},{"hash":"0dc8a58838da5d105ceae701dd89b17219ec6cff","isMergeCommit":false,"messageTitle":"Update DeveloperGuide.md","messageBody":"- Changes status bar to result display\r\n- Chnage status message to display message","fileTypesAndContributionMap":{"docs":{"insertions":5,"deletions":5}}},{"hash":"e3205970c408ecf84915bdeb39bb674867a607e7","isMergeCommit":true,"messageTitle":"Merge pull request #302 from nictjh/branch-DGupdates","messageBody":"Edit DG for consistency","fileTypesAndContributionMap":{}},{"hash":"92f10eb4653f0b4dd02098bbae645e7b81fa44d9","isMergeCommit":false,"messageTitle":"Update help window - Edited undo - Edited redo","messageBody":"","fileTypesAndContributionMap":{"functional-code":{"insertions":11,"deletions":33}}}]},{"date":"2025-04-08","commitResults":[{"hash":"1db2417a4452365b431a23317704ad271b8b28fe","isMergeCommit":false,"messageTitle":"Fix minor changes for add command","messageBody":"","fileTypesAndContributionMap":{"functional-code":{"insertions":2,"deletions":2}}},{"hash":"3b442ccad9d107a3f44239aa9cb2e4b574032335","isMergeCommit":false,"messageTitle":"Update HelpWindow.fxml","messageBody":"- Changed integrates to integrate sort","fileTypesAndContributionMap":{"functional-code":{"insertions":1,"deletions":1}}},{"hash":"18ba3cacee1ee02489cf2b48c8e8930ffacc2fdf","isMergeCommit":true,"messageTitle":"Merge branch \u0027master\u0027 into branch-update-help-window","messageBody":"","fileTypesAndContributionMap":{}},{"hash":"c90b77c17eeab63781512a26967dc12fe08754e0","isMergeCommit":true,"messageTitle":"Merge pull request #308 from YashvanGH/branch-update-help-window","messageBody":"Update help window","fileTypesAndContributionMap":{}},{"hash":"32930b189588e020fc126d804c0c5367686ac335","isMergeCommit":true,"messageTitle":"Merge pull request #309 from nictjh/branch-EditHelpWindow","messageBody":"Update help window to be more specific","fileTypesAndContributionMap":{}},{"hash":"2fecfd72c2ac46ecc727d71e3f51a68274ace4e2","isMergeCommit":false,"messageTitle":"Fix identified DG bugs","messageBody":"","fileTypesAndContributionMap":{"docs":{"insertions":6,"deletions":6}}},{"hash":"4304fbb9c00f5593a8b437e0d89c14969df5788d","isMergeCommit":false,"messageTitle":"Fix more DG bugs","messageBody":"","fileTypesAndContributionMap":{"docs":{"insertions":7,"deletions":7}}},{"hash":"78eb253f916fd2d6d981e68c230dd40184b6cc11","isMergeCommit":false,"messageTitle":"Fix even more DG bugs","messageBody":"","fileTypesAndContributionMap":{"docs":{"insertions":1,"deletions":1}}}]}],"qilstiano":[{"date":"2025-04-05","commitResults":[{"hash":"768ae4675211602012fb43c8ac8f1d5e39463acd","isMergeCommit":true,"messageTitle":"Merge remote-tracking branch \u0027upstream/master\u0027","messageBody":"","fileTypesAndContributionMap":{}},{"hash":"0ec9425292d538838ea236dd8ccf0e824508617c","isMergeCommit":false,"messageTitle":"Add icons and update version to 1.6","messageBody":"Update version to 1.6 in anticipation of Release 1.6 for PE Actual\n","fileTypesAndContributionMap":{"functional-code":{"insertions":2,"deletions":2}}}]},{"date":"2025-04-07","commitResults":[{"hash":"32756a48abd4c492c6683ee1a15df2fa95ce87be","isMergeCommit":true,"messageTitle":"Merge remote-tracking branch \u0027upstream/master\u0027","messageBody":"","fileTypesAndContributionMap":{}},{"hash":"171c2e083caf3f442e3c11ee604d1a74e36021c4","isMergeCommit":false,"messageTitle":"Update HelpWindow bug for birthday","messageBody":"Incorrect birthday format fix. Fixes #267\n","fileTypesAndContributionMap":{"functional-code":{"insertions":1,"deletions":1}}},{"hash":"3123b0e51ca6643dd7ed4b79ae17b841c3d13ee7","isMergeCommit":false,"messageTitle":"FIx bug in help note for `undo`","messageBody":"As per title, fixes #259\n","fileTypesAndContributionMap":{"functional-code":{"insertions":50,"deletions":23}}},{"hash":"6ab2c425f0d353fcf160d8de64e94aa676aad6d7","isMergeCommit":false,"messageTitle":"Update ListCommandParser for consistent usage message","messageBody":"As per title, fixes #251\n","fileTypesAndContributionMap":{"functional-code":{"insertions":1,"deletions":1}}},{"hash":"f7315b6d31b849e1697819ce446efaea61f3da6b","isMergeCommit":false,"messageTitle":"Amend ClearCommand confirmation and resultDisplay","messageBody":"As per #240, fix ClearCommand confirmation to now only require\n2 lines and set `minHeight \u003d 130` for `resultDisplayPlaceholder`\nin `MainWindow.fxml`.\n","fileTypesAndContributionMap":{"functional-code":{"insertions":3,"deletions":3}}},{"hash":"55b3de008c13be0bdc6b990a56436f343a36a432","isMergeCommit":false,"messageTitle":"Update HelpWindow bug in `find`","messageBody":"Update `find` example for prefix matching\n","fileTypesAndContributionMap":{"functional-code":{"insertions":5,"deletions":5}}},{"hash":"e5ecd588563d846bee47c172edebf3c5e8bfb2c5","isMergeCommit":false,"messageTitle":"Amend ParserUtil and Tag class to disallow duplicates","messageBody":"As per #211, currently duplicate tags like (hello and Hello) can be added\nto a single person as they are in different letter casing. Let\u0027s\n- Amend ParserUtil to check for all duplicate tags before allowing a\n`TagSet` to be formed.\n- Amend Tag to contain error message for duplicate tags.\n","fileTypesAndContributionMap":{"functional-code":{"insertions":11,"deletions":1}}},{"hash":"fa49dac0b2bf4dc84dea5f021cec691d75549768","isMergeCommit":false,"messageTitle":"Add tests","messageBody":"Add tests + rectified bug where duplicate but with whitespace was not\ngetting caught. Rectified by using `.trim()`.\n","fileTypesAndContributionMap":{"functional-code":{"insertions":1,"deletions":1},"test-code":{"insertions":20,"deletions":0}}},{"hash":"d3b598ff38889f81fafb5f2c06b8eec4ded12399","isMergeCommit":false,"messageTitle":"Update HelpWindow extraneous parameters line","messageBody":"As per title, fixes #226\n","fileTypesAndContributionMap":{"functional-code":{"insertions":3,"deletions":3}}},{"hash":"aef9c2e4d4f0dcbdbbf090415926976c645e6ee9","isMergeCommit":false,"messageTitle":"Amend minor typo","messageBody":"","fileTypesAndContributionMap":{"functional-code":{"insertions":1,"deletions":1}}},{"hash":"c368405579119905119760ade6a833f04d449424","isMergeCommit":false,"messageTitle":"Amend `parserUtil#formatName` and relevant tests","messageBody":"Reduce restrictiveness in naming to ensure less overzealous\ncapitalisation in Name field.\n\ne.g. Martha von Trapp used to be formatted to Martha Von Trapp\n\nCurrent behaviour formats Martha von Trapp correctly, only removing\nredundant whitespace between the words.\n\nTo-do\n[ ] Update DG\n","fileTypesAndContributionMap":{"functional-code":{"insertions":7,"deletions":17},"test-code":{"insertions":1,"deletions":1}}},{"hash":"9de99af6f953997f1b39ac7f9a05101017b8e695","isMergeCommit":false,"messageTitle":"Amend Javadoc","messageBody":"As per title\n","fileTypesAndContributionMap":{"functional-code":{"insertions":1,"deletions":3}}},{"hash":"7e0e97029ce1a77a9b2a1ad8441c1ff6c4755e9f","isMergeCommit":true,"messageTitle":"Merge remote-tracking branch \u0027upstream/master\u0027","messageBody":"","fileTypesAndContributionMap":{}},{"hash":"6d4beedabe7a05f459b95f208169b6d4c5399182","isMergeCommit":false,"messageTitle":"Update User Stories","messageBody":"As per title, add more user stories to improve DG.\n","fileTypesAndContributionMap":{"docs":{"insertions":19,"deletions":12}}},{"hash":"459ac78e7d5b9326e1255f426b5955887e09ff3b","isMergeCommit":false,"messageTitle":"Update Use Cases in DG","messageBody":"As per title, key use cases added:\n- Add Contact to Contact List\n- View a List of Upcoming Birthdays\n- Search for a Family Member\n\nWill be adding 2 more use cases shortly.\n","fileTypesAndContributionMap":{"docs":{"insertions":90,"deletions":48}}},{"hash":"5a28addb8d037a9510f9ef439e9fa9c070821beb","isMergeCommit":false,"messageTitle":"Update Use Cases in DG","messageBody":"Amend formatting for current use cases (UC) and add new UCs to ensure\ncomprehensive documentation of various possible user scenarios.\n","fileTypesAndContributionMap":{"docs":{"insertions":118,"deletions":31}}},{"hash":"399df745344274fd782ab659280a0a10b7ed12d1","isMergeCommit":true,"messageTitle":"Merge branch \u0027master\u0027 into branch-Update-DG","messageBody":"","fileTypesAndContributionMap":{}},{"hash":"07f41ab4f4d5d62f276408ec2ab22d649a943208","isMergeCommit":false,"messageTitle":"Update HelpWindow to rectify bugs","messageBody":"As per title.\n\nI am praying to Allah that my lines do not burst. `PLEASE DO NOT BURST.`\n","fileTypesAndContributionMap":{"functional-code":{"insertions":14,"deletions":26}}}]},{"date":"2025-04-08","commitResults":[{"hash":"85857d69b017f0b2c2c2af40252f19b98a3e2365","isMergeCommit":true,"messageTitle":"Merge branch \u0027master\u0027 into branch-Update-Help-Window","messageBody":"","fileTypesAndContributionMap":{}},{"hash":"cd260adb8ae202bc79e2861208b7201e590b1527","isMergeCommit":true,"messageTitle":"Merge pull request #306 from qilstiano/branch-Update-Help-Window","messageBody":"Update HelpWindow to rectify bugs","fileTypesAndContributionMap":{}},{"hash":"47673449db6d39713679b1bdfd52d895e3c49cf0","isMergeCommit":false,"messageTitle":"Update DeveloperGuide.md","messageBody":"Amend typo, can merge already","fileTypesAndContributionMap":{"docs":{"insertions":1,"deletions":1}}},{"hash":"8b1fadb52c7902f315802ee8952f41816984292c","isMergeCommit":true,"messageTitle":"Merge pull request #316 from Benjam11n/final-branch","messageBody":"As per title","fileTypesAndContributionMap":{}}]}]},"authorFileTypeContributionMap":{"nictjh":{"docs":43,"functional-code":21,"test-code":0},"Benjam11n":{"docs":141,"functional-code":21,"test-code":27},"adoubleb":{"docs":36,"functional-code":10,"test-code":1},"YashvanGH":{"docs":42,"functional-code":15,"test-code":0},"qilstiano":{"docs":129,"functional-code":81,"test-code":21}},"authorContributionVariance":{"nictjh":3340.5,"Benjam11n":6265.1875,"adoubleb":868.6875,"YashvanGH":1008.6875,"qilstiano":50897.188},"authorDisplayNameMap":{"nictjh":"CS2103T-T14-1 TOK ..OLAS","Benjam11n":"CS2103T-T14-1 BENJ..YUAN","adoubleb":"CS2103T-T14-1 ABDU..AZAK","YashvanGH":"CS2103T-T14-1 YASH..SAMY","qilstiano":"CS2103T-T14-1 MUHA..ALID"}}
