{"authorDailyContributionsMap":{"davidchongg":[{"date":"2025-04-06","commitResults":[{"hash":"5572c263f318727ceb178d8454b1d7957ecb61ab","isMergeCommit":false,"messageTitle":"Check whether name field keyword is passed into find","messageBody":"","fileTypesAndContributionMap":{"functional-code":{"insertions":9,"deletions":0},"test-code":{"insertions":6,"deletions":0}}}]},{"date":"2025-04-07","commitResults":[{"hash":"4067ee5e207f442da7b1859d36e55df7b22668b7","isMergeCommit":false,"messageTitle":"Fix some issues","messageBody":"","fileTypesAndContributionMap":{"functional-code":{"insertions":37,"deletions":17}}},{"hash":"bd13856f928c6cb4ac8f2fa520dd98e5bf96ac03","isMergeCommit":true,"messageTitle":"Merge pull request #151 from brvndonkoh/brvndonkoh-branch-fix","messageBody":"Resolve various minor bugs","fileTypesAndContributionMap":{}},{"hash":"f5bb550b39514dd3944c201f4754242c640ca47e","isMergeCommit":true,"messageTitle":"Merge pull request #153 from huangtian666/fix-bugs-v1.6","messageBody":"Fix bugs v1.6","fileTypesAndContributionMap":{}},{"hash":"f420b8b414083d087549a65125e304a9c90491e6","isMergeCommit":true,"messageTitle":"Merge pull request #154 from huangtian666/improve-ui","messageBody":"Improve UI","fileTypesAndContributionMap":{}},{"hash":"f9370af56af2dce849a32674a1fc24ebe4d3a90b","isMergeCommit":false,"messageTitle":"Fix more issues","messageBody":"","fileTypesAndContributionMap":{"functional-code":{"insertions":2,"deletions":2},"docs":{"insertions":7,"deletions":4}}},{"hash":"5081ab23b171c21f12913b928ceac29db363d9c5","isMergeCommit":true,"messageTitle":"Merge branch \u0027master\u0027 into fix-ped-issues","messageBody":"","fileTypesAndContributionMap":{}},{"hash":"b72398d17c33fa1f790b581e485d7bc33866140d","isMergeCommit":false,"messageTitle":"Add use cases in DG","messageBody":"","fileTypesAndContributionMap":{"docs":{"insertions":81,"deletions":2}}},{"hash":"fcbeb0981ef3553a519dea54ce34991b52bae240","isMergeCommit":false,"messageTitle":"Fix uncaught error in list","messageBody":"","fileTypesAndContributionMap":{"functional-code":{"insertions":4,"deletions":1},"docs":{"insertions":1,"deletions":1}}},{"hash":"ce3c778568735986c1045be189bcd3451f75576f","isMergeCommit":false,"messageTitle":"Allow underscore, dash and space for tags","messageBody":"","fileTypesAndContributionMap":{"functional-code":{"insertions":1,"deletions":1}}},{"hash":"6749b74fe897a70565e01543da9483b9e18a52cf","isMergeCommit":false,"messageTitle":"Improve test coverage","messageBody":"","fileTypesAndContributionMap":{"test-code":{"insertions":17,"deletions":0}}},{"hash":"0796df9fd7230bd28aa404ef767618e45ef427a0","isMergeCommit":false,"messageTitle":"Fix checkstyle","messageBody":"","fileTypesAndContributionMap":{"test-code":{"insertions":0,"deletions":1}}}]},{"date":"2025-04-08","commitResults":[{"hash":"015a9d3f977e98615118b348a839be1748a8bf37","isMergeCommit":false,"messageTitle":"Use assert","messageBody":"","fileTypesAndContributionMap":{"functional-code":{"insertions":1,"deletions":0}}}]}],"huangtian666":[{"date":"2025-04-06","commitResults":[{"hash":"0812c9111bb1a7a1024fbc6613edfb59550af01b","isMergeCommit":true,"messageTitle":"Merge pull request #150 from davidchongg/fix-find-tags","messageBody":"Check whether name field keyword is passed into find","fileTypesAndContributionMap":{}},{"hash":"7b86ee0f02f6845bfaf36de1a569731d6960419c","isMergeCommit":false,"messageTitle":"Fix issue #148","messageBody":"","fileTypesAndContributionMap":{"functional-code":{"insertions":4,"deletions":3}}},{"hash":"5949ecf4fe794a3e2e642e3000085c0c2f730401","isMergeCommit":false,"messageTitle":"Fix issue #147 - add why use tutorpromax section - update quick start to guide users how to start (including how to cd to directory)","messageBody":"","fileTypesAndContributionMap":{"docs":{"insertions":26,"deletions":2}}},{"hash":"efa006d2cdf6b266b3ac6bdfa16a9585af46f2eb","isMergeCommit":false,"messageTitle":"Fix #145 - update value proposition to be more precise","messageBody":"","fileTypesAndContributionMap":{"docs":{"insertions":7,"deletions":2}}},{"hash":"20db9055a3edd78c36d2ed326549c616ff98428f","isMergeCommit":false,"messageTitle":"Update DG - Fix issues #140, #141, #142, #143 - Update manual testing - Update glossary terms - Update instructions to launch the jar file","messageBody":"","fileTypesAndContributionMap":{"functional-code":{"insertions":5,"deletions":3},"docs":{"insertions":161,"deletions":31}}},{"hash":"d2ed2d51db8d259898410c1e7cf9ac0aaba5f80a","isMergeCommit":false,"messageTitle":"Update check constraint for email, fixes issue #148 Update DG","messageBody":"","fileTypesAndContributionMap":{"functional-code":{"insertions":1,"deletions":1},"docs":{"insertions":20,"deletions":63},"test-code":{"insertions":6,"deletions":6}}}]},{"date":"2025-04-07","commitResults":[{"hash":"3653e38acb25cf1be508a6d72fc9511ebe564da7","isMergeCommit":false,"messageTitle":"Allow text wrapping at person card and output box","messageBody":"","fileTypesAndContributionMap":{"functional-code":{"insertions":6,"deletions":7}}},{"hash":"51f42780a509eee2dafe654a55d5122311d6d509","isMergeCommit":false,"messageTitle":"Adjust maxwidth for label","messageBody":"","fileTypesAndContributionMap":{"functional-code":{"insertions":1,"deletions":1}}}]},{"date":"2025-04-08","commitResults":[{"hash":"2132b3dfafca7500d38838c01f88dbe55560b855","isMergeCommit":false,"messageTitle":"Update Implementation section of DG","messageBody":"","fileTypesAndContributionMap":{"docs":{"insertions":27,"deletions":34}}},{"hash":"8bdcb86b479dd09badd44a5de92a3febbb508cf1","isMergeCommit":false,"messageTitle":"Fix the RTL bug by clarifying the context","messageBody":"","fileTypesAndContributionMap":{"docs":{"insertions":4,"deletions":16}}},{"hash":"95d17405f980b4ab75c89048c97ce3e20e5aaab7","isMergeCommit":false,"messageTitle":"Update PPP","messageBody":"","fileTypesAndContributionMap":{"docs":{"insertions":15,"deletions":0}}},{"hash":"c37dc7ca049088c3568a7f0ddacedfca766988bd","isMergeCommit":false,"messageTitle":"Revert \"Update PPP\"","messageBody":"This reverts commit 95d17405f980b4ab75c89048c97ce3e20e5aaab7.\n","fileTypesAndContributionMap":{"docs":{"insertions":0,"deletions":15}}},{"hash":"1a4ecf37b07849cb4f6a653c6e1e00386d1e312d","isMergeCommit":true,"messageTitle":"Merge branch \u0027master\u0027 of https://github.com/huangtian666/tp","messageBody":"","fileTypesAndContributionMap":{}},{"hash":"7e2c1443591da78ac85fbbf2310d0c529881289d","isMergeCommit":false,"messageTitle":"Update PPP","messageBody":"","fileTypesAndContributionMap":{"docs":{"insertions":15,"deletions":0}}},{"hash":"bded080b05c01842061bbcfd377609cca5d187aa","isMergeCommit":false,"messageTitle":"Update user story","messageBody":"","fileTypesAndContributionMap":{"docs":{"insertions":13,"deletions":12}}},{"hash":"44f9c316f496d1c5c78043c989eb533cd69d671e","isMergeCommit":true,"messageTitle":"Merge pull request #163 from brvndonkoh/brvndonkoh-branch-docs","messageBody":"Update PPP","fileTypesAndContributionMap":{}}]}],"brvndonkoh":[{"date":"2025-04-06","commitResults":[{"hash":"ffebf2c4d8771cb0b6a88edbd0b93a409cb647e5","isMergeCommit":false,"messageTitle":"Resolve various minor bugs","messageBody":"","fileTypesAndContributionMap":{"functional-code":{"insertions":5,"deletions":4},"docs":{"insertions":34,"deletions":8},"test-code":{"insertions":2,"deletions":1}}}]},{"date":"2025-04-08","commitResults":[{"hash":"b9ce904b74d2a3c635ef361c3038e72cdaeef505","isMergeCommit":true,"messageTitle":"Merge pull request #155 from davidchongg/fix-ped-issues","messageBody":"","fileTypesAndContributionMap":{}},{"hash":"202e2161f69e5bfc56bb54bbb509ca88db0499a0","isMergeCommit":true,"messageTitle":"Merge pull request #160 from jeronkk/fix-PED-bugs","messageBody":"Fix Multiple PED Bugs","fileTypesAndContributionMap":{}},{"hash":"72935b0609be3974004c89d975dfd9631d7f3ef2","isMergeCommit":true,"messageTitle":"Merge pull request #161 from huangtian666/update-DG-and-UG","messageBody":"Fix the RTL bug by clarifying the context and update DG","fileTypesAndContributionMap":{}},{"hash":"ff9ff116fd8dde96efa15bbf1b0c4f47cafb33f1","isMergeCommit":false,"messageTitle":"Update PPP","messageBody":"","fileTypesAndContributionMap":{"docs":{"insertions":14,"deletions":0}}},{"hash":"70d50f080e0ce41c5347032567244a86f6b11793","isMergeCommit":false,"messageTitle":"Update PPP","messageBody":"","fileTypesAndContributionMap":{"docs":{"insertions":6,"deletions":6}}},{"hash":"9de538a441f9e3715a1a9df0927ed7f91c7569b7","isMergeCommit":false,"messageTitle":"Update PPP","messageBody":"","fileTypesAndContributionMap":{"docs":{"insertions":5,"deletions":5}}},{"hash":"cd8ad1320f47bcc0a8decc684bbe9c2efea0b271","isMergeCommit":true,"messageTitle":"Merge pull request #162 from huangtian666/update-PPP","messageBody":"Update ppp","fileTypesAndContributionMap":{}}]}],"jeronkk":[{"date":"2025-04-06","commitResults":[{"hash":"74f67edf57daebbd505451106bb9a7958cda1ad3","isMergeCommit":true,"messageTitle":"Merge branch \u0027update-Aboutus\u0027","messageBody":"","fileTypesAndContributionMap":{}}]},{"date":"2025-04-08","commitResults":[{"hash":"2896885176721edb3fb0fa00c0dd5be64db780f8","isMergeCommit":true,"messageTitle":"Merge branch \u0027update-Aboutus\u0027","messageBody":"","fileTypesAndContributionMap":{}},{"hash":"c8d6dc5e4c7386e79c034e7a33f89bbdf27d4006","isMergeCommit":false,"messageTitle":"Fix issue of command history not saving incorrect inputs","messageBody":"","fileTypesAndContributionMap":{"functional-code":{"insertions":1,"deletions":1}}},{"hash":"2c74febfe203904463835ca996e6316d128d9375","isMergeCommit":false,"messageTitle":"Fix bug that allows phone numbers to have alphabets and multiple consecutive spaces","messageBody":"","fileTypesAndContributionMap":{"functional-code":{"insertions":10,"deletions":4},"test-code":{"insertions":2,"deletions":1}}},{"hash":"16de964320fb29038c48d7d628825aee8420a4d8","isMergeCommit":false,"messageTitle":"Fix bug that allow user to save the same person with different phone number format","messageBody":"","fileTypesAndContributionMap":{"functional-code":{"insertions":14,"deletions":1}}},{"hash":"3f353979997324fa210b6c691a597158fa2b1333","isMergeCommit":false,"messageTitle":"Update UserGuide.md with clear parameter guide","messageBody":"","fileTypesAndContributionMap":{"docs":{"insertions":59,"deletions":0}}},{"hash":"d7d2f5fcb8643dc70f4a341051eb7b2cc906f289","isMergeCommit":false,"messageTitle":"Revert changes to fit into codecov requirement of amount of code change","messageBody":"","fileTypesAndContributionMap":{"functional-code":{"insertions":1,"deletions":6}}},{"hash":"5297e55c476ff580ce4e71754411037341219bd9","isMergeCommit":false,"messageTitle":"Add test cases to ensure better code coverage","messageBody":"","fileTypesAndContributionMap":{"functional-code":{"insertions":6,"deletions":1},"test-code":{"insertions":12,"deletions":0}}},{"hash":"1b49a30759a1ddc491dd09f68b59d31e2cddbd98","isMergeCommit":false,"messageTitle":"Add more test for better code coverage","messageBody":"","fileTypesAndContributionMap":{"functional-code":{"insertions":1,"deletions":1},"test-code":{"insertions":5,"deletions":0}}},{"hash":"c71a2c33903a2fee4570a2ec5df26e08ba5a38e3","isMergeCommit":true,"messageTitle":"Merge pull request #159 from huangtian666/fix-DG","messageBody":"Update Implementation section of DG","fileTypesAndContributionMap":{}}]}]},"authorFileTypeContributionMap":{"davidchongg":{"docs":90,"functional-code":46,"test-code":22},"huangtian666":{"docs":223,"functional-code":15,"test-code":6},"brvndonkoh":{"docs":46,"functional-code":5,"test-code":2},"jeronkk":{"docs":58,"functional-code":25,"test-code":19}},"authorContributionVariance":{"davidchongg":5690.1875,"huangtian666":18761.188,"brvndonkoh":546.75,"jeronkk":2976.75},"authorDisplayNameMap":{"davidchongg":"CS2103-F10-4 DAVI.. WEI","huangtian666":"CS2103-F10-4 HUAN..TIAN","brvndonkoh":"CS2103-F10-4 KOH ..NDON","jeronkk":"CS2103-F10-4 KOR ..ERON"}}
