{"authorDailyContributionsMap":{"davidchongg":[{"date":"2025-04-06","commitResults":[{"hash":"5572c263f318727ceb178d8454b1d7957ecb61ab","isMergeCommit":false,"messageTitle":"Check whether name field keyword is passed into find","messageBody":"","fileTypesAndContributionMap":{"functional-code":{"insertions":9,"deletions":0},"test-code":{"insertions":6,"deletions":0}}}]}],"huangtian666":[{"date":"2025-04-06","commitResults":[{"hash":"0812c9111bb1a7a1024fbc6613edfb59550af01b","isMergeCommit":true,"messageTitle":"Merge pull request #150 from davidchongg/fix-find-tags","messageBody":"Check whether name field keyword is passed into find","fileTypesAndContributionMap":{}}]}],"brvndonkoh":[],"jeronkk":[]},"authorFileTypeContributionMap":{"davidchongg":{"docs":0,"functional-code":9,"test-code":6},"huangtian666":{"docs":0,"functional-code":0,"test-code":0},"brvndonkoh":{"docs":0,"functional-code":0,"test-code":0},"jeronkk":{"docs":0,"functional-code":0,"test-code":0}},"authorContributionVariance":{"davidchongg":56.25,"huangtian666":0.0,"brvndonkoh":0.0,"jeronkk":0.0},"authorDisplayNameMap":{"davidchongg":"CS2103-F10-4 DAVI.. WEI","huangtian666":"CS2103-F10-4 HUAN..TIAN","brvndonkoh":"CS2103-F10-4 KOH ..NDON","jeronkk":"CS2103-F10-4 KOR ..ERON"}}
