{"authorDailyContributionsMap":{"xinnnyeee":[{"date":"2025-04-07","commitResults":[{"hash":"04ccc26a4efec924d0f585205b54e8d2f2ab7aad","isMergeCommit":false,"messageTitle":"Make all hyperlinks clickable","messageBody":"","fileTypesAndContributionMap":{"docs":{"insertions":7,"deletions":7}}},{"hash":"43711f911734ad275ec0525e04aa91f0a598b0dd","isMergeCommit":false,"messageTitle":"Edit Installation section","messageBody":"","fileTypesAndContributionMap":{"docs":{"insertions":5,"deletions":6}}},{"hash":"7c35390937019312820d065941bd4a7c154d5be1","isMergeCommit":false,"messageTitle":"Feature tags in add command example","messageBody":"","fileTypesAndContributionMap":{"docs":{"insertions":4,"deletions":3}}},{"hash":"d8b673ab54e50aeae02c221dc9f4445892ca902f","isMergeCommit":true,"messageTitle":"Merge pull request #190 from laishuya/branch-w12-ped-fix","messageBody":"Fix some UG/DG bugs found in PED","fileTypesAndContributionMap":{}}]}],"TasmiaH0508":[{"date":"2025-04-06","commitResults":[{"hash":"45406868d9dd4df44f32a69c244ba47251d7dc51","isMergeCommit":false,"messageTitle":"Update User Guide","messageBody":"","fileTypesAndContributionMap":{"docs":{"insertions":17,"deletions":4}}}]},{"date":"2025-04-07","commitResults":[{"hash":"e1e7d80f96648c59627281a480eff0aa9520fb1b","isMergeCommit":true,"messageTitle":"Merge pull request #184 from xinnnyeee/branch-hyperlinks-UG","messageBody":"[UG] Make all hyperlinks clickable","fileTypesAndContributionMap":{}},{"hash":"0b79cd20186b972009d1f3b7450a96f59f817921","isMergeCommit":true,"messageTitle":"Merge branch \u0027master\u0027 into branch-update-UG-post-PED Merge master onto branch-update-UG-post-PED","messageBody":"","fileTypesAndContributionMap":{}},{"hash":"e7e71ce96770ddfaa616fbb0308f8a1239fe83a2","isMergeCommit":false,"messageTitle":"Update UG","messageBody":"","fileTypesAndContributionMap":{"docs":{"insertions":1,"deletions":1}}},{"hash":"b6ca6b8d290008793530266834f2f93c349249b6","isMergeCommit":false,"messageTitle":"Modify DG and message for multiple delete","messageBody":"","fileTypesAndContributionMap":{"functional-code":{"insertions":1,"deletions":1},"docs":{"insertions":42,"deletions":31}}}]},{"date":"2025-04-08","commitResults":[{"hash":"49ad82e6de6c3ce79bb9d20dae0db8eceb847d51","isMergeCommit":true,"messageTitle":"Merge pull request #192 from laishuya/branch-w12-ped-fix","messageBody":"Fix PED bugs","fileTypesAndContributionMap":{}}]}],"HAITAO2003":[],"laishuya":[{"date":"2025-04-07","commitResults":[{"hash":"9ad7370df4cd66c520066289ae07a3fd71102da2","isMergeCommit":true,"messageTitle":"Merge pull request #185 from TasmiaH0508/branch-update-UG-post-PED","messageBody":"Update UG for more clarity regarding specifications of mass-delete","fileTypesAndContributionMap":{}},{"hash":"edee9343370f33c990fb433fad12a6cc293072f0","isMergeCommit":false,"messageTitle":"Fix url bug in UG","messageBody":"","fileTypesAndContributionMap":{"docs":{"insertions":1,"deletions":1}}},{"hash":"eccbee11d84bbdd529269f9f391d26eb671b3721","isMergeCommit":false,"messageTitle":"Fix UG bug of edit command missing from table","messageBody":"","fileTypesAndContributionMap":{"docs":{"insertions":1,"deletions":0}}},{"hash":"2b7f2d1f04e0b6707b96f3b160eacdad3bff3cbb","isMergeCommit":false,"messageTitle":"Fix incorrect hyperlinks in DG","messageBody":"","fileTypesAndContributionMap":{"docs":{"insertions":5,"deletions":5}}},{"hash":"2086630a11ae1abfd424957796f7101c2f33f259","isMergeCommit":false,"messageTitle":"Fix incorrect command format in DG","messageBody":"","fileTypesAndContributionMap":{"docs":{"insertions":2,"deletions":2}}},{"hash":"cee61575e6785c549570484cc39c7a0a6ae3fd59","isMergeCommit":false,"messageTitle":"Fix incorrect delete format in DG","messageBody":"","fileTypesAndContributionMap":{"docs":{"insertions":3,"deletions":3}}},{"hash":"9859e1c2df2cb515cd0e287b4ef9693bfbcf068f","isMergeCommit":false,"messageTitle":"Fix user guide format bug","messageBody":"","fileTypesAndContributionMap":{"docs":{"insertions":1,"deletions":1}}},{"hash":"cbe18ead4c0df0590b30db8ac41580be772c1a46","isMergeCommit":false,"messageTitle":"Fix unhelpful error msg for filter_t","messageBody":"","fileTypesAndContributionMap":{"functional-code":{"insertions":1,"deletions":1}}},{"hash":"71348d665fbf52b00b1f45f082bc8152ec89a0e6","isMergeCommit":true,"messageTitle":"Merge pull request #193 from TasmiaH0508/branch-update-DG","messageBody":"Modify DG and message for multiple delete","fileTypesAndContributionMap":{}}]},{"date":"2025-04-08","commitResults":[{"hash":"4307c3ee0106e228cf667b56ecf1bf1decb7b22e","isMergeCommit":false,"messageTitle":"Fix incorrect sequence of events in use cases","messageBody":"","fileTypesAndContributionMap":{"docs":{"insertions":31,"deletions":43}}},{"hash":"98a798d9a8c1149d176e56f92685c3025b8d4e85","isMergeCommit":true,"messageTitle":"Merge branch \u0027master\u0027 of https://github.com/AY2425S2-CS2103T-T14-3/tp into branch-w12-ped-fix","messageBody":"","fileTypesAndContributionMap":{}},{"hash":"5362d52245f2ced2ff77d8bd754427397c386f36","isMergeCommit":false,"messageTitle":"Add user story and fix use case description","messageBody":"","fileTypesAndContributionMap":{"docs":{"insertions":8,"deletions":7}}},{"hash":"8abb106a213d773d1201f59514d9cd3253b1a7cf","isMergeCommit":false,"messageTitle":"Fix unhelpful error message","messageBody":"","fileTypesAndContributionMap":{"functional-code":{"insertions":2,"deletions":1}}},{"hash":"868e120518088b6c477391516ef8300e5cfe5cd3","isMergeCommit":false,"messageTitle":"Fix incorrect user guide format","messageBody":"","fileTypesAndContributionMap":{"docs":{"insertions":2,"deletions":2}}}]}],"simenggg":[]},"authorFileTypeContributionMap":{"xinnnyeee":{"docs":15,"functional-code":0,"test-code":0},"TasmiaH0508":{"docs":41,"functional-code":1,"test-code":0},"HAITAO2003":{"docs":0,"functional-code":0,"test-code":0},"laishuya":{"docs":47,"functional-code":3,"test-code":0},"simenggg":{"docs":0,"functional-code":0,"test-code":0}},"authorContributionVariance":{"xinnnyeee":192.0,"TasmiaH0508":992.25,"HAITAO2003":0.0,"laishuya":1540.6875,"simenggg":0.0},"authorDisplayNameMap":{"xinnnyeee":"CS2103T-T14-3 LIN ..INYI","TasmiaH0508":"CS2103T-T14-3 TASM..AQUE","HAITAO2003":"CS2103T-T14-3 WANG..ITAO","laishuya":"CS2103T-T14-3 JOSH..O YA","simenggg":"CS2103T-T14-3 LI S..MENG"}}
