{"authorDailyContributionsMap":{"xinnnyeee":[{"date":"2025-04-07","commitResults":[{"hash":"04ccc26a4efec924d0f585205b54e8d2f2ab7aad","isMergeCommit":false,"messageTitle":"Make all hyperlinks clickable","messageBody":"","fileTypesAndContributionMap":{"docs":{"insertions":7,"deletions":7}}},{"hash":"43711f911734ad275ec0525e04aa91f0a598b0dd","isMergeCommit":false,"messageTitle":"Edit Installation section","messageBody":"","fileTypesAndContributionMap":{"docs":{"insertions":5,"deletions":6}}},{"hash":"7c35390937019312820d065941bd4a7c154d5be1","isMergeCommit":false,"messageTitle":"Feature tags in add command example","messageBody":"","fileTypesAndContributionMap":{"docs":{"insertions":4,"deletions":3}}},{"hash":"d8b673ab54e50aeae02c221dc9f4445892ca902f","isMergeCommit":true,"messageTitle":"Merge pull request #190 from laishuya/branch-w12-ped-fix","messageBody":"Fix some UG/DG bugs found in PED","fileTypesAndContributionMap":{}}]},{"date":"2025-04-08","commitResults":[{"hash":"77cb1bacfb65fd8efb22108dde21e9d99f8180fe","isMergeCommit":false,"messageTitle":"Add troubleshooting for jar file not found in Downloads folder","messageBody":"","fileTypesAndContributionMap":{"docs":{"insertions":3,"deletions":0}}},{"hash":"47d5aeb2db8dc847da85beaceb42a6979038c020","isMergeCommit":false,"messageTitle":"Change error message for incorrect ClassId","messageBody":"","fileTypesAndContributionMap":{"functional-code":{"insertions":1,"deletions":1}}},{"hash":"c036917d4ca870471427dac2e1043187a6ea975f","isMergeCommit":false,"messageTitle":"Change requirement and error message for Tag","messageBody":"","fileTypesAndContributionMap":{"functional-code":{"insertions":4,"deletions":5}}},{"hash":"0c3b3e1df676953b8b3606b71bde4781b69f3d94","isMergeCommit":false,"messageTitle":"Revert back Tag requirement as it introduces test failures","messageBody":"","fileTypesAndContributionMap":{"functional-code":{"insertions":2,"deletions":3}}},{"hash":"ac47a01ddf6f1ee93ffb07816c5cca2c6c5fd760","isMergeCommit":false,"messageTitle":"Fix Tag regex and error message","messageBody":"","fileTypesAndContributionMap":{"functional-code":{"insertions":3,"deletions":2}}},{"hash":"6227664153809481368f53b373f6efa257683d16","isMergeCommit":false,"messageTitle":"Enhance UG and add help, clear and exit into feature list","messageBody":"","fileTypesAndContributionMap":{"docs":{"insertions":52,"deletions":7}}},{"hash":"5fbe0a5d141baa88f635ebf5a72bdc83dbcf52db","isMergeCommit":true,"messageTitle":"Merge branch \u0027master\u0027 into branch-make-enhancements","messageBody":"","fileTypesAndContributionMap":{}},{"hash":"87dfb4bb893c56e0c854bf1f9490aa5a0c49df38","isMergeCommit":false,"messageTitle":"Fix checkstyle issue","messageBody":"","fileTypesAndContributionMap":{"functional-code":{"insertions":2,"deletions":1}}},{"hash":"f5034648f9827c5bac315b4bcbc25f7c0e64b2d1","isMergeCommit":true,"messageTitle":"Merge branch \u0027branch-make-enhancements\u0027 of https://github.com/xinnnyeee/tp into branch-make-enhancements Resolve conflicts","messageBody":"","fileTypesAndContributionMap":{}},{"hash":"87756c6106d0959b594c198d048fc74b71ad5c14","isMergeCommit":false,"messageTitle":"Fix checkstyle issue","messageBody":"","fileTypesAndContributionMap":{"functional-code":{"insertions":1,"deletions":1}}},{"hash":"afc0ac7a6d8da94b042bcc46e1ae97a660e571d5","isMergeCommit":false,"messageTitle":"Update enhancements section in DG","messageBody":"","fileTypesAndContributionMap":{"docs":{"insertions":25,"deletions":0}}},{"hash":"9ec7dfea670214840e2074cc00468d68f73ed3fe","isMergeCommit":false,"messageTitle":"Fix naming issue in AboutUs.md","messageBody":"","fileTypesAndContributionMap":{"docs":{"insertions":3,"deletions":3}}},{"hash":"09c1af1f2921c5a94b97bcf776ddd0348e55def8","isMergeCommit":false,"messageTitle":"Fix checkstyle issues","messageBody":"","fileTypesAndContributionMap":{"docs":{"insertions":32,"deletions":32}}},{"hash":"e98f78f6a6d692a0968e55edb3a76f686d155a78","isMergeCommit":false,"messageTitle":"Add new line in DG at EOF","messageBody":"","fileTypesAndContributionMap":{"docs":{"insertions":1,"deletions":0}}},{"hash":"e6dba994e585d70ae25a700951f47824c337884b","isMergeCommit":false,"messageTitle":"Fix sample data to accommodate the new requirements","messageBody":"","fileTypesAndContributionMap":{"functional-code":{"insertions":2,"deletions":2},"docs":{"insertions":4,"deletions":4}}},{"hash":"eac42b1a7eeaf6a7ddb5da012e89b3dbc30a0142","isMergeCommit":true,"messageTitle":"Merge pull request #197 from laishuya/branch-w12-ped-fix","messageBody":"Fix UG and DG bugs","fileTypesAndContributionMap":{}},{"hash":"ba838174e661c5302edff73824d614ce2368e4eb","isMergeCommit":true,"messageTitle":"Merge pull request #198 from laishuya/branch-w12-ped-fix","messageBody":"Fix bug","fileTypesAndContributionMap":{}},{"hash":"d7d70fb2653d1e57b30a62f8516b03ec71af6458","isMergeCommit":true,"messageTitle":"Merge pull request #199 from laishuya/branch-w12-ped-fix","messageBody":"Finalise changes","fileTypesAndContributionMap":{}},{"hash":"7ec06f994e16f2ca7bc6dc12bcb9dae9fbdc1b11","isMergeCommit":false,"messageTitle":"Change Update/Edit to Edit to resolve hyperlink issue","messageBody":"","fileTypesAndContributionMap":{"docs":{"insertions":3,"deletions":3}}},{"hash":"d47229dcec415aec82c9bc6ff615338fc7f02e24","isMergeCommit":true,"messageTitle":"Merge pull request #201 from xinnnyeee/branch-make-enhancements","messageBody":"Change Update/Edit to Edit to resolve hyperlink issue","tags":["v1.6"],"fileTypesAndContributionMap":{}}]}],"TasmiaH0508":[{"date":"2025-04-06","commitResults":[{"hash":"45406868d9dd4df44f32a69c244ba47251d7dc51","isMergeCommit":false,"messageTitle":"Update User Guide","messageBody":"","fileTypesAndContributionMap":{"docs":{"insertions":17,"deletions":4}}}]},{"date":"2025-04-07","commitResults":[{"hash":"e1e7d80f96648c59627281a480eff0aa9520fb1b","isMergeCommit":true,"messageTitle":"Merge pull request #184 from xinnnyeee/branch-hyperlinks-UG","messageBody":"[UG] Make all hyperlinks clickable","fileTypesAndContributionMap":{}},{"hash":"0b79cd20186b972009d1f3b7450a96f59f817921","isMergeCommit":true,"messageTitle":"Merge branch \u0027master\u0027 into branch-update-UG-post-PED Merge master onto branch-update-UG-post-PED","messageBody":"","fileTypesAndContributionMap":{}},{"hash":"e7e71ce96770ddfaa616fbb0308f8a1239fe83a2","isMergeCommit":false,"messageTitle":"Update UG","messageBody":"","fileTypesAndContributionMap":{"docs":{"insertions":1,"deletions":1}}},{"hash":"b6ca6b8d290008793530266834f2f93c349249b6","isMergeCommit":false,"messageTitle":"Modify DG and message for multiple delete","messageBody":"","fileTypesAndContributionMap":{"functional-code":{"insertions":1,"deletions":1},"docs":{"insertions":42,"deletions":31}}}]},{"date":"2025-04-08","commitResults":[{"hash":"49ad82e6de6c3ce79bb9d20dae0db8eceb847d51","isMergeCommit":true,"messageTitle":"Merge pull request #192 from laishuya/branch-w12-ped-fix","messageBody":"Fix PED bugs","fileTypesAndContributionMap":{}}]}],"HAITAO2003":[],"laishuya":[{"date":"2025-04-07","commitResults":[{"hash":"9ad7370df4cd66c520066289ae07a3fd71102da2","isMergeCommit":true,"messageTitle":"Merge pull request #185 from TasmiaH0508/branch-update-UG-post-PED","messageBody":"Update UG for more clarity regarding specifications of mass-delete","fileTypesAndContributionMap":{}},{"hash":"edee9343370f33c990fb433fad12a6cc293072f0","isMergeCommit":false,"messageTitle":"Fix url bug in UG","messageBody":"","fileTypesAndContributionMap":{"docs":{"insertions":1,"deletions":1}}},{"hash":"eccbee11d84bbdd529269f9f391d26eb671b3721","isMergeCommit":false,"messageTitle":"Fix UG bug of edit command missing from table","messageBody":"","fileTypesAndContributionMap":{"docs":{"insertions":1,"deletions":0}}},{"hash":"2b7f2d1f04e0b6707b96f3b160eacdad3bff3cbb","isMergeCommit":false,"messageTitle":"Fix incorrect hyperlinks in DG","messageBody":"","fileTypesAndContributionMap":{"docs":{"insertions":5,"deletions":5}}},{"hash":"2086630a11ae1abfd424957796f7101c2f33f259","isMergeCommit":false,"messageTitle":"Fix incorrect command format in DG","messageBody":"","fileTypesAndContributionMap":{"docs":{"insertions":2,"deletions":2}}},{"hash":"cee61575e6785c549570484cc39c7a0a6ae3fd59","isMergeCommit":false,"messageTitle":"Fix incorrect delete format in DG","messageBody":"","fileTypesAndContributionMap":{"docs":{"insertions":3,"deletions":3}}},{"hash":"9859e1c2df2cb515cd0e287b4ef9693bfbcf068f","isMergeCommit":false,"messageTitle":"Fix user guide format bug","messageBody":"","fileTypesAndContributionMap":{"docs":{"insertions":1,"deletions":1}}},{"hash":"cbe18ead4c0df0590b30db8ac41580be772c1a46","isMergeCommit":false,"messageTitle":"Fix unhelpful error msg for filter_t","messageBody":"","fileTypesAndContributionMap":{"functional-code":{"insertions":1,"deletions":1}}},{"hash":"71348d665fbf52b00b1f45f082bc8152ec89a0e6","isMergeCommit":true,"messageTitle":"Merge pull request #193 from TasmiaH0508/branch-update-DG","messageBody":"Modify DG and message for multiple delete","fileTypesAndContributionMap":{}}]},{"date":"2025-04-08","commitResults":[{"hash":"4307c3ee0106e228cf667b56ecf1bf1decb7b22e","isMergeCommit":false,"messageTitle":"Fix incorrect sequence of events in use cases","messageBody":"","fileTypesAndContributionMap":{"docs":{"insertions":31,"deletions":43}}},{"hash":"98a798d9a8c1149d176e56f92685c3025b8d4e85","isMergeCommit":true,"messageTitle":"Merge branch \u0027master\u0027 of https://github.com/AY2425S2-CS2103T-T14-3/tp into branch-w12-ped-fix","messageBody":"","fileTypesAndContributionMap":{}},{"hash":"5362d52245f2ced2ff77d8bd754427397c386f36","isMergeCommit":false,"messageTitle":"Add user story and fix use case description","messageBody":"","fileTypesAndContributionMap":{"docs":{"insertions":8,"deletions":7}}},{"hash":"8abb106a213d773d1201f59514d9cd3253b1a7cf","isMergeCommit":false,"messageTitle":"Fix unhelpful error message","messageBody":"","fileTypesAndContributionMap":{"functional-code":{"insertions":2,"deletions":1}}},{"hash":"868e120518088b6c477391516ef8300e5cfe5cd3","isMergeCommit":false,"messageTitle":"Fix incorrect user guide format","messageBody":"","fileTypesAndContributionMap":{"docs":{"insertions":2,"deletions":2}}},{"hash":"73d0abfdd7714445d42d57879267ffe595f115c6","isMergeCommit":true,"messageTitle":"Merge pull request #195 from xinnnyeee/branch-make-enhancements","messageBody":"Update UG, limit Tag length, edit error message for Tag and classID","fileTypesAndContributionMap":{}},{"hash":"baa3aab9d150015a2dcd0a95fa1458ea6db72257","isMergeCommit":true,"messageTitle":"Merge pull request #196 from xinnnyeee/branch-make-enhancements","messageBody":"Fix sample data to accommodate the new requirements","fileTypesAndContributionMap":{}},{"hash":"80b629c48a7de39ba6b5267d89513d839d4789fa","isMergeCommit":false,"messageTitle":"Fix UG and DG bugs","messageBody":"","fileTypesAndContributionMap":{"docs":{"insertions":1,"deletions":23}}},{"hash":"75e9e498634c15b5c4e0d070f3ab5fdbafcd9515","isMergeCommit":false,"messageTitle":"Fix bug","messageBody":"","fileTypesAndContributionMap":{"docs":{"insertions":6,"deletions":0}}},{"hash":"0afbf82a27e642114432da3cc3126b2029afd8ff","isMergeCommit":false,"messageTitle":"Finalise changes","messageBody":"","fileTypesAndContributionMap":{"docs":{"insertions":34,"deletions":1}}},{"hash":"8c13f24c0762d779709dc19d0d4c41fd163fe0bc","isMergeCommit":false,"messageTitle":"Fix DG","messageBody":"","fileTypesAndContributionMap":{"docs":{"insertions":1,"deletions":1}}},{"hash":"b352f712175dd33736553fefe3d0d2c2221e36ff","isMergeCommit":true,"messageTitle":"Merge pull request #200 from laishuya/branch-w12-ped-fix","messageBody":"Fix DG","fileTypesAndContributionMap":{}}]}],"simenggg":[]},"authorFileTypeContributionMap":{"xinnnyeee":{"docs":103,"functional-code":6,"test-code":0},"TasmiaH0508":{"docs":42,"functional-code":1,"test-code":0},"HAITAO2003":{"docs":0,"functional-code":0,"test-code":0},"laishuya":{"docs":69,"functional-code":3,"test-code":0},"simenggg":{"docs":0,"functional-code":0,"test-code":0}},"authorContributionVariance":{"xinnnyeee":7034.75,"TasmiaH0508":992.25,"HAITAO2003":0.0,"laishuya":4568.25,"simenggg":0.0},"authorDisplayNameMap":{"xinnnyeee":"CS2103T-T14-3 LIN ..INYI","TasmiaH0508":"CS2103T-T14-3 TASM..AQUE","HAITAO2003":"CS2103T-T14-3 WANG..ITAO","laishuya":"CS2103T-T14-3 JOSH..O YA","simenggg":"CS2103T-T14-3 LI S..MENG"}}
