{"authorDailyContributionsMap":{"kennethsoh":[{"date":"2025-04-05","commitResults":[{"hash":"df2292f99db314b7fef21ca1fd13fff077785b7f","isMergeCommit":false,"messageTitle":"set tag and project names to lowercase","messageBody":"","fileTypesAndContributionMap":{"functional-code":{"insertions":2,"deletions":2}}}]},{"date":"2025-04-06","commitResults":[{"hash":"65facdcc72b508745deafb557f2a2d8b559a1c5b","isMergeCommit":false,"messageTitle":"Update hrs","messageBody":"","fileTypesAndContributionMap":{"functional-code":{"insertions":1,"deletions":1}}},{"hash":"783de3531e175ad7d84e3b164d8216a97844d45a","isMergeCommit":false,"messageTitle":"Resolve #369 delete command notation","messageBody":"","fileTypesAndContributionMap":{"docs":{"insertions":1,"deletions":1}}},{"hash":"b395366321b3031ccd262eea160a8a543333b401","isMergeCommit":false,"messageTitle":"Resolve #369 fix typo","messageBody":"","fileTypesAndContributionMap":{"docs":{"insertions":1,"deletions":1}}},{"hash":"95615cfb44e269cb1ef86ac6df16496e2b11873f","isMergeCommit":false,"messageTitle":"Resolve #324, #348, #351, #381 Tag/Project case sensitivity","messageBody":"","fileTypesAndContributionMap":{"docs":{"insertions":3,"deletions":1}}},{"hash":"68e8bff92017430debf99f7c5221167d804aef1e","isMergeCommit":false,"messageTitle":"Provide example for deadline","messageBody":"","fileTypesAndContributionMap":{"docs":{"insertions":1,"deletions":1}}}]},{"date":"2025-04-07","commitResults":[{"hash":"d9807a3fab6acc3398bf2a80afdbce1d578e9747","isMergeCommit":true,"messageTitle":"Merge pull request #395 from CJ-783/issue_374","messageBody":"","fileTypesAndContributionMap":{}},{"hash":"0d8596af7d792630d6547d4319ed8c8299433e2b","isMergeCommit":true,"messageTitle":"Merge pull request #393 from CJ-783/issue_363","messageBody":"","fileTypesAndContributionMap":{}},{"hash":"62d6352d776129f224893373f153bb42f65d19f2","isMergeCommit":true,"messageTitle":"Merge pull request #390 from CJ-783/issue_335","messageBody":"","fileTypesAndContributionMap":{}},{"hash":"87e884679b3652ce2693b006577d6429945c0359","isMergeCommit":true,"messageTitle":"Merge pull request #389 from CJ-783/issue_319","messageBody":"","fileTypesAndContributionMap":{}},{"hash":"d96a2d75fc9b5706bf50ed762fbe2fcf32fc3aa9","isMergeCommit":false,"messageTitle":"Improve clarity of messages","messageBody":"","fileTypesAndContributionMap":{"functional-code":{"insertions":9,"deletions":11},"docs":{"insertions":2,"deletions":0}}},{"hash":"687d3437ccebe7f0cb4ccc4852f5041a2fe601f1","isMergeCommit":false,"messageTitle":"Remove dead code","messageBody":"","fileTypesAndContributionMap":{"functional-code":{"insertions":0,"deletions":2}}},{"hash":"b5aecb3cfe427ea9bd792b9ff9ff4df48d3a6ba1","isMergeCommit":false,"messageTitle":"Rename addressbook to Arthive","messageBody":"","fileTypesAndContributionMap":{"functional-code":{"insertions":1,"deletions":1}}},{"hash":"2373cdfb80222ca3cbf88ac44d818cb884e35e87","isMergeCommit":false,"messageTitle":"Resolve #385, #368, #365, #344, #271","messageBody":"","fileTypesAndContributionMap":{"docs":{"insertions":29,"deletions":30}}},{"hash":"8731aa90abb62b0db92e7b5e5157eba334c49135","isMergeCommit":false,"messageTitle":"Fix checkstyle issues","messageBody":"","fileTypesAndContributionMap":{"functional-code":{"insertions":2,"deletions":1},"test-code":{"insertions":1,"deletions":1}}},{"hash":"8e02a0eb895f92a90f9f57217bdc452abec16ab9","isMergeCommit":false,"messageTitle":"Improve find message_usage clarity","messageBody":"","fileTypesAndContributionMap":{"functional-code":{"insertions":3,"deletions":3}}},{"hash":"5bbc6c493eeed18860bb2e14f7f65f19683c16fd","isMergeCommit":true,"messageTitle":"Merge pull request #404 from CJ-783/set_status_ambiguousmsg","messageBody":"Update Setstatus deadline msg","fileTypesAndContributionMap":{}},{"hash":"0eca5b07486fd742b362b4b7b195b2f2dbaa387c","isMergeCommit":false,"messageTitle":"Update help window","messageBody":"","fileTypesAndContributionMap":{"functional-code":{"insertions":15,"deletions":15}}}]}],"0x4F776C":[{"date":"2025-04-06","commitResults":[{"hash":"39a57ee08d11ebb225f01296f8f68cbabc575beb","isMergeCommit":false,"messageTitle":"remediate issues from PED","messageBody":"","fileTypesAndContributionMap":{"docs":{"insertions":31,"deletions":4}}}]},{"date":"2025-04-07","commitResults":[{"hash":"3fbdf757f43f84183b15d0b422f42ce37d0baca8","isMergeCommit":true,"messageTitle":"Merge PR #391 into master","messageBody":"JAR missing from glossary","fileTypesAndContributionMap":{}},{"hash":"ec6c094b99bb054dbb4641e5e898db85d88c1838","isMergeCommit":true,"messageTitle":"Merge PR #394 into master","messageBody":"Update User Guide - Post PE-D","fileTypesAndContributionMap":{}},{"hash":"74357ee0e272453e17ed17309f109375b5f1de77","isMergeCommit":true,"messageTitle":"Merge PR #396 into master","messageBody":"Incorrect email input validation","fileTypesAndContributionMap":{}}]}],"broccoli-hater":[{"date":"2025-04-07","commitResults":[{"hash":"412d2f9bc181e34ea0d2d513597abe83a73960a9","isMergeCommit":false,"messageTitle":"Add prefix to find command","messageBody":"","fileTypesAndContributionMap":{"functional-code":{"insertions":26,"deletions":14}}},{"hash":"81dda8372988338dc77a875429451e1d8691dff4","isMergeCommit":false,"messageTitle":"update findcommmandparsertest","messageBody":"","fileTypesAndContributionMap":{"test-code":{"insertions":9,"deletions":8}}},{"hash":"a5102961343d76b1542541e4cd2b3b0b94f5e717","isMergeCommit":false,"messageTitle":"update addressbookparsertest","messageBody":"","fileTypesAndContributionMap":{"test-code":{"insertions":11,"deletions":2}}},{"hash":"08306c9c58ab1e4dddeefa6a8eb94e626472b59f","isMergeCommit":false,"messageTitle":"fix checkstyle","messageBody":"","fileTypesAndContributionMap":{"test-code":{"insertions":4,"deletions":2}}},{"hash":"0e6f5306524ddc688cb5b11e7ee9251833b6d523","isMergeCommit":false,"messageTitle":"added code coverage","messageBody":"","fileTypesAndContributionMap":{"test-code":{"insertions":21,"deletions":0}}},{"hash":"8351b9736ba53b2f4add8a4f8c633b3967e2cbac","isMergeCommit":false,"messageTitle":"add numeric check for phone numbers","messageBody":"","fileTypesAndContributionMap":{"functional-code":{"insertions":4,"deletions":1}}},{"hash":"ebfe6e479a7c504e18e10367bbd99436fad862f8","isMergeCommit":false,"messageTitle":"add tests for setstatuscommand","messageBody":"","fileTypesAndContributionMap":{"test-code":{"insertions":239,"deletions":0}}},{"hash":"732476e37889d7cb84edd0d7045dc2605ad43b83","isMergeCommit":false,"messageTitle":"remove unused imports","messageBody":"","fileTypesAndContributionMap":{"test-code":{"insertions":4,"deletions":9}}},{"hash":"c6839e3e6cb1ec9b44baf9c2775164ffc5ea315d","isMergeCommit":false,"messageTitle":"add tests for setstatuscommandparser","messageBody":"","fileTypesAndContributionMap":{"test-code":{"insertions":163,"deletions":1}}},{"hash":"1c06abcf847b4d212bd0bc80f195c1aa02faf71d","isMergeCommit":false,"messageTitle":"fix checkstyle","messageBody":"","fileTypesAndContributionMap":{"test-code":{"insertions":15,"deletions":11}}}]}],"CJ-783":[{"date":"2025-04-06","commitResults":[{"hash":"ae4b639288e49344c5e0694c574db1dea63cb811","isMergeCommit":true,"messageTitle":"Merge branch \u0027master\u0027 of https://github.com/AY2425S2-CS2103-F10-1/tp","messageBody":"","fileTypesAndContributionMap":{}},{"hash":"95743b918acae90b152cc8782048c5cbd0a48245","isMergeCommit":false,"messageTitle":"Update userguide to state that phone must be unique","messageBody":"","fileTypesAndContributionMap":{"docs":{"insertions":2,"deletions":0}}},{"hash":"51b61d685fb88ca1b5f95de97d66694a109af385","isMergeCommit":false,"messageTitle":"Update Userguide to say names can contain space","messageBody":"","fileTypesAndContributionMap":{"docs":{"insertions":2,"deletions":0}}},{"hash":"6fb23e004df068a5d09da1ae51f8a0a0f6efc107","isMergeCommit":false,"messageTitle":"Add JAR into glossary list","messageBody":"","fileTypesAndContributionMap":{"docs":{"insertions":1,"deletions":0}}},{"hash":"76d8deb30b11ab4be6dcd33b87450c48d61dfbfd","isMergeCommit":false,"messageTitle":"Update userguide to make edit constraint more concrete","messageBody":"","fileTypesAndContributionMap":{"docs":{"insertions":1,"deletions":0}}},{"hash":"a41b4ff4db9492666ade9c8c96dd164fd095ff47","isMergeCommit":false,"messageTitle":"Update user guide to ensure that people use valid index in edit","messageBody":"","fileTypesAndContributionMap":{"docs":{"insertions":1,"deletions":0}}},{"hash":"f289d5c4718acc515ed5fbf4fab18c09dbfda482","isMergeCommit":false,"messageTitle":"Update UML diagram to follow notation found in class","messageBody":"","fileTypesAndContributionMap":{"docs":{"insertions":6,"deletions":6}}},{"hash":"ec220d3728fb0fe69681a2f26eb4d7e261828b5b","isMergeCommit":false,"messageTitle":"Update email regex to make email constraint better","messageBody":"","fileTypesAndContributionMap":{"functional-code":{"insertions":4,"deletions":4},"test-code":{"insertions":18,"deletions":6}}}]},{"date":"2025-04-07","commitResults":[{"hash":"f9880c2d307e8456e35b89c5283beff3979be09f","isMergeCommit":false,"messageTitle":"Move app not allowed to have duplicate phone into add command","messageBody":"","fileTypesAndContributionMap":{"docs":{"insertions":4,"deletions":2}}},{"hash":"8ac309718007fb6f2da8cbdc1b4d8d3992c98919","isMergeCommit":false,"messageTitle":"Update userguide to mention that trailing and leading whitespace will be removed","messageBody":"","fileTypesAndContributionMap":{"docs":{"insertions":2,"deletions":2}}},{"hash":"c0da6584d89ea01496eab8555cf9f827c8f22039","isMergeCommit":false,"messageTitle":"Update usreguide to make the phone constraint more clear","messageBody":"","fileTypesAndContributionMap":{"docs":{"insertions":1,"deletions":2}}},{"hash":"e5b4514b88b87c3e3614d94ce802814aaca11a6c","isMergeCommit":false,"messageTitle":"Update userguide to make it less ambiguous for edit command","messageBody":"","fileTypesAndContributionMap":{"docs":{"insertions":2,"deletions":2}}},{"hash":"1bd5c59b91afbe4c6c0d74381a498f7efcecadbb","isMergeCommit":false,"messageTitle":"Remove label on UML diagram since optional","messageBody":"","fileTypesAndContributionMap":{"docs":{"insertions":6,"deletions":6}}},{"hash":"ddb6b47921cfd2d15fe4703ada53c5e1a1dde5a7","isMergeCommit":false,"messageTitle":"Fix bug in Find command","messageBody":"","fileTypesAndContributionMap":{"functional-code":{"insertions":12,"deletions":0}}},{"hash":"296648738cd5df9f4e9202d3af22bcec5f5cbb80","isMergeCommit":false,"messageTitle":"Change should to must in user guide","messageBody":"","fileTypesAndContributionMap":{"docs":{"insertions":2,"deletions":2}}},{"hash":"1e37405d327ef8f707fa8a1622fc9c0e9466764d","isMergeCommit":true,"messageTitle":"Merge pull request #387 from kennethsoh/lowercase-tags","messageBody":"Set tag and project names to lowercase","fileTypesAndContributionMap":{}},{"hash":"4fbf92c904178cbada833485eb8481544678c4bb","isMergeCommit":true,"messageTitle":"Merge pull request #388 from 0x4F776C/update-guides-post-ped","messageBody":"remediate issues from PED","fileTypesAndContributionMap":{}},{"hash":"9a2d6ef4b7af676204ca4e88b9ef359e26cc92b7","isMergeCommit":true,"messageTitle":"Merge branch \u0027master\u0027 of https://github.com/AY2425S2-CS2103-F10-1/tp","messageBody":"","fileTypesAndContributionMap":{}},{"hash":"f8e468bbdac438d0416a3ffe1f6e351e585af352","isMergeCommit":true,"messageTitle":"Merge branch \u0027master\u0027 into issue_366","messageBody":"","fileTypesAndContributionMap":{}},{"hash":"e95b7af8d811763897205e58829a8634fba26278","isMergeCommit":false,"messageTitle":"Format userguide for neatness, add email constraint, update Find","messageBody":"","fileTypesAndContributionMap":{"docs":{"insertions":65,"deletions":21}}},{"hash":"6bdd2ec858988dcc3644de13b265ad2cb18c2aa7","isMergeCommit":true,"messageTitle":"Merge pull request #401 from FadhilPM/issue_315","messageBody":"HelpContent: remove hyperlink formatting","fileTypesAndContributionMap":{}},{"hash":"9481e8faa5d9352971e6277f701f808ad992933a","isMergeCommit":true,"messageTitle":"Merge branch \u0027master\u0027 into issue_366","messageBody":"","fileTypesAndContributionMap":{}},{"hash":"44f85cd20d4afa81e730fa376c0dbef710b93228","isMergeCommit":true,"messageTitle":"Merge pull request #397 from broccoli-hater/add-prefix-to-find-command","messageBody":"Add prefix to find command","fileTypesAndContributionMap":{}},{"hash":"e891fc7873eb6e6a953fed0ad1c9eb0238cbd129","isMergeCommit":true,"messageTitle":"Merge branch \u0027master\u0027 into issue_366","messageBody":"","fileTypesAndContributionMap":{}},{"hash":"eae62fffa55722f650b76e58d6e847d637e3098e","isMergeCommit":false,"messageTitle":"Update UserGuide.md","messageBody":"Fix \u003cli\u003e issues in user guide","fileTypesAndContributionMap":{"docs":{"insertions":14,"deletions":14}}},{"hash":"fd83688143f40bc5bc4b6e79abe541bc41fb75b5","isMergeCommit":true,"messageTitle":"Merge branch \u0027master\u0027 of https://github.com/AY2425S2-CS2103-F10-1/tp","messageBody":"","fileTypesAndContributionMap":{}},{"hash":"fdf8a6939276c4fe06e96a698d13d214933ffab8","isMergeCommit":false,"messageTitle":"Update deadline message","messageBody":"","fileTypesAndContributionMap":{"functional-code":{"insertions":2,"deletions":2},"docs":{"insertions":2,"deletions":0}}},{"hash":"9e75143e4aa52a231cf161a9ded1b81a409da769","isMergeCommit":false,"messageTitle":"Update userguide summary for new find command","messageBody":"","fileTypesAndContributionMap":{"docs":{"insertions":16,"deletions":16}}},{"hash":"ad7eb39c141d28455acc5ae1180da63f9afdf750","isMergeCommit":false,"messageTitle":"Update find command in summary of userguide","messageBody":"","fileTypesAndContributionMap":{"docs":{"insertions":1,"deletions":1}}}]},{"date":"2025-04-08","commitResults":[{"hash":"31cb47a37a77f64fc6b4a0fdf9fa179a4dff0d37","isMergeCommit":true,"messageTitle":"Merge pull request #409 from broccoli-hater/add-setstatus-related-tests","messageBody":"Add setstatus related tests","fileTypesAndContributionMap":{}},{"hash":"907e32ed42efa98bf521efbec102d910e810a1cd","isMergeCommit":false,"messageTitle":"Update user guide to make it more consistent","messageBody":"","fileTypesAndContributionMap":{"docs":{"insertions":1,"deletions":1}}}]}],"FadhilPM":[{"date":"2025-04-07","commitResults":[{"hash":"8a05c153864612d7a627ed3a496586876b0d24cb","isMergeCommit":false,"messageTitle":"HelpContent: remove hyperlink formatting","messageBody":"","fileTypesAndContributionMap":{"functional-code":{"insertions":1,"deletions":1}}},{"hash":"3c0e201b450c2f51aeb0d0827f601a19bbe373b1","isMergeCommit":false,"messageTitle":"ParserUtil: improve clarity of error message","messageBody":"","fileTypesAndContributionMap":{"functional-code":{"insertions":1,"deletions":1}}},{"hash":"7780426474eddddc945c5ec0e36bdcd27c754dfe","isMergeCommit":true,"messageTitle":"Merge pull request #402 from FadhilPM/issue_343","messageBody":"ParserUtil: improve clarity of error message","fileTypesAndContributionMap":{}},{"hash":"d81ffaf38643a90e47ff33a143afd91ca2c03907","isMergeCommit":true,"messageTitle":"Merge branch \u0027master\u0027 into add-prefix-to-find-command","messageBody":"","fileTypesAndContributionMap":{}},{"hash":"2ed9d452741cba2c1b5ded222aacddc31fc25a3d","isMergeCommit":true,"messageTitle":"Merge pull request #400 from kennethsoh/user-dev-guide-ped","messageBody":"Update User and Dev Guide","fileTypesAndContributionMap":{}},{"hash":"96819427af3f57be2a4e2c6f5cb57f7895c34aac","isMergeCommit":true,"messageTitle":"Merge pull request #392 from CJ-783/issue_366","messageBody":" Incorrect description for User Guide for Edit Phone","fileTypesAndContributionMap":{}}]},{"date":"2025-04-08","commitResults":[{"hash":"fc7c8b1412d9d2b973392b5dc161c2ce2236ebe9","isMergeCommit":true,"messageTitle":"Merge pull request #408 from kennethsoh/help-window","messageBody":"Update help window","fileTypesAndContributionMap":{}},{"hash":"5b0d4e06611a32ea3bc3f5bc5918fcc8b8c284e2","isMergeCommit":true,"messageTitle":"Merge pull request #407 from CJ-783/issue_406","messageBody":"Update find command in userguide","fileTypesAndContributionMap":{}}]}]},"authorFileTypeContributionMap":{"kennethsoh":{"docs":26,"functional-code":15,"test-code":1},"0x4F776C":{"docs":17,"functional-code":0,"test-code":0},"broccoli-hater":{"docs":0,"functional-code":21,"test-code":440},"CJ-783":{"docs":97,"functional-code":16,"test-code":18},"FadhilPM":{"docs":0,"functional-code":2,"test-code":0}},"authorContributionVariance":{"kennethsoh":2748.75,"0x4F776C":229.6875,"broccoli-hater":55488.0,"CJ-783":6582.5,"FadhilPM":3.0},"authorDisplayNameMap":{"kennethsoh":"CS2103-F10-1 SOH ..NETH","0x4F776C":"CS2103-F10-1 LEE .. HAO","broccoli-hater":"CS2103-F10-1 INGY.. SAN","CJ-783":"CS2103-F10-1 KWA ..JING","FadhilPM":"CS2103-F10-1 FADH..AMED"}}
