{"authorDailyContributionsMap":{"kennethsoh":[],"0x4F776C":[],"broccoli-hater":[],"CJ-783":[],"FadhilPM":[]},"authorFileTypeContributionMap":{"kennethsoh":{"docs":0,"functional-code":0,"test-code":0},"0x4F776C":{"docs":0,"functional-code":0,"test-code":0},"broccoli-hater":{"docs":0,"functional-code":0,"test-code":0},"CJ-783":{"docs":0,"functional-code":0,"test-code":0},"FadhilPM":{"docs":0,"functional-code":0,"test-code":0}},"authorContributionVariance":{"kennethsoh":0.0,"0x4F776C":0.0,"broccoli-hater":0.0,"CJ-783":0.0,"FadhilPM":0.0},"authorDisplayNameMap":{"kennethsoh":"CS2103-F10-1 SOH ..NETH","0x4F776C":"CS2103-F10-1 LEE .. HAO","broccoli-hater":"CS2103-F10-1 INGY.. SAN","CJ-783":"CS2103-F10-1 KWA ..JING","FadhilPM":"CS2103-F10-1 FADH..AMED"}}
