{"authorDailyContributionsMap":{"nathtiekk":[],"yuyang011":[{"date":"2025-04-05","commitResults":[{"hash":"f2abfc2297ff35392d12ee4edfc5e0343a705231","isMergeCommit":false,"messageTitle":"Update addressbook.jar to InsureBook.jar","messageBody":"","fileTypesAndContributionMap":{"docs":{"insertions":1,"deletions":1}}},{"hash":"13350e915c784975a15cc53d78fe890b72ee4ce8","isMergeCommit":true,"messageTitle":"Merge pull request #217 from yuyang011/branch-fix-jar-name","messageBody":"","fileTypesAndContributionMap":{}}]}],"Jovin-Ang":[],"MakiseKurisuX":[],"johngao122":[]},"authorFileTypeContributionMap":{"nathtiekk":{"docs":0,"functional-code":0,"test-code":0},"yuyang011":{"docs":1,"functional-code":0,"test-code":0},"Jovin-Ang":{"docs":0,"functional-code":0,"test-code":0},"MakiseKurisuX":{"docs":0,"functional-code":0,"test-code":0},"johngao122":{"docs":0,"functional-code":0,"test-code":0}},"authorContributionVariance":{"nathtiekk":0.0,"yuyang011":0.0,"Jovin-Ang":0.0,"MakiseKurisuX":0.0,"johngao122":0.0},"authorDisplayNameMap":{"nathtiekk":"CS2103-F08-2 KEIT.. TAN","yuyang011":"CS2103-F08-2 TAN ..YANG","Jovin-Ang":"CS2103-F08-2 JOVI..HENG","MakiseKurisuX":"CS2103-F08-2 TAN ..RVIN","johngao122":"CS2103-F08-2 JOHN..AHAO"}}
