{"authorDailyContributionsMap":{"nathtiekk":[],"yuyang011":[{"date":"2025-04-05","commitResults":[{"hash":"f2abfc2297ff35392d12ee4edfc5e0343a705231","isMergeCommit":false,"messageTitle":"Update addressbook.jar to InsureBook.jar","messageBody":"","fileTypesAndContributionMap":{"docs":{"insertions":1,"deletions":1}}},{"hash":"13350e915c784975a15cc53d78fe890b72ee4ce8","isMergeCommit":true,"messageTitle":"Merge pull request #217 from yuyang011/branch-fix-jar-name","messageBody":"","fileTypesAndContributionMap":{}}]},{"date":"2025-04-06","commitResults":[{"hash":"75dfe87aa5ffcd74344c7ad574962bccca4629e6","isMergeCommit":false,"messageTitle":"Update UML diagram with PolicyType and RenewalDate","messageBody":"","fileTypesAndContributionMap":{"docs":{"insertions":8,"deletions":0}}},{"hash":"7e154807cd1bc6cf88bf3c97dab12547b8b03e4a","isMergeCommit":false,"messageTitle":"Update font size","messageBody":"","fileTypesAndContributionMap":{"docs":{"insertions":2,"deletions":0}}},{"hash":"44ac6c77eda9a923e8035e53c56b9761fbc3115a","isMergeCommit":true,"messageTitle":"Merge pull request #276 from yuyang011/branch-update-model","messageBody":"","fileTypesAndContributionMap":{}}]}],"Jovin-Ang":[{"date":"2025-04-05","commitResults":[{"hash":"3a85156bd6b270f0772083ed158089b0148c2d50","isMergeCommit":false,"messageTitle":"Fix markdown rendering on info box","messageBody":"","fileTypesAndContributionMap":{"docs":{"insertions":1,"deletions":0}}}]},{"date":"2025-04-06","commitResults":[{"hash":"4121377cc312a729452b15ebcebb5a739a20535e","isMergeCommit":true,"messageTitle":"Merge pull request #265 from yuyang011/branch-fix-jar-name","messageBody":"Update addressbook.jar to InsureBook.jar","fileTypesAndContributionMap":{}},{"hash":"349e66560c520015db7fd350ca4e05c871594759","isMergeCommit":false,"messageTitle":"Enforce single usage of SORT_ORDER prefix in find command","messageBody":"","fileTypesAndContributionMap":{"functional-code":{"insertions":2,"deletions":0},"docs":{"insertions":4,"deletions":4},"test-code":{"insertions":7,"deletions":0}}},{"hash":"779eccea6bb729d341330925d512b0dd9b524896","isMergeCommit":false,"messageTitle":"Prevent invalid PolicyType in Find command","messageBody":"* Utilise parsePolicyTypes method in FindCommandParser\n* Refactor PolicyTypeContainsKeywordsPredicate to use PolicyType\ninstead of String\n* Update test cases\n","fileTypesAndContributionMap":{"functional-code":{"insertions":3,"deletions":9},"test-code":{"insertions":10,"deletions":13}}},{"hash":"4d1bcc4796ed8430c181c19a08452c3a18d28f22","isMergeCommit":true,"messageTitle":"Merge pull request #267 from Jovin-Ang/add-sort-find","messageBody":"Find command bug fixes","fileTypesAndContributionMap":{}}]}],"MakiseKurisuX":[{"date":"2025-04-06","commitResults":[{"hash":"0ef6e23e39788002d81ca40f39378a4dd30f8412","isMergeCommit":false,"messageTitle":"Fix Bugs found during PE-D","messageBody":"","fileTypesAndContributionMap":{"functional-code":{"insertions":8,"deletions":3},"docs":{"insertions":43,"deletions":28},"test-code":{"insertions":3,"deletions":2}}},{"hash":"fd76f9b81804c07634c6f3d6cf06aff7412bf0c3","isMergeCommit":false,"messageTitle":"Update UserGuide.md","messageBody":"","fileTypesAndContributionMap":{"docs":{"insertions":2,"deletions":0}}},{"hash":"27847d5542a7a6374105c6dca5c8c74a61391748","isMergeCommit":true,"messageTitle":"Merge pull request #269 from MakiseKurisuX/branch-bugfixes3","messageBody":"Fix Various Bugs Found in PE-D","fileTypesAndContributionMap":{}},{"hash":"6815c65666fc3629c7eddbf513b2381bac23b407","isMergeCommit":false,"messageTitle":"Bug Fixes for PE-D bugs","messageBody":"","fileTypesAndContributionMap":{"functional-code":{"insertions":24,"deletions":11},"docs":{"insertions":3,"deletions":7}}},{"hash":"e3032ce0d22bffb6fb6f50927441f1a4ff7be821","isMergeCommit":false,"messageTitle":"Update AddCommandParser.java","messageBody":"","fileTypesAndContributionMap":{"functional-code":{"insertions":1,"deletions":1}}},{"hash":"d5826f6b9c1e7da8067966faf121411756a8ab99","isMergeCommit":true,"messageTitle":"Merge pull request #274 from MakiseKurisuX/branch-bugfixes4","messageBody":"Fix Various Bugs found in PE-D","fileTypesAndContributionMap":{}}]}],"johngao122":[{"date":"2025-04-06","commitResults":[{"hash":"698a57ec2746982357edda18e760d2a7ee0173c7","isMergeCommit":false,"messageTitle":"Fix bug for issue 257","messageBody":"","fileTypesAndContributionMap":{"functional-code":{"insertions":2,"deletions":0},"test-code":{"insertions":17,"deletions":0}}},{"hash":"d85589b2accf259a3fcfce61c45d20a9a141dfc8","isMergeCommit":false,"messageTitle":"Fix bug for issue 215","messageBody":"","fileTypesAndContributionMap":{"functional-code":{"insertions":7,"deletions":8}}},{"hash":"9b59b39d016d1f73f38bd561f643a108574b532d","isMergeCommit":false,"messageTitle":"Fix bug for issue 210","messageBody":"","fileTypesAndContributionMap":{"functional-code":{"insertions":1,"deletions":1},"docs":{"insertions":3,"deletions":3}}},{"hash":"d64096997cbbc011930dca7be11e7bbb376d16d0","isMergeCommit":false,"messageTitle":"Fix bug for issue 211 and 201","messageBody":"","fileTypesAndContributionMap":{"functional-code":{"insertions":3,"deletions":3},"test-code":{"insertions":12,"deletions":7}}},{"hash":"3b709baba693532cbcaca2883a377f7712687d1c","isMergeCommit":false,"messageTitle":"Fix tests and checkstyle issues","messageBody":"","fileTypesAndContributionMap":{"functional-code":{"insertions":1,"deletions":4},"test-code":{"insertions":269,"deletions":117}}},{"hash":"67600954232165b28a1ea980fa7c9b6042d3b978","isMergeCommit":false,"messageTitle":"Fix tests and checkstyle issues","messageBody":"","fileTypesAndContributionMap":{"test-code":{"insertions":13,"deletions":1}}},{"hash":"514ef841e8bad2756e32ce8366440cbdc5abbff5","isMergeCommit":false,"messageTitle":"Fix tests and checkstyle issues","messageBody":"","fileTypesAndContributionMap":{"test-code":{"insertions":11,"deletions":7}}},{"hash":"fa0c63100e66ff0595637dca6f7488011967d89a","isMergeCommit":false,"messageTitle":"Fix tests and checkstyle issues","messageBody":"","fileTypesAndContributionMap":{"test-code":{"insertions":2,"deletions":2}}},{"hash":"0ae567d7ea2475372ea1d9d75ca25d020afdeb69","isMergeCommit":false,"messageTitle":"Fix code according to comments","messageBody":"","fileTypesAndContributionMap":{"functional-code":{"insertions":2,"deletions":1},"test-code":{"insertions":0,"deletions":14}}},{"hash":"435d808b6b7c95ddccd0c1e5429ad448ea280a76","isMergeCommit":false,"messageTitle":"Fix #205","messageBody":"","fileTypesAndContributionMap":{"functional-code":{"insertions":0,"deletions":1}}},{"hash":"923383266509dfb9c329dd27a415a03fec1b41f7","isMergeCommit":false,"messageTitle":"Fix #196","messageBody":"","fileTypesAndContributionMap":{"functional-code":{"insertions":9,"deletions":5}}},{"hash":"572b7f67f8e75bbce7db4edd208f83e75bc19a7e","isMergeCommit":false,"messageTitle":"Fix tests and checkstyle issues","messageBody":"","fileTypesAndContributionMap":{"functional-code":{"insertions":0,"deletions":2},"test-code":{"insertions":45,"deletions":79}}},{"hash":"08763d15f0a5f09e3ac7c45e3a9c8631900379a7","isMergeCommit":true,"messageTitle":"Merge pull request #271 from johngao122/branch-bug-fix-2","messageBody":"Branch bug fix 2","fileTypesAndContributionMap":{}},{"hash":"ff69e14d38a38813cd74aad99d4c480e00676b82","isMergeCommit":false,"messageTitle":"Add note on matchingpersons","messageBody":"","fileTypesAndContributionMap":{"functional-code":{"insertions":2,"deletions":0}}},{"hash":"86c565d06be7786f393e0ee5c7c514d900731464","isMergeCommit":true,"messageTitle":"Merge pull request #268 from johngao122/branch-bug-fix","messageBody":"Branch bug fix","fileTypesAndContributionMap":{}},{"hash":"302fa3ab138ca3a2cef8683a57bc54506624be5d","isMergeCommit":false,"messageTitle":"Rehaul user guide","messageBody":"","fileTypesAndContributionMap":{"docs":{"insertions":333,"deletions":148}}},{"hash":"3ec115b7043cd6d3b785593a9d94376a3a21c892","isMergeCommit":false,"messageTitle":"Redo layout of userguide","messageBody":"","fileTypesAndContributionMap":{"docs":{"insertions":85,"deletions":45}}},{"hash":"1d6c1f3caeae46bb4cc0b77b9defaf54be3da0c6","isMergeCommit":false,"messageTitle":"Fix checkstyle issues","messageBody":"","fileTypesAndContributionMap":{"docs":{"insertions":8,"deletions":14}}},{"hash":"976aea447c7bb8ed6663d7433eaa33ff23b67e80","isMergeCommit":false,"messageTitle":"Documentation fix","messageBody":"","fileTypesAndContributionMap":{"docs":{"insertions":7,"deletions":11}}},{"hash":"e0f29587bd28d4214e26a347a27a80a8706bcb77","isMergeCommit":true,"messageTitle":"Merge branch \u0027master\u0027 into ug-redo","messageBody":"","fileTypesAndContributionMap":{}},{"hash":"5c8ab1bcddee87854386a4375054d83ac6755276","isMergeCommit":true,"messageTitle":"Merge pull request #272 from johngao122/ug-redo","messageBody":"Ug redo","fileTypesAndContributionMap":{}}]},{"date":"2025-04-07","commitResults":[{"hash":"759db87d525b771cd7f29acb448faf2fc2c85d4a","isMergeCommit":false,"messageTitle":"Change duplicate condition for add and edit command","messageBody":"","fileTypesAndContributionMap":{"functional-code":{"insertions":72,"deletions":17},"docs":{"insertions":39,"deletions":14},"test-code":{"insertions":67,"deletions":12}}},{"hash":"b2d620e45bdb0a68143f2207758556e47b9039ec","isMergeCommit":false,"messageTitle":"Fix minor code issue","messageBody":"","fileTypesAndContributionMap":{"functional-code":{"insertions":1,"deletions":1}}},{"hash":"19aabca30be6f35cb93b6fe5f2b5ec3a12c36621","isMergeCommit":false,"messageTitle":"Fix minor code issue","messageBody":"","fileTypesAndContributionMap":{"functional-code":{"insertions":2,"deletions":3}}},{"hash":"4cc2b35900c345bf9443d66fe80ae171ac45383e","isMergeCommit":true,"messageTitle":"Merge pull request #277 from johngao122/duplicate-fix","messageBody":"","fileTypesAndContributionMap":{}}]}]},"authorFileTypeContributionMap":{"nathtiekk":{"docs":0,"functional-code":0,"test-code":0},"yuyang011":{"docs":11,"functional-code":0,"test-code":0},"Jovin-Ang":{"docs":4,"functional-code":5,"test-code":17},"MakiseKurisuX":{"docs":29,"functional-code":29,"test-code":3},"johngao122":{"docs":376,"functional-code":84,"test-code":413}},"authorContributionVariance":{"nathtiekk":0.0,"yuyang011":18.666666,"Jovin-Ang":589.5556,"MakiseKurisuX":4110.2227,"johngao122":323882.0},"authorDisplayNameMap":{"nathtiekk":"CS2103-F08-2 KEIT.. TAN","yuyang011":"CS2103-F08-2 TAN ..YANG","Jovin-Ang":"CS2103-F08-2 JOVI..HENG","MakiseKurisuX":"CS2103-F08-2 TAN ..RVIN","johngao122":"CS2103-F08-2 JOHN..AHAO"}}
