{"authorDailyContributionsMap":{"Parrycys":[{"date":"2025-04-07","commitResults":[{"hash":"9c9d2c4479d3680f78587e86f11bec70e016a81d","isMergeCommit":false,"messageTitle":"Update user guide, developer guide and error message for import","messageBody":"","fileTypesAndContributionMap":{"functional-code":{"insertions":5,"deletions":4},"docs":{"insertions":9,"deletions":2}}},{"hash":"c7f6da11cd7bb441dd6315ba822c82b2dac6f9fc","isMergeCommit":false,"messageTitle":"Update dg and test case for import command","messageBody":"","fileTypesAndContributionMap":{"docs":{"insertions":20,"deletions":7},"test-code":{"insertions":1,"deletions":1}}},{"hash":"84e74571d3c9841833731287fcab0f3305e0b998","isMergeCommit":true,"messageTitle":"Merge pull request #240 from Inquisitivrx/fix-contact-bugs-2","messageBody":"Fix person list for contact command","fileTypesAndContributionMap":{}},{"hash":"b7eb8c2a4bae3389d75388f14c5aa3d999076c1d","isMergeCommit":true,"messageTitle":"Merge pull request #242 from Inquisitivrx/fix-sort-bugs-2","messageBody":"Improve sort success message","fileTypesAndContributionMap":{}},{"hash":"2b52c4ff1b23cb9b3dd58d78e0c716b6e6412bcc","isMergeCommit":true,"messageTitle":"Merge branch \u0027master\u0027 into dg-feature-enhancements","messageBody":"","fileTypesAndContributionMap":{}}]},{"date":"2025-04-08","commitResults":[{"hash":"8665dabf8b4fe0db18d7c589947db42b38600d7f","isMergeCommit":true,"messageTitle":"Merge pull request #247 from Inquisitivrx/update-ug-dg-sort-contact","messageBody":"Update documentation for sort and contact","fileTypesAndContributionMap":{}},{"hash":"2a43525ed5e7544af966c78b66f818e9917acdb3","isMergeCommit":true,"messageTitle":"Merge branch \u0027master\u0027 into dg-feature-enhancements","messageBody":"","fileTypesAndContributionMap":{}},{"hash":"797a28b5a5a005c4f54003128b8d52a62a1842a6","isMergeCommit":true,"messageTitle":"Merge pull request #252 from sherwinee/fix-docs-070425","messageBody":"Update UG and DG","fileTypesAndContributionMap":{}}]}],"GCheeYang":[{"date":"2025-04-07","commitResults":[{"hash":"5a6ee37286f4ac4ad8ad94a2be0e005993b7caa7","isMergeCommit":false,"messageTitle":"Update UserGuide.md","messageBody":"","fileTypesAndContributionMap":{"docs":{"insertions":1,"deletions":1}}},{"hash":"45c251c89178f5a240d87fbe636b909137fead87","isMergeCommit":false,"messageTitle":"bug fixing","messageBody":"","fileTypesAndContributionMap":{"functional-code":{"insertions":24,"deletions":3}}},{"hash":"aa2390259f1607cc7e865e2bbe12bb922785cca6","isMergeCommit":false,"messageTitle":"fix logic manager test case","messageBody":"","fileTypesAndContributionMap":{"test-code":{"insertions":6,"deletions":1}}},{"hash":"bb644bdebdd8d84713f534604223275fcc305eb9","isMergeCommit":false,"messageTitle":"fix logic manager test case","messageBody":"","fileTypesAndContributionMap":{"functional-code":{"insertions":1,"deletions":8}}},{"hash":"b863177804ba52d19cb35ff1a91746684281fbf3","isMergeCommit":false,"messageTitle":"update bug fix","messageBody":"","fileTypesAndContributionMap":{"functional-code":{"insertions":4,"deletions":4}}},{"hash":"3e0e6db1e5d5cffb7ac583bc0eb949266d5bc31f","isMergeCommit":false,"messageTitle":"update bug fix","messageBody":"","fileTypesAndContributionMap":{"functional-code":{"insertions":2,"deletions":1}}},{"hash":"82c14b6372e70ac8030979a79a5f5389248811cb","isMergeCommit":false,"messageTitle":"update bug fix","messageBody":"","fileTypesAndContributionMap":{"functional-code":{"insertions":2,"deletions":2}}},{"hash":"ef77710a1cdbb2054d07b6533e062ecb4cae70ee","isMergeCommit":false,"messageTitle":"update bug fix","messageBody":"","fileTypesAndContributionMap":{"test-code":{"insertions":2,"deletions":1}}},{"hash":"03243d5f0e45acc3877806820d1ede27512d8eaf","isMergeCommit":false,"messageTitle":"update UG","messageBody":"","fileTypesAndContributionMap":{"docs":{"insertions":4,"deletions":2}}},{"hash":"0359d62062c3fb2f9a3ca83e6f81ec341e07cf45","isMergeCommit":false,"messageTitle":"update UG","messageBody":"","fileTypesAndContributionMap":{"docs":{"insertions":11,"deletions":11}}},{"hash":"c31cd6ffc68377fff444a5ed2c83e02f5e7ff016","isMergeCommit":false,"messageTitle":"bug fix","messageBody":"","fileTypesAndContributionMap":{"functional-code":{"insertions":1,"deletions":1}}}]},{"date":"2025-04-08","commitResults":[{"hash":"3f5cbeec8261bf5fb99fd8eb8040e958e2d1ac6f","isMergeCommit":false,"messageTitle":"bug fix","messageBody":"","fileTypesAndContributionMap":{"test-code":{"insertions":1,"deletions":1}}},{"hash":"4a206973373a7ba4fc9ec60c53df64db994e8098","isMergeCommit":true,"messageTitle":"Merge branch \u0027master\u0027 into bug-docupdates","messageBody":"","fileTypesAndContributionMap":{}},{"hash":"aa59158405e0c9dd8d76753f8b1486f0d1cacf02","isMergeCommit":true,"messageTitle":"Merge pull request #236 from kea-S/bug-docupdates","messageBody":"Ammend bugs in find and deletewithtag Commands in UG/DG","fileTypesAndContributionMap":{}},{"hash":"dbe68e10af7040889b1e4cad2cc73b9fbc38ae77","isMergeCommit":true,"messageTitle":"Merge pull request #237 from kea-S/bug-deletewithtag-whitespace","messageBody":"Bug deletewithtag whitespace","fileTypesAndContributionMap":{}}]}],"Inquisitivrx":[{"date":"2025-04-07","commitResults":[{"hash":"6c7d8043264a9419cc95f228cce227a3ddd11c1e","isMergeCommit":false,"messageTitle":"Fix person list for contact command","messageBody":"","fileTypesAndContributionMap":{"functional-code":{"insertions":0,"deletions":1}}},{"hash":"8fb8195d7cd007bc062063d88515d3af4357b532","isMergeCommit":false,"messageTitle":"Remove unused import for contact","messageBody":"","fileTypesAndContributionMap":{"functional-code":{"insertions":0,"deletions":1}}},{"hash":"9de8118889fdfbedbbe95755170e17acef0d327e","isMergeCommit":false,"messageTitle":"Improve sort success message","messageBody":"","fileTypesAndContributionMap":{"functional-code":{"insertions":2,"deletions":1}}},{"hash":"695579d96ec8d4717d8424a002a60436daae9159","isMergeCommit":false,"messageTitle":"Update documentation for sort and contact","messageBody":"","fileTypesAndContributionMap":{"docs":{"insertions":51,"deletions":0}}}]},{"date":"2025-04-08","commitResults":[{"hash":"62f83a8586ece9e378119e954166ef7992b56ea3","isMergeCommit":true,"messageTitle":"Merge pull request #243 from Parrycys/dg-feature-enhancements","messageBody":"Fix UG/DG errors and enhance import error message","fileTypesAndContributionMap":{}},{"hash":"286adfd1c99f124c38206011e605e1d31cc3e394","isMergeCommit":true,"messageTitle":"Merge pull request #244 from sherwinee/fix-address-validation","messageBody":"Enhance address validation","fileTypesAndContributionMap":{}},{"hash":"5a0b5263b41b91e7ec35b4b214fdc7a76b963fed","isMergeCommit":true,"messageTitle":"Merge pull request #246 from sherwinee/fix-edit-duplicate","messageBody":"Fix bug where edit command allows duplicates","fileTypesAndContributionMap":{}}]}],"kea-S":[{"date":"2025-04-06","commitResults":[{"hash":"17cabee1af08c49b36c07ce562f00f2a1c398dd1","isMergeCommit":false,"messageTitle":"Update UG\u0026DG regarding bugs relating to find and deletewithtag command","messageBody":"","fileTypesAndContributionMap":{"docs":{"insertions":75,"deletions":61}}}]},{"date":"2025-04-07","commitResults":[{"hash":"2b1b44a70f77872b71824feb5696929579b3a32f","isMergeCommit":true,"messageTitle":"Merge branch \u0027master\u0027 into bug-docupdates Merge with Chee Yang update to Master","messageBody":"","fileTypesAndContributionMap":{}},{"hash":"a7bb80954cff0a4b0c30245be7cb46686a6e7c1c","isMergeCommit":false,"messageTitle":"Fix EOF and line ending error","messageBody":"","fileTypesAndContributionMap":{"docs":{"insertions":5,"deletions":5}}},{"hash":"c377302d8e468ec24b2bbf2519d5d98aaa5c4cd6","isMergeCommit":false,"messageTitle":"Fix line ending error","messageBody":"","fileTypesAndContributionMap":{"docs":{"insertions":52,"deletions":52}}},{"hash":"cf39fc42da9b93929134a5dce6b9d48f999f7eca","isMergeCommit":false,"messageTitle":"Add new check for deletewithtag more than one word","messageBody":"","fileTypesAndContributionMap":{"functional-code":{"insertions":5,"deletions":2}}},{"hash":"069c383079898f47f3e404219639bce58a7307ec","isMergeCommit":false,"messageTitle":"Add whitespace test case in DeleteAllWithTagCommandParserTest","messageBody":"","fileTypesAndContributionMap":{"test-code":{"insertions":6,"deletions":0}}}]},{"date":"2025-04-08","commitResults":[{"hash":"180743dc5fef503aa339525603ae82010149ed86","isMergeCommit":false,"messageTitle":"Update DG Better and usual model class diagram","messageBody":"","fileTypesAndContributionMap":{"docs":{"insertions":3,"deletions":1}}},{"hash":"56dd4e89446ce6ba18454176c900d3a3656247e1","isMergeCommit":false,"messageTitle":"Update Betterna dn normall ModelClassDiagrams","messageBody":"","fileTypesAndContributionMap":{"docs":{"insertions":3,"deletions":4}}},{"hash":"bcf0e770442057adfa1d9104695ed7de9db7be9f","isMergeCommit":true,"messageTitle":"Merge pull request #250 from sherwinee/enhance-duplicate-check","messageBody":"Check email case-insensitive","fileTypesAndContributionMap":{}}]}],"sherwinee":[{"date":"2025-04-07","commitResults":[{"hash":"d260f43d3e7f9fe94e42c173fa0cc6e800cdbb17","isMergeCommit":false,"messageTitle":"Enhance address validation","messageBody":"","fileTypesAndContributionMap":{"functional-code":{"insertions":6,"deletions":2}}},{"hash":"1a25f440a88f8097c7c0ad2b95275d26b0ac7324","isMergeCommit":false,"messageTitle":"Fix edit allow duplicate bug","messageBody":"","fileTypesAndContributionMap":{"functional-code":{"insertions":1,"deletions":1}}},{"hash":"6cdf66e67447a20814ec03ada7d0c787a430028f","isMergeCommit":false,"messageTitle":"Fix edit duplicate logic","messageBody":"","fileTypesAndContributionMap":{"functional-code":{"insertions":14,"deletions":1}}},{"hash":"12fa6575fb02994f1251c3b31f0d67adc76de514","isMergeCommit":false,"messageTitle":"Add use cases for export","messageBody":"","fileTypesAndContributionMap":{"docs":{"insertions":54,"deletions":0}}},{"hash":"b552af000f4b21b437161b25b07129cff378c1b1","isMergeCommit":false,"messageTitle":"Fix checkstyle","messageBody":"","fileTypesAndContributionMap":{"functional-code":{"insertions":5,"deletions":5}}},{"hash":"eca3ea6250aa0cf12f75b989c452fa118709857b","isMergeCommit":false,"messageTitle":"Check email case-insensitive","messageBody":"","fileTypesAndContributionMap":{"functional-code":{"insertions":3,"deletions":3}}}]},{"date":"2025-04-08","commitResults":[{"hash":"e6d2ab7f5969edc943c8cec363e6ceaaafeebe59","isMergeCommit":false,"messageTitle":"Update UG","messageBody":"","fileTypesAndContributionMap":{"docs":{"insertions":6,"deletions":2}}},{"hash":"37f44912e87edfaa49f3ce89858aecdf7bd9e42c","isMergeCommit":false,"messageTitle":"Update DG","messageBody":"","fileTypesAndContributionMap":{"docs":{"insertions":17,"deletions":3}}},{"hash":"b347baeee4faedf84b7fb625213f97637383dc4e","isMergeCommit":true,"messageTitle":"Merge branch \u0027master\u0027 into UG/DG-updates","messageBody":"","fileTypesAndContributionMap":{}},{"hash":"8274dd4c316808a2072390adee5a4fd5bf2b92fe","isMergeCommit":true,"messageTitle":"Merge pull request #248 from GCheeYang/UG/DG-updates","messageBody":"UG/DG updates","fileTypesAndContributionMap":{}},{"hash":"808d72bd48915c0864872ca8650bd02720cc9d71","isMergeCommit":true,"messageTitle":"Merge branch \u0027master\u0027 into fix-docs-070425","messageBody":"","fileTypesAndContributionMap":{}},{"hash":"561b5c21dbfaa52c8cb096d3921b1b8525c22304","isMergeCommit":false,"messageTitle":"Remove extra words","messageBody":"","fileTypesAndContributionMap":{"docs":{"insertions":1,"deletions":1}}},{"hash":"c3ce1f13c223468266a3c76397d5d8fc03904b51","isMergeCommit":false,"messageTitle":"Update DG","messageBody":"","fileTypesAndContributionMap":{"docs":{"insertions":55,"deletions":49}}},{"hash":"60933ab054ed77346855830b660f4b8a65d88952","isMergeCommit":true,"messageTitle":"Merge pull request #245 from GCheeYang/bug-fixing","messageBody":"Bug fixing for phone excessive length and add/edit messages for role","fileTypesAndContributionMap":{}},{"hash":"4b7d25137600c87cf16f9a34b9cf1f638c9515b1","isMergeCommit":true,"messageTitle":"Merge pull request #251 from kea-S/docs-updatemodelcomponent","messageBody":"Docs update model component","fileTypesAndContributionMap":{}}]}]},"authorFileTypeContributionMap":{"Parrycys":{"docs":24,"functional-code":5,"test-code":1},"GCheeYang":{"docs":15,"functional-code":16,"test-code":8},"Inquisitivrx":{"docs":51,"functional-code":2,"test-code":0},"kea-S":{"docs":37,"functional-code":5,"test-code":6},"sherwinee":{"docs":118,"functional-code":23,"test-code":0}},"authorContributionVariance":{"Parrycys":450.1875,"GCheeYang":1599.1875,"Inquisitivrx":588.0,"kea-S":3994.25,"sherwinee":3467.6875},"authorDisplayNameMap":{"Parrycys":"CS2103-F09-3 PARR..HENG","GCheeYang":"CS2103-F09-3 GOH ..YANG","Inquisitivrx":"CS2103-F09-3 GALV..IANG","kea-S":"CS2103-F09-3 KEA ..ANTO","sherwinee":"CS2103-F09-3 SHER..N EE"}}
