{"authorDailyContributionsMap":{"lauhengyi":[{"date":"2025-04-07","commitResults":[{"hash":"5329bedb1ff8759431fc66fd8655e0aa897c6c3a","isMergeCommit":false,"messageTitle":"Fixed issue #228","messageBody":"","fileTypesAndContributionMap":{"docs":{"insertions":2,"deletions":2}}},{"hash":"8b7e9f58a6aeebc67d92138297349fd69f5138b6","isMergeCommit":false,"messageTitle":"Fixes #210","messageBody":"","fileTypesAndContributionMap":{"docs":{"insertions":1,"deletions":1}}},{"hash":"18b462016825cb6f482e167b54387649335414b3","isMergeCommit":false,"messageTitle":"Fixed #197","messageBody":"","fileTypesAndContributionMap":{"functional-code":{"insertions":4,"deletions":1}}},{"hash":"7e4aa6301b43d3dba8f87b02802963e985e954c4","isMergeCommit":false,"messageTitle":"Fixes #186","messageBody":"","fileTypesAndContributionMap":{"docs":{"insertions":14,"deletions":14}}},{"hash":"4808d2db2d902f2185f1f55bebbe9111f9d560fc","isMergeCommit":false,"messageTitle":"Fixed #184","messageBody":"","fileTypesAndContributionMap":{"functional-code":{"insertions":3,"deletions":1}}},{"hash":"640e78a9c2d75a8c053494026f02bd197a112e06","isMergeCommit":true,"messageTitle":"Merge remote-tracking branch \u0027upstream/master\u0027 into final-updates","messageBody":"","fileTypesAndContributionMap":{}},{"hash":"f0b501db6e3f801ae5063969cab1003d098d2146","isMergeCommit":true,"messageTitle":"Merge pull request #243 from yuqiannemo/yuqian/add-all-test-cases","messageBody":"Add test cases for the delete command","fileTypesAndContributionMap":{}},{"hash":"e39484786f87495e9fd097476b8516960a901a9a","isMergeCommit":false,"messageTitle":"Fixed test compilation errors","messageBody":"","fileTypesAndContributionMap":{"test-code":{"insertions":8,"deletions":3}}}]},{"date":"2025-04-08","commitResults":[{"hash":"d0e075154b008602a3de7c37875ea65d4538804d","isMergeCommit":true,"messageTitle":"Merge pull request #246 from lauhengyi/master","messageBody":"Fixed test compilation errors","fileTypesAndContributionMap":{}},{"hash":"075dc406e1d74de45410bf4c605c116235bcc13f","isMergeCommit":true,"messageTitle":"Merge pull request #241 from ernestlsy/improve-readability","messageBody":"Add line breaks when displaying applicant details to improve readability","fileTypesAndContributionMap":{}},{"hash":"bf899378e1aadbb075b436ec592928910b829e67","isMergeCommit":true,"messageTitle":"Merge pull request #240 from ernestlsy/documentation-bug-fix","messageBody":"Bug fixes for UserGuide","fileTypesAndContributionMap":{}}]}],"yuqiannemo":[{"date":"2025-04-06","commitResults":[{"hash":"6f17b41d51cac01f42fd4c6632a46ea28252868a","isMergeCommit":true,"messageTitle":"Merge pull request #232 from wswddl/branch-ApplicantSorting","messageBody":"Light mode for help menu window","fileTypesAndContributionMap":{}},{"hash":"bf5000cb9080df5e1b57afb89059f76e39b6f6ee","isMergeCommit":false,"messageTitle":"Fix delete command help message","messageBody":"","fileTypesAndContributionMap":{"functional-code":{"insertions":2,"deletions":2}}},{"hash":"6d954a28ced3e800fbe88f13a856d486df81754c","isMergeCommit":false,"messageTitle":"Fix help message for update","messageBody":"","fileTypesAndContributionMap":{"functional-code":{"insertions":1,"deletions":1}}},{"hash":"8af9dfe6abf24c47fe6d56b481960f2b3592300a","isMergeCommit":false,"messageTitle":"Fix glossary in DG","messageBody":"","fileTypesAndContributionMap":{"docs":{"insertions":1,"deletions":1}}},{"hash":"4e05ea103b5524fd9feb791dbdeb003fd5bfd420","isMergeCommit":false,"messageTitle":"Add before and after date to UG","messageBody":"","fileTypesAndContributionMap":{"docs":{"insertions":2,"deletions":0}}},{"hash":"cd9240fe2fc84e94aa0928dbecb00c37d6825fe3","isMergeCommit":false,"messageTitle":"Add before and after date to UG as a table","messageBody":"","fileTypesAndContributionMap":{"docs":{"insertions":7,"deletions":2}}}]},{"date":"2025-04-07","commitResults":[{"hash":"dbde1d2b5e7eadc63e9151f10aa6a38f54e22934","isMergeCommit":true,"messageTitle":"Merge pull request #238 from GabriellaGloria/branch-exportFormat","messageBody":"Add invalid file format for export","fileTypesAndContributionMap":{}},{"hash":"357825cc5a0924b4e2e1d518ec50d8871b35e6a2","isMergeCommit":true,"messageTitle":"Merge pull request #239 from GabriellaGloria/branch-finalBugs","messageBody":"Fix issues","fileTypesAndContributionMap":{}},{"hash":"33a68923413bf200029c82577d2b00a37c3135bc","isMergeCommit":false,"messageTitle":"Make it clear that duplicate identifiers in search is not allowed","messageBody":"","fileTypesAndContributionMap":{"functional-code":{"insertions":2,"deletions":1},"docs":{"insertions":2,"deletions":2}}},{"hash":"0ed34d132fba4595d907874df7c5c5e51c7d6b53","isMergeCommit":false,"messageTitle":"Add help message","messageBody":"","fileTypesAndContributionMap":{"functional-code":{"insertions":2,"deletions":2}}},{"hash":"1208504611486ab24f5af0bcb632a898fe01b013","isMergeCommit":false,"messageTitle":"Validate parameters first","messageBody":"","fileTypesAndContributionMap":{"functional-code":{"insertions":22,"deletions":2}}},{"hash":"d23b0bcd04e4a529fa61c6e01ecfd495e565a189","isMergeCommit":false,"messageTitle":"Add test cases","messageBody":"","fileTypesAndContributionMap":{"test-code":{"insertions":31,"deletions":52}}},{"hash":"42343539172289b48430c588c3ef819d77065b23","isMergeCommit":false,"messageTitle":"Remove blank lines","messageBody":"","fileTypesAndContributionMap":{"functional-code":{"insertions":2,"deletions":5}}},{"hash":"91a261ae1f29beadbfe9f09b6bf5f5031c78278d","isMergeCommit":false,"messageTitle":"Remove blank lines","messageBody":"","fileTypesAndContributionMap":{"functional-code":{"insertions":2,"deletions":5}}}]},{"date":"2025-04-08","commitResults":[{"hash":"b7ce363b5727aad53fafb9e3c421ceda7529087c","isMergeCommit":true,"messageTitle":"Merge pull request #250 from wswddl/master","messageBody":"Fix \"Back to top\" link in UG","fileTypesAndContributionMap":{}},{"hash":"5aa910baa6928f4f191f59376ba7b470a1b99fd3","isMergeCommit":false,"messageTitle":"Fix bugs","messageBody":"","fileTypesAndContributionMap":{"functional-code":{"insertions":11,"deletions":15},"docs":{"insertions":4,"deletions":4}}},{"hash":"cda7bd20320fce73e466ceaf862ddab41f460de5","isMergeCommit":true,"messageTitle":"Merge branch \u0027master\u0027 into fixCheckstyle","messageBody":"","fileTypesAndContributionMap":{}},{"hash":"f0355af4fe6b5bdf742b881af97c589f714c59a2","isMergeCommit":true,"messageTitle":"Merge pull request #252 from GabriellaGloria/fixCheckstyle","messageBody":"Fix update command bug","fileTypesAndContributionMap":{}}]}],"GabriellaGloria":[{"date":"2025-04-07","commitResults":[{"hash":"33fb8bd061062e241a2ba38f00fb97dba4da3ba7","isMergeCommit":false,"messageTitle":"Add invalid file format for export","messageBody":"","fileTypesAndContributionMap":{"functional-code":{"insertions":3,"deletions":1}}},{"hash":"d3c052c218c1635f1856d2f8371b1626186a6fb7","isMergeCommit":false,"messageTitle":"Change export command comment","messageBody":"","fileTypesAndContributionMap":{"functional-code":{"insertions":1,"deletions":1}}},{"hash":"2e02fd344abb17d9fcceacaf147ce9f8bf2aaf43","isMergeCommit":false,"messageTitle":"Edit UC04 in DG","messageBody":"","fileTypesAndContributionMap":{"docs":{"insertions":1,"deletions":1}}},{"hash":"fa9b321836ad69c1f269a7b3649d385357392bec","isMergeCommit":false,"messageTitle":"Fix export in UG","messageBody":"","fileTypesAndContributionMap":{"docs":{"insertions":1,"deletions":1}}},{"hash":"b12b697d9b82cedf54913c364acc03ea068aec93","isMergeCommit":false,"messageTitle":"Fix rate command message usage","messageBody":"","fileTypesAndContributionMap":{"functional-code":{"insertions":1,"deletions":1}}},{"hash":"741916e8f60927dfd78a48f233912a878e2e3064","isMergeCommit":true,"messageTitle":"Merge pull request #235 from wswddl/branch-ApplicantSorting","messageBody":"Allow sorting by rating","fileTypesAndContributionMap":{}},{"hash":"b0298aca0ae97b6c4db15df69350caac762f30ad","isMergeCommit":true,"messageTitle":"Merge pull request #244 from lauhengyi/final-updates","messageBody":"Fixed several alpha bugs","fileTypesAndContributionMap":{}}]},{"date":"2025-04-08","commitResults":[{"hash":"29ff254304f62585c7a1901daba271b2b4649fac","isMergeCommit":false,"messageTitle":"Update docs/DeveloperGuide.md","messageBody":"Co-authored-by: Copilot \u003c175728472+Copilot@users.noreply.github.com\u003e","fileTypesAndContributionMap":{"docs":{"insertions":1,"deletions":1}}},{"hash":"1539f63fff68d0de3141aef8d70664a66ed3f0ae","isMergeCommit":true,"messageTitle":"Merge pull request #249 from ernestlsy/documentation-bug-fix","messageBody":"Documentation bug fix","fileTypesAndContributionMap":{}},{"hash":"79cbdad407a7db921ab227a0321bd640dfa829c0","isMergeCommit":true,"messageTitle":"Merge pull request #251 from yuqiannemo/yuqian/final","messageBody":"Fix various bugs","fileTypesAndContributionMap":{}},{"hash":"1c28782b8c85a33d9acc57d0e74192c47e3ab6da","isMergeCommit":false,"messageTitle":"Fix update command bug","messageBody":"","fileTypesAndContributionMap":{"functional-code":{"insertions":7,"deletions":2}}},{"hash":"facf61a962549889cfc085920c0945a4217f5293","isMergeCommit":false,"messageTitle":"Change plural variable names","messageBody":"","fileTypesAndContributionMap":{"functional-code":{"insertions":2,"deletions":2}}},{"hash":"b31082ccd78c2d4fee14bed9bbd8b2b3441224cd","isMergeCommit":false,"messageTitle":"Fix checkstyle in docs","messageBody":"","fileTypesAndContributionMap":{"docs":{"insertions":36,"deletions":36}}}]}],"ernestlsy":[{"date":"2025-04-07","commitResults":[{"hash":"9954f6ec948f011532d77ed006579a4f566e27bc","isMergeCommit":true,"messageTitle":"Merge pull request #234 from wswddl/branch-ApplicantSorting","messageBody":"Block interactions with the main app window until the file chooser dialog is closed","fileTypesAndContributionMap":{}},{"hash":"2a3cff9243156445acffe1c72a2bc25d868bf2e4","isMergeCommit":false,"messageTitle":"Include previously undocumented functionality for RateCommand in UG","messageBody":"Resolves #218\n","fileTypesAndContributionMap":{"docs":{"insertions":4,"deletions":2}}},{"hash":"0105bece38565a18ce8a129d2665610c83b8a439","isMergeCommit":false,"messageTitle":"Correct command keyword for RateCommand in UG command summary","messageBody":"Resolves #212\n","fileTypesAndContributionMap":{"docs":{"insertions":3,"deletions":3}}},{"hash":"f0000ed150ccded5ba8e556fb02c79102b137f05","isMergeCommit":false,"messageTitle":"Correct definition of INDEX parameter in UG","messageBody":"Changed definition of index, to refer to currently displayed list instead of last shown list.\n\nResolves #189\n","fileTypesAndContributionMap":{"docs":{"insertions":16,"deletions":15}}},{"hash":"49f1b168302fb4762b4cc6d33c6e3a52a4b12ebb","isMergeCommit":true,"messageTitle":"Merge pull request #237 from wswddl/branch-UserGuide","messageBody":"Clarify sorting case sensitivity in UG","fileTypesAndContributionMap":{}},{"hash":"9e45410bdb51e27adcc7b54ddfcbe89b7c47dfe6","isMergeCommit":false,"messageTitle":"Edit details of SearchCommand usage to match functionality","messageBody":"Resolves #205\n","fileTypesAndContributionMap":{"docs":{"insertions":2,"deletions":2}}},{"hash":"b430b8141598bd9a146573d161e88a14a2b605f2","isMergeCommit":true,"messageTitle":"Merge branch \u0027master\u0027 into documentation-bug-fix","messageBody":"","fileTypesAndContributionMap":{}},{"hash":"e2563b478b1e22092258cd6769c0c5df2ac64be2","isMergeCommit":false,"messageTitle":"Add line breaks when displaying applicant details to improve readability","messageBody":"","fileTypesAndContributionMap":{"functional-code":{"insertions":13,"deletions":6}}},{"hash":"bc3a7e8c5782a1c4b77bdfbbbffa835618db9653","isMergeCommit":true,"messageTitle":"Merge branch \u0027master\u0027 into documentation-bug-fix","messageBody":"","fileTypesAndContributionMap":{}}]},{"date":"2025-04-08","commitResults":[{"hash":"85ebb48538468616c7b193ba41c86339cc5c85c1","isMergeCommit":true,"messageTitle":"Merge branch \u0027master\u0027 into branch-DeveloperGuide","messageBody":"","fileTypesAndContributionMap":{}},{"hash":"5a4da00b850fd888b6979f76c1cc1131e90fc689","isMergeCommit":true,"messageTitle":"Merge pull request #245 from wswddl/branch-DeveloperGuide","messageBody":"Update DG, class diagram and test case for sorting","fileTypesAndContributionMap":{}},{"hash":"a2acb9c690c442b0ba89ed470ab228fd86608361","isMergeCommit":true,"messageTitle":"Merge pull request #236 from wswddl/branch-BugFix","messageBody":"Round the edges and add description for status and job position in UI","fileTypesAndContributionMap":{}},{"hash":"830efb7c5eb997c6526849d33070401cecfd0258","isMergeCommit":false,"messageTitle":"Fix EditCommand to work with new definition of duplicate applicant","messageBody":"","fileTypesAndContributionMap":{"functional-code":{"insertions":8,"deletions":5},"test-code":{"insertions":43,"deletions":49}}},{"hash":"f2d26f355374087e4973d118efcdb76abff44a3d","isMergeCommit":true,"messageTitle":"Merge branch \u0027master\u0027 into fix-edit","messageBody":"","fileTypesAndContributionMap":{}},{"hash":"ca8eaeb7815962cb7a0de9a89ceb8235f6304c7b","isMergeCommit":false,"messageTitle":"Fix small mistake","messageBody":"","fileTypesAndContributionMap":{"test-code":{"insertions":1,"deletions":1}}},{"hash":"e43ffd5b4b25a47a20d16308ec8833c706d0938e","isMergeCommit":false,"messageTitle":"Update DeveloperGuide to match current functionalities","messageBody":"","fileTypesAndContributionMap":{"docs":{"insertions":50,"deletions":156}}},{"hash":"705c1c46e2c9ad5d7df53412f9823ef455eed748","isMergeCommit":false,"messageTitle":"Update UG to highlight that name does not have to be unique","messageBody":"","fileTypesAndContributionMap":{"docs":{"insertions":1,"deletions":1}}},{"hash":"ac2b2733f737d4ba9ae9ff2c522dfaf495b3b8a6","isMergeCommit":false,"messageTitle":"Update screenshots in User Guide","messageBody":"","fileTypesAndContributionMap":{"docs":{"insertions":9,"deletions":21}}}]}],"wswddl":[{"date":"2025-04-06","commitResults":[{"hash":"0fb06a94b69ab0c20b2ef6d2fff44e247904c895","isMergeCommit":false,"messageTitle":"Switch help menu window to light mode","messageBody":"","fileTypesAndContributionMap":{"functional-code":{"insertions":5,"deletions":6}}},{"hash":"24c7c094614ba592a765ab70b11a1fa21491410a","isMergeCommit":true,"messageTitle":"Merge branch \u0027master\u0027 into branch-ApplicantSorting","messageBody":"","fileTypesAndContributionMap":{}},{"hash":"646f71cb03ced7074e94885e7f2df322a82d54ef","isMergeCommit":false,"messageTitle":"Don\u0027t allow user to interact with the main app when choosing files","messageBody":"Use main window primary stage for the pop up instead of a new stage.\n","fileTypesAndContributionMap":{"functional-code":{"insertions":7,"deletions":15}}},{"hash":"0a7df80b03a57487c8f1b051b7d314e20953e72a","isMergeCommit":false,"messageTitle":"Small fix","messageBody":"","fileTypesAndContributionMap":{"functional-code":{"insertions":0,"deletions":1}}}]},{"date":"2025-04-07","commitResults":[{"hash":"b741bd503a83dc16ed928c714deb5e41b6925fe8","isMergeCommit":false,"messageTitle":"Allow sorting by rating","messageBody":"Unassigned rating will always be at the end of the list after sorting.\n","fileTypesAndContributionMap":{"functional-code":{"insertions":51,"deletions":3}}},{"hash":"e65de8342cbeabaed34c7a2041be933fbf774f55","isMergeCommit":true,"messageTitle":"Merge branch \u0027master\u0027 into branch-ApplicantSorting","messageBody":"","fileTypesAndContributionMap":{}},{"hash":"3efead86d3177a8eb70079764537551f8057193d","isMergeCommit":true,"messageTitle":"Merge branch \u0027master\u0027 into branch-UserGuide","messageBody":"","fileTypesAndContributionMap":{}},{"hash":"cea4991eb8bcb9554c5fa98e48297f1bbf2a375c","isMergeCommit":true,"messageTitle":"Merge pull request #233 from yuqiannemo/yuqian/bug-fix","messageBody":"Fix bugs","fileTypesAndContributionMap":{}},{"hash":"16642fe74eaa434bebe2ac0dffdf920848db12d0","isMergeCommit":false,"messageTitle":"Fix UG examples explanation","messageBody":"","fileTypesAndContributionMap":{"docs":{"insertions":5,"deletions":5}}},{"hash":"7babb364f4e5b9cae62ed82072ac1e7b20024e71","isMergeCommit":false,"messageTitle":"Rounded edges and add description for status and job position in UI","messageBody":"","fileTypesAndContributionMap":{"functional-code":{"insertions":10,"deletions":9}}},{"hash":"b4ff5d90648e537b200ed8f5dd4644b3d65fe790","isMergeCommit":false,"messageTitle":"Fix typo","messageBody":"","fileTypesAndContributionMap":{"functional-code":{"insertions":1,"deletions":1}}},{"hash":"2f21931ff92a713c433e3e68a0f2ea14f8959abd","isMergeCommit":false,"messageTitle":"Clarify sorting case sensitivity in UG","messageBody":"","fileTypesAndContributionMap":{"docs":{"insertions":11,"deletions":4}}},{"hash":"38405a060aa9b6845311a4f50d7bc8ac86d499bb","isMergeCommit":false,"messageTitle":"Remove whitespace","messageBody":"","fileTypesAndContributionMap":{"functional-code":{"insertions":0,"deletions":1}}},{"hash":"6aa59ddfee848c63b67ce82734a07115e1f50f8a","isMergeCommit":false,"messageTitle":"Remove whitespace","messageBody":"","fileTypesAndContributionMap":{"functional-code":{"insertions":4,"deletions":3}}},{"hash":"866671786069232c4ffe36d09ecc2862264b02a3","isMergeCommit":false,"messageTitle":"Fix code comment typo error","messageBody":"","fileTypesAndContributionMap":{"functional-code":{"insertions":2,"deletions":2}}},{"hash":"9bde31e82728b23a1638589f80dc7efa4dee4df1","isMergeCommit":false,"messageTitle":"Reduce LoC changes","messageBody":"","fileTypesAndContributionMap":{"functional-code":{"insertions":1,"deletions":10}}},{"hash":"51c2adba28a72faf5e62c68c92e94f9353f3d509","isMergeCommit":false,"messageTitle":"Reduce LoC changes","messageBody":"","fileTypesAndContributionMap":{"functional-code":{"insertions":0,"deletions":1}}},{"hash":"9b8184803a6db22d3d780a759712e5ceab89be10","isMergeCommit":false,"messageTitle":"Reduce LoC changes","messageBody":"","fileTypesAndContributionMap":{"functional-code":{"insertions":0,"deletions":3}}},{"hash":"48ae74f77808b978d9b25e6f4fde3a8cf604612c","isMergeCommit":false,"messageTitle":"Reduce LoC changes","messageBody":"The logic of compareTo is the same, just shorter.\n","fileTypesAndContributionMap":{"functional-code":{"insertions":4,"deletions":15}}},{"hash":"39e94e7ed7ccd78e069dc69947dbe422d6e91969","isMergeCommit":false,"messageTitle":"Reduce LoC changes","messageBody":"","fileTypesAndContributionMap":{"functional-code":{"insertions":2,"deletions":4}}},{"hash":"c9686bc5bec011a8ecfc82da0074d74b2ecc94e4","isMergeCommit":true,"messageTitle":"Merge branch \u0027master\u0027 into branch-DeveloperGuide","messageBody":"","fileTypesAndContributionMap":{}},{"hash":"e7bf33f1106d86d190c0dbd310a0b9d2dc2e59a0","isMergeCommit":false,"messageTitle":"Update test cases for sorting","messageBody":"Rating and order of sorting was not considered in testing\n","fileTypesAndContributionMap":{"test-code":{"insertions":303,"deletions":40}}},{"hash":"d9baccb6993ee99cc7c80482af646de186d9e9c5","isMergeCommit":true,"messageTitle":"Merge branch \u0027master\u0027 into branch-DeveloperGuide","messageBody":"","fileTypesAndContributionMap":{}},{"hash":"321d217c74656fb92c8734fa1f1732adae0303a1","isMergeCommit":true,"messageTitle":"Merge pull request #242 from yuqiannemo/yuqian/bug-fix-2","messageBody":"Fix remaining bugs in PE-D","fileTypesAndContributionMap":{}},{"hash":"991aa645198a1ff0782f8e6a8183c48f579d4cc1","isMergeCommit":false,"messageTitle":"Update DG, class diagram and test case for sorting","messageBody":"","fileTypesAndContributionMap":{"docs":{"insertions":35,"deletions":25},"test-code":{"insertions":55,"deletions":30}}},{"hash":"fa4fa0053de99a0cddfe98b489f9fcad7fe7ac27","isMergeCommit":false,"messageTitle":"Explain why status is sorted in case-paired alphanumeric order","messageBody":"","fileTypesAndContributionMap":{"docs":{"insertions":6,"deletions":1}}},{"hash":"3765253effec41dfe10d9f871bdab845da20c448","isMergeCommit":false,"messageTitle":"Minor issue","messageBody":"","fileTypesAndContributionMap":{"docs":{"insertions":1,"deletions":1}}},{"hash":"27733b07ef3bbf4cf4744399b4c902fd6c87be75","isMergeCommit":true,"messageTitle":"Merge branch \u0027master\u0027 into branch-DeveloperGuide","messageBody":"# Conflicts:\n#\tsrc/test/java/seedu/address/logic/commands/SortCommandTest.java\n#\tsrc/test/java/seedu/address/logic/parser/SortCommandParserTest.java\n","fileTypesAndContributionMap":{}}]},{"date":"2025-04-08","commitResults":[{"hash":"b9c7795f8c97189f2b6b3a7911d002ba6fa57117","isMergeCommit":false,"messageTitle":"Update sort command test case","messageBody":"","fileTypesAndContributionMap":{"functional-code":{"insertions":1,"deletions":1},"test-code":{"insertions":40,"deletions":0}}},{"hash":"f01187c272fb0f8f231dc2adef00ea69d012963c","isMergeCommit":false,"messageTitle":"Remove duplicate method declaration in AddCommandTest.java","messageBody":"","fileTypesAndContributionMap":{"test-code":{"insertions":0,"deletions":5}}},{"hash":"2318d6cb7aef78e91a8a997b70a9c34e0bc63741","isMergeCommit":true,"messageTitle":"Merge pull request #247 from wswddl/master","messageBody":"Remove duplicate method declaration in AddCommandTest.java","fileTypesAndContributionMap":{}},{"hash":"0cb7c13d2e54dcdd8e1058a67db4e519cf9fb357","isMergeCommit":true,"messageTitle":"Merge pull request #248 from ernestlsy/fix-edit","messageBody":"Fix EditCommand to work with new criteria for duplicate applicants","fileTypesAndContributionMap":{}},{"hash":"b3765f296ca204f9dce3badbbef5ebc7dca77be6","isMergeCommit":false,"messageTitle":"Fix \"Back to top\" link","messageBody":"","fileTypesAndContributionMap":{"docs":{"insertions":4,"deletions":4}}}]}]},"authorFileTypeContributionMap":{"lauhengyi":{"docs":4,"functional-code":1,"test-code":1},"yuqiannemo":{"docs":12,"functional-code":35,"test-code":10},"GabriellaGloria":{"docs":3,"functional-code":12,"test-code":0},"ernestlsy":{"docs":43,"functional-code":21,"test-code":44},"wswddl":{"docs":54,"functional-code":49,"test-code":371}},"authorContributionVariance":{"lauhengyi":546.75,"yuqiannemo":2596.1875,"GabriellaGloria":1315.6875,"ernestlsy":20287.688,"wswddl":72305.25},"authorDisplayNameMap":{"lauhengyi":"CS2103T-W09-1 LAU ..G YI","yuqiannemo":"CS2103T-W09-1 YU Q..QIAN","GabriellaGloria":"CS2103T-W09-1 GABR..ELLA","ernestlsy":"CS2103T-W09-1 ERNE..YING","wswddl":"CS2103T-W09-1 ONG ..HONG"}}
