[{"path":"src/main/java/seedu/address/logic/parser/AddCommandParser.java","fileType":"functional-code","lines":[{"lineNumber":1,"author":{"gitId":"-"},"content":"package seedu.address.logic.parser;","lastModifiedDate":"2017-02-05","isFullCredit":false},{"lineNumber":2,"author":{"gitId":"-"},"content":"","lastModifiedDate":"2017-02-05","isFullCredit":false},{"lineNumber":3,"author":{"gitId":"-"},"content":"import static seedu.address.logic.Messages.MESSAGE_INVALID_COMMAND_FORMAT;","lastModifiedDate":"2023-07-13","isFullCredit":false},{"lineNumber":4,"author":{"gitId":"-"},"content":"import static seedu.address.logic.parser.CliSyntax.PREFIX_ADDRESS;","lastModifiedDate":"2017-02-05","isFullCredit":false},{"lineNumber":5,"author":{"gitId":"-"},"content":"import static seedu.address.logic.parser.CliSyntax.PREFIX_EMAIL;","lastModifiedDate":"2017-02-05","isFullCredit":false},{"lineNumber":6,"author":{"gitId":"-"},"content":"import static seedu.address.logic.parser.CliSyntax.PREFIX_NAME;","lastModifiedDate":"2017-06-06","isFullCredit":false},{"lineNumber":7,"author":{"gitId":"-"},"content":"import static seedu.address.logic.parser.CliSyntax.PREFIX_OTHER;","lastModifiedDate":"2025-03-14","isFullCredit":false},{"lineNumber":8,"author":{"gitId":"-"},"content":"import static seedu.address.logic.parser.CliSyntax.PREFIX_PHONE;","lastModifiedDate":"2017-02-05","isFullCredit":false},{"lineNumber":9,"author":{"gitId":"-"},"content":"import static seedu.address.logic.parser.CliSyntax.PREFIX_POSITION;","lastModifiedDate":"2025-03-14","isFullCredit":false},{"lineNumber":10,"author":{"gitId":"-"},"content":"import static seedu.address.logic.parser.CliSyntax.PREFIX_SKILL;","lastModifiedDate":"2025-03-14","isFullCredit":false},{"lineNumber":11,"author":{"gitId":"-"},"content":"import static seedu.address.logic.parser.CliSyntax.PREFIX_TAG;","lastModifiedDate":"2017-02-05","isFullCredit":false},{"lineNumber":12,"author":{"gitId":"-"},"content":"import static seedu.address.logic.parser.CliSyntax.PREFIX_TASK;","lastModifiedDate":"2025-03-11","isFullCredit":false},{"lineNumber":13,"author":{"gitId":"-"},"content":"import static seedu.address.logic.parser.CliSyntax.PREFIX_TELEGRAM;","lastModifiedDate":"2025-03-19","isFullCredit":false},{"lineNumber":14,"author":{"gitId":"-"},"content":"","lastModifiedDate":"2017-02-05","isFullCredit":false},{"lineNumber":15,"author":{"gitId":"-"},"content":"import java.util.List;","lastModifiedDate":"2025-03-11","isFullCredit":false},{"lineNumber":16,"author":{"gitId":"-"},"content":"import java.util.Set;","lastModifiedDate":"2017-03-17","isFullCredit":false},{"lineNumber":17,"author":{"gitId":"-"},"content":"import java.util.stream.Stream;","lastModifiedDate":"2017-03-17","isFullCredit":false},{"lineNumber":18,"author":{"gitId":"-"},"content":"","lastModifiedDate":"2017-02-05","isFullCredit":false},{"lineNumber":19,"author":{"gitId":"-"},"content":"import seedu.address.logic.commands.AddCommand;","lastModifiedDate":"2017-02-05","isFullCredit":false},{"lineNumber":20,"author":{"gitId":"-"},"content":"import seedu.address.logic.parser.exceptions.ParseException;","lastModifiedDate":"2017-03-11","isFullCredit":false},{"lineNumber":21,"author":{"gitId":"-"},"content":"import seedu.address.model.other.Other;","lastModifiedDate":"2025-03-14","isFullCredit":false},{"lineNumber":22,"author":{"gitId":"-"},"content":"import seedu.address.model.person.Address;","lastModifiedDate":"2017-03-17","isFullCredit":false},{"lineNumber":23,"author":{"gitId":"-"},"content":"import seedu.address.model.person.Email;","lastModifiedDate":"2017-03-17","isFullCredit":false},{"lineNumber":24,"author":{"gitId":"-"},"content":"import seedu.address.model.person.Name;","lastModifiedDate":"2017-03-17","isFullCredit":false},{"lineNumber":25,"author":{"gitId":"-"},"content":"import seedu.address.model.person.Person;","lastModifiedDate":"2017-03-17","isFullCredit":false},{"lineNumber":26,"author":{"gitId":"-"},"content":"import seedu.address.model.person.Phone;","lastModifiedDate":"2017-03-17","isFullCredit":false},{"lineNumber":27,"author":{"gitId":"-"},"content":"import seedu.address.model.person.Position;","lastModifiedDate":"2025-03-14","isFullCredit":false},{"lineNumber":28,"author":{"gitId":"-"},"content":"import seedu.address.model.person.Telegram;","lastModifiedDate":"2025-03-14","isFullCredit":false},{"lineNumber":29,"author":{"gitId":"-"},"content":"import seedu.address.model.skill.Skill;","lastModifiedDate":"2025-03-14","isFullCredit":false},{"lineNumber":30,"author":{"gitId":"-"},"content":"import seedu.address.model.tag.Tag;","lastModifiedDate":"2017-03-17","isFullCredit":false},{"lineNumber":31,"author":{"gitId":"-"},"content":"import seedu.address.model.task.Task;","lastModifiedDate":"2025-03-11","isFullCredit":false},{"lineNumber":32,"author":{"gitId":"-"},"content":"","lastModifiedDate":"2017-02-05","isFullCredit":false},{"lineNumber":33,"author":{"gitId":"-"},"content":"/**","lastModifiedDate":"2017-02-05","isFullCredit":false},{"lineNumber":34,"author":{"gitId":"-"},"content":" * Parses input arguments and creates a new AddCommand object","lastModifiedDate":"2017-02-05","isFullCredit":false},{"lineNumber":35,"author":{"gitId":"-"},"content":" */","lastModifiedDate":"2017-02-05","isFullCredit":false},{"lineNumber":36,"author":{"gitId":"-"},"content":"public class AddCommandParser implements Parser\u003cAddCommand\u003e {","lastModifiedDate":"2017-07-06","isFullCredit":false},{"lineNumber":37,"author":{"gitId":"-"},"content":"","lastModifiedDate":"2017-02-05","isFullCredit":false},{"lineNumber":38,"author":{"gitId":"-"},"content":"    /**","lastModifiedDate":"2017-02-05","isFullCredit":false},{"lineNumber":39,"author":{"gitId":"-"},"content":"     * Parses the given {@code String} of arguments in the context of the AddCommand","lastModifiedDate":"2017-02-05","isFullCredit":false},{"lineNumber":40,"author":{"gitId":"-"},"content":"     * and returns an AddCommand object for execution.","lastModifiedDate":"2017-02-05","isFullCredit":false},{"lineNumber":41,"author":{"gitId":"-"},"content":"     * @throws ParseException if the user input does not conform the expected format","lastModifiedDate":"2017-03-11","isFullCredit":false},{"lineNumber":42,"author":{"gitId":"-"},"content":"     */","lastModifiedDate":"2017-02-05","isFullCredit":false},{"lineNumber":43,"author":{"gitId":"-"},"content":"    public AddCommand parse(String args) throws ParseException {","lastModifiedDate":"2017-03-11","isFullCredit":false},{"lineNumber":44,"author":{"gitId":"-"},"content":"        ArgumentMultimap argMultimap \u003d ArgumentTokenizer.tokenize(args, PREFIX_NAME, PREFIX_PHONE,","lastModifiedDate":"2025-03-19","isFullCredit":false},{"lineNumber":45,"author":{"gitId":"-"},"content":"                PREFIX_EMAIL, PREFIX_TELEGRAM, PREFIX_POSITION, PREFIX_ADDRESS, PREFIX_TAG,","lastModifiedDate":"2025-03-19","isFullCredit":false},{"lineNumber":46,"author":{"gitId":"-"},"content":"                PREFIX_SKILL, PREFIX_OTHER, PREFIX_TASK);","lastModifiedDate":"2025-03-21","isFullCredit":false},{"lineNumber":47,"author":{"gitId":"-"},"content":"        if (!arePrefixesPresent(argMultimap, PREFIX_NAME, PREFIX_PHONE, PREFIX_EMAIL, PREFIX_TELEGRAM, PREFIX_POSITION,","lastModifiedDate":"2025-03-14","isFullCredit":false},{"lineNumber":48,"author":{"gitId":"-"},"content":"                PREFIX_ADDRESS)","lastModifiedDate":"2025-03-14","isFullCredit":false},{"lineNumber":49,"author":{"gitId":"-"},"content":"                || !argMultimap.getPreamble().isEmpty()) {","lastModifiedDate":"2017-12-23","isFullCredit":false},{"lineNumber":50,"author":{"gitId":"-"},"content":"            throw new ParseException(String.format(MESSAGE_INVALID_COMMAND_FORMAT, AddCommand.MESSAGE_USAGE));","lastModifiedDate":"2017-03-11","isFullCredit":false},{"lineNumber":51,"author":{"gitId":"-"},"content":"        }","lastModifiedDate":"2017-03-17","isFullCredit":false},{"lineNumber":52,"author":{"gitId":"-"},"content":"","lastModifiedDate":"2017-03-17","isFullCredit":false},{"lineNumber":53,"author":{"gitId":"-"},"content":"        argMultimap.verifyNoDuplicatePrefixesFor(PREFIX_NAME, PREFIX_PHONE, PREFIX_EMAIL, PREFIX_ADDRESS,","lastModifiedDate":"2025-03-14","isFullCredit":false},{"lineNumber":54,"author":{"gitId":"-"},"content":"                PREFIX_TELEGRAM, PREFIX_POSITION);","lastModifiedDate":"2025-03-14","isFullCredit":false},{"lineNumber":55,"author":{"gitId":"-"},"content":"        Name name \u003d ParserUtil.parseName(argMultimap.getValue(PREFIX_NAME).get());","lastModifiedDate":"2018-07-10","isFullCredit":false},{"lineNumber":56,"author":{"gitId":"-"},"content":"        Phone phone \u003d ParserUtil.parsePhone(argMultimap.getValue(PREFIX_PHONE).get());","lastModifiedDate":"2018-07-10","isFullCredit":false},{"lineNumber":57,"author":{"gitId":"-"},"content":"        Email email \u003d ParserUtil.parseEmail(argMultimap.getValue(PREFIX_EMAIL).get());","lastModifiedDate":"2018-07-10","isFullCredit":false},{"lineNumber":58,"author":{"gitId":"-"},"content":"        Telegram telegram \u003d ParserUtil.parseTelegram(argMultimap.getValue(PREFIX_TELEGRAM).get());","lastModifiedDate":"2025-03-14","isFullCredit":false},{"lineNumber":59,"author":{"gitId":"-"},"content":"        Position position \u003d ParserUtil.parsePosition(argMultimap.getValue(PREFIX_POSITION).get());","lastModifiedDate":"2025-03-14","isFullCredit":false},{"lineNumber":60,"author":{"gitId":"-"},"content":"        Address address \u003d ParserUtil.parseAddress(argMultimap.getValue(PREFIX_ADDRESS).get());","lastModifiedDate":"2018-07-10","isFullCredit":false},{"lineNumber":61,"author":{"gitId":"-"},"content":"        Set\u003cTag\u003e tagList \u003d ParserUtil.parseTags(argMultimap.getAllValues(PREFIX_TAG));","lastModifiedDate":"2017-03-17","isFullCredit":false},{"lineNumber":62,"author":{"gitId":"-"},"content":"        Set\u003cSkill\u003e skillList \u003d ParserUtil.parseSkills(argMultimap.getAllValues(PREFIX_SKILL));","lastModifiedDate":"2025-03-14","isFullCredit":false},{"lineNumber":63,"author":{"gitId":"-"},"content":"        Set\u003cOther\u003e otherList \u003d ParserUtil.parseOthers(argMultimap.getAllValues(PREFIX_OTHER));","lastModifiedDate":"2025-03-14","isFullCredit":false},{"lineNumber":64,"author":{"gitId":"-"},"content":"        List\u003cTask\u003e taskList \u003d ParserUtil.parseTasks(argMultimap.getAllValues(PREFIX_TASK)).stream().toList();","lastModifiedDate":"2025-03-31","isFullCredit":false},{"lineNumber":65,"author":{"gitId":"-"},"content":"","lastModifiedDate":"2025-03-31","isFullCredit":false},{"lineNumber":66,"author":{"gitId":"-"},"content":"","lastModifiedDate":"2025-03-21","isFullCredit":false},{"lineNumber":67,"author":{"gitId":"-"},"content":"        // Set a default task status.","lastModifiedDate":"2025-03-21","isFullCredit":false},{"lineNumber":68,"author":{"gitId":"bkkuan"},"content":"        String taskStatus \u003d \"yet to start\";","lastModifiedDate":"2025-04-05","isFullCredit":false},{"lineNumber":69,"author":{"gitId":"-"},"content":"","lastModifiedDate":"2025-03-21","isFullCredit":false},{"lineNumber":70,"author":{"gitId":"-"},"content":"        Person person \u003d new Person(name, phone, email, telegram, position, address,","lastModifiedDate":"2025-03-19","isFullCredit":false},{"lineNumber":71,"author":{"gitId":"-"},"content":"                tagList, skillList, otherList, taskStatus, taskList);","lastModifiedDate":"2025-03-21","isFullCredit":false},{"lineNumber":72,"author":{"gitId":"-"},"content":"","lastModifiedDate":"2017-03-17","isFullCredit":false},{"lineNumber":73,"author":{"gitId":"-"},"content":"        return new AddCommand(person);","lastModifiedDate":"2017-03-17","isFullCredit":false},{"lineNumber":74,"author":{"gitId":"-"},"content":"    }","lastModifiedDate":"2017-02-05","isFullCredit":false},{"lineNumber":75,"author":{"gitId":"-"},"content":"","lastModifiedDate":"2017-02-05","isFullCredit":false},{"lineNumber":76,"author":{"gitId":"-"},"content":"    /**","lastModifiedDate":"2017-03-17","isFullCredit":false},{"lineNumber":77,"author":{"gitId":"-"},"content":"     * Returns true if none of the prefixes contains empty {@code Optional} values in the given","lastModifiedDate":"2017-03-17","isFullCredit":false},{"lineNumber":78,"author":{"gitId":"-"},"content":"     * {@code ArgumentMultimap}.","lastModifiedDate":"2017-03-17","isFullCredit":false},{"lineNumber":79,"author":{"gitId":"-"},"content":"     */","lastModifiedDate":"2017-03-17","isFullCredit":false},{"lineNumber":80,"author":{"gitId":"-"},"content":"    private static boolean arePrefixesPresent(ArgumentMultimap argumentMultimap, Prefix... prefixes) {","lastModifiedDate":"2017-03-17","isFullCredit":false},{"lineNumber":81,"author":{"gitId":"-"},"content":"        return Stream.of(prefixes).allMatch(prefix -\u003e argumentMultimap.getValue(prefix).isPresent());","lastModifiedDate":"2017-03-17","isFullCredit":false},{"lineNumber":82,"author":{"gitId":"-"},"content":"    }","lastModifiedDate":"2017-03-17","isFullCredit":false},{"lineNumber":83,"author":{"gitId":"-"},"content":"","lastModifiedDate":"2025-03-30","isFullCredit":false},{"lineNumber":84,"author":{"gitId":"-"},"content":"}","lastModifiedDate":"2017-02-05","isFullCredit":false}],"authorContributionMap":{"bkkuan":1,"-":83}},{"path":"src/main/java/seedu/address/logic/parser/AddressBookParser.java","fileType":"functional-code","lines":[{"lineNumber":1,"author":{"gitId":"-"},"content":"package seedu.address.logic.parser;","lastModifiedDate":"2016-09-22","isFullCredit":false},{"lineNumber":2,"author":{"gitId":"-"},"content":"","lastModifiedDate":"2016-08-24","isFullCredit":false},{"lineNumber":3,"author":{"gitId":"-"},"content":"import static seedu.address.logic.Messages.MESSAGE_INVALID_COMMAND_FORMAT;","lastModifiedDate":"2023-07-13","isFullCredit":false},{"lineNumber":4,"author":{"gitId":"-"},"content":"import static seedu.address.logic.Messages.MESSAGE_UNKNOWN_COMMAND;","lastModifiedDate":"2023-07-13","isFullCredit":false},{"lineNumber":5,"author":{"gitId":"-"},"content":"","lastModifiedDate":"2017-01-19","isFullCredit":false},{"lineNumber":6,"author":{"gitId":"-"},"content":"import java.util.logging.Logger;","lastModifiedDate":"2023-07-29","isFullCredit":false},{"lineNumber":7,"author":{"gitId":"-"},"content":"import java.util.regex.Matcher;","lastModifiedDate":"2017-01-19","isFullCredit":false},{"lineNumber":8,"author":{"gitId":"-"},"content":"import java.util.regex.Pattern;","lastModifiedDate":"2017-01-19","isFullCredit":false},{"lineNumber":9,"author":{"gitId":"-"},"content":"","lastModifiedDate":"2017-01-19","isFullCredit":false},{"lineNumber":10,"author":{"gitId":"-"},"content":"import seedu.address.commons.core.LogsCenter;","lastModifiedDate":"2023-07-29","isFullCredit":false},{"lineNumber":11,"author":{"gitId":"-"},"content":"import seedu.address.logic.commands.AddCommand;","lastModifiedDate":"2017-01-18","isFullCredit":false},{"lineNumber":12,"author":{"gitId":"-"},"content":"import seedu.address.logic.commands.ClearCommand;","lastModifiedDate":"2017-01-18","isFullCredit":false},{"lineNumber":13,"author":{"gitId":"-"},"content":"import seedu.address.logic.commands.Command;","lastModifiedDate":"2017-01-18","isFullCredit":false},{"lineNumber":14,"author":{"gitId":"-"},"content":"import seedu.address.logic.commands.DeleteCommand;","lastModifiedDate":"2017-01-18","isFullCredit":false},{"lineNumber":15,"author":{"gitId":"-"},"content":"import seedu.address.logic.commands.DeleteTaskCommand;","lastModifiedDate":"2025-04-02","isFullCredit":false},{"lineNumber":16,"author":{"gitId":"-"},"content":"import seedu.address.logic.commands.EditCommand;","lastModifiedDate":"2017-01-18","isFullCredit":false},{"lineNumber":17,"author":{"gitId":"-"},"content":"import seedu.address.logic.commands.ExitCommand;","lastModifiedDate":"2017-01-18","isFullCredit":false},{"lineNumber":18,"author":{"gitId":"-"},"content":"import seedu.address.logic.commands.FindCommand;","lastModifiedDate":"2017-01-18","isFullCredit":false},{"lineNumber":19,"author":{"gitId":"-"},"content":"import seedu.address.logic.commands.HelpCommand;","lastModifiedDate":"2017-01-18","isFullCredit":false},{"lineNumber":20,"author":{"gitId":"-"},"content":"import seedu.address.logic.commands.ListCommand;","lastModifiedDate":"2017-01-18","isFullCredit":false},{"lineNumber":21,"author":{"gitId":"-"},"content":"import seedu.address.logic.commands.ListMemberTasksCommand;","lastModifiedDate":"2025-03-19","isFullCredit":false},{"lineNumber":22,"author":{"gitId":"-"},"content":"import seedu.address.logic.commands.ReportCommand;","lastModifiedDate":"2025-03-17","isFullCredit":false},{"lineNumber":23,"author":{"gitId":"-"},"content":"import seedu.address.logic.commands.SetDueDateCommand;","lastModifiedDate":"2025-03-19","isFullCredit":false},{"lineNumber":24,"author":{"gitId":"-"},"content":"import seedu.address.logic.commands.TaskCommand;","lastModifiedDate":"2025-03-11","isFullCredit":false},{"lineNumber":25,"author":{"gitId":"-"},"content":"import seedu.address.logic.commands.UpdateTaskCommand;","lastModifiedDate":"2025-04-03","isFullCredit":false},{"lineNumber":26,"author":{"gitId":"-"},"content":"import seedu.address.logic.parser.exceptions.ParseException;","lastModifiedDate":"2017-03-11","isFullCredit":false},{"lineNumber":27,"author":{"gitId":"-"},"content":"","lastModifiedDate":"2016-09-21","isFullCredit":false},{"lineNumber":28,"author":{"gitId":"-"},"content":"/**","lastModifiedDate":"2016-08-24","isFullCredit":false},{"lineNumber":29,"author":{"gitId":"-"},"content":" * Parses user input.","lastModifiedDate":"2016-08-24","isFullCredit":false},{"lineNumber":30,"author":{"gitId":"-"},"content":" */","lastModifiedDate":"2016-08-24","isFullCredit":false},{"lineNumber":31,"author":{"gitId":"-"},"content":"public class AddressBookParser {","lastModifiedDate":"2017-07-07","isFullCredit":false},{"lineNumber":32,"author":{"gitId":"-"},"content":"","lastModifiedDate":"2016-09-21","isFullCredit":false},{"lineNumber":33,"author":{"gitId":"-"},"content":"    /**","lastModifiedDate":"2016-08-24","isFullCredit":false},{"lineNumber":34,"author":{"gitId":"-"},"content":"     * Used for initial separation of command word and args.","lastModifiedDate":"2016-08-24","isFullCredit":false},{"lineNumber":35,"author":{"gitId":"-"},"content":"     */","lastModifiedDate":"2016-08-24","isFullCredit":false},{"lineNumber":36,"author":{"gitId":"-"},"content":"    private static final Pattern BASIC_COMMAND_FORMAT \u003d Pattern.compile(\"(?\u003ccommandWord\u003e\\\\S+)(?\u003carguments\u003e.*)\");","lastModifiedDate":"2016-09-22","isFullCredit":false},{"lineNumber":37,"author":{"gitId":"-"},"content":"    private static final Logger logger \u003d LogsCenter.getLogger(AddressBookParser.class);","lastModifiedDate":"2023-07-29","isFullCredit":false},{"lineNumber":38,"author":{"gitId":"-"},"content":"","lastModifiedDate":"2016-08-24","isFullCredit":false},{"lineNumber":39,"author":{"gitId":"-"},"content":"    /**","lastModifiedDate":"2016-08-24","isFullCredit":false},{"lineNumber":40,"author":{"gitId":"-"},"content":"     * Parses user input into command for execution.","lastModifiedDate":"2016-08-24","isFullCredit":false},{"lineNumber":41,"author":{"gitId":"-"},"content":"     *","lastModifiedDate":"2016-08-24","isFullCredit":false},{"lineNumber":42,"author":{"gitId":"-"},"content":"     * @param userInput full user input string","lastModifiedDate":"2016-08-24","isFullCredit":false},{"lineNumber":43,"author":{"gitId":"-"},"content":"     * @return the command based on the user input","lastModifiedDate":"2016-08-24","isFullCredit":false},{"lineNumber":44,"author":{"gitId":"-"},"content":"     * @throws ParseException if the user input does not conform the expected format","lastModifiedDate":"2017-03-11","isFullCredit":false},{"lineNumber":45,"author":{"gitId":"-"},"content":"     */","lastModifiedDate":"2016-08-24","isFullCredit":false},{"lineNumber":46,"author":{"gitId":"-"},"content":"    public Command parseCommand(String userInput) throws ParseException {","lastModifiedDate":"2017-03-11","isFullCredit":false},{"lineNumber":47,"author":{"gitId":"-"},"content":"        final Matcher matcher \u003d BASIC_COMMAND_FORMAT.matcher(userInput.trim());","lastModifiedDate":"2016-08-24","isFullCredit":false},{"lineNumber":48,"author":{"gitId":"-"},"content":"        if (!matcher.matches()) {","lastModifiedDate":"2016-08-24","isFullCredit":false},{"lineNumber":49,"author":{"gitId":"-"},"content":"            throw new ParseException(String.format(MESSAGE_INVALID_COMMAND_FORMAT, HelpCommand.MESSAGE_USAGE));","lastModifiedDate":"2017-03-11","isFullCredit":false},{"lineNumber":50,"author":{"gitId":"-"},"content":"        }","lastModifiedDate":"2016-08-24","isFullCredit":false},{"lineNumber":51,"author":{"gitId":"-"},"content":"","lastModifiedDate":"2016-08-24","isFullCredit":false},{"lineNumber":52,"author":{"gitId":"-"},"content":"        final String commandWord \u003d matcher.group(\"commandWord\").toLowerCase();","lastModifiedDate":"2025-04-02","isFullCredit":false},{"lineNumber":53,"author":{"gitId":"-"},"content":"        final String arguments \u003d matcher.group(\"arguments\");","lastModifiedDate":"2016-08-24","isFullCredit":false},{"lineNumber":54,"author":{"gitId":"-"},"content":"","lastModifiedDate":"2023-07-29","isFullCredit":false},{"lineNumber":55,"author":{"gitId":"-"},"content":"        logger.fine(\"Command word: \" + commandWord + \"; Arguments: \" + arguments);","lastModifiedDate":"2023-07-29","isFullCredit":false},{"lineNumber":56,"author":{"gitId":"-"},"content":"","lastModifiedDate":"2023-07-29","isFullCredit":false},{"lineNumber":57,"author":{"gitId":"-"},"content":"        switch (commandWord) {","lastModifiedDate":"2016-08-24","isFullCredit":false},{"lineNumber":58,"author":{"gitId":"-"},"content":"","lastModifiedDate":"2016-08-24","isFullCredit":false},{"lineNumber":59,"author":{"gitId":"-"},"content":"        case AddCommand.COMMAND_WORD:","lastModifiedDate":"2016-09-21","isFullCredit":false},{"lineNumber":60,"author":{"gitId":"-"},"content":"            return new AddCommandParser().parse(arguments);","lastModifiedDate":"2017-02-05","isFullCredit":false},{"lineNumber":61,"author":{"gitId":"-"},"content":"","lastModifiedDate":"2016-08-24","isFullCredit":false},{"lineNumber":62,"author":{"gitId":"-"},"content":"        case EditCommand.COMMAND_WORD:","lastModifiedDate":"2016-12-21","isFullCredit":false},{"lineNumber":63,"author":{"gitId":"-"},"content":"            return new EditCommandParser().parse(arguments);","lastModifiedDate":"2017-01-26","isFullCredit":false},{"lineNumber":64,"author":{"gitId":"-"},"content":"","lastModifiedDate":"2016-12-21","isFullCredit":false},{"lineNumber":65,"author":{"gitId":"-"},"content":"        case DeleteCommand.COMMAND_WORD:","lastModifiedDate":"2016-09-21","isFullCredit":false},{"lineNumber":66,"author":{"gitId":"-"},"content":"            return new DeleteCommandParser().parse(arguments);","lastModifiedDate":"2017-01-26","isFullCredit":false},{"lineNumber":67,"author":{"gitId":"-"},"content":"","lastModifiedDate":"2016-08-24","isFullCredit":false},{"lineNumber":68,"author":{"gitId":"-"},"content":"        case ClearCommand.COMMAND_WORD:","lastModifiedDate":"2016-09-21","isFullCredit":false},{"lineNumber":69,"author":{"gitId":"-"},"content":"            return new ClearCommand();","lastModifiedDate":"2016-09-21","isFullCredit":false},{"lineNumber":70,"author":{"gitId":"-"},"content":"","lastModifiedDate":"2016-08-24","isFullCredit":false},{"lineNumber":71,"author":{"gitId":"-"},"content":"        case FindCommand.COMMAND_WORD:","lastModifiedDate":"2016-09-21","isFullCredit":false},{"lineNumber":72,"author":{"gitId":"-"},"content":"            return new FindCommandParser().parse(arguments);","lastModifiedDate":"2017-01-26","isFullCredit":false},{"lineNumber":73,"author":{"gitId":"-"},"content":"","lastModifiedDate":"2016-08-24","isFullCredit":false},{"lineNumber":74,"author":{"gitId":"-"},"content":"        case TaskCommand.COMMAND_WORD:","lastModifiedDate":"2025-03-11","isFullCredit":false},{"lineNumber":75,"author":{"gitId":"-"},"content":"            return new TaskCommandParser().parse(arguments);","lastModifiedDate":"2025-03-11","isFullCredit":false},{"lineNumber":76,"author":{"gitId":"-"},"content":"","lastModifiedDate":"2025-03-11","isFullCredit":false},{"lineNumber":77,"author":{"gitId":"-"},"content":"        case UpdateTaskCommand.COMMAND_WORD:","lastModifiedDate":"2025-04-03","isFullCredit":false},{"lineNumber":78,"author":{"gitId":"-"},"content":"            return new UpdateTaskCommandParser().parse(arguments);","lastModifiedDate":"2025-04-03","isFullCredit":false},{"lineNumber":79,"author":{"gitId":"-"},"content":"","lastModifiedDate":"2025-04-03","isFullCredit":false},{"lineNumber":80,"author":{"gitId":"-"},"content":"        case DeleteTaskCommand.COMMAND_WORD:","lastModifiedDate":"2025-04-02","isFullCredit":false},{"lineNumber":81,"author":{"gitId":"-"},"content":"            return new DeleteTaskCommandParser().parse(arguments);","lastModifiedDate":"2025-04-02","isFullCredit":false},{"lineNumber":82,"author":{"gitId":"-"},"content":"","lastModifiedDate":"2025-04-02","isFullCredit":false},{"lineNumber":83,"author":{"gitId":"-"},"content":"        case ListCommand.COMMAND_WORD:","lastModifiedDate":"2016-09-21","isFullCredit":false},{"lineNumber":84,"author":{"gitId":"-"},"content":"            return new ListCommand();","lastModifiedDate":"2016-09-21","isFullCredit":false},{"lineNumber":85,"author":{"gitId":"-"},"content":"","lastModifiedDate":"2016-08-24","isFullCredit":false},{"lineNumber":86,"author":{"gitId":"-"},"content":"        case ListMemberTasksCommand.COMMAND_WORD:","lastModifiedDate":"2025-03-19","isFullCredit":false},{"lineNumber":87,"author":{"gitId":"-"},"content":"            return new ListMemberTasksCommandParser().parse(arguments);","lastModifiedDate":"2025-03-19","isFullCredit":false},{"lineNumber":88,"author":{"gitId":"-"},"content":"","lastModifiedDate":"2025-03-19","isFullCredit":false},{"lineNumber":89,"author":{"gitId":"-"},"content":"        case SetDueDateCommand.COMMAND_WORD:","lastModifiedDate":"2025-03-19","isFullCredit":false},{"lineNumber":90,"author":{"gitId":"-"},"content":"            return new SetDueDateCommandParser().parse(arguments);","lastModifiedDate":"2025-03-19","isFullCredit":false},{"lineNumber":91,"author":{"gitId":"-"},"content":"","lastModifiedDate":"2025-03-19","isFullCredit":false},{"lineNumber":92,"author":{"gitId":"-"},"content":"        case ExitCommand.COMMAND_WORD:","lastModifiedDate":"2016-08-24","isFullCredit":false},{"lineNumber":93,"author":{"gitId":"-"},"content":"            return new ExitCommand();","lastModifiedDate":"2016-08-24","isFullCredit":false},{"lineNumber":94,"author":{"gitId":"-"},"content":"","lastModifiedDate":"2016-08-24","isFullCredit":false},{"lineNumber":95,"author":{"gitId":"-"},"content":"        case HelpCommand.COMMAND_WORD:","lastModifiedDate":"2016-08-26","isFullCredit":false},{"lineNumber":96,"author":{"gitId":"-"},"content":"            return new HelpCommand();","lastModifiedDate":"2016-08-24","isFullCredit":false},{"lineNumber":97,"author":{"gitId":"-"},"content":"","lastModifiedDate":"2016-09-14","isFullCredit":false},{"lineNumber":98,"author":{"gitId":"-"},"content":"        case ReportCommand.COMMAND_WORD:","lastModifiedDate":"2025-03-14","isFullCredit":false},{"lineNumber":99,"author":{"gitId":"bkkuan"},"content":"            return new ReportCommand();","lastModifiedDate":"2025-04-05","isFullCredit":false},{"lineNumber":100,"author":{"gitId":"-"},"content":"","lastModifiedDate":"2025-03-14","isFullCredit":false},{"lineNumber":101,"author":{"gitId":"-"},"content":"        default:","lastModifiedDate":"2016-08-26","isFullCredit":false},{"lineNumber":102,"author":{"gitId":"-"},"content":"            logger.finer(\"This user input caused a ParseException: \" + userInput);","lastModifiedDate":"2023-07-29","isFullCredit":false},{"lineNumber":103,"author":{"gitId":"-"},"content":"            throw new ParseException(MESSAGE_UNKNOWN_COMMAND);","lastModifiedDate":"2017-03-11","isFullCredit":false},{"lineNumber":104,"author":{"gitId":"-"},"content":"        }","lastModifiedDate":"2016-08-24","isFullCredit":false},{"lineNumber":105,"author":{"gitId":"-"},"content":"    }","lastModifiedDate":"2016-08-24","isFullCredit":false},{"lineNumber":106,"author":{"gitId":"-"},"content":"}","lastModifiedDate":"2016-08-24","isFullCredit":false}],"authorContributionMap":{"bkkuan":1,"-":105}},{"path":"src/main/java/seedu/address/model/util/SampleDataUtil.java","fileType":"functional-code","lines":[{"lineNumber":1,"author":{"gitId":"-"},"content":"package seedu.address.model.util;","lastModifiedDate":"2016-12-20","isFullCredit":false},{"lineNumber":2,"author":{"gitId":"-"},"content":"","lastModifiedDate":"2016-12-20","isFullCredit":false},{"lineNumber":3,"author":{"gitId":"-"},"content":"import static seedu.address.logic.parser.ParserUtil.parseTask;","lastModifiedDate":"2025-03-17","isFullCredit":false},{"lineNumber":4,"author":{"gitId":"-"},"content":"","lastModifiedDate":"2025-03-17","isFullCredit":false},{"lineNumber":5,"author":{"gitId":"-"},"content":"import java.util.Arrays;","lastModifiedDate":"2018-01-21","isFullCredit":false},{"lineNumber":6,"author":{"gitId":"-"},"content":"import java.util.Collections;","lastModifiedDate":"2025-03-31","isFullCredit":false},{"lineNumber":7,"author":{"gitId":"-"},"content":"import java.util.List;","lastModifiedDate":"2025-03-11","isFullCredit":false},{"lineNumber":8,"author":{"gitId":"-"},"content":"import java.util.Set;","lastModifiedDate":"2017-03-14","isFullCredit":false},{"lineNumber":9,"author":{"gitId":"-"},"content":"import java.util.stream.Collectors;","lastModifiedDate":"2018-01-21","isFullCredit":false},{"lineNumber":10,"author":{"gitId":"-"},"content":"","lastModifiedDate":"2017-03-14","isFullCredit":false},{"lineNumber":11,"author":{"gitId":"-"},"content":"import seedu.address.logic.parser.exceptions.ParseException;","lastModifiedDate":"2025-03-17","isFullCredit":false},{"lineNumber":12,"author":{"gitId":"-"},"content":"import seedu.address.model.AddressBook;","lastModifiedDate":"2016-12-20","isFullCredit":false},{"lineNumber":13,"author":{"gitId":"-"},"content":"import seedu.address.model.ReadOnlyAddressBook;","lastModifiedDate":"2016-12-20","isFullCredit":false},{"lineNumber":14,"author":{"gitId":"-"},"content":"import seedu.address.model.other.Other;","lastModifiedDate":"2025-03-14","isFullCredit":false},{"lineNumber":15,"author":{"gitId":"-"},"content":"import seedu.address.model.person.Address;","lastModifiedDate":"2016-12-20","isFullCredit":false},{"lineNumber":16,"author":{"gitId":"-"},"content":"import seedu.address.model.person.Email;","lastModifiedDate":"2016-12-20","isFullCredit":false},{"lineNumber":17,"author":{"gitId":"-"},"content":"import seedu.address.model.person.Name;","lastModifiedDate":"2016-12-20","isFullCredit":false},{"lineNumber":18,"author":{"gitId":"-"},"content":"import seedu.address.model.person.Person;","lastModifiedDate":"2016-12-20","isFullCredit":false},{"lineNumber":19,"author":{"gitId":"-"},"content":"import seedu.address.model.person.Phone;","lastModifiedDate":"2016-12-20","isFullCredit":false},{"lineNumber":20,"author":{"gitId":"-"},"content":"import seedu.address.model.person.Position;","lastModifiedDate":"2025-03-14","isFullCredit":false},{"lineNumber":21,"author":{"gitId":"-"},"content":"import seedu.address.model.person.Telegram;","lastModifiedDate":"2025-03-14","isFullCredit":false},{"lineNumber":22,"author":{"gitId":"-"},"content":"import seedu.address.model.skill.Skill;","lastModifiedDate":"2025-03-14","isFullCredit":false},{"lineNumber":23,"author":{"gitId":"-"},"content":"import seedu.address.model.tag.Tag;","lastModifiedDate":"2017-03-14","isFullCredit":false},{"lineNumber":24,"author":{"gitId":"-"},"content":"import seedu.address.model.task.Task;","lastModifiedDate":"2025-03-11","isFullCredit":false},{"lineNumber":25,"author":{"gitId":"-"},"content":"","lastModifiedDate":"2016-12-20","isFullCredit":false},{"lineNumber":26,"author":{"gitId":"-"},"content":"/**","lastModifiedDate":"2017-08-16","isFullCredit":false},{"lineNumber":27,"author":{"gitId":"-"},"content":" * Contains utility methods for populating {@code AddressBook} with sample data.","lastModifiedDate":"2017-08-16","isFullCredit":false},{"lineNumber":28,"author":{"gitId":"-"},"content":" */","lastModifiedDate":"2017-08-16","isFullCredit":false},{"lineNumber":29,"author":{"gitId":"-"},"content":"public class SampleDataUtil {","lastModifiedDate":"2016-12-20","isFullCredit":false},{"lineNumber":30,"author":{"gitId":"-"},"content":"    private static final List\u003cTask\u003e emptyTaskList \u003d Collections.emptyList();","lastModifiedDate":"2025-03-31","isFullCredit":false},{"lineNumber":31,"author":{"gitId":"-"},"content":"    public static Person[] getSamplePersons() {","lastModifiedDate":"2016-12-20","isFullCredit":false},{"lineNumber":32,"author":{"gitId":"-"},"content":"        return new Person[] {","lastModifiedDate":"2016-12-20","isFullCredit":false},{"lineNumber":33,"author":{"gitId":"-"},"content":"            new Person(new Name(\"Alex Yeoh\"), new Phone(\"87438807\"), new Email(\"alexyeoh@example.com\"),","lastModifiedDate":"2017-04-05","isFullCredit":false},{"lineNumber":34,"author":{"gitId":"-"},"content":"                    new Telegram(\"@alexY\"),","lastModifiedDate":"2025-03-18","isFullCredit":false},{"lineNumber":35,"author":{"gitId":"-"},"content":"                    new Position(\"Team Leader\"),","lastModifiedDate":"2025-03-18","isFullCredit":false},{"lineNumber":36,"author":{"gitId":"-"},"content":"                    new Address(\"Blk 30 Geylang Street 29, #06-40\"),","lastModifiedDate":"2016-12-20","isFullCredit":false},{"lineNumber":37,"author":{"gitId":"-"},"content":"                    getTagSet(\"friends\"),","lastModifiedDate":"2025-03-11","isFullCredit":false},{"lineNumber":38,"author":{"gitId":"-"},"content":"                    getSkillSet(\"C Programming\"),","lastModifiedDate":"2025-03-14","isFullCredit":false},{"lineNumber":39,"author":{"gitId":"-"},"content":"                    getOtherSet(\"boss\"),","lastModifiedDate":"2025-03-19","isFullCredit":false},{"lineNumber":40,"author":{"gitId":"-"},"content":"                    \"completed\",","lastModifiedDate":"2025-03-21","isFullCredit":false},{"lineNumber":41,"author":{"gitId":"-"},"content":"                    getTask(\"barbeque, 2025-06-07 17:00, yet to start\")),","lastModifiedDate":"2025-03-21","isFullCredit":false},{"lineNumber":42,"author":{"gitId":"-"},"content":"            new Person(new Name(\"Bernice Yu\"), new Phone(\"99272758\"), new Email(\"berniceyu@example.com\"),","lastModifiedDate":"2017-04-05","isFullCredit":false},{"lineNumber":43,"author":{"gitId":"-"},"content":"                    new Telegram(\"@berniceY\"),","lastModifiedDate":"2025-03-14","isFullCredit":false},{"lineNumber":44,"author":{"gitId":"-"},"content":"                    new Position(\"Backend Developer\"),","lastModifiedDate":"2025-03-14","isFullCredit":false},{"lineNumber":45,"author":{"gitId":"-"},"content":"                    new Address(\"Blk 30 Lorong 3 Serangoon Gardens, #07-18\"),","lastModifiedDate":"2016-12-20","isFullCredit":false},{"lineNumber":46,"author":{"gitId":"-"},"content":"                    getTagSet(\"colleagues\", \"friends\"),","lastModifiedDate":"2025-03-11","isFullCredit":false},{"lineNumber":47,"author":{"gitId":"-"},"content":"                    getSkillSet(\"java\", \"python\"),","lastModifiedDate":"2025-03-14","isFullCredit":false},{"lineNumber":48,"author":{"gitId":"-"},"content":"                    getOtherSet(\"\"),","lastModifiedDate":"2025-03-19","isFullCredit":false},{"lineNumber":49,"author":{"gitId":"-"},"content":"                    \"in progress\",","lastModifiedDate":"2025-03-21","isFullCredit":false},{"lineNumber":50,"author":{"gitId":"-"},"content":"                    getTask(\"house visit, 2025-06-07 19:00, yet to start\")),","lastModifiedDate":"2025-03-21","isFullCredit":false},{"lineNumber":51,"author":{"gitId":"-"},"content":"            new Person(new Name(\"Charlotte Oliveiro\"), new Phone(\"93210283\"), new Email(\"charlotte@example.com\"),","lastModifiedDate":"2017-04-05","isFullCredit":false},{"lineNumber":52,"author":{"gitId":"-"},"content":"                    new Telegram(\"@charlotte\"),","lastModifiedDate":"2025-03-14","isFullCredit":false},{"lineNumber":53,"author":{"gitId":"-"},"content":"                    new Position(\"UI Developer\"),","lastModifiedDate":"2025-03-14","isFullCredit":false},{"lineNumber":54,"author":{"gitId":"-"},"content":"                    new Address(\"Blk 11 Ang Mo Kio Street 74, #11-04\"),","lastModifiedDate":"2016-12-20","isFullCredit":false},{"lineNumber":55,"author":{"gitId":"-"},"content":"                    getTagSet(\"neighbours\"),","lastModifiedDate":"2025-03-11","isFullCredit":false},{"lineNumber":56,"author":{"gitId":"-"},"content":"                    getSkillSet(\"json\", \"css\", \"html\"),","lastModifiedDate":"2025-03-14","isFullCredit":false},{"lineNumber":57,"author":{"gitId":"-"},"content":"                    getOtherSet(\"meet soon\"),","lastModifiedDate":"2025-03-19","isFullCredit":false},{"lineNumber":58,"author":{"gitId":"-"},"content":"                    \"yet to start\",","lastModifiedDate":"2025-03-31","isFullCredit":false},{"lineNumber":59,"author":{"gitId":"-"},"content":"                    getTask(\"neighbour, 2025-05-07 17:00, yet to start\")),","lastModifiedDate":"2025-03-21","isFullCredit":false},{"lineNumber":60,"author":{"gitId":"-"},"content":"            new Person(new Name(\"David Li\"), new Phone(\"91031282\"), new Email(\"lidavid@example.com\"),","lastModifiedDate":"2017-04-05","isFullCredit":false},{"lineNumber":61,"author":{"gitId":"-"},"content":"                    new Telegram(\"@davidL\"),","lastModifiedDate":"2025-03-14","isFullCredit":false},{"lineNumber":62,"author":{"gitId":"-"},"content":"                    new Position(\"Sales Person\"),","lastModifiedDate":"2025-03-14","isFullCredit":false},{"lineNumber":63,"author":{"gitId":"-"},"content":"                    new Address(\"Blk 436 Serangoon Gardens Street 26, #16-43\"),","lastModifiedDate":"2016-12-20","isFullCredit":false},{"lineNumber":64,"author":{"gitId":"-"},"content":"                    getTagSet(\"family\"),","lastModifiedDate":"2025-03-11","isFullCredit":false},{"lineNumber":65,"author":{"gitId":"-"},"content":"                    getSkillSet(\"marketing\"),","lastModifiedDate":"2025-03-14","isFullCredit":false},{"lineNumber":66,"author":{"gitId":"-"},"content":"                    getOtherSet(\"salesman\"),","lastModifiedDate":"2025-03-19","isFullCredit":false},{"lineNumber":67,"author":{"gitId":"-"},"content":"                    \"completed\",","lastModifiedDate":"2025-03-21","isFullCredit":false},{"lineNumber":68,"author":{"gitId":"-"},"content":"                    getTask(\"outing, 2025-08-07 17:00, yet to start\")),","lastModifiedDate":"2025-03-21","isFullCredit":false},{"lineNumber":69,"author":{"gitId":"-"},"content":"            new Person(new Name(\"Irfan Ibrahim\"), new Phone(\"92492021\"), new Email(\"irfan@example.com\"),","lastModifiedDate":"2017-04-05","isFullCredit":false},{"lineNumber":70,"author":{"gitId":"-"},"content":"                    new Telegram(\"@irfan\"),","lastModifiedDate":"2025-03-14","isFullCredit":false},{"lineNumber":71,"author":{"gitId":"-"},"content":"                    new Position(\"Backend Developer\"),","lastModifiedDate":"2025-03-14","isFullCredit":false},{"lineNumber":72,"author":{"gitId":"-"},"content":"                    new Address(\"Blk 47 Tampines Street 20, #17-35\"),","lastModifiedDate":"2016-12-20","isFullCredit":false},{"lineNumber":73,"author":{"gitId":"-"},"content":"                    getTagSet(\"classmates\"),","lastModifiedDate":"2025-03-11","isFullCredit":false},{"lineNumber":74,"author":{"gitId":"-"},"content":"                    getSkillSet(\"java\", \"c\"),","lastModifiedDate":"2025-03-14","isFullCredit":false},{"lineNumber":75,"author":{"gitId":"-"},"content":"                    getOtherSet(\"\"),","lastModifiedDate":"2025-03-19","isFullCredit":false},{"lineNumber":76,"author":{"gitId":"-"},"content":"                    \"in progress\",","lastModifiedDate":"2025-03-21","isFullCredit":false},{"lineNumber":77,"author":{"gitId":"-"},"content":"                    getTask(\"outing, 2025-06-07 17:00, yet to start\")),","lastModifiedDate":"2025-03-21","isFullCredit":false},{"lineNumber":78,"author":{"gitId":"-"},"content":"            new Person(new Name(\"Roy Balakrishnan\"), new Phone(\"92624417\"), new Email(\"royb@example.com\"),","lastModifiedDate":"2017-04-05","isFullCredit":false},{"lineNumber":79,"author":{"gitId":"-"},"content":"                    new Telegram(\"@roy\"),","lastModifiedDate":"2025-03-14","isFullCredit":false},{"lineNumber":80,"author":{"gitId":"-"},"content":"                    new Position(\"team member\"),","lastModifiedDate":"2025-03-14","isFullCredit":false},{"lineNumber":81,"author":{"gitId":"-"},"content":"                    new Address(\"Blk 45 Aljunied Street 85, #11-31\"),","lastModifiedDate":"2016-12-20","isFullCredit":false},{"lineNumber":82,"author":{"gitId":"-"},"content":"                    getTagSet(\"colleagues\"),","lastModifiedDate":"2025-03-11","isFullCredit":false},{"lineNumber":83,"author":{"gitId":"-"},"content":"                    getSkillSet(\"\"),","lastModifiedDate":"2025-03-14","isFullCredit":false},{"lineNumber":84,"author":{"gitId":"-"},"content":"                    getOtherSet(\"\"),","lastModifiedDate":"2025-03-19","isFullCredit":false},{"lineNumber":85,"author":{"gitId":"bkkuan"},"content":"                    \"yet to start\",","lastModifiedDate":"2025-04-05","isFullCredit":false},{"lineNumber":86,"author":{"gitId":"-"},"content":"                    emptyTaskList),","lastModifiedDate":"2025-03-30","isFullCredit":false},{"lineNumber":87,"author":{"gitId":"-"},"content":"        };","lastModifiedDate":"2016-12-20","isFullCredit":false},{"lineNumber":88,"author":{"gitId":"-"},"content":"    }","lastModifiedDate":"2016-12-20","isFullCredit":false},{"lineNumber":89,"author":{"gitId":"-"},"content":"","lastModifiedDate":"2016-12-20","isFullCredit":false},{"lineNumber":90,"author":{"gitId":"-"},"content":"    public static ReadOnlyAddressBook getSampleAddressBook() {","lastModifiedDate":"2016-12-20","isFullCredit":false},{"lineNumber":91,"author":{"gitId":"-"},"content":"        AddressBook sampleAb \u003d new AddressBook();","lastModifiedDate":"2017-04-07","isFullCredit":false},{"lineNumber":92,"author":{"gitId":"-"},"content":"        for (Person samplePerson : getSamplePersons()) {","lastModifiedDate":"2016-12-20","isFullCredit":false},{"lineNumber":93,"author":{"gitId":"-"},"content":"            sampleAb.addPerson(samplePerson);","lastModifiedDate":"2017-04-07","isFullCredit":false},{"lineNumber":94,"author":{"gitId":"-"},"content":"        }","lastModifiedDate":"2016-12-20","isFullCredit":false},{"lineNumber":95,"author":{"gitId":"-"},"content":"        return sampleAb;","lastModifiedDate":"2017-04-07","isFullCredit":false},{"lineNumber":96,"author":{"gitId":"-"},"content":"    }","lastModifiedDate":"2016-12-20","isFullCredit":false},{"lineNumber":97,"author":{"gitId":"-"},"content":"","lastModifiedDate":"2017-03-14","isFullCredit":false},{"lineNumber":98,"author":{"gitId":"-"},"content":"    /**","lastModifiedDate":"2017-03-14","isFullCredit":false},{"lineNumber":99,"author":{"gitId":"-"},"content":"     * Returns a tag set containing the list of strings given.","lastModifiedDate":"2017-03-14","isFullCredit":false},{"lineNumber":100,"author":{"gitId":"-"},"content":"     */","lastModifiedDate":"2017-03-14","isFullCredit":false},{"lineNumber":101,"author":{"gitId":"-"},"content":"    public static Set\u003cTag\u003e getTagSet(String... strings) {","lastModifiedDate":"2017-05-30","isFullCredit":false},{"lineNumber":102,"author":{"gitId":"-"},"content":"        return Arrays.stream(strings)","lastModifiedDate":"2018-01-21","isFullCredit":false},{"lineNumber":103,"author":{"gitId":"-"},"content":"                .map(Tag::new)","lastModifiedDate":"2018-01-21","isFullCredit":false},{"lineNumber":104,"author":{"gitId":"-"},"content":"                .collect(Collectors.toSet());","lastModifiedDate":"2018-01-21","isFullCredit":false},{"lineNumber":105,"author":{"gitId":"-"},"content":"    }","lastModifiedDate":"2017-03-14","isFullCredit":false},{"lineNumber":106,"author":{"gitId":"-"},"content":"","lastModifiedDate":"2017-03-14","isFullCredit":false},{"lineNumber":107,"author":{"gitId":"-"},"content":"    /**","lastModifiedDate":"2025-03-14","isFullCredit":false},{"lineNumber":108,"author":{"gitId":"-"},"content":"     * Returns a skill set containing the list of strings given.","lastModifiedDate":"2025-03-14","isFullCredit":false},{"lineNumber":109,"author":{"gitId":"-"},"content":"     */","lastModifiedDate":"2025-03-14","isFullCredit":false},{"lineNumber":110,"author":{"gitId":"-"},"content":"    public static Set\u003cSkill\u003e getSkillSet(String... strings) {","lastModifiedDate":"2025-03-14","isFullCredit":false},{"lineNumber":111,"author":{"gitId":"-"},"content":"        return Arrays.stream(strings)","lastModifiedDate":"2025-03-14","isFullCredit":false},{"lineNumber":112,"author":{"gitId":"-"},"content":"                .map(Skill::new)","lastModifiedDate":"2025-03-14","isFullCredit":false},{"lineNumber":113,"author":{"gitId":"-"},"content":"                .collect(Collectors.toSet());","lastModifiedDate":"2025-03-14","isFullCredit":false},{"lineNumber":114,"author":{"gitId":"-"},"content":"    }","lastModifiedDate":"2025-03-14","isFullCredit":false},{"lineNumber":115,"author":{"gitId":"-"},"content":"","lastModifiedDate":"2025-03-14","isFullCredit":false},{"lineNumber":116,"author":{"gitId":"-"},"content":"    /**","lastModifiedDate":"2025-03-14","isFullCredit":false},{"lineNumber":117,"author":{"gitId":"-"},"content":"     * Returns a tag set containing the list of strings given.","lastModifiedDate":"2025-03-14","isFullCredit":false},{"lineNumber":118,"author":{"gitId":"-"},"content":"     */","lastModifiedDate":"2025-03-14","isFullCredit":false},{"lineNumber":119,"author":{"gitId":"-"},"content":"    public static Set\u003cOther\u003e getOtherSet(String... strings) {","lastModifiedDate":"2025-03-14","isFullCredit":false},{"lineNumber":120,"author":{"gitId":"-"},"content":"        return Arrays.stream(strings)","lastModifiedDate":"2025-03-14","isFullCredit":false},{"lineNumber":121,"author":{"gitId":"-"},"content":"                .map(Other::new)","lastModifiedDate":"2025-03-14","isFullCredit":false},{"lineNumber":122,"author":{"gitId":"-"},"content":"                .collect(Collectors.toSet());","lastModifiedDate":"2025-03-14","isFullCredit":false},{"lineNumber":123,"author":{"gitId":"-"},"content":"    }","lastModifiedDate":"2025-03-14","isFullCredit":false},{"lineNumber":124,"author":{"gitId":"-"},"content":"","lastModifiedDate":"2025-03-14","isFullCredit":false},{"lineNumber":125,"author":{"gitId":"-"},"content":"    /**","lastModifiedDate":"2025-03-19","isFullCredit":false},{"lineNumber":126,"author":{"gitId":"-"},"content":"     * Get a list of task given the descriptions provided.","lastModifiedDate":"2025-03-19","isFullCredit":false},{"lineNumber":127,"author":{"gitId":"-"},"content":"     *","lastModifiedDate":"2025-03-19","isFullCredit":false},{"lineNumber":128,"author":{"gitId":"-"},"content":"     * @param descriptions A variable number of tasks in string representation.","lastModifiedDate":"2025-03-19","isFullCredit":false},{"lineNumber":129,"author":{"gitId":"-"},"content":"     * @return A list of Task objects.","lastModifiedDate":"2025-03-19","isFullCredit":false},{"lineNumber":130,"author":{"gitId":"-"},"content":"     */","lastModifiedDate":"2025-03-19","isFullCredit":false},{"lineNumber":131,"author":{"gitId":"-"},"content":"    public static List\u003cTask\u003e getTask(String... descriptions) {","lastModifiedDate":"2025-03-11","isFullCredit":false},{"lineNumber":132,"author":{"gitId":"-"},"content":"        return Arrays.stream(descriptions)","lastModifiedDate":"2025-03-11","isFullCredit":false},{"lineNumber":133,"author":{"gitId":"-"},"content":"                .map(description -\u003e {","lastModifiedDate":"2025-03-17","isFullCredit":false},{"lineNumber":134,"author":{"gitId":"-"},"content":"                    try {","lastModifiedDate":"2025-03-17","isFullCredit":false},{"lineNumber":135,"author":{"gitId":"-"},"content":"                        return parseTask(description);","lastModifiedDate":"2025-03-17","isFullCredit":false},{"lineNumber":136,"author":{"gitId":"-"},"content":"                    } catch (ParseException e) {","lastModifiedDate":"2025-03-17","isFullCredit":false},{"lineNumber":137,"author":{"gitId":"-"},"content":"                        throw new RuntimeException(e);","lastModifiedDate":"2025-03-17","isFullCredit":false},{"lineNumber":138,"author":{"gitId":"-"},"content":"                    }","lastModifiedDate":"2025-03-17","isFullCredit":false},{"lineNumber":139,"author":{"gitId":"-"},"content":"                })","lastModifiedDate":"2025-03-17","isFullCredit":false},{"lineNumber":140,"author":{"gitId":"-"},"content":"                .collect(Collectors.toList());","lastModifiedDate":"2025-03-11","isFullCredit":false},{"lineNumber":141,"author":{"gitId":"-"},"content":"    }","lastModifiedDate":"2025-03-11","isFullCredit":false},{"lineNumber":142,"author":{"gitId":"-"},"content":"}","lastModifiedDate":"2016-12-20","isFullCredit":false}],"authorContributionMap":{"bkkuan":1,"-":141}},{"path":"src/main/java/seedu/address/storage/JsonAdaptedPerson.java","fileType":"functional-code","lines":[{"lineNumber":1,"author":{"gitId":"-"},"content":"package seedu.address.storage;","lastModifiedDate":"2018-08-13","isFullCredit":false},{"lineNumber":2,"author":{"gitId":"-"},"content":"","lastModifiedDate":"2018-08-13","isFullCredit":false},{"lineNumber":3,"author":{"gitId":"-"},"content":"import java.util.ArrayList;","lastModifiedDate":"2018-08-13","isFullCredit":false},{"lineNumber":4,"author":{"gitId":"-"},"content":"import java.util.HashSet;","lastModifiedDate":"2018-08-13","isFullCredit":false},{"lineNumber":5,"author":{"gitId":"-"},"content":"import java.util.List;","lastModifiedDate":"2018-08-13","isFullCredit":false},{"lineNumber":6,"author":{"gitId":"-"},"content":"import java.util.Set;","lastModifiedDate":"2018-08-13","isFullCredit":false},{"lineNumber":7,"author":{"gitId":"-"},"content":"import java.util.stream.Collectors;","lastModifiedDate":"2018-08-13","isFullCredit":false},{"lineNumber":8,"author":{"gitId":"-"},"content":"","lastModifiedDate":"2018-08-13","isFullCredit":false},{"lineNumber":9,"author":{"gitId":"-"},"content":"import com.fasterxml.jackson.annotation.JsonCreator;","lastModifiedDate":"2018-08-13","isFullCredit":false},{"lineNumber":10,"author":{"gitId":"-"},"content":"import com.fasterxml.jackson.annotation.JsonProperty;","lastModifiedDate":"2018-08-13","isFullCredit":false},{"lineNumber":11,"author":{"gitId":"-"},"content":"","lastModifiedDate":"2018-08-13","isFullCredit":false},{"lineNumber":12,"author":{"gitId":"-"},"content":"import seedu.address.commons.exceptions.IllegalValueException;","lastModifiedDate":"2018-08-13","isFullCredit":false},{"lineNumber":13,"author":{"gitId":"-"},"content":"import seedu.address.model.other.Other;","lastModifiedDate":"2025-03-14","isFullCredit":false},{"lineNumber":14,"author":{"gitId":"-"},"content":"import seedu.address.model.person.Address;","lastModifiedDate":"2018-08-13","isFullCredit":false},{"lineNumber":15,"author":{"gitId":"-"},"content":"import seedu.address.model.person.Email;","lastModifiedDate":"2018-08-13","isFullCredit":false},{"lineNumber":16,"author":{"gitId":"-"},"content":"import seedu.address.model.person.Name;","lastModifiedDate":"2018-08-13","isFullCredit":false},{"lineNumber":17,"author":{"gitId":"-"},"content":"import seedu.address.model.person.Person;","lastModifiedDate":"2018-08-13","isFullCredit":false},{"lineNumber":18,"author":{"gitId":"-"},"content":"import seedu.address.model.person.Phone;","lastModifiedDate":"2018-08-13","isFullCredit":false},{"lineNumber":19,"author":{"gitId":"-"},"content":"import seedu.address.model.person.Position;","lastModifiedDate":"2025-03-14","isFullCredit":false},{"lineNumber":20,"author":{"gitId":"-"},"content":"import seedu.address.model.person.Telegram;","lastModifiedDate":"2025-03-14","isFullCredit":false},{"lineNumber":21,"author":{"gitId":"-"},"content":"import seedu.address.model.skill.Skill;","lastModifiedDate":"2025-03-14","isFullCredit":false},{"lineNumber":22,"author":{"gitId":"-"},"content":"import seedu.address.model.tag.Tag;","lastModifiedDate":"2018-08-13","isFullCredit":false},{"lineNumber":23,"author":{"gitId":"-"},"content":"import seedu.address.model.task.Task;","lastModifiedDate":"2025-03-11","isFullCredit":false},{"lineNumber":24,"author":{"gitId":"-"},"content":"","lastModifiedDate":"2018-08-13","isFullCredit":false},{"lineNumber":25,"author":{"gitId":"-"},"content":"/**","lastModifiedDate":"2018-08-13","isFullCredit":false},{"lineNumber":26,"author":{"gitId":"-"},"content":" * Jackson-friendly version of {@link Person}.","lastModifiedDate":"2018-08-13","isFullCredit":false},{"lineNumber":27,"author":{"gitId":"-"},"content":" */","lastModifiedDate":"2018-08-13","isFullCredit":false},{"lineNumber":28,"author":{"gitId":"-"},"content":"class JsonAdaptedPerson {","lastModifiedDate":"2018-12-03","isFullCredit":false},{"lineNumber":29,"author":{"gitId":"-"},"content":"","lastModifiedDate":"2018-08-13","isFullCredit":false},{"lineNumber":30,"author":{"gitId":"-"},"content":"    public static final String MISSING_FIELD_MESSAGE_FORMAT \u003d \"Task\u0027s %s field is missing!\";","lastModifiedDate":"2025-03-19","isFullCredit":false},{"lineNumber":31,"author":{"gitId":"-"},"content":"","lastModifiedDate":"2018-08-13","isFullCredit":false},{"lineNumber":32,"author":{"gitId":"-"},"content":"    private final String name;","lastModifiedDate":"2018-08-13","isFullCredit":false},{"lineNumber":33,"author":{"gitId":"-"},"content":"    private final String phone;","lastModifiedDate":"2018-08-13","isFullCredit":false},{"lineNumber":34,"author":{"gitId":"-"},"content":"    private final String email;","lastModifiedDate":"2018-08-13","isFullCredit":false},{"lineNumber":35,"author":{"gitId":"-"},"content":"    private final String telegram;","lastModifiedDate":"2025-03-14","isFullCredit":false},{"lineNumber":36,"author":{"gitId":"-"},"content":"    private final String position;","lastModifiedDate":"2025-03-14","isFullCredit":false},{"lineNumber":37,"author":{"gitId":"-"},"content":"    private final String address;","lastModifiedDate":"2018-08-13","isFullCredit":false},{"lineNumber":38,"author":{"gitId":"-"},"content":"    private final List\u003cJsonAdaptedTag\u003e tags \u003d new ArrayList\u003c\u003e();","lastModifiedDate":"2023-01-09","isFullCredit":false},{"lineNumber":39,"author":{"gitId":"-"},"content":"    private final List\u003cJsonAdaptedSkill\u003e skills \u003d new ArrayList\u003c\u003e();","lastModifiedDate":"2025-03-14","isFullCredit":false},{"lineNumber":40,"author":{"gitId":"-"},"content":"    private final List\u003cJsonAdaptedOther\u003e others \u003d new ArrayList\u003c\u003e();","lastModifiedDate":"2025-03-14","isFullCredit":false},{"lineNumber":41,"author":{"gitId":"-"},"content":"    private final List\u003cJsonAdaptedTask\u003e tasks \u003d new ArrayList\u003c\u003e();","lastModifiedDate":"2025-03-11","isFullCredit":false},{"lineNumber":42,"author":{"gitId":"-"},"content":"","lastModifiedDate":"2018-08-13","isFullCredit":false},{"lineNumber":43,"author":{"gitId":"-"},"content":"    /**","lastModifiedDate":"2018-08-13","isFullCredit":false},{"lineNumber":44,"author":{"gitId":"-"},"content":"     * Constructs a {@code JsonAdaptedPerson} with the given person details.","lastModifiedDate":"2018-08-13","isFullCredit":false},{"lineNumber":45,"author":{"gitId":"-"},"content":"     */","lastModifiedDate":"2018-08-13","isFullCredit":false},{"lineNumber":46,"author":{"gitId":"-"},"content":"    @JsonCreator","lastModifiedDate":"2018-08-13","isFullCredit":false},{"lineNumber":47,"author":{"gitId":"-"},"content":"    public JsonAdaptedPerson(@JsonProperty(\"name\") String name,","lastModifiedDate":"2025-03-14","isFullCredit":false},{"lineNumber":48,"author":{"gitId":"-"},"content":"                             @JsonProperty(\"phone\") String phone,","lastModifiedDate":"2025-03-14","isFullCredit":false},{"lineNumber":49,"author":{"gitId":"-"},"content":"                             @JsonProperty(\"email\") String email,","lastModifiedDate":"2025-03-14","isFullCredit":false},{"lineNumber":50,"author":{"gitId":"-"},"content":"                             @JsonProperty(\"telegram\") String telegram,","lastModifiedDate":"2025-03-14","isFullCredit":false},{"lineNumber":51,"author":{"gitId":"-"},"content":"                             @JsonProperty(\"position\") String position,","lastModifiedDate":"2025-03-14","isFullCredit":false},{"lineNumber":52,"author":{"gitId":"-"},"content":"                             @JsonProperty(\"address\") String address,","lastModifiedDate":"2025-03-14","isFullCredit":false},{"lineNumber":53,"author":{"gitId":"-"},"content":"                             @JsonProperty(\"tags\") List\u003cJsonAdaptedTag\u003e tags,","lastModifiedDate":"2025-03-14","isFullCredit":false},{"lineNumber":54,"author":{"gitId":"-"},"content":"                             @JsonProperty(\"skills\") List\u003cJsonAdaptedSkill\u003e skills,","lastModifiedDate":"2025-03-14","isFullCredit":false},{"lineNumber":55,"author":{"gitId":"-"},"content":"                             @JsonProperty(\"others\") List\u003cJsonAdaptedOther\u003e others,","lastModifiedDate":"2025-03-19","isFullCredit":false},{"lineNumber":56,"author":{"gitId":"-"},"content":"                             @JsonProperty(\"tasks\") List\u003cJsonAdaptedTask\u003e tasks) {","lastModifiedDate":"2025-03-21","isFullCredit":false},{"lineNumber":57,"author":{"gitId":"-"},"content":"        this.name \u003d name;","lastModifiedDate":"2018-08-13","isFullCredit":false},{"lineNumber":58,"author":{"gitId":"-"},"content":"        this.phone \u003d phone;","lastModifiedDate":"2018-08-13","isFullCredit":false},{"lineNumber":59,"author":{"gitId":"-"},"content":"        this.email \u003d email;","lastModifiedDate":"2018-08-13","isFullCredit":false},{"lineNumber":60,"author":{"gitId":"-"},"content":"        this.telegram \u003d telegram;","lastModifiedDate":"2025-03-14","isFullCredit":false},{"lineNumber":61,"author":{"gitId":"-"},"content":"        this.position \u003d position;","lastModifiedDate":"2025-03-14","isFullCredit":false},{"lineNumber":62,"author":{"gitId":"-"},"content":"        this.address \u003d address;","lastModifiedDate":"2018-08-13","isFullCredit":false},{"lineNumber":63,"author":{"gitId":"-"},"content":"        if (tags !\u003d null) {","lastModifiedDate":"2023-01-09","isFullCredit":false},{"lineNumber":64,"author":{"gitId":"-"},"content":"            this.tags.addAll(tags);","lastModifiedDate":"2023-01-09","isFullCredit":false},{"lineNumber":65,"author":{"gitId":"-"},"content":"        }","lastModifiedDate":"2018-08-13","isFullCredit":false},{"lineNumber":66,"author":{"gitId":"-"},"content":"        if (skills !\u003d null) {","lastModifiedDate":"2025-03-14","isFullCredit":false},{"lineNumber":67,"author":{"gitId":"-"},"content":"            this.skills.addAll(skills);","lastModifiedDate":"2025-03-14","isFullCredit":false},{"lineNumber":68,"author":{"gitId":"-"},"content":"        }","lastModifiedDate":"2025-03-14","isFullCredit":false},{"lineNumber":69,"author":{"gitId":"-"},"content":"        if (others !\u003d null) {","lastModifiedDate":"2025-03-14","isFullCredit":false},{"lineNumber":70,"author":{"gitId":"-"},"content":"            this.others.addAll(others);","lastModifiedDate":"2025-03-14","isFullCredit":false},{"lineNumber":71,"author":{"gitId":"-"},"content":"        }","lastModifiedDate":"2025-03-19","isFullCredit":false},{"lineNumber":72,"author":{"gitId":"-"},"content":"        if (tasks !\u003d null) {","lastModifiedDate":"2025-03-11","isFullCredit":false},{"lineNumber":73,"author":{"gitId":"-"},"content":"            this.tasks.addAll(tasks);","lastModifiedDate":"2025-03-11","isFullCredit":false},{"lineNumber":74,"author":{"gitId":"-"},"content":"        }","lastModifiedDate":"2025-03-14","isFullCredit":false},{"lineNumber":75,"author":{"gitId":"-"},"content":"    }","lastModifiedDate":"2018-08-13","isFullCredit":false},{"lineNumber":76,"author":{"gitId":"-"},"content":"","lastModifiedDate":"2018-08-13","isFullCredit":false},{"lineNumber":77,"author":{"gitId":"-"},"content":"    /**","lastModifiedDate":"2018-08-13","isFullCredit":false},{"lineNumber":78,"author":{"gitId":"-"},"content":"     * Converts a given {@code Person} into this class for Jackson use.","lastModifiedDate":"2018-08-13","isFullCredit":false},{"lineNumber":79,"author":{"gitId":"-"},"content":"     */","lastModifiedDate":"2018-08-13","isFullCredit":false},{"lineNumber":80,"author":{"gitId":"-"},"content":"    public JsonAdaptedPerson(Person source) {","lastModifiedDate":"2018-08-13","isFullCredit":false},{"lineNumber":81,"author":{"gitId":"-"},"content":"        name \u003d source.getName().fullName;","lastModifiedDate":"2018-08-13","isFullCredit":false},{"lineNumber":82,"author":{"gitId":"-"},"content":"        phone \u003d source.getPhone().value;","lastModifiedDate":"2018-08-13","isFullCredit":false},{"lineNumber":83,"author":{"gitId":"-"},"content":"        email \u003d source.getEmail().value;","lastModifiedDate":"2018-08-13","isFullCredit":false},{"lineNumber":84,"author":{"gitId":"-"},"content":"        telegram \u003d source.getTelegram().value;","lastModifiedDate":"2025-03-14","isFullCredit":false},{"lineNumber":85,"author":{"gitId":"-"},"content":"        position \u003d source.getPosition().value;","lastModifiedDate":"2025-03-14","isFullCredit":false},{"lineNumber":86,"author":{"gitId":"-"},"content":"        address \u003d source.getAddress().value;","lastModifiedDate":"2018-08-13","isFullCredit":false},{"lineNumber":87,"author":{"gitId":"-"},"content":"        tags.addAll(source.getTags().stream()","lastModifiedDate":"2023-01-09","isFullCredit":false},{"lineNumber":88,"author":{"gitId":"-"},"content":"                .map(JsonAdaptedTag::new)","lastModifiedDate":"2018-08-13","isFullCredit":false},{"lineNumber":89,"author":{"gitId":"-"},"content":"                .collect(Collectors.toList()));","lastModifiedDate":"2018-08-13","isFullCredit":false},{"lineNumber":90,"author":{"gitId":"-"},"content":"        skills.addAll(source.getSkills().stream()","lastModifiedDate":"2025-03-14","isFullCredit":false},{"lineNumber":91,"author":{"gitId":"-"},"content":"                .map(JsonAdaptedSkill::new)","lastModifiedDate":"2025-03-14","isFullCredit":false},{"lineNumber":92,"author":{"gitId":"-"},"content":"                .collect(Collectors.toList()));","lastModifiedDate":"2025-03-14","isFullCredit":false},{"lineNumber":93,"author":{"gitId":"-"},"content":"        others.addAll(source.getOthers().stream()","lastModifiedDate":"2025-03-14","isFullCredit":false},{"lineNumber":94,"author":{"gitId":"-"},"content":"                .map(JsonAdaptedOther::new)","lastModifiedDate":"2025-03-14","isFullCredit":false},{"lineNumber":95,"author":{"gitId":"-"},"content":"                .collect(Collectors.toList()));","lastModifiedDate":"2025-03-19","isFullCredit":false},{"lineNumber":96,"author":{"gitId":"-"},"content":"        tasks.addAll(source.getTasks().stream()","lastModifiedDate":"2025-03-11","isFullCredit":false},{"lineNumber":97,"author":{"gitId":"-"},"content":"                .map(JsonAdaptedTask::new)","lastModifiedDate":"2025-03-11","isFullCredit":false},{"lineNumber":98,"author":{"gitId":"-"},"content":"                .collect(Collectors.toList()));","lastModifiedDate":"2025-03-14","isFullCredit":false},{"lineNumber":99,"author":{"gitId":"-"},"content":"    }","lastModifiedDate":"2018-08-13","isFullCredit":false},{"lineNumber":100,"author":{"gitId":"-"},"content":"","lastModifiedDate":"2018-08-13","isFullCredit":false},{"lineNumber":101,"author":{"gitId":"-"},"content":"    /**","lastModifiedDate":"2018-08-13","isFullCredit":false},{"lineNumber":102,"author":{"gitId":"-"},"content":"     * Converts this Jackson-friendly adapted person object into the model\u0027s {@code Person} object.","lastModifiedDate":"2018-08-13","isFullCredit":false},{"lineNumber":103,"author":{"gitId":"-"},"content":"     *","lastModifiedDate":"2018-08-13","isFullCredit":false},{"lineNumber":104,"author":{"gitId":"-"},"content":"     * @throws IllegalValueException if there were any data constraints violated in the adapted person.","lastModifiedDate":"2018-08-13","isFullCredit":false},{"lineNumber":105,"author":{"gitId":"-"},"content":"     */","lastModifiedDate":"2018-08-13","isFullCredit":false},{"lineNumber":106,"author":{"gitId":"-"},"content":"    public Person toModelType() throws IllegalValueException {","lastModifiedDate":"2018-08-13","isFullCredit":false},{"lineNumber":107,"author":{"gitId":"-"},"content":"        final List\u003cTag\u003e personTags \u003d new ArrayList\u003c\u003e();","lastModifiedDate":"2018-08-13","isFullCredit":false},{"lineNumber":108,"author":{"gitId":"-"},"content":"        for (JsonAdaptedTag tag : tags) {","lastModifiedDate":"2023-01-09","isFullCredit":false},{"lineNumber":109,"author":{"gitId":"-"},"content":"            personTags.add(tag.toModelType());","lastModifiedDate":"2018-08-13","isFullCredit":false},{"lineNumber":110,"author":{"gitId":"-"},"content":"        }","lastModifiedDate":"2018-08-13","isFullCredit":false},{"lineNumber":111,"author":{"gitId":"-"},"content":"","lastModifiedDate":"2018-08-13","isFullCredit":false},{"lineNumber":112,"author":{"gitId":"-"},"content":"        final List\u003cSkill\u003e personSkills \u003d new ArrayList\u003c\u003e();","lastModifiedDate":"2025-03-14","isFullCredit":false},{"lineNumber":113,"author":{"gitId":"-"},"content":"        for (JsonAdaptedSkill skill : skills) {","lastModifiedDate":"2025-03-14","isFullCredit":false},{"lineNumber":114,"author":{"gitId":"-"},"content":"            personSkills.add(skill.toModelType());","lastModifiedDate":"2025-03-14","isFullCredit":false},{"lineNumber":115,"author":{"gitId":"-"},"content":"        }","lastModifiedDate":"2025-03-14","isFullCredit":false},{"lineNumber":116,"author":{"gitId":"-"},"content":"","lastModifiedDate":"2025-03-14","isFullCredit":false},{"lineNumber":117,"author":{"gitId":"-"},"content":"        final List\u003cOther\u003e personOthers \u003d new ArrayList\u003c\u003e();","lastModifiedDate":"2025-03-14","isFullCredit":false},{"lineNumber":118,"author":{"gitId":"-"},"content":"        for (JsonAdaptedOther other : others) {","lastModifiedDate":"2025-03-14","isFullCredit":false},{"lineNumber":119,"author":{"gitId":"-"},"content":"            personOthers.add(other.toModelType());","lastModifiedDate":"2025-03-14","isFullCredit":false},{"lineNumber":120,"author":{"gitId":"-"},"content":"        }","lastModifiedDate":"2025-03-19","isFullCredit":false},{"lineNumber":121,"author":{"gitId":"-"},"content":"","lastModifiedDate":"2025-03-11","isFullCredit":false},{"lineNumber":122,"author":{"gitId":"-"},"content":"        final List\u003cTask\u003e personTasks \u003d new ArrayList\u003c\u003e();","lastModifiedDate":"2025-03-21","isFullCredit":false},{"lineNumber":123,"author":{"gitId":"-"},"content":"        for (JsonAdaptedTask task : tasks) {","lastModifiedDate":"2025-03-11","isFullCredit":false},{"lineNumber":124,"author":{"gitId":"-"},"content":"            personTasks.add(task.toModelType()); // Convert each JsonAdaptedTask to Task","lastModifiedDate":"2025-03-11","isFullCredit":false},{"lineNumber":125,"author":{"gitId":"-"},"content":"        }","lastModifiedDate":"2025-03-14","isFullCredit":false},{"lineNumber":126,"author":{"gitId":"-"},"content":"","lastModifiedDate":"2025-03-14","isFullCredit":false},{"lineNumber":127,"author":{"gitId":"-"},"content":"        if (name \u003d\u003d null) {","lastModifiedDate":"2018-08-13","isFullCredit":false},{"lineNumber":128,"author":{"gitId":"-"},"content":"            throw new IllegalValueException(String.format(MISSING_FIELD_MESSAGE_FORMAT, Name.class.getSimpleName()));","lastModifiedDate":"2018-08-13","isFullCredit":false},{"lineNumber":129,"author":{"gitId":"-"},"content":"        }","lastModifiedDate":"2018-08-13","isFullCredit":false},{"lineNumber":130,"author":{"gitId":"-"},"content":"        if (!Name.isValidName(name)) {","lastModifiedDate":"2018-08-13","isFullCredit":false},{"lineNumber":131,"author":{"gitId":"-"},"content":"            throw new IllegalValueException(Name.MESSAGE_CONSTRAINTS);","lastModifiedDate":"2018-08-13","isFullCredit":false},{"lineNumber":132,"author":{"gitId":"-"},"content":"        }","lastModifiedDate":"2018-08-13","isFullCredit":false},{"lineNumber":133,"author":{"gitId":"-"},"content":"        final Name modelName \u003d new Name(name);","lastModifiedDate":"2018-08-13","isFullCredit":false},{"lineNumber":134,"author":{"gitId":"-"},"content":"","lastModifiedDate":"2018-08-13","isFullCredit":false},{"lineNumber":135,"author":{"gitId":"-"},"content":"        if (phone \u003d\u003d null) {","lastModifiedDate":"2018-08-13","isFullCredit":false},{"lineNumber":136,"author":{"gitId":"-"},"content":"            throw new IllegalValueException(String.format(MISSING_FIELD_MESSAGE_FORMAT, Phone.class.getSimpleName()));","lastModifiedDate":"2018-08-13","isFullCredit":false},{"lineNumber":137,"author":{"gitId":"-"},"content":"        }","lastModifiedDate":"2018-08-13","isFullCredit":false},{"lineNumber":138,"author":{"gitId":"-"},"content":"        if (!Phone.isValidPhone(phone)) {","lastModifiedDate":"2018-08-13","isFullCredit":false},{"lineNumber":139,"author":{"gitId":"-"},"content":"            throw new IllegalValueException(Phone.MESSAGE_CONSTRAINTS);","lastModifiedDate":"2018-08-13","isFullCredit":false},{"lineNumber":140,"author":{"gitId":"-"},"content":"        }","lastModifiedDate":"2018-08-13","isFullCredit":false},{"lineNumber":141,"author":{"gitId":"-"},"content":"        final Phone modelPhone \u003d new Phone(phone);","lastModifiedDate":"2018-08-13","isFullCredit":false},{"lineNumber":142,"author":{"gitId":"-"},"content":"","lastModifiedDate":"2018-08-13","isFullCredit":false},{"lineNumber":143,"author":{"gitId":"-"},"content":"        if (email \u003d\u003d null) {","lastModifiedDate":"2018-08-13","isFullCredit":false},{"lineNumber":144,"author":{"gitId":"-"},"content":"            throw new IllegalValueException(String.format(MISSING_FIELD_MESSAGE_FORMAT, Email.class.getSimpleName()));","lastModifiedDate":"2018-08-13","isFullCredit":false},{"lineNumber":145,"author":{"gitId":"-"},"content":"        }","lastModifiedDate":"2018-08-13","isFullCredit":false},{"lineNumber":146,"author":{"gitId":"-"},"content":"        if (!Email.isValidEmail(email)) {","lastModifiedDate":"2018-08-13","isFullCredit":false},{"lineNumber":147,"author":{"gitId":"-"},"content":"            throw new IllegalValueException(Email.MESSAGE_CONSTRAINTS);","lastModifiedDate":"2018-08-13","isFullCredit":false},{"lineNumber":148,"author":{"gitId":"-"},"content":"        }","lastModifiedDate":"2018-08-13","isFullCredit":false},{"lineNumber":149,"author":{"gitId":"-"},"content":"        final Email modelEmail \u003d new Email(email);","lastModifiedDate":"2018-08-13","isFullCredit":false},{"lineNumber":150,"author":{"gitId":"-"},"content":"","lastModifiedDate":"2018-08-13","isFullCredit":false},{"lineNumber":151,"author":{"gitId":"-"},"content":"        if (telegram \u003d\u003d null) {","lastModifiedDate":"2025-03-14","isFullCredit":false},{"lineNumber":152,"author":{"gitId":"-"},"content":"            throw new IllegalValueException(String.format(MISSING_FIELD_MESSAGE_FORMAT,","lastModifiedDate":"2025-03-14","isFullCredit":false},{"lineNumber":153,"author":{"gitId":"-"},"content":"                    Telegram.class.getSimpleName()));","lastModifiedDate":"2025-03-14","isFullCredit":false},{"lineNumber":154,"author":{"gitId":"-"},"content":"        }","lastModifiedDate":"2025-03-14","isFullCredit":false},{"lineNumber":155,"author":{"gitId":"-"},"content":"        if (!Telegram.isValidTelegram(telegram)) {","lastModifiedDate":"2025-03-14","isFullCredit":false},{"lineNumber":156,"author":{"gitId":"-"},"content":"            throw new IllegalValueException(Telegram.MESSAGE_CONSTRAINTS);","lastModifiedDate":"2025-03-14","isFullCredit":false},{"lineNumber":157,"author":{"gitId":"-"},"content":"        }","lastModifiedDate":"2025-03-14","isFullCredit":false},{"lineNumber":158,"author":{"gitId":"-"},"content":"        final Telegram modelTelegram \u003d new Telegram(telegram);","lastModifiedDate":"2025-03-14","isFullCredit":false},{"lineNumber":159,"author":{"gitId":"-"},"content":"","lastModifiedDate":"2025-03-14","isFullCredit":false},{"lineNumber":160,"author":{"gitId":"-"},"content":"        if (position \u003d\u003d null) {","lastModifiedDate":"2025-03-14","isFullCredit":false},{"lineNumber":161,"author":{"gitId":"-"},"content":"            throw new IllegalValueException(String.format(MISSING_FIELD_MESSAGE_FORMAT,","lastModifiedDate":"2025-03-14","isFullCredit":false},{"lineNumber":162,"author":{"gitId":"-"},"content":"                    Position.class.getSimpleName()));","lastModifiedDate":"2025-03-14","isFullCredit":false},{"lineNumber":163,"author":{"gitId":"-"},"content":"        }","lastModifiedDate":"2025-03-14","isFullCredit":false},{"lineNumber":164,"author":{"gitId":"-"},"content":"        final Position modelPosition \u003d new Position(position);","lastModifiedDate":"2025-03-14","isFullCredit":false},{"lineNumber":165,"author":{"gitId":"-"},"content":"","lastModifiedDate":"2025-03-14","isFullCredit":false},{"lineNumber":166,"author":{"gitId":"-"},"content":"        if (address \u003d\u003d null) {","lastModifiedDate":"2018-08-13","isFullCredit":false},{"lineNumber":167,"author":{"gitId":"-"},"content":"            throw new IllegalValueException(String.format(MISSING_FIELD_MESSAGE_FORMAT, Address.class.getSimpleName()));","lastModifiedDate":"2018-08-13","isFullCredit":false},{"lineNumber":168,"author":{"gitId":"-"},"content":"        }","lastModifiedDate":"2018-08-13","isFullCredit":false},{"lineNumber":169,"author":{"gitId":"-"},"content":"        if (!Address.isValidAddress(address)) {","lastModifiedDate":"2018-08-13","isFullCredit":false},{"lineNumber":170,"author":{"gitId":"-"},"content":"            throw new IllegalValueException(Address.MESSAGE_CONSTRAINTS);","lastModifiedDate":"2018-08-13","isFullCredit":false},{"lineNumber":171,"author":{"gitId":"-"},"content":"        }","lastModifiedDate":"2018-08-13","isFullCredit":false},{"lineNumber":172,"author":{"gitId":"-"},"content":"        final Address modelAddress \u003d new Address(address);","lastModifiedDate":"2018-08-13","isFullCredit":false},{"lineNumber":173,"author":{"gitId":"-"},"content":"","lastModifiedDate":"2018-08-13","isFullCredit":false},{"lineNumber":174,"author":{"gitId":"-"},"content":"        final Set\u003cTag\u003e modelTags \u003d new HashSet\u003c\u003e(personTags);","lastModifiedDate":"2018-08-13","isFullCredit":false},{"lineNumber":175,"author":{"gitId":"-"},"content":"        final Set\u003cSkill\u003e modelSkills \u003d new HashSet\u003c\u003e(personSkills);","lastModifiedDate":"2025-03-14","isFullCredit":false},{"lineNumber":176,"author":{"gitId":"-"},"content":"        final Set\u003cOther\u003e modelOthers \u003d new HashSet\u003c\u003e(personOthers);","lastModifiedDate":"2025-03-14","isFullCredit":false},{"lineNumber":177,"author":{"gitId":"-"},"content":"        // Provide a default task status string, e.g., \"not started\"","lastModifiedDate":"2025-03-21","isFullCredit":false},{"lineNumber":178,"author":{"gitId":"bkkuan"},"content":"        String defaultTaskStatus \u003d \"yet to start\";","lastModifiedDate":"2025-04-05","isFullCredit":false},{"lineNumber":179,"author":{"gitId":"-"},"content":"        return new Person(modelName, modelPhone, modelEmail, modelTelegram, modelPosition, modelAddress, modelTags,","lastModifiedDate":"2025-03-14","isFullCredit":false},{"lineNumber":180,"author":{"gitId":"-"},"content":"                modelSkills, modelOthers, defaultTaskStatus, personTasks);","lastModifiedDate":"2025-03-21","isFullCredit":false},{"lineNumber":181,"author":{"gitId":"-"},"content":"    }","lastModifiedDate":"2018-08-13","isFullCredit":false},{"lineNumber":182,"author":{"gitId":"-"},"content":"}","lastModifiedDate":"2018-08-13","isFullCredit":false}],"authorContributionMap":{"bkkuan":1,"-":181}}]
