{"authorDailyContributionsMap":{"bkkuan":[{"date":"2025-04-05","commitResults":[{"hash":"90d165fa9229f9f3c6a16acaee392a9a83596b08","isMergeCommit":false,"messageTitle":"refactor(parser): remove unnecessary ReportCommandParser and simplify logic","messageBody":"","fileTypesAndContributionMap":{"functional-code":{"insertions":1,"deletions":15}}},{"hash":"996a38d4e64af8d33670fa7df2d209c59b6af548","isMergeCommit":true,"messageTitle":"Merge pull request #298 from bkkuan/remove_class","messageBody":"remove unnecessary ReportCommandParser and simplify logic","fileTypesAndContributionMap":{}}]}],"mingshan2705":[],"Jeremiah33-3":[],"wilsonsfh":[],"awc1116":[]},"authorFileTypeContributionMap":{"bkkuan":{"docs":0,"functional-code":1,"test-code":0},"mingshan2705":{"docs":0,"functional-code":0,"test-code":0},"Jeremiah33-3":{"docs":0,"functional-code":0,"test-code":0},"wilsonsfh":{"docs":0,"functional-code":0,"test-code":0},"awc1116":{"docs":0,"functional-code":0,"test-code":0}},"authorContributionVariance":{"bkkuan":0.0,"mingshan2705":0.0,"Jeremiah33-3":0.0,"wilsonsfh":0.0,"awc1116":0.0},"authorDisplayNameMap":{"bkkuan":"CS2103-F09-4 KUAN..RYAN","mingshan2705":"CS2103-F09-4 TANG..SHAN","Jeremiah33-3":"CS2103-F09-4 WEI ..NYUE","wilsonsfh":"CS2103-F09-4 SOON..LSON","awc1116":"CS2103-F09-4 ANG ..HENG"}}
