{"authorDailyContributionsMap":{"coffeemocha":[{"date":"2025-04-07","commitResults":[{"hash":"309ae117e0f9ae5102f757d0a0422235208afd35","isMergeCommit":false,"messageTitle":"Update sample test data","messageBody":"","fileTypesAndContributionMap":{"functional-code":{"insertions":27,"deletions":39}}},{"hash":"6525a01f18c494633a8cb47e43a519934f6b4913","isMergeCommit":false,"messageTitle":"Update Userguide glossary section","messageBody":"","fileTypesAndContributionMap":{"docs":{"insertions":20,"deletions":0}}},{"hash":"ec87e1f472001ee61ce3bcbe1d36e63a9ae2e072","isMergeCommit":false,"messageTitle":"Update effort section of DG","messageBody":"","fileTypesAndContributionMap":{"docs":{"insertions":25,"deletions":0}}}]}],"jniaorx":[{"date":"2025-04-06","commitResults":[{"hash":"3ed2b842c3c4410b83ad158945893c7f6ab9a1ae","isMergeCommit":false,"messageTitle":"Make role field uneditable for patients","messageBody":"","fileTypesAndContributionMap":{"functional-code":{"insertions":25,"deletions":26}}},{"hash":"d6bd7a8fe6bcde4ee1778dafca4a8444f944db6b","isMergeCommit":false,"messageTitle":"Refine edit command such that NOK\u0027s phone cannot be the same as Patient\u0027s phone","messageBody":"","fileTypesAndContributionMap":{"functional-code":{"insertions":4,"deletions":0}}}]}],"nja99":[{"date":"2025-04-06","commitResults":[{"hash":"8a44ab6ad7d947ef672f747c38ef013a8947cf54","isMergeCommit":false,"messageTitle":"Fix UI Truncation and ContentPanel Issues","messageBody":"","fileTypesAndContributionMap":{"functional-code":{"insertions":50,"deletions":28}}},{"hash":"54d13323263f6132695f0fa8f42ca50bd40037d2","isMergeCommit":false,"messageTitle":"Fix Output Message for ResultDisplay","messageBody":"","fileTypesAndContributionMap":{"functional-code":{"insertions":9,"deletions":12}}},{"hash":"ff71042ecd7338956b1563353886d29b3f2e98ee","isMergeCommit":false,"messageTitle":"Resolve Multiple User Input / Message Output Issues","messageBody":"","fileTypesAndContributionMap":{"functional-code":{"insertions":6,"deletions":4},"test-code":{"insertions":2,"deletions":2}}},{"hash":"860a06f316e16c7d7d1be773ff340c6d0b76d035","isMergeCommit":true,"messageTitle":"Merge pull request #256 from yuqing-tham/fix-finddep-bug","messageBody":"Account for spacing in find commands","fileTypesAndContributionMap":{}},{"hash":"851cfa272c50cfcbea6a7a7d544b17a2ddfddace","isMergeCommit":true,"messageTitle":"Merge pull request #257 from jniaorx/refine-edit-command","messageBody":"Make role field uneditable for patients","fileTypesAndContributionMap":{}},{"hash":"bb88f428fa0292a5c34fa1f4b034603b936a0046","isMergeCommit":false,"messageTitle":"Bug Fix: Issue with selected person being unselected","messageBody":"","fileTypesAndContributionMap":{"functional-code":{"insertions":4,"deletions":7}}},{"hash":"ba5d75a9ec44677595a366ed1188357ace325dfc","isMergeCommit":true,"messageTitle":"Merge pull request #254 from Siyan-G/branch-bug-fixes","messageBody":"bug fixes for PE-D","fileTypesAndContributionMap":{}}]},{"date":"2025-04-07","commitResults":[{"hash":"b6e4845e1c4e33f588a1550efa2cfdb1f737f67c","isMergeCommit":false,"messageTitle":"Bug Fix: Clear ContentPanel if \"Selected\" person is \"Deleted\"","messageBody":"","fileTypesAndContributionMap":{"functional-code":{"insertions":15,"deletions":13},"test-code":{"insertions":1,"deletions":1}}},{"hash":"68ccedddf5d72746890314a6b73a8f4bff745580","isMergeCommit":false,"messageTitle":"Refactor Extensions.css to Styles.css","messageBody":"","fileTypesAndContributionMap":{"functional-code":{"insertions":2,"deletions":2},"other":{"insertions":0,"deletions":0}}},{"hash":"d03a1aa8d9de655e410863575f5a1cb2d0fa1991","isMergeCommit":true,"messageTitle":"Merge pull request #266 from Siyan-G/branch-update-DG-1.6","messageBody":"Update DG and UG","fileTypesAndContributionMap":{}}]}],"Siyan-G":[{"date":"2025-04-05","commitResults":[{"hash":"5c685b4d604d94f8e3103df5c57f9437051807dd","isMergeCommit":false,"messageTitle":"Fix name to within 66 char with certain special chars","messageBody":"","fileTypesAndContributionMap":{"functional-code":{"insertions":4,"deletions":3}}},{"hash":"62414e5147051446bb01482a53527cf26809a3de","isMergeCommit":false,"messageTitle":"Fix phone number to only allow 8 digits","messageBody":"","fileTypesAndContributionMap":{"functional-code":{"insertions":2,"deletions":2}}},{"hash":"61ebbaf43b6e4541e99bfeb2b91f21263e679212","isMergeCommit":false,"messageTitle":"Remove duplicate trim","messageBody":"","fileTypesAndContributionMap":{"functional-code":{"insertions":1,"deletions":1}}},{"hash":"e8b5a848cb7157ffabcba009f1a53468ea3e0a5d","isMergeCommit":false,"messageTitle":"Fix department input to 50 char with special chars","messageBody":"","fileTypesAndContributionMap":{"functional-code":{"insertions":5,"deletions":4}}},{"hash":"fcf96a1690a7934d5ff2e8b9e7ebfbc733b026b8","isMergeCommit":false,"messageTitle":"Do not allow duplicate param identifier in addpatient","messageBody":"","fileTypesAndContributionMap":{"functional-code":{"insertions":2,"deletions":2}}},{"hash":"312b37b38917a2585c382e0a5c90b2e2534421a3","isMergeCommit":false,"messageTitle":"Do not allow duplicate param identifier in addstaff","messageBody":"","fileTypesAndContributionMap":{"functional-code":{"insertions":2,"deletions":2}}},{"hash":"3bb392e0a1ff3f8706985f0ae3a98be501536f03","isMergeCommit":false,"messageTitle":"Fix phone constraint","messageBody":"","fileTypesAndContributionMap":{"functional-code":{"insertions":3,"deletions":3}}},{"hash":"06be1b26cf2bb4c9d8737dc1f5dc7cd1a762b348","isMergeCommit":false,"messageTitle":"Clearer message usage","messageBody":"","fileTypesAndContributionMap":{"functional-code":{"insertions":21,"deletions":10}}},{"hash":"a2b3ce9a96cfd8c830039d1344c30a370b155878","isMergeCommit":false,"messageTitle":"To not allow only number in name","messageBody":"","fileTypesAndContributionMap":{"functional-code":{"insertions":4,"deletions":2}}},{"hash":"2149bdd43d184e148e0819b7d512ac1bca8f4382","isMergeCommit":false,"messageTitle":"Fix missing space","messageBody":"","fileTypesAndContributionMap":{"functional-code":{"insertions":2,"deletions":2}}}]},{"date":"2025-04-06","commitResults":[{"hash":"a87bfb71ea5205802bc1558bf511a3be354586bf","isMergeCommit":false,"messageTitle":"Fix domain label in email","messageBody":"","fileTypesAndContributionMap":{"functional-code":{"insertions":2,"deletions":2}}},{"hash":"6349dd6683fe8b09c8c5c20c4603c8d7b50cc319","isMergeCommit":false,"messageTitle":"Modify how names are checked","messageBody":"","fileTypesAndContributionMap":{"functional-code":{"insertions":3,"deletions":1}}},{"hash":"524cb6996596a03e07ea46c5a6c1f58adb22ccfb","isMergeCommit":false,"messageTitle":"Fix checkstyle","messageBody":"","fileTypesAndContributionMap":{"functional-code":{"insertions":2,"deletions":3}}},{"hash":"8dd3b3397a57c96dbd5929f9eba686efe5b9fd9c","isMergeCommit":false,"messageTitle":"Fix test coverage due to above changes","messageBody":"","fileTypesAndContributionMap":{"test-code":{"insertions":38,"deletions":44}}},{"hash":"b7097f9f75290579bab6b75c0ef20a9eadf70672","isMergeCommit":false,"messageTitle":"Fix Ui","messageBody":"","fileTypesAndContributionMap":{"functional-code":{"insertions":21,"deletions":117}}},{"hash":"d3240531b0f32917ce580a9e6ee731583c27c115","isMergeCommit":false,"messageTitle":"Fix duplicate contact message","messageBody":"","fileTypesAndContributionMap":{"functional-code":{"insertions":2,"deletions":2}}},{"hash":"30d8ef3429535497b6f31bdc634a09b60a5b3db9","isMergeCommit":false,"messageTitle":"Do not allow phone same as nok phone","messageBody":"","fileTypesAndContributionMap":{"functional-code":{"insertions":3,"deletions":0}}},{"hash":"c18a0dd2165a7ad55dbc53828f88b6c4df9754f8","isMergeCommit":false,"messageTitle":"Fix test coverage","messageBody":"","fileTypesAndContributionMap":{"test-code":{"insertions":2,"deletions":2}}},{"hash":"df01680338d45cef78b13579f3b76f1341f53afc","isMergeCommit":false,"messageTitle":"Modify email usage message","messageBody":"","fileTypesAndContributionMap":{"functional-code":{"insertions":1,"deletions":1}}},{"hash":"9b28c3015857a6119be2e88b82551523d9465234","isMergeCommit":true,"messageTitle":"Merge branch \u0027master\u0027 into update-userinterface","messageBody":"","fileTypesAndContributionMap":{}},{"hash":"8ee4ef4bde502edced86587eb2646425faf92ef3","isMergeCommit":true,"messageTitle":"Merge branch \u0027master\u0027 into branch-bug-fixes","messageBody":"","fileTypesAndContributionMap":{}},{"hash":"cb4d72472f93badfdb8959cd18e83e9fa023f307","isMergeCommit":false,"messageTitle":"Allow special chars in department","messageBody":"","fileTypesAndContributionMap":{"functional-code":{"insertions":3,"deletions":4}}},{"hash":"1a9dc4ffa309c5a59acb1e850d274ead44ebd471","isMergeCommit":true,"messageTitle":"Merge pull request #258 from yuqing-tham/branch-fix-UG-PED-bugs","messageBody":"Fix 2 UG bugs","fileTypesAndContributionMap":{}},{"hash":"efe6a2f4b16e675eaa7a21d4c482c21a0398d3d1","isMergeCommit":true,"messageTitle":"Merge pull request #259 from yuqing-tham/fix-inconsistent-command-format","messageBody":"Fix inconsistent format in commands in UG","fileTypesAndContributionMap":{}},{"hash":"301b9e0257e9847d05c774dd513e1d0e14a7564d","isMergeCommit":true,"messageTitle":"Merge pull request #260 from nja99/update-userinterface","messageBody":"Bug Fix: Issue with \"Selected\" Person being \"Unselected\" on edits","fileTypesAndContributionMap":{}}]},{"date":"2025-04-07","commitResults":[{"hash":"0b0d39a540098df8be7e80a7d9674ff5349a605b","isMergeCommit":true,"messageTitle":"Merge pull request #261 from nja99/update-userinterface","messageBody":"Bug Fix: Clear ContentPanel if \"Selected\" person is \"Deleted\"","fileTypesAndContributionMap":{}},{"hash":"a49632401bcc94ef55c774012c4dbeceaf6031aa","isMergeCommit":true,"messageTitle":"Merge pull request #262 from coffeemocha/update-sampletestdata","messageBody":"","fileTypesAndContributionMap":{}},{"hash":"27c69452f466896895b39b283776257a73972ba4","isMergeCommit":false,"messageTitle":"Fix format of user stories table","messageBody":"","fileTypesAndContributionMap":{"docs":{"insertions":15,"deletions":15}}},{"hash":"c922e56786d5d58a862c1395e5d94ec4c8c1c8e0","isMergeCommit":false,"messageTitle":"Fix use cases","messageBody":"","fileTypesAndContributionMap":{"docs":{"insertions":69,"deletions":73}}},{"hash":"95fa2702c5bfbbea9ecaf5f3c852f9fe86923179","isMergeCommit":false,"messageTitle":"Add planned enhancements","messageBody":"","fileTypesAndContributionMap":{"docs":{"insertions":25,"deletions":0}}},{"hash":"6a4685dd23c79c996d6eb1b36e01452df7286f38","isMergeCommit":false,"messageTitle":"Add known issues","messageBody":"","fileTypesAndContributionMap":{"docs":{"insertions":2,"deletions":0}}},{"hash":"6f4a58c8a4bf181e798d37588c0e2ac3138cdcfa","isMergeCommit":true,"messageTitle":"Merge pull request #263 from yuqing-tham/update-DG","messageBody":"Add to acknowledgements and glossary in UG","fileTypesAndContributionMap":{}},{"hash":"72d3437cddeabd666c5d9df30ba749db48734c90","isMergeCommit":true,"messageTitle":"Merge pull request #264 from coffeemocha/update-DG-Glossary","messageBody":"Update Userguide glossary section","fileTypesAndContributionMap":{}},{"hash":"d52aafbc58e1bcf98349f9b91bc5fab5709a4510","isMergeCommit":false,"messageTitle":"Add team size in DG","messageBody":"","fileTypesAndContributionMap":{"docs":{"insertions":1,"deletions":0}}},{"hash":"0fcaeaaa9776933859fae0dc4317f4455d07c4e4","isMergeCommit":true,"messageTitle":"Merge pull request #265 from coffeemocha/update-DG-Effort","messageBody":"Update effort section of DG","fileTypesAndContributionMap":{}},{"hash":"35c709af47da8870d0c1ad8793bee1e604e27cff","isMergeCommit":true,"messageTitle":"Merge branch \u0027master\u0027 into branch-update-DG-1.6","messageBody":"","fileTypesAndContributionMap":{}},{"hash":"292ecc29de05a9d27817f55375aeb9bd0b6f283f","isMergeCommit":true,"messageTitle":"Merge pull request #267 from nja99/update-userinterface","messageBody":"","fileTypesAndContributionMap":{}}]}],"yuqing-tham":[{"date":"2025-04-06","commitResults":[{"hash":"dff12801c0b15e68c3db7fd55105ee0ee9b1adbd","isMergeCommit":false,"messageTitle":"Account for spacing in find commands","messageBody":"","fileTypesAndContributionMap":{"functional-code":{"insertions":6,"deletions":1}}},{"hash":"f5bb10611047d28abaa3d0639b8dcf7120a406b0","isMergeCommit":false,"messageTitle":"Fix failing testcases issue","messageBody":"","fileTypesAndContributionMap":{"functional-code":{"insertions":1,"deletions":1}}},{"hash":"e2dff2934d583d42cfc9dcb1526ce444d6b92eae","isMergeCommit":false,"messageTitle":"Fix 2 UG bugs","messageBody":"","fileTypesAndContributionMap":{"docs":{"insertions":21,"deletions":19}}},{"hash":"aa0e5af2199487c2da350abd167bf0a277858bd2","isMergeCommit":true,"messageTitle":"Merge pull request #255 from nja99/update-userinterface","messageBody":"Bug Fix: UI Truncation, Message Display","fileTypesAndContributionMap":{}},{"hash":"fe3a14936c6628a29be55fae1bf8705ccb0b151c","isMergeCommit":false,"messageTitle":"Fix inconsistent format in commands in UG","messageBody":"","fileTypesAndContributionMap":{"docs":{"insertions":3,"deletions":3}}},{"hash":"07c1b1290b82c561fc6513bdca26da93ba220837","isMergeCommit":true,"messageTitle":"Resolve merge conflicts","messageBody":"","fileTypesAndContributionMap":{}}]},{"date":"2025-04-07","commitResults":[{"hash":"b4e515630ae0af1f11c5e9cdcf7c17a69b44f085","isMergeCommit":false,"messageTitle":"Add to acknowledgements and glossary in UG","messageBody":"","fileTypesAndContributionMap":{"docs":{"insertions":7,"deletions":7}}}]}]},"authorFileTypeContributionMap":{"coffeemocha":{"docs":41,"functional-code":26,"test-code":0},"jniaorx":{"docs":0,"functional-code":24,"test-code":0},"nja99":{"docs":0,"functional-code":77,"test-code":3},"Siyan-G":{"docs":99,"functional-code":67,"test-code":41},"yuqing-tham":{"docs":29,"functional-code":6,"test-code":0}},"authorContributionVariance":{"coffeemocha":2738.0,"jniaorx":672.22217,"nja99":2736.8887,"Siyan-G":5434.889,"yuqing-tham":544.6667},"authorDisplayNameMap":{"coffeemocha":"CS2103T-T12-2 QUEK.. HAO","jniaorx":"CS2103T-T12-2 JANE.. XIN","nja99":"CS2103T-T12-2 NG J..N AN","Siyan-G":"CS2103T-T12-2 GUO ..IYAN","yuqing-tham":"CS2103T-T12-2 THAM..QING"}}
