{"authorDailyContributionsMap":{"coffeemocha":[],"jniaorx":[{"date":"2025-04-06","commitResults":[{"hash":"3ed2b842c3c4410b83ad158945893c7f6ab9a1ae","isMergeCommit":false,"messageTitle":"Make role field uneditable for patients","messageBody":"","fileTypesAndContributionMap":{"functional-code":{"insertions":25,"deletions":26}}},{"hash":"d6bd7a8fe6bcde4ee1778dafca4a8444f944db6b","isMergeCommit":false,"messageTitle":"Refine edit command such that NOK\u0027s phone cannot be the same as Patient\u0027s phone","messageBody":"","fileTypesAndContributionMap":{"functional-code":{"insertions":4,"deletions":0}}}]}],"nja99":[{"date":"2025-04-06","commitResults":[{"hash":"8a44ab6ad7d947ef672f747c38ef013a8947cf54","isMergeCommit":false,"messageTitle":"Fix UI Truncation and ContentPanel Issues","messageBody":"","fileTypesAndContributionMap":{"functional-code":{"insertions":50,"deletions":28}}},{"hash":"54d13323263f6132695f0fa8f42ca50bd40037d2","isMergeCommit":false,"messageTitle":"Fix Output Message for ResultDisplay","messageBody":"","fileTypesAndContributionMap":{"functional-code":{"insertions":9,"deletions":12}}},{"hash":"ff71042ecd7338956b1563353886d29b3f2e98ee","isMergeCommit":false,"messageTitle":"Resolve Multiple User Input / Message Output Issues","messageBody":"","fileTypesAndContributionMap":{"functional-code":{"insertions":6,"deletions":4},"test-code":{"insertions":2,"deletions":2}}},{"hash":"860a06f316e16c7d7d1be773ff340c6d0b76d035","isMergeCommit":true,"messageTitle":"Merge pull request #256 from yuqing-tham/fix-finddep-bug","messageBody":"Account for spacing in find commands","fileTypesAndContributionMap":{}},{"hash":"851cfa272c50cfcbea6a7a7d544b17a2ddfddace","isMergeCommit":true,"messageTitle":"Merge pull request #257 from jniaorx/refine-edit-command","messageBody":"Make role field uneditable for patients","fileTypesAndContributionMap":{}}]}],"Siyan-G":[{"date":"2025-04-06","commitResults":[{"hash":"9b28c3015857a6119be2e88b82551523d9465234","isMergeCommit":true,"messageTitle":"Merge branch \u0027master\u0027 into update-userinterface","messageBody":"","fileTypesAndContributionMap":{}},{"hash":"1a9dc4ffa309c5a59acb1e850d274ead44ebd471","isMergeCommit":true,"messageTitle":"Merge pull request #258 from yuqing-tham/branch-fix-UG-PED-bugs","messageBody":"Fix 2 UG bugs","fileTypesAndContributionMap":{}},{"hash":"efe6a2f4b16e675eaa7a21d4c482c21a0398d3d1","isMergeCommit":true,"messageTitle":"Merge pull request #259 from yuqing-tham/fix-inconsistent-command-format","messageBody":"Fix inconsistent format in commands in UG","fileTypesAndContributionMap":{}}]}],"yuqing-tham":[{"date":"2025-04-06","commitResults":[{"hash":"dff12801c0b15e68c3db7fd55105ee0ee9b1adbd","isMergeCommit":false,"messageTitle":"Account for spacing in find commands","messageBody":"","fileTypesAndContributionMap":{"functional-code":{"insertions":6,"deletions":1}}},{"hash":"f5bb10611047d28abaa3d0639b8dcf7120a406b0","isMergeCommit":false,"messageTitle":"Fix failing testcases issue","messageBody":"","fileTypesAndContributionMap":{"functional-code":{"insertions":1,"deletions":1}}},{"hash":"e2dff2934d583d42cfc9dcb1526ce444d6b92eae","isMergeCommit":false,"messageTitle":"Fix 2 UG bugs","messageBody":"","fileTypesAndContributionMap":{"docs":{"insertions":21,"deletions":19}}},{"hash":"aa0e5af2199487c2da350abd167bf0a277858bd2","isMergeCommit":true,"messageTitle":"Merge pull request #255 from nja99/update-userinterface","messageBody":"Bug Fix: UI Truncation, Message Display","fileTypesAndContributionMap":{}},{"hash":"fe3a14936c6628a29be55fae1bf8705ccb0b151c","isMergeCommit":false,"messageTitle":"Fix inconsistent format in commands in UG","messageBody":"","fileTypesAndContributionMap":{"docs":{"insertions":3,"deletions":3}}},{"hash":"07c1b1290b82c561fc6513bdca26da93ba220837","isMergeCommit":true,"messageTitle":"Resolve merge conflicts","messageBody":"","fileTypesAndContributionMap":{}}]}]},"authorFileTypeContributionMap":{"coffeemocha":{"docs":0,"functional-code":0,"test-code":0},"jniaorx":{"docs":0,"functional-code":24,"test-code":0},"nja99":{"docs":0,"functional-code":65,"test-code":2},"Siyan-G":{"docs":0,"functional-code":0,"test-code":0},"yuqing-tham":{"docs":22,"functional-code":6,"test-code":0}},"authorContributionVariance":{"coffeemocha":0.0,"jniaorx":756.25,"nja99":3192.25,"Siyan-G":0.0,"yuqing-tham":756.25},"authorDisplayNameMap":{"coffeemocha":"CS2103T-T12-2 QUEK.. HAO","jniaorx":"CS2103T-T12-2 JANE.. XIN","nja99":"CS2103T-T12-2 NG J..N AN","Siyan-G":"CS2103T-T12-2 GUO ..IYAN","yuqing-tham":"CS2103T-T12-2 THAM..QING"}}
