{"authorDailyContributionsMap":{"cscms03":[],"WilkinsAng":[{"date":"2025-04-07","commitResults":[{"hash":"e925dcc5413cbe8e7eea04ad4af6df95b3a371a8","isMergeCommit":true,"messageTitle":"Merge pull request #256 from kimseunghyun-kr/UG","messageBody":"Ug : import edit clarification","fileTypesAndContributionMap":{}}]}],"kimseunghyun-kr":[{"date":"2025-04-05","commitResults":[{"hash":"8df5aa67a11077a7ee90781c51977c0a2eb469c9","isMergeCommit":true,"messageTitle":"Edit: rebased onto master","messageBody":"","fileTypesAndContributionMap":{}},{"hash":"26716c5fc4b5ef3e5c18a5f297dc16cd7bda06b8","isMergeCommit":false,"messageTitle":"Add : UG addition for import:","messageBody":"","fileTypesAndContributionMap":{"docs":{"insertions":123,"deletions":85}}},{"hash":"6eae4f5d6084f32ace42edbb7b369abe8abf8a4a","isMergeCommit":false,"messageTitle":"Edit : removed hint spacing","messageBody":"","fileTypesAndContributionMap":{"functional-code":{"insertions":1,"deletions":1},"docs":{"insertions":3,"deletions":3}}},{"hash":"d6e8aee068e3d7b730f3c4c309514bf18a7d07e7","isMergeCommit":false,"messageTitle":"Edit : made clear how to locate index in deleteAnni","messageBody":"","fileTypesAndContributionMap":{"docs":{"insertions":2,"deletions":3}}},{"hash":"63326a4828b6ea9b55673f88120a8b4819ba1480","isMergeCommit":false,"messageTitle":"Edit : made clear how to locate index in deleteAnni","messageBody":"","fileTypesAndContributionMap":{"docs":{"insertions":3,"deletions":3}}},{"hash":"9fbaa452beae2b651475d59719505a1c7eb95b03","isMergeCommit":false,"messageTitle":"Edit : made clear how to locate index in deleteAnni","messageBody":"","fileTypesAndContributionMap":{"docs":{"insertions":1,"deletions":0}}}]},{"date":"2025-04-06","commitResults":[{"hash":"45204a7dfeb9cfeca07911f5f446fdb66cb4ba37","isMergeCommit":false,"messageTitle":"Edit : enabled undo support to import command","messageBody":"","fileTypesAndContributionMap":{"functional-code":{"insertions":1,"deletions":0}}},{"hash":"a48a19d4833d7c04e2d2c72018862191efb89d1c","isMergeCommit":false,"messageTitle":"Edit : removed immutable from import","messageBody":"","fileTypesAndContributionMap":{"docs":{"insertions":1,"deletions":1}}},{"hash":"c9c874f63ba1b7d6aad21d518e2e0380b4214a83","isMergeCommit":false,"messageTitle":"Update docs/UserGuide.md","messageBody":"Co-authored-by: Copilot \u003c175728472+Copilot@users.noreply.github.com\u003e","fileTypesAndContributionMap":{"docs":{"insertions":1,"deletions":2}}},{"hash":"b132a32e8bef92d5a474b03a6fcb18698a79a36c","isMergeCommit":false,"messageTitle":"Update docs/UserGuide.md","messageBody":"Co-authored-by: Copilot \u003c175728472+Copilot@users.noreply.github.com\u003e","fileTypesAndContributionMap":{"docs":{"insertions":1,"deletions":1}}}]}],"Wailydest":[],"Terentwc":[]},"authorFileTypeContributionMap":{"cscms03":{"docs":0,"functional-code":147,"test-code":0},"WilkinsAng":{"docs":0,"functional-code":0,"test-code":0},"kimseunghyun-kr":{"docs":100,"functional-code":1,"test-code":0},"Wailydest":{"docs":0,"functional-code":0,"test-code":0},"Terentwc":{"docs":0,"functional-code":0,"test-code":0}},"authorContributionVariance":{"cscms03":0.0,"WilkinsAng":0.0,"kimseunghyun-kr":11160.89,"Wailydest":0.0,"Terentwc":0.0},"authorDisplayNameMap":{"cscms03":"CS2103T-F12-4 CHOI..SEOK","WilkinsAng":"CS2103T-F12-4 ANG ..JIAN","kimseunghyun-kr":"CS2103T-F12-4 KIM ..HYUN","Wailydest":"CS2103T-F12-4 YANU..OMAN","Terentwc":"CS2103T-F12-4 TERE..HENG"}}
