{"authorDailyContributionsMap":{"cscms03":[],"WilkinsAng":[{"date":"2025-04-05","commitResults":[{"hash":"1a59abff018d135a067753af360d71c52a410d6d","isMergeCommit":false,"messageTitle":"Add warning message in Add person/anni","messageBody":"","fileTypesAndContributionMap":{"functional-code":{"insertions":16,"deletions":7}}}]},{"date":"2025-04-06","commitResults":[{"hash":"858b49f168c0ddec542be5819d3238a927aef0d5","isMergeCommit":false,"messageTitle":"Update Validation for jp","messageBody":"","fileTypesAndContributionMap":{"functional-code":{"insertions":5,"deletions":3},"docs":{"insertions":72,"deletions":44}}},{"hash":"ad2c4f0b5603d5291d13c127f5c7ca7a6de88aeb","isMergeCommit":false,"messageTitle":"Update name to allow /@\u0027-","messageBody":"","fileTypesAndContributionMap":{"functional-code":{"insertions":2,"deletions":2}}}]},{"date":"2025-04-07","commitResults":[{"hash":"11a3fcebff376ac532b22080627fa2fa1495f02f","isMergeCommit":false,"messageTitle":"Update Tag Regex","messageBody":"","fileTypesAndContributionMap":{"functional-code":{"insertions":3,"deletions":2},"docs":{"insertions":31,"deletions":21}}},{"hash":"e925dcc5413cbe8e7eea04ad4af6df95b3a371a8","isMergeCommit":true,"messageTitle":"Merge pull request #256 from kimseunghyun-kr/UG","messageBody":"Ug : import edit clarification","fileTypesAndContributionMap":{}},{"hash":"eecca999ea862a61e6c707cfb7827d79143c6588","isMergeCommit":false,"messageTitle":"Update tests","messageBody":"","fileTypesAndContributionMap":{"test-code":{"insertions":3,"deletions":3}}},{"hash":"862bf5329c8f468edd542026b8ba7fb49776cc57","isMergeCommit":false,"messageTitle":"Update UI to support truncating long fields","messageBody":"","fileTypesAndContributionMap":{"functional-code":{"insertions":12,"deletions":4}}},{"hash":"bce6a34084c4677e302b3ab9fd160684dd6b4e20","isMergeCommit":false,"messageTitle":"Change logger name and set phone \u0026 email limit","messageBody":"","fileTypesAndContributionMap":{"functional-code":{"insertions":6,"deletions":5}}},{"hash":"9665f933d9a058c200996085e1ca5b4ec7cba140","isMergeCommit":false,"messageTitle":"Update UG","messageBody":"","fileTypesAndContributionMap":{"functional-code":{"insertions":4,"deletions":3},"docs":{"insertions":55,"deletions":35}}},{"hash":"2fcf1930731e7c17c57df8e333e4d9217bd2a67f","isMergeCommit":false,"messageTitle":"Update Glossary","messageBody":"","fileTypesAndContributionMap":{"docs":{"insertions":14,"deletions":2}}},{"hash":"34a4c0bbc046bd593e602e3a0b627e119e51f043","isMergeCommit":true,"messageTitle":"Merge branch \u0027master\u0027 into v1.6","messageBody":"","fileTypesAndContributionMap":{}},{"hash":"a2f22da7ed44cf984f3b0d366206ad4ce3a5d233","isMergeCommit":true,"messageTitle":"Merge pull request #258 from WilkinsAng/v1.6","messageBody":"Add warning to add person and add Anni (15 LOC add 6 deleted \u003d 21 LOC change)","fileTypesAndContributionMap":{}},{"hash":"679e0b089b427aa55dad417baf31d6fb301a1717","isMergeCommit":true,"messageTitle":"Merge branch \u0027master\u0027 into UG_Weijian_suggested","messageBody":"","fileTypesAndContributionMap":{}},{"hash":"e652c4da53112a6c26c91151b9643105c7c6832b","isMergeCommit":true,"messageTitle":"Merge pull request #259 from kimseunghyun-kr/UG_Weijian_suggested","messageBody":"Ug weijian suggested","fileTypesAndContributionMap":{}},{"hash":"43e30f3bd9b4159108c0af0514599752af805158","isMergeCommit":false,"messageTitle":"Update docs/UserGuide.md","messageBody":"Co-authored-by: Copilot \u003c175728472+Copilot@users.noreply.github.com\u003e","fileTypesAndContributionMap":{"docs":{"insertions":1,"deletions":2}}},{"hash":"a9fa619933ec1cdc2d3db329caea861c27c8b109","isMergeCommit":false,"messageTitle":"Update UserGuide.md","messageBody":"Grammer","fileTypesAndContributionMap":{"docs":{"insertions":65,"deletions":66}}}]},{"date":"2025-04-08","commitResults":[{"hash":"a115304a33daceddbf4b5064b446b71c89722872","isMergeCommit":false,"messageTitle":"Update started DG","messageBody":"","fileTypesAndContributionMap":{"docs":{"insertions":13,"deletions":5}}},{"hash":"966a9f613a4b18030e208ae654a948116948ebdd","isMergeCommit":true,"messageTitle":"Resolve Merge","messageBody":"","fileTypesAndContributionMap":{}},{"hash":"6396b50743d40f95273250c2bab6f5a51ad305db","isMergeCommit":true,"messageTitle":"Merge pull request #264 from kimseunghyun-kr/master","messageBody":"Add: UG one liner for deleteAnniversary","fileTypesAndContributionMap":{}},{"hash":"341df4e13e6463c488ac7d452be1792076e0c828","isMergeCommit":true,"messageTitle":"Merge branch \u0027master\u0027 into branch-fixundo","messageBody":"","fileTypesAndContributionMap":{}},{"hash":"b697549d785647bf44e05884a5b8295e0661a424","isMergeCommit":false,"messageTitle":"Update AddEmployeeCommand.java","messageBody":"","fileTypesAndContributionMap":{"functional-code":{"insertions":1,"deletions":2}}},{"hash":"535ea8018eb51da3a8b228a9e6856f15e859beec","isMergeCommit":true,"messageTitle":"Merge pull request #260 from Terentwc/branch-fixundo","messageBody":"Settles all the undo pe-d things","fileTypesAndContributionMap":{}},{"hash":"76c610a2924c53765f0b85b94d31b730cc9730bc","isMergeCommit":true,"messageTitle":"Merge branch \u0027master\u0027 into annivUI-update","messageBody":"","fileTypesAndContributionMap":{}},{"hash":"c3d99a3ba1570eb427ec4f0e78296ca75b5d7868","isMergeCommit":true,"messageTitle":"Merge pull request #261 from kimseunghyun-kr/annivUI-update","messageBody":"Anniv UI update","fileTypesAndContributionMap":{}},{"hash":"b1bb1e3f8392c4e98169bb2f7fa95a7ec6172ecf","isMergeCommit":false,"messageTitle":"Update DG","messageBody":"","fileTypesAndContributionMap":{"docs":{"insertions":26,"deletions":24}}},{"hash":"779577c1d227ef3ea5659d474e7ed2707804603d","isMergeCommit":true,"messageTitle":"Merge pull request #268 from WilkinsAng/v1.6","messageBody":"V1.6","fileTypesAndContributionMap":{}}]}],"kimseunghyun-kr":[{"date":"2025-04-05","commitResults":[{"hash":"6211f922a5e41cd89c14597db73f63e72e965e5c","isMergeCommit":false,"messageTitle":"modified UI for addCommand, incorporated backup","messageBody":"","fileTypesAndContributionMap":{"functional-code":{"insertions":63,"deletions":28},"docs":{"insertions":16,"deletions":2},"test-code":{"insertions":95,"deletions":93}}},{"hash":"fc934530fe95573f12dbccbc51ac91b45b4e2cd5","isMergeCommit":false,"messageTitle":"Add : fixed bug message error","messageBody":"","fileTypesAndContributionMap":{"functional-code":{"insertions":2,"deletions":1}}},{"hash":"8df5aa67a11077a7ee90781c51977c0a2eb469c9","isMergeCommit":true,"messageTitle":"Edit: rebased onto master","messageBody":"","fileTypesAndContributionMap":{}},{"hash":"26716c5fc4b5ef3e5c18a5f297dc16cd7bda06b8","isMergeCommit":false,"messageTitle":"Add : UG addition for import:","messageBody":"","fileTypesAndContributionMap":{"docs":{"insertions":123,"deletions":85}}},{"hash":"6eae4f5d6084f32ace42edbb7b369abe8abf8a4a","isMergeCommit":false,"messageTitle":"Edit : removed hint spacing","messageBody":"","fileTypesAndContributionMap":{"functional-code":{"insertions":1,"deletions":1},"docs":{"insertions":3,"deletions":3}}},{"hash":"d6e8aee068e3d7b730f3c4c309514bf18a7d07e7","isMergeCommit":false,"messageTitle":"Edit : made clear how to locate index in deleteAnni","messageBody":"","fileTypesAndContributionMap":{"docs":{"insertions":2,"deletions":3}}},{"hash":"63326a4828b6ea9b55673f88120a8b4819ba1480","isMergeCommit":false,"messageTitle":"Edit : made clear how to locate index in deleteAnni","messageBody":"","fileTypesAndContributionMap":{"docs":{"insertions":3,"deletions":3}}},{"hash":"9fbaa452beae2b651475d59719505a1c7eb95b03","isMergeCommit":false,"messageTitle":"Edit : made clear how to locate index in deleteAnni","messageBody":"","fileTypesAndContributionMap":{"docs":{"insertions":1,"deletions":0}}}]},{"date":"2025-04-06","commitResults":[{"hash":"45204a7dfeb9cfeca07911f5f446fdb66cb4ba37","isMergeCommit":false,"messageTitle":"Edit : enabled undo support to import command","messageBody":"","fileTypesAndContributionMap":{"functional-code":{"insertions":1,"deletions":0}}},{"hash":"a48a19d4833d7c04e2d2c72018862191efb89d1c","isMergeCommit":false,"messageTitle":"Edit : removed immutable from import","messageBody":"","fileTypesAndContributionMap":{"docs":{"insertions":1,"deletions":1}}},{"hash":"c9c874f63ba1b7d6aad21d518e2e0380b4214a83","isMergeCommit":false,"messageTitle":"Update docs/UserGuide.md","messageBody":"Co-authored-by: Copilot \u003c175728472+Copilot@users.noreply.github.com\u003e","fileTypesAndContributionMap":{"docs":{"insertions":1,"deletions":2}}},{"hash":"b132a32e8bef92d5a474b03a6fcb18698a79a36c","isMergeCommit":false,"messageTitle":"Update docs/UserGuide.md","messageBody":"Co-authored-by: Copilot \u003c175728472+Copilot@users.noreply.github.com\u003e","fileTypesAndContributionMap":{"docs":{"insertions":1,"deletions":1}}},{"hash":"deccffbab0a1e436a1b2d2da30b57fa671117d0f","isMergeCommit":false,"messageTitle":"Edit : prevent manual resize","messageBody":"","fileTypesAndContributionMap":{"functional-code":{"insertions":11,"deletions":8}}},{"hash":"afed3bb425a471e4fc502952380f6f64ea3a3540","isMergeCommit":false,"messageTitle":"Edit : prevent manual resize","messageBody":"","fileTypesAndContributionMap":{"functional-code":{"insertions":0,"deletions":5}}},{"hash":"a660a47f5a41d90f53748fb1b9172ddd7a36a516","isMergeCommit":false,"messageTitle":"Edit : prevent manual resize","messageBody":"","fileTypesAndContributionMap":{"functional-code":{"insertions":1,"deletions":0}}},{"hash":"1870b4234bf23d87fdcabba0f3b0fa8125ac1539","isMergeCommit":false,"messageTitle":"Edit : set sortable false","messageBody":"","fileTypesAndContributionMap":{"functional-code":{"insertions":8,"deletions":13}}},{"hash":"44ac58fce6f8ba7b369020a7246016dfdc77223b","isMergeCommit":false,"messageTitle":"Edit : set sortable false","messageBody":"","fileTypesAndContributionMap":{"functional-code":{"insertions":3,"deletions":0}}},{"hash":"daf7b18db7e01ef172ca93496206874dd31aff2f","isMergeCommit":false,"messageTitle":"Edit : set sortable false","messageBody":"","fileTypesAndContributionMap":{"functional-code":{"insertions":6,"deletions":2}}}]},{"date":"2025-04-07","commitResults":[{"hash":"26718558d0d12a40700ac109d4d83d6a21bd1aef","isMergeCommit":false,"messageTitle":"Edit : annotated test","messageBody":"","fileTypesAndContributionMap":{"test-code":{"insertions":382,"deletions":262}}},{"hash":"0be22ba13e005b10d83672353761ed0127b9531f","isMergeCommit":false,"messageTitle":"modified UI for addCommand, incorporated backup","messageBody":"","fileTypesAndContributionMap":{"functional-code":{"insertions":63,"deletions":28},"test-code":{"insertions":95,"deletions":93}}},{"hash":"f7f2a2fc84992c8a3268278f540ff0001b4df92f","isMergeCommit":false,"messageTitle":"Add : fixed bug message error","messageBody":"","fileTypesAndContributionMap":{"functional-code":{"insertions":2,"deletions":1}}},{"hash":"0d815b488c3969a7f202862c39e8606a732b5cfd","isMergeCommit":false,"messageTitle":"Edit : prevent manual resize","messageBody":"","fileTypesAndContributionMap":{"functional-code":{"insertions":11,"deletions":8}}},{"hash":"8f6ef4f3403d03b4f85da1bf81d7a489a45cc4f2","isMergeCommit":false,"messageTitle":"Edit : prevent manual resize","messageBody":"","fileTypesAndContributionMap":{"functional-code":{"insertions":0,"deletions":5}}},{"hash":"fc8a9224c50ea966a3115a64a84d37a9e4160296","isMergeCommit":false,"messageTitle":"Edit : prevent manual resize","messageBody":"","fileTypesAndContributionMap":{"functional-code":{"insertions":1,"deletions":0}}},{"hash":"e2d94eba458e6ac40208ae064a77181a24149611","isMergeCommit":false,"messageTitle":"Edit : set sortable false","messageBody":"","fileTypesAndContributionMap":{"functional-code":{"insertions":8,"deletions":13}}},{"hash":"5b29060575fc804e0066c31ee7d0fa0e606202e4","isMergeCommit":false,"messageTitle":"Edit : set sortable false","messageBody":"","fileTypesAndContributionMap":{"functional-code":{"insertions":3,"deletions":0}}},{"hash":"3f8a471dc9951773498e17d4b81bc7857ccc2e57","isMergeCommit":false,"messageTitle":"Edit : set sortable false","messageBody":"","fileTypesAndContributionMap":{"functional-code":{"insertions":6,"deletions":2}}},{"hash":"01bb0e04e0a934257672f0588a825bb0e314abb0","isMergeCommit":true,"messageTitle":"Edit : merged origin version after rebase","messageBody":"","fileTypesAndContributionMap":{}},{"hash":"894659599d88517b98bf4f307b05a80f56a11ec7","isMergeCommit":false,"messageTitle":"Add : UG addition for future enhancements","messageBody":"","fileTypesAndContributionMap":{"docs":{"insertions":14,"deletions":4}}},{"hash":"2039ee8356cc7d9f0b689af783cfcb53fad2e123","isMergeCommit":false,"messageTitle":"Add : UG addition for future enhancements","messageBody":"","fileTypesAndContributionMap":{"docs":{"insertions":1,"deletions":0}}},{"hash":"b850cc6f7ad782f78790ebd77668ba2d72c272e0","isMergeCommit":false,"messageTitle":"Add : picture for import","messageBody":"","fileTypesAndContributionMap":{"docs":{"insertions":3,"deletions":0}}},{"hash":"0b686becbdfc4ff46216091f77b35783c867322a","isMergeCommit":false,"messageTitle":"Add : UI for anniversaries enhanced","messageBody":"","fileTypesAndContributionMap":{"functional-code":{"insertions":12,"deletions":4}}},{"hash":"b4959c6a7fbff74be252f8b3c7fd079ee2185ba8","isMergeCommit":false,"messageTitle":"Add : error messages for Import enhanced","messageBody":"","fileTypesAndContributionMap":{"functional-code":{"insertions":2,"deletions":2},"docs":{"insertions":4,"deletions":3}}},{"hash":"4bcdb9344ce3beed476679941d79c5b023ab8eb4","isMergeCommit":false,"messageTitle":"Update : removed all occurences of deleteAnniversary from UG","messageBody":"","fileTypesAndContributionMap":{"docs":{"insertions":1,"deletions":1}}},{"hash":"3a05d9914cb80712f293763c72a210a3f12ae264","isMergeCommit":false,"messageTitle":"converted to unconstrained size","messageBody":"","fileTypesAndContributionMap":{"functional-code":{"insertions":1,"deletions":1}}},{"hash":"a184bb44de8d218eab7683006622e39724059ef5","isMergeCommit":false,"messageTitle":"Add: DG for Import","messageBody":"","fileTypesAndContributionMap":{"functional-code":{"insertions":2,"deletions":0},"docs":{"insertions":202,"deletions":49}}}]},{"date":"2025-04-08","commitResults":[{"hash":"cf43162b53ac618f405a00d3050b3b9cefd29f46","isMergeCommit":false,"messageTitle":"Add: UG one liner for deleteAnniversary","messageBody":"","fileTypesAndContributionMap":{"docs":{"insertions":2,"deletions":1}}}]}],"Wailydest":[],"Terentwc":[{"date":"2025-04-07","commitResults":[{"hash":"8c5ac6e3d8dfaa8fbfc20d3ec026c296e0815074","isMergeCommit":false,"messageTitle":"Update Undo","messageBody":"Undo can now undo changes in:\n1. addAnni\n2. deleteAnni\n\nUndo will now not undo errors.\n","fileTypesAndContributionMap":{"functional-code":{"insertions":12,"deletions":6}}},{"hash":"01dacd32d35cf7582e898d7f8e5f829ce4e51bde","isMergeCommit":false,"messageTitle":"Update ModelManager","messageBody":"dumbass me did a commitaddressbook in setaddressbook which caused clear to require two undos to undo.\n\nIt works as intended now\n","fileTypesAndContributionMap":{"functional-code":{"insertions":0,"deletions":1}}}]},{"date":"2025-04-08","commitResults":[{"hash":"a37124c177a3c5a8f7049b6d8e2b043f4ee375fd","isMergeCommit":false,"messageTitle":"Update delete","messageBody":"","fileTypesAndContributionMap":{"functional-code":{"insertions":6,"deletions":3}}}]}]},"authorFileTypeContributionMap":{"cscms03":{"docs":0,"functional-code":325,"test-code":0},"WilkinsAng":{"docs":196,"functional-code":46,"test-code":3},"kimseunghyun-kr":{"docs":295,"functional-code":78,"test-code":6},"Wailydest":{"docs":0,"functional-code":29,"test-code":0},"Terentwc":{"docs":0,"functional-code":17,"test-code":0}},"authorContributionVariance":{"cscms03":0.0,"WilkinsAng":14350.6875,"kimseunghyun-kr":264058.2,"Wailydest":0.0,"Terentwc":61.5},"authorDisplayNameMap":{"cscms03":"CS2103T-F12-4 CHOI..SEOK","WilkinsAng":"CS2103T-F12-4 ANG ..JIAN","kimseunghyun-kr":"CS2103T-F12-4 KIM ..HYUN","Wailydest":"CS2103T-F12-4 YANU..OMAN","Terentwc":"CS2103T-F12-4 TERE..HENG"}}
