{"authorDailyContributionsMap":{"OvOtter":[{"date":"2025-04-05","commitResults":[{"hash":"f3fc6836f5fe659e22cbf61b77783676a7251707","isMergeCommit":false,"messageTitle":"Fix bugs in sort-num after autocorrection","messageBody":"","fileTypesAndContributionMap":{"functional-code":{"insertions":1,"deletions":1}}}]},{"date":"2025-04-07","commitResults":[{"hash":"6db35dfaadbb346ade41a1dc609dabbe4404cc27","isMergeCommit":true,"messageTitle":"Merge pull request #337 from OvOtter/sort-num-bug","messageBody":"Fix bugs in sort-num after autocorrection","fileTypesAndContributionMap":{}},{"hash":"8f82c5f31462d718a4ad28d2d3d6c0899cc4f644","isMergeCommit":false,"messageTitle":"Fix error message for tags","messageBody":"","fileTypesAndContributionMap":{"functional-code":{"insertions":6,"deletions":0}}},{"hash":"a8935290e91fad96d3d910a13f9cc8725166f281","isMergeCommit":false,"messageTitle":"Fix wrong behaviour of t/","messageBody":"","fileTypesAndContributionMap":{"functional-code":{"insertions":1,"deletions":4}}},{"hash":"1e02b006a0b288ea09401373aedd6f0e611bef42","isMergeCommit":false,"messageTitle":"Fix completion message for sort","messageBody":"","fileTypesAndContributionMap":{"functional-code":{"insertions":7,"deletions":0}}},{"hash":"e9bca8127b7ef640fbd0e6f95cfe7786f5d5a62b","isMergeCommit":false,"messageTitle":"Fix style errors and tests","messageBody":"","fileTypesAndContributionMap":{"functional-code":{"insertions":0,"deletions":1},"test-code":{"insertions":7,"deletions":15}}},{"hash":"17fae37908082a131030039e6104d2087400396e","isMergeCommit":false,"messageTitle":"Fix style error","messageBody":"","fileTypesAndContributionMap":{"functional-code":{"insertions":1,"deletions":1}}},{"hash":"d7104055c53116a75fed26244d778af47566003b","isMergeCommit":false,"messageTitle":"Fix bug in message for sort-num","messageBody":"","fileTypesAndContributionMap":{"functional-code":{"insertions":0,"deletions":1}}},{"hash":"84ce9a49bbda6f1b1a5eb4eb15ea3a08a24f1000","isMergeCommit":true,"messageTitle":"Merge pull request #390 from OvOtter/warning","messageBody":"Add error message for empty tag names","fileTypesAndContributionMap":{}},{"hash":"aff24a59507a26ead2a3a31d50cebcf546afd0eb","isMergeCommit":false,"messageTitle":"Edit success message for sort-num with missing numericals","messageBody":"","fileTypesAndContributionMap":{"functional-code":{"insertions":10,"deletions":4}}},{"hash":"0430315ccbd1f012809460848c12fd80bd97fd94","isMergeCommit":true,"messageTitle":"Merge pull request #391 from OvOtter/sort-message","messageBody":"Remove sucess message for sort commands with nothing to sort.","fileTypesAndContributionMap":{}}]}],"luna-ortus-cor":[{"date":"2025-04-06","commitResults":[{"hash":"fe7ecbc5b4c4257b48bd15aabcae2ecea2d9a79b","isMergeCommit":false,"messageTitle":"Update valid names and length","messageBody":"","fileTypesAndContributionMap":{"functional-code":{"insertions":3,"deletions":3},"docs":{"insertions":24,"deletions":0},"test-code":{"insertions":10,"deletions":1}}},{"hash":"b8e201fca6d1fe6468be5664404b12cced58f529","isMergeCommit":false,"messageTitle":"Update UserGuide.md","messageBody":"","fileTypesAndContributionMap":{"docs":{"insertions":2,"deletions":2}}},{"hash":"1ef0529f3d10879d72c22e84f82eff4767567514","isMergeCommit":false,"messageTitle":"Update UserGuide.md","messageBody":"","fileTypesAndContributionMap":{"docs":{"insertions":2,"deletions":2}}},{"hash":"8ae6edf6947cc685a0afa368be8bad853ccd11e1","isMergeCommit":true,"messageTitle":"Merge pull request #384 from luna-ortus-cor/branch-update-name-field","messageBody":"Update valid names and length","fileTypesAndContributionMap":{}},{"hash":"7fabd0bf714a7d82a5a863e72dcb83fdaa76f40d","isMergeCommit":false,"messageTitle":"Update edit command for attributes","messageBody":"","fileTypesAndContributionMap":{"functional-code":{"insertions":7,"deletions":10},"docs":{"insertions":5,"deletions":1}}},{"hash":"92ea0c613c67101ab14c58612de199461a90c4d9","isMergeCommit":true,"messageTitle":"Merge pull request #387 from luna-ortus-cor/branch-update-edit-command-error-message","messageBody":"Update edit command for attributes","fileTypesAndContributionMap":{}}]}],"kai824":[{"date":"2025-04-06","commitResults":[{"hash":"7c4d280b9aaf75563be052af8084d613c2e484af","isMergeCommit":false,"messageTitle":"Make command word case insensitive","messageBody":"","fileTypesAndContributionMap":{"functional-code":{"insertions":1,"deletions":1}}},{"hash":"494d469272d730443b103606f5ddc1552ef6ff6f","isMergeCommit":false,"messageTitle":"Rename addressbook.json to talentfolio.json","messageBody":"","fileTypesAndContributionMap":{"functional-code":{"insertions":1,"deletions":1},"docs":{"insertions":3,"deletions":3}}},{"hash":"5b70115d8967cfd40c4fb1fb7cad5e1e174016ef","isMergeCommit":false,"messageTitle":"Fix tests","messageBody":"","fileTypesAndContributionMap":{"test-code":{"insertions":2,"deletions":2}}},{"hash":"f929fe639c92c60de498334b0c90e9321c3c4d49","isMergeCommit":true,"messageTitle":"Merge pull request #383 from kai824/fix-316","messageBody":"Store data in `talentfolio.json` instead","fileTypesAndContributionMap":{}},{"hash":"668147026178a2e6a5fd33b87af4df8984053ddc","isMergeCommit":true,"messageTitle":"Merge pull request #382 from kai824/fix-335","messageBody":"Make command word case insensitive","fileTypesAndContributionMap":{}},{"hash":"1ff6229a73896915c826b752a12749c8bd9e4ca6","isMergeCommit":false,"messageTitle":"Remove mentions of data as \"address book\"","messageBody":"","fileTypesAndContributionMap":{"docs":{"insertions":13,"deletions":10}}},{"hash":"6b066976bd341fa11cf5c44dac20f92c9f2062a4","isMergeCommit":false,"messageTitle":"Add detail that Storage stores site link mapping","messageBody":"","fileTypesAndContributionMap":{"docs":{"insertions":1,"deletions":1}}},{"hash":"5158fa6c4ddb2b1e17f564354525acd70ee57365","isMergeCommit":false,"messageTitle":"Correct grammatical error","messageBody":"","fileTypesAndContributionMap":{"docs":{"insertions":2,"deletions":2}}},{"hash":"343956793046f9b7adece5dcf34a81b7a9c33d9d","isMergeCommit":true,"messageTitle":"Merge pull request #385 from kai824/fix-371","messageBody":"Remove mentions of address book in DG","fileTypesAndContributionMap":{}}]},{"date":"2025-04-07","commitResults":[{"hash":"1427205ac95e1101b07b19d27df9ebf5b2ba0d85","isMergeCommit":false,"messageTitle":"Add more FAQ questions","messageBody":"","fileTypesAndContributionMap":{"docs":{"insertions":54,"deletions":0}}},{"hash":"2b1110b3962e69b25f52decc7e7df22ccb04c2d3","isMergeCommit":false,"messageTitle":"Fix typo","messageBody":"","fileTypesAndContributionMap":{"docs":{"insertions":1,"deletions":1}}},{"hash":"d7645cf17211f5df21acda99cb52c9ab571573bd","isMergeCommit":true,"messageTitle":"Merge pull request #394 from kai824/fix-326","messageBody":"Add more FAQ questions","fileTypesAndContributionMap":{}}]}],"h-b-k-nishi":[{"date":"2025-04-06","commitResults":[{"hash":"0c1199ad8f45cb8debfbee11e50a40630b8f183f","isMergeCommit":false,"messageTitle":"Add an user story about the clear command","messageBody":"","fileTypesAndContributionMap":{"docs":{"insertions":2,"deletions":0}}},{"hash":"8e9352ac793e5eb1aed66d821c0e244d0a32f4aa","isMergeCommit":false,"messageTitle":"Add more missing user stories","messageBody":"","fileTypesAndContributionMap":{"docs":{"insertions":10,"deletions":6}}},{"hash":"b5c0598ce2d93e36aced9b416e9f2b8d400009f2","isMergeCommit":false,"messageTitle":"Rename \u0027address book\u0027","messageBody":"","fileTypesAndContributionMap":{"docs":{"insertions":3,"deletions":3}}},{"hash":"7afa180f9e6c798e7af3c8990c26e4d80fdc79af","isMergeCommit":true,"messageTitle":"Merge pull request #315 from h-b-k-nishi/branch-dg-fix","messageBody":"Fix bugs in DG","fileTypesAndContributionMap":{}}]}],"samuelneo":[{"date":"2025-04-06","commitResults":[{"hash":"43aee15ed08dc0c1c58e85d3c67e00e5d1b0424f","isMergeCommit":false,"messageTitle":"Fix icons","messageBody":"","fileTypesAndContributionMap":{"functional-code":{"insertions":1,"deletions":1}}},{"hash":"29581d7f3b8f8c651d6c0f261b666f31a64e68d2","isMergeCommit":false,"messageTitle":"Fix case aware description and table of contents","messageBody":"","fileTypesAndContributionMap":{"docs":{"insertions":3,"deletions":2}}},{"hash":"ae26dec1034b01834b179e7ed14a65162f866959","isMergeCommit":false,"messageTitle":"Convert UG table of contents to numbered list","messageBody":"","fileTypesAndContributionMap":{"docs":{"insertions":28,"deletions":28}}},{"hash":"4b3bda4841c0af42ebfe2281205125449fccf46d","isMergeCommit":false,"messageTitle":"Add DG table of contents","messageBody":"","fileTypesAndContributionMap":{"docs":{"insertions":26,"deletions":2}}},{"hash":"9ead0de155fad69eb2e6739ec833a883de3dedbc","isMergeCommit":false,"messageTitle":"Make name comparison case-insensitive","messageBody":"","fileTypesAndContributionMap":{"functional-code":{"insertions":2,"deletions":2},"test-code":{"insertions":5,"deletions":2}}},{"hash":"d35cad2465bd05c79f875160080974e43c8186d0","isMergeCommit":true,"messageTitle":"Merge pull request #379 from samuelneo/fix-phone-email-icons","messageBody":"Fix icons","fileTypesAndContributionMap":{}},{"hash":"35b6bb177d7fdc59d96767287200b09e09ff5c74","isMergeCommit":true,"messageTitle":"Merge pull request #381 from samuelneo/make-name-case-insensitive","messageBody":"Make name comparison case-insensitive","fileTypesAndContributionMap":{}},{"hash":"53f7820aaeaa6d30ce43299904003ef686c2c00e","isMergeCommit":true,"messageTitle":"Merge branch \u0027master\u0027 into ug-fix-case-aware-description","messageBody":"","fileTypesAndContributionMap":{}},{"hash":"1b38582036a2fd926692ba894ed2b7a0f9fac08c","isMergeCommit":true,"messageTitle":"Merge pull request #380 from samuelneo/ug-fix-case-aware-description","messageBody":"UG and DG fixes","fileTypesAndContributionMap":{}},{"hash":"19113ba233860538785716840c9b7349a47d5224","isMergeCommit":false,"messageTitle":"Improve formatting","messageBody":"","fileTypesAndContributionMap":{"docs":{"insertions":28,"deletions":21}}},{"hash":"0f53e6e32f248f77a4f79fd93cdea68ca726393a","isMergeCommit":false,"messageTitle":"Fix grammar in user stories","messageBody":"","fileTypesAndContributionMap":{"docs":{"insertions":35,"deletions":35}}},{"hash":"bb6bf0f32c63cf23ed14592257b564b5137b8ebc","isMergeCommit":false,"messageTitle":"Add more line breaks","messageBody":"","fileTypesAndContributionMap":{"docs":{"insertions":32,"deletions":2}}},{"hash":"fe865e94ba9944ca1c29fdbfbb0ec767a56f8705","isMergeCommit":false,"messageTitle":"Add planned enhancements","messageBody":"","fileTypesAndContributionMap":{"docs":{"insertions":21,"deletions":7}}},{"hash":"16fa790aa600368c51913f73272522dbb6d6ee37","isMergeCommit":false,"messageTitle":"Add EOF newline","messageBody":"","fileTypesAndContributionMap":{"docs":{"insertions":1,"deletions":1}}},{"hash":"f96aba75a95dc57454db7c1ffe8ca2775326322d","isMergeCommit":false,"messageTitle":"Add trailing bar to table","messageBody":"","fileTypesAndContributionMap":{"docs":{"insertions":1,"deletions":1}}},{"hash":"b5222c480db4682b4dca99b4dd95f8a61dd352b4","isMergeCommit":false,"messageTitle":"Remove similar user story","messageBody":"","fileTypesAndContributionMap":{"docs":{"insertions":0,"deletions":1}}},{"hash":"aac1ce5cc727096b62cce4421a55f93435d2dbbf","isMergeCommit":false,"messageTitle":"Improve formatting","messageBody":"","fileTypesAndContributionMap":{"docs":{"insertions":1,"deletions":1}}},{"hash":"187bc1ac5970f42ae7f279aa5a7678999505099d","isMergeCommit":true,"messageTitle":"Merge pull request #386 from samuelneo/ug-fix-v1.6","messageBody":"More UG and DG fixes","fileTypesAndContributionMap":{}}]},{"date":"2025-04-07","commitResults":[{"hash":"d6357ce574103ab16869cdef176247643b949b9a","isMergeCommit":false,"messageTitle":"Update user guide","messageBody":"","fileTypesAndContributionMap":{"docs":{"insertions":4,"deletions":4}}},{"hash":"2e7761d865e0e19b6c697e672f6191c18ea703fd","isMergeCommit":false,"messageTitle":"Update planned enhancements","messageBody":"","fileTypesAndContributionMap":{"docs":{"insertions":2,"deletions":0}}},{"hash":"581e3359a8097bc4f91c0a11cc2c7c32fb7f897e","isMergeCommit":false,"messageTitle":"Change ListCommand message for empty list","messageBody":"","fileTypesAndContributionMap":{"functional-code":{"insertions":2,"deletions":1},"test-code":{"insertions":1,"deletions":1}}},{"hash":"83c5813182e288d4f6d8491244be3637de661783","isMergeCommit":true,"messageTitle":"Merge pull request #393 from samuelneo/fix-list-empty","messageBody":"Change ListCommand message for empty list","fileTypesAndContributionMap":{}},{"hash":"a919c199dfb37e0c59100ff96a3aa4d05ab766f9","isMergeCommit":true,"messageTitle":"Merge pull request #392 from samuelneo/ug-dg-fix-v1.6","messageBody":"Update UG navigating commands and DG planned enhancements","fileTypesAndContributionMap":{}}]}]},"authorFileTypeContributionMap":{"OvOtter":{"docs":0,"functional-code":24,"test-code":7},"luna-ortus-cor":{"docs":15,"functional-code":10,"test-code":10},"kai824":{"docs":70,"functional-code":2,"test-code":2},"h-b-k-nishi":{"docs":8,"functional-code":0,"test-code":0},"samuelneo":{"docs":145,"functional-code":5,"test-code":6}},"authorContributionVariance":{"OvOtter":722.6667,"luna-ortus-cor":1152.0,"kai824":572.6667,"h-b-k-nishi":128.0,"samuelneo":17772.223},"authorDisplayNameMap":{"OvOtter":"CS2103T-T10-1 SHEN..IHAN","luna-ortus-cor":"CS2103T-T10-1 RUSS.. HNG","kai824":"CS2103T-T10-1 TAN .. KAI","h-b-k-nishi":"CS2103T-T10-1 NISH..BIKI","samuelneo":"CS2103T-T10-1 NEO ..MUEL"}}
