{"authorDailyContributionsMap":{"hyizhak":[{"date":"2025-04-06","commitResults":[{"hash":"5616520e7d53c2015af6448380f44e4ba2a63cdb","isMergeCommit":false,"messageTitle":"fix: Fix ped bugs related to hide/reveal and order","messageBody":"- Add a model method to check if the person to hide/reveal exists\n- Add a check in hide/reveal parser to ensure keywords only accept letters\n- Align error messages of the order command\n- Add a parsing method to remove leading zeros in order price\n","fileTypesAndContributionMap":{"functional-code":{"insertions":84,"deletions":7},"test-code":{"insertions":51,"deletions":3}}},{"hash":"691da2c7448d2efd331f6e0831822d95ce2bc2e1","isMergeCommit":false,"messageTitle":"test: Add tests for new lines in FinClient, Hide/Reveal Command","messageBody":"","fileTypesAndContributionMap":{"test-code":{"insertions":269,"deletions":1}}},{"hash":"fce22061d1b870e37f9d152e82217c04730605bd","isMergeCommit":false,"messageTitle":"test: Add tests for new lines in ModelManager","messageBody":"","fileTypesAndContributionMap":{"test-code":{"insertions":21,"deletions":0}}},{"hash":"80ac9fb8c929d3fc491a5b440334d22b12e64cb1","isMergeCommit":false,"messageTitle":"test: Add tests for new lines in ParserUtil","messageBody":"","fileTypesAndContributionMap":{"test-code":{"insertions":16,"deletions":0}}},{"hash":"410254fd3d8f7d3f0d0245249190cc4f2c0b940c","isMergeCommit":false,"messageTitle":"fix: Add checks to prevent duplicate parameters in EditCommand","messageBody":"","fileTypesAndContributionMap":{"functional-code":{"insertions":2,"deletions":1}}},{"hash":"20d85e849ae78f06870c251a36503faee6b3873b","isMergeCommit":false,"messageTitle":"test: Add tests for new lines in Hide/Reveal CommandParser","messageBody":"","fileTypesAndContributionMap":{"test-code":{"insertions":30,"deletions":0}}}]},{"date":"2025-04-07","commitResults":[{"hash":"0d92abb4431c3f482ef376d50c9e39995108e16b","isMergeCommit":true,"messageTitle":"Merge pull request #265 from ki1r0/branch-BugFix#262","messageBody":"Fix #262 #259 #199","fileTypesAndContributionMap":{}},{"hash":"b61da860cf9e1bd94d3047b7f7f723c8e836f630","isMergeCommit":true,"messageTitle":"Merge pull request #267 from RickyHFR/final-branch","messageBody":"Fixes all bugs related to sort and error messages","fileTypesAndContributionMap":{}}]}],"ki1r0":[{"date":"2025-04-06","commitResults":[{"hash":"48dd0afb09bba2709939df1bb73ac582ef0c4549","isMergeCommit":false,"messageTitle":"Limit remark input to only one \u0027by/\u0027 timestamp and add validation check","messageBody":"","fileTypesAndContributionMap":{"functional-code":{"insertions":5,"deletions":1}}},{"hash":"de9633f73ad7fabcb73ab6b41ba435adad1261e8","isMergeCommit":false,"messageTitle":"fix: handle duplicate tags with case-insensitive detection in parseTags","messageBody":"","fileTypesAndContributionMap":{"functional-code":{"insertions":1,"deletions":1}}},{"hash":"af21a85e3ee60d4244c84cf02b29bf06b092b7fe","isMergeCommit":false,"messageTitle":"Fix parseRemark to reject invalid dates like Feb 30 by enforcing strict date parsing","messageBody":"","fileTypesAndContributionMap":{"functional-code":{"insertions":3,"deletions":2}}}]},{"date":"2025-04-07","commitResults":[{"hash":"a568a8631dd7e55d05b801d209f15f28f88bdf17","isMergeCommit":false,"messageTitle":"fix: replace ResolverStyle.STRICT parsing with manual validation for timestamp","messageBody":"","fileTypesAndContributionMap":{"functional-code":{"insertions":16,"deletions":6},"test-code":{"insertions":0,"deletions":2}}},{"hash":"a38ab333acb64bfce0e6fee42afa8045c2116351","isMergeCommit":false,"messageTitle":"Add test for updated exception handling in ParserUtil#parseRemark","messageBody":"","fileTypesAndContributionMap":{"functional-code":{"insertions":9,"deletions":4},"test-code":{"insertions":16,"deletions":0}}},{"hash":"7e5a114e6fac6ea8cd0d764470f446bde1444b00","isMergeCommit":false,"messageTitle":"Update address constraints: restrict to alphanumeric and common symbols with clearer message","messageBody":"","fileTypesAndContributionMap":{"functional-code":{"insertions":4,"deletions":2}}},{"hash":"0ac2f641772b2bd5ed0a5e7a61ca034c3d320b78","isMergeCommit":false,"messageTitle":"Update addressTest based on the new address format","messageBody":"","fileTypesAndContributionMap":{"functional-code":{"insertions":2,"deletions":3},"test-code":{"insertions":1,"deletions":1}}},{"hash":"fa7f56ab02fe8825c901d901c54b7f2518122dd1","isMergeCommit":false,"messageTitle":"Add example of past date timestamp in User Guide","messageBody":"","fileTypesAndContributionMap":{"docs":{"insertions":9,"deletions":8}}},{"hash":"54064fb8ef12c7350926d4afe99c64121d9da390","isMergeCommit":true,"messageTitle":"Merge branch \u0027master\u0027 of https://github.com/ki1r0/tp into branch-BugFix#251","messageBody":"","fileTypesAndContributionMap":{}}]}],"RickyHFR":[{"date":"2025-04-06","commitResults":[{"hash":"a9c0462d28381442cc9e5ebe5ab6fd1ec17d63fc","isMergeCommit":true,"messageTitle":"Merge pull request #264 from hyizhak/branch-fix-ped-bug","messageBody":"fix: Fix ped bugs related to hide/reveal and order","fileTypesAndContributionMap":{}}]},{"date":"2025-04-07","commitResults":[{"hash":"b763ae8626be8654a8803353a382f11ce8e03993","isMergeCommit":true,"messageTitle":"Merge pull request #266 from wei-song1/fix-PE-D","messageBody":"Fix PE-D Bugs","fileTypesAndContributionMap":{}},{"hash":"9dad65549dee9ccfd3e299270165a5f457bb3560","isMergeCommit":false,"messageTitle":"Fix bugs and UserGuide","messageBody":"- Six sort by networth issue\n","fileTypesAndContributionMap":{"functional-code":{"insertions":9,"deletions":1},"docs":{"insertions":34,"deletions":6}}},{"hash":"f5c6057aed11485692e55425e6758da31058bbd0","isMergeCommit":false,"messageTitle":"Add in test cases for sort by networth","messageBody":"modified PersonTest.java\n","fileTypesAndContributionMap":{"functional-code":{"insertions":2,"deletions":2},"test-code":{"insertions":49,"deletions":0}}},{"hash":"44eadcb57108e6432d370f3d4dbbded6313f4f6b","isMergeCommit":false,"messageTitle":"Update UserGuide","messageBody":"Update the UserGuide\n","fileTypesAndContributionMap":{"docs":{"insertions":2,"deletions":7}}},{"hash":"8517755b66a6d2df522213037af34ef55158c1f0","isMergeCommit":false,"messageTitle":"Update test cases","messageBody":"Fix bugs in test cases for PersonTest.java\n","fileTypesAndContributionMap":{"test-code":{"insertions":11,"deletions":2}}},{"hash":"160d3ab6e640c5454d04c2801b212e11553ace51","isMergeCommit":false,"messageTitle":"Update UserGuide","messageBody":"Update UserGuide to include networth details in\nsort\n","fileTypesAndContributionMap":{"docs":{"insertions":10,"deletions":6},"test-code":{"insertions":3,"deletions":3}}},{"hash":"4c994491414363d36f362aa87e7b6c73fb16b597","isMergeCommit":false,"messageTitle":"Update Developer Guide","messageBody":"Make sure the names of the product is consistent\n","fileTypesAndContributionMap":{"docs":{"insertions":33,"deletions":33}}},{"hash":"b361a8e24822eb7d544245e1f79b1905e8b49008","isMergeCommit":false,"messageTitle":"Add in the reference table for user guide updates","messageBody":"Add in reference table\n","fileTypesAndContributionMap":{"docs":{"insertions":16,"deletions":0}}},{"hash":"c500cd36ed81689d5cd3f85b6d83d41ad43691d8","isMergeCommit":false,"messageTitle":"Update the documentation","messageBody":"Update userguide\n","fileTypesAndContributionMap":{"docs":{"insertions":1,"deletions":1}}},{"hash":"6f0d5165c7d0d277083f812e1323b5c24fed4cc3","isMergeCommit":true,"messageTitle":"Merge pull request #272 from wei-song1/manual-testing","messageBody":"Add manual testing information","fileTypesAndContributionMap":{}},{"hash":"b8533864a0891217164a1c87be0eb3c9fbd14e06","isMergeCommit":true,"messageTitle":"Merge pull request #270 from RickyHFR/final-branch","messageBody":"Update Developer Guide","fileTypesAndContributionMap":{}},{"hash":"55402f53535b50d9cc9cef21a4dc9424861a8d4c","isMergeCommit":false,"messageTitle":"Change all deadline into timestamp","messageBody":"Make the functional code consistent\n","fileTypesAndContributionMap":{"functional-code":{"insertions":5,"deletions":5},"docs":{"insertions":8,"deletions":3},"test-code":{"insertions":46,"deletions":46}}},{"hash":"a7e7db515a1d7f0909284192387ce01d01e39a17","isMergeCommit":true,"messageTitle":"Merge pull request #274 from ki1r0/branch-BugFix#251","messageBody":"Fixes #227","fileTypesAndContributionMap":{}},{"hash":"9d95025625ac0c289274df64a3e15c39b457541c","isMergeCommit":true,"messageTitle":"Merge pull request #277 from TanJieHaoAmos/branch-AddPlannedEnhancements","messageBody":"Fix Developer Guide Formatting","fileTypesAndContributionMap":{}},{"hash":"a03fcd46136ffd5256c28d495d28a8448ef56fb7","isMergeCommit":true,"messageTitle":"Merge pull request #278 from wei-song1/participation","messageBody":"For participation","fileTypesAndContributionMap":{}},{"hash":"4ca8253d70a20a8a43216a270189801c07099407","isMergeCommit":false,"messageTitle":"Change the name of main_ui.png to Ui.png","messageBody":"For dashboard\n","fileTypesAndContributionMap":{"docs":{"insertions":3,"deletions":3}}},{"hash":"a9bf57482eec1f628841505e21b3a51a11ef3b0e","isMergeCommit":true,"messageTitle":"Merge pull request #279 from RickyHFR/final-branch","messageBody":"Change the name of main_ui.png to Ui.png","fileTypesAndContributionMap":{}},{"hash":"03e236b7458ca0d3dbf95e5d87810002d83e2e8b","isMergeCommit":false,"messageTitle":"Change image source in DeveloperGuide","messageBody":"Fix bug\n","fileTypesAndContributionMap":{"docs":{"insertions":10,"deletions":10}}},{"hash":"6a5913acac2a6b9508e86a1c89247eee15f51685","isMergeCommit":false,"messageTitle":"Fix UG","messageBody":"Fix UG\n","fileTypesAndContributionMap":{"docs":{"insertions":5,"deletions":5}}},{"hash":"2474efa0be1d09751c49d192ad4484569ea88851","isMergeCommit":true,"messageTitle":"Merge branch \u0027master\u0027 into final-branch","messageBody":"","fileTypesAndContributionMap":{}},{"hash":"4a589e0d78a1278e92a21496477e7a89eb1dbc07","isMergeCommit":true,"messageTitle":"Merge pull request #280 from RickyHFR/final-branch","messageBody":"Change image source in DeveloperGuide","fileTypesAndContributionMap":{}}]}],"TanJieHaoAmos":[{"date":"2025-04-05","commitResults":[{"hash":"5178caa4a74da59ee76d9426740ef46758b9f36a","isMergeCommit":false,"messageTitle":"Fix Documentation Bugs","messageBody":"","fileTypesAndContributionMap":{"docs":{"insertions":123,"deletions":116}}},{"hash":"5d38f00c5c1b1967499f20b5719f07ef2435f0d7","isMergeCommit":false,"messageTitle":"Update DeveloperGuide","messageBody":"","fileTypesAndContributionMap":{"docs":{"insertions":12,"deletions":12}}}]},{"date":"2025-04-07","commitResults":[{"hash":"2c819db72808a67fd98ed7e6720ede04a67795b2","isMergeCommit":true,"messageTitle":"Merge pull request #269 from ki1r0/branch-BugFix#251","messageBody":"Fixes #251","fileTypesAndContributionMap":{}},{"hash":"d83339865137402fdc638582750cfc9fe07e8e00","isMergeCommit":false,"messageTitle":"Update Developer Guide with Planned Enhancements","messageBody":"","fileTypesAndContributionMap":{"docs":{"insertions":15,"deletions":0}}},{"hash":"412363b0d0adbb98a87d850ff91ce3c5476a21b6","isMergeCommit":true,"messageTitle":"Merge pull request #271 from TanJieHaoAmos/branch-AddPlannedEnhancements","messageBody":"Update Developer Guide with Planned Enhancements","fileTypesAndContributionMap":{}},{"hash":"748867323eee4834970252579bddd94b0a33cab9","isMergeCommit":false,"messageTitle":"Update developer guide","messageBody":"","fileTypesAndContributionMap":{"docs":{"insertions":2,"deletions":2}}},{"hash":"a3efd8d28b98b3b44727f9cfc1a9ba5578db64f2","isMergeCommit":true,"messageTitle":"Merge pull request #273 from TanJieHaoAmos/branch-AddPlannedEnhancements","messageBody":"Update developer guide","fileTypesAndContributionMap":{}},{"hash":"ac5ae515ff4bbb99a4f44ae92034df991954b6f3","isMergeCommit":false,"messageTitle":"Fix Developer Guide Formatting","messageBody":"","fileTypesAndContributionMap":{"docs":{"insertions":26,"deletions":26}}},{"hash":"8b99648beb3f931feb3581a2514072fce3ea5290","isMergeCommit":true,"messageTitle":"Merge pull request #275 from RickyHFR/final-branch","messageBody":"Change all deadline into timestamp","fileTypesAndContributionMap":{}},{"hash":"4f44c8b83332c61478ab0427c3be0301e5f8fc2d","isMergeCommit":false,"messageTitle":"Update Developer Guide","messageBody":"","fileTypesAndContributionMap":{"docs":{"insertions":5,"deletions":5}}},{"hash":"5da9a9f99a8eb409d09fb8180cb2f7a33ff32764","isMergeCommit":false,"messageTitle":"Update Documentation","messageBody":"","fileTypesAndContributionMap":{"docs":{"insertions":7,"deletions":7}}},{"hash":"97cdda1724ee29e28989e7c006506c04d262e9ed","isMergeCommit":true,"messageTitle":"Merge pull request #281 from TanJieHaoAmos/branch-AddPlannedEnhancements","messageBody":"Update Developer Guide","fileTypesAndContributionMap":{}}]}],"wei-song1":[{"date":"2025-04-06","commitResults":[{"hash":"455a337a27908559a40740ce29315c2b6daa1ff1","isMergeCommit":true,"messageTitle":"Merge pull request #263 from TanJieHaoAmos/branch-Fix-PE-D-Bugs","messageBody":"Fix Documentation Bugs from PE-D","fileTypesAndContributionMap":{}}]},{"date":"2025-04-07","commitResults":[{"hash":"00938b3fa6fe50845b6e280f4ac6d304ebcf797f","isMergeCommit":false,"messageTitle":"Fix duplicate contact","messageBody":"","fileTypesAndContributionMap":{"functional-code":{"insertions":2,"deletions":2},"test-code":{"insertions":23,"deletions":6}}},{"hash":"c0ba89ab78f086eb37663419896607be751f76ef","isMergeCommit":false,"messageTitle":"Add rationale why + symbol not allowed in phone number","messageBody":"","fileTypesAndContributionMap":{"docs":{"insertions":17,"deletions":2},"test-code":{"insertions":0,"deletions":4}}},{"hash":"8b45b4cd5debd32864567508bf8808bfe883d35d","isMergeCommit":false,"messageTitle":"Truncate multiple white space in name","messageBody":"","fileTypesAndContributionMap":{"functional-code":{"insertions":3,"deletions":2},"test-code":{"insertions":3,"deletions":0}}},{"hash":"821a32d583cc39ca2d443fa36fd35e1fda832756","isMergeCommit":false,"messageTitle":"Update user guide faq to be more specific for duplicate","messageBody":"","fileTypesAndContributionMap":{"docs":{"insertions":6,"deletions":2}}},{"hash":"a0c090a05165745c6744ff9f047a623a83d6231f","isMergeCommit":false,"messageTitle":"Add manual testing information","messageBody":"","fileTypesAndContributionMap":{"docs":{"insertions":85,"deletions":19}}},{"hash":"c207bcd7174984f1307497f50aeeea85455fcdb6","isMergeCommit":false,"messageTitle":"For participation","messageBody":"","fileTypesAndContributionMap":{"docs":{"insertions":2,"deletions":2}}}]}]},"authorFileTypeContributionMap":{"hyizhak":{"docs":0,"functional-code":86,"test-code":386},"ki1r0":{"docs":8,"functional-code":34,"test-code":17},"RickyHFR":{"docs":82,"functional-code":9,"test-code":56},"TanJieHaoAmos":{"docs":128,"functional-code":0,"test-code":0},"wei-song1":{"docs":69,"functional-code":5,"test-code":25}},"authorContributionVariance":{"hyizhak":52272.22,"ki1r0":1328.6666,"RickyHFR":32088.89,"TanJieHaoAmos":11824.22,"wei-song1":7200.0},"authorDisplayNameMap":{"hyizhak":"CS2103T-T11-4 HAN ..ZHAN","ki1r0":"CS2103T-T11-4 SUN ..IANG","RickyHFR":"CS2103T-T11-4 HUAN..GRUI","TanJieHaoAmos":"CS2103T-T11-4 TAN ..AMOS","wei-song1":"CS2103T-T11-4 LIM ..SONG"}}
