[{"path":"src/main/java/wanted/logic/commands/FindCommand.java","fileType":"functional-code","lines":[{"lineNumber":1,"author":{"gitId":"-"},"content":"package wanted.logic.commands;","lastModifiedDate":"2025-03-10","isFullCredit":false},{"lineNumber":2,"author":{"gitId":"-"},"content":"","lastModifiedDate":"2016-09-22","isFullCredit":false},{"lineNumber":3,"author":{"gitId":"-"},"content":"import static java.util.Objects.requireNonNull;","lastModifiedDate":"2018-08-08","isFullCredit":false},{"lineNumber":4,"author":{"gitId":"-"},"content":"","lastModifiedDate":"2018-08-08","isFullCredit":false},{"lineNumber":5,"author":{"gitId":"-"},"content":"import java.util.Comparator;","lastModifiedDate":"2025-04-02","isFullCredit":false},{"lineNumber":6,"author":{"gitId":"-"},"content":"import java.util.List;","lastModifiedDate":"2025-04-02","isFullCredit":false},{"lineNumber":7,"author":{"gitId":"-"},"content":"import java.util.stream.Collectors;","lastModifiedDate":"2025-04-02","isFullCredit":false},{"lineNumber":8,"author":{"gitId":"-"},"content":"import java.util.stream.IntStream;","lastModifiedDate":"2025-04-02","isFullCredit":false},{"lineNumber":9,"author":{"gitId":"-"},"content":"","lastModifiedDate":"2025-04-02","isFullCredit":false},{"lineNumber":10,"author":{"gitId":"-"},"content":"import javafx.collections.ObservableList;","lastModifiedDate":"2025-04-02","isFullCredit":false},{"lineNumber":11,"author":{"gitId":"-"},"content":"import wanted.logic.Messages;","lastModifiedDate":"2025-03-10","isFullCredit":false},{"lineNumber":12,"author":{"gitId":"-"},"content":"import wanted.logic.commands.exceptions.CommandException;","lastModifiedDate":"2025-04-02","isFullCredit":false},{"lineNumber":13,"author":{"gitId":"-"},"content":"import wanted.model.LoanBook;","lastModifiedDate":"2025-04-02","isFullCredit":false},{"lineNumber":14,"author":{"gitId":"-"},"content":"import wanted.model.Model;","lastModifiedDate":"2025-03-10","isFullCredit":false},{"lineNumber":15,"author":{"gitId":"-"},"content":"import wanted.model.loan.Loan;","lastModifiedDate":"2025-04-02","isFullCredit":false},{"lineNumber":16,"author":{"gitId":"-"},"content":"import wanted.model.loan.NameContainsKeywordsPredicate;","lastModifiedDate":"2025-03-10","isFullCredit":false},{"lineNumber":17,"author":{"gitId":"-"},"content":"","lastModifiedDate":"2016-09-22","isFullCredit":false},{"lineNumber":18,"author":{"gitId":"-"},"content":"/**","lastModifiedDate":"2016-09-22","isFullCredit":false},{"lineNumber":19,"author":{"gitId":"-"},"content":" * Finds and lists all persons in loan book whose name contains any of the argument keywords.","lastModifiedDate":"2025-04-01","isFullCredit":false},{"lineNumber":20,"author":{"gitId":"-"},"content":" * Keyword matching is case insensitive.","lastModifiedDate":"2018-04-01","isFullCredit":false},{"lineNumber":21,"author":{"gitId":"-"},"content":" */","lastModifiedDate":"2016-09-22","isFullCredit":false},{"lineNumber":22,"author":{"gitId":"-"},"content":"public class FindCommand extends Command {","lastModifiedDate":"2016-09-22","isFullCredit":false},{"lineNumber":23,"author":{"gitId":"-"},"content":"","lastModifiedDate":"2016-09-22","isFullCredit":false},{"lineNumber":24,"author":{"gitId":"-"},"content":"    public static final boolean IS_ENABLED \u003d true;","lastModifiedDate":"2025-04-02","isFullCredit":false},{"lineNumber":25,"author":{"gitId":"-"},"content":"","lastModifiedDate":"2025-03-18","isFullCredit":false},{"lineNumber":26,"author":{"gitId":"-"},"content":"    public static final String COMMAND_WORD \u003d \"find\";","lastModifiedDate":"2016-09-22","isFullCredit":false},{"lineNumber":27,"author":{"gitId":"-"},"content":"    public static final String MESSAGE_SUCCESS \u003d \"Loan(s) found\";","lastModifiedDate":"2025-04-02","isFullCredit":false},{"lineNumber":28,"author":{"gitId":"-"},"content":"","lastModifiedDate":"2016-09-22","isFullCredit":false},{"lineNumber":29,"author":{"gitId":"-"},"content":"    public static final String MESSAGE_USAGE \u003d COMMAND_WORD","lastModifiedDate":"2025-04-02","isFullCredit":false},{"lineNumber":30,"author":{"gitId":"-"},"content":"            + \": Finds all persons whose names contain any specified keywords (case-insensitive).\\n\"","lastModifiedDate":"2025-04-03","isFullCredit":false},{"lineNumber":31,"author":{"gitId":"ongxinyii"},"content":"            + \"Wanted list will be sorted with matches to the keywords (both fully and partially) at the top\\n\"","lastModifiedDate":"2025-04-07","isFullCredit":false},{"lineNumber":32,"author":{"gitId":"ongxinyii"},"content":"            + \"Output message will indicate the number of names that fully match keyword entered. \\n\"","lastModifiedDate":"2025-04-07","isFullCredit":false},{"lineNumber":33,"author":{"gitId":"-"},"content":"            + \"Parameters:\\n\"","lastModifiedDate":"2025-04-03","isFullCredit":false},{"lineNumber":34,"author":{"gitId":"-"},"content":"            + \"    [KEYWORD]\\n\"","lastModifiedDate":"2025-04-03","isFullCredit":false},{"lineNumber":35,"author":{"gitId":"-"},"content":"            + \"    ([MORE KEYWORDS]...)\\n\"","lastModifiedDate":"2025-04-03","isFullCredit":false},{"lineNumber":36,"author":{"gitId":"-"},"content":"            + \"Example: \" + COMMAND_WORD + \" alice bob charlie\";","lastModifiedDate":"2016-09-22","isFullCredit":false},{"lineNumber":37,"author":{"gitId":"-"},"content":"","lastModifiedDate":"2016-09-22","isFullCredit":false},{"lineNumber":38,"author":{"gitId":"-"},"content":"    private final NameContainsKeywordsPredicate predicate;","lastModifiedDate":"2017-06-12","isFullCredit":false},{"lineNumber":39,"author":{"gitId":"-"},"content":"","lastModifiedDate":"2016-09-22","isFullCredit":false},{"lineNumber":40,"author":{"gitId":"-"},"content":"    /**","lastModifiedDate":"2025-04-02","isFullCredit":false},{"lineNumber":41,"author":{"gitId":"-"},"content":"     * Constructs a {@code FindCommand} with the specified name-matching predicate.","lastModifiedDate":"2025-04-02","isFullCredit":false},{"lineNumber":42,"author":{"gitId":"-"},"content":"     *","lastModifiedDate":"2025-04-02","isFullCredit":false},{"lineNumber":43,"author":{"gitId":"-"},"content":"     * @param predicate The predicate used to evaluate if a loan\u0027s name matches any of the given keywords.","lastModifiedDate":"2025-04-02","isFullCredit":false},{"lineNumber":44,"author":{"gitId":"-"},"content":"     *                  Must not be null.","lastModifiedDate":"2025-04-02","isFullCredit":false},{"lineNumber":45,"author":{"gitId":"-"},"content":"     */","lastModifiedDate":"2025-04-02","isFullCredit":false},{"lineNumber":46,"author":{"gitId":"-"},"content":"    public FindCommand(NameContainsKeywordsPredicate predicate) {","lastModifiedDate":"2017-06-12","isFullCredit":false},{"lineNumber":47,"author":{"gitId":"-"},"content":"        requireNonNull(predicate);","lastModifiedDate":"2025-04-02","isFullCredit":false},{"lineNumber":48,"author":{"gitId":"-"},"content":"        this.predicate \u003d predicate;","lastModifiedDate":"2017-06-12","isFullCredit":false},{"lineNumber":49,"author":{"gitId":"-"},"content":"    }","lastModifiedDate":"2016-09-22","isFullCredit":false},{"lineNumber":50,"author":{"gitId":"-"},"content":"","lastModifiedDate":"2016-09-22","isFullCredit":false},{"lineNumber":51,"author":{"gitId":"-"},"content":"    @Override","lastModifiedDate":"2016-09-22","isFullCredit":false},{"lineNumber":52,"author":{"gitId":"-"},"content":"    public CommandResult execute(Model model) throws CommandException {","lastModifiedDate":"2025-04-02","isFullCredit":false},{"lineNumber":53,"author":{"gitId":"-"},"content":"        requireNonNull(model);","lastModifiedDate":"2018-08-08","isFullCredit":false},{"lineNumber":54,"author":{"gitId":"-"},"content":"","lastModifiedDate":"2016-09-22","isFullCredit":false},{"lineNumber":55,"author":{"gitId":"-"},"content":"        LoanBook loanBook \u003d (LoanBook) model.getLoanBook();","lastModifiedDate":"2025-04-02","isFullCredit":false},{"lineNumber":56,"author":{"gitId":"-"},"content":"        ObservableList\u003cLoan\u003e originalList \u003d loanBook.getPersonList();","lastModifiedDate":"2025-04-02","isFullCredit":false},{"lineNumber":57,"author":{"gitId":"-"},"content":"        List\u003cLoan\u003e sortedList \u003d IntStream.range(0, originalList.size())","lastModifiedDate":"2025-04-02","isFullCredit":false},{"lineNumber":58,"author":{"gitId":"-"},"content":"                .mapToObj(i -\u003e new IndexedLoan(originalList.get(i), i))","lastModifiedDate":"2025-04-02","isFullCredit":false},{"lineNumber":59,"author":{"gitId":"-"},"content":"                .sorted(Comparator","lastModifiedDate":"2025-04-02","isFullCredit":false},{"lineNumber":60,"author":{"gitId":"-"},"content":"                        .comparingInt((IndexedLoan il) -\u003e getMatchScore(il.loan))","lastModifiedDate":"2025-04-02","isFullCredit":false},{"lineNumber":61,"author":{"gitId":"-"},"content":"                        .reversed()","lastModifiedDate":"2025-04-02","isFullCredit":false},{"lineNumber":62,"author":{"gitId":"-"},"content":"                        .thenComparing(il -\u003e il.index))","lastModifiedDate":"2025-04-02","isFullCredit":false},{"lineNumber":63,"author":{"gitId":"-"},"content":"                .map(il -\u003e il.loan)","lastModifiedDate":"2025-04-02","isFullCredit":false},{"lineNumber":64,"author":{"gitId":"-"},"content":"                .collect(Collectors.toList());","lastModifiedDate":"2025-04-02","isFullCredit":false},{"lineNumber":65,"author":{"gitId":"-"},"content":"","lastModifiedDate":"2025-04-02","isFullCredit":false},{"lineNumber":66,"author":{"gitId":"-"},"content":"        assert sortedList.size() \u003d\u003d originalList.size() : \"New list must include all original items\";","lastModifiedDate":"2025-04-02","isFullCredit":false},{"lineNumber":67,"author":{"gitId":"-"},"content":"","lastModifiedDate":"2023-07-13","isFullCredit":false},{"lineNumber":68,"author":{"gitId":"-"},"content":"        loanBook.setPersons(sortedList);","lastModifiedDate":"2025-04-02","isFullCredit":false},{"lineNumber":69,"author":{"gitId":"-"},"content":"","lastModifiedDate":"2025-04-02","isFullCredit":false},{"lineNumber":70,"author":{"gitId":"-"},"content":"        // TO find number of matches found","lastModifiedDate":"2025-04-02","isFullCredit":false},{"lineNumber":71,"author":{"gitId":"-"},"content":"        long matchCount \u003d sortedList.stream()","lastModifiedDate":"2025-04-02","isFullCredit":false},{"lineNumber":72,"author":{"gitId":"-"},"content":"                        .filter(predicate)","lastModifiedDate":"2025-04-02","isFullCredit":false},{"lineNumber":73,"author":{"gitId":"-"},"content":"                        .count();","lastModifiedDate":"2025-04-02","isFullCredit":false},{"lineNumber":74,"author":{"gitId":"-"},"content":"        return new CommandResult(","lastModifiedDate":"2025-04-02","isFullCredit":false},{"lineNumber":75,"author":{"gitId":"-"},"content":"                String.format(Messages.MESSAGE_PERSONS_FOUND_OVERVIEW, matchCount));","lastModifiedDate":"2025-04-02","isFullCredit":false},{"lineNumber":76,"author":{"gitId":"-"},"content":"    }","lastModifiedDate":"2023-07-13","isFullCredit":false},{"lineNumber":77,"author":{"gitId":"-"},"content":"","lastModifiedDate":"2023-07-13","isFullCredit":false},{"lineNumber":78,"author":{"gitId":"-"},"content":"    @Override","lastModifiedDate":"2025-04-03","isFullCredit":false},{"lineNumber":79,"author":{"gitId":"-"},"content":"    public boolean equals(Object other) {","lastModifiedDate":"2025-04-03","isFullCredit":false},{"lineNumber":80,"author":{"gitId":"-"},"content":"        return other \u003d\u003d this","lastModifiedDate":"2025-04-03","isFullCredit":false},{"lineNumber":81,"author":{"gitId":"-"},"content":"                || (other instanceof FindCommand","lastModifiedDate":"2025-04-03","isFullCredit":false},{"lineNumber":82,"author":{"gitId":"-"},"content":"                \u0026\u0026 predicate.equals(((FindCommand) other).predicate));","lastModifiedDate":"2025-04-03","isFullCredit":false},{"lineNumber":83,"author":{"gitId":"-"},"content":"    }","lastModifiedDate":"2025-04-03","isFullCredit":false},{"lineNumber":84,"author":{"gitId":"-"},"content":"","lastModifiedDate":"2025-04-03","isFullCredit":false},{"lineNumber":85,"author":{"gitId":"-"},"content":"    /**","lastModifiedDate":"2025-04-02","isFullCredit":false},{"lineNumber":86,"author":{"gitId":"-"},"content":"     * Returns how many keywords are found in the loan\u0027s full name (case-insensitive).","lastModifiedDate":"2025-04-02","isFullCredit":false},{"lineNumber":87,"author":{"gitId":"-"},"content":"     */","lastModifiedDate":"2025-04-02","isFullCredit":false},{"lineNumber":88,"author":{"gitId":"-"},"content":"    private int getMatchScore(Loan loan) {","lastModifiedDate":"2025-04-02","isFullCredit":false},{"lineNumber":89,"author":{"gitId":"-"},"content":"        String lowerName \u003d loan.getName().fullName.toLowerCase();","lastModifiedDate":"2025-04-02","isFullCredit":false},{"lineNumber":90,"author":{"gitId":"-"},"content":"        return (int) predicate.keywords().stream()","lastModifiedDate":"2025-04-02","isFullCredit":false},{"lineNumber":91,"author":{"gitId":"-"},"content":"                .filter(keyword -\u003e lowerName.contains(keyword.toLowerCase()))","lastModifiedDate":"2025-04-02","isFullCredit":false},{"lineNumber":92,"author":{"gitId":"-"},"content":"                .count();","lastModifiedDate":"2025-04-02","isFullCredit":false},{"lineNumber":93,"author":{"gitId":"-"},"content":"    }","lastModifiedDate":"2017-06-27","isFullCredit":false},{"lineNumber":94,"author":{"gitId":"-"},"content":"","lastModifiedDate":"2019-02-23","isFullCredit":false},{"lineNumber":95,"author":{"gitId":"-"},"content":"    /**","lastModifiedDate":"2025-04-02","isFullCredit":false},{"lineNumber":96,"author":{"gitId":"-"},"content":"     * Helper class to track original index for stable sorting","lastModifiedDate":"2025-04-02","isFullCredit":false},{"lineNumber":97,"author":{"gitId":"-"},"content":"     * Immutable data structure.","lastModifiedDate":"2025-04-02","isFullCredit":false},{"lineNumber":98,"author":{"gitId":"-"},"content":"     */","lastModifiedDate":"2025-04-02","isFullCredit":false},{"lineNumber":99,"author":{"gitId":"-"},"content":"    private record IndexedLoan(Loan loan, int index) {","lastModifiedDate":"2025-04-02","isFullCredit":false},{"lineNumber":100,"author":{"gitId":"-"},"content":"        private IndexedLoan {","lastModifiedDate":"2025-04-02","isFullCredit":false},{"lineNumber":101,"author":{"gitId":"-"},"content":"            requireNonNull(loan);","lastModifiedDate":"2025-04-02","isFullCredit":false},{"lineNumber":102,"author":{"gitId":"-"},"content":"        }","lastModifiedDate":"2025-04-02","isFullCredit":false},{"lineNumber":103,"author":{"gitId":"-"},"content":"    }","lastModifiedDate":"2019-02-23","isFullCredit":false},{"lineNumber":104,"author":{"gitId":"-"},"content":"}","lastModifiedDate":"2016-09-22","isFullCredit":false}],"authorContributionMap":{"ongxinyii":2,"-":102}},{"path":"src/main/java/wanted/ui/LoanCard.java","fileType":"functional-code","lines":[{"lineNumber":1,"author":{"gitId":"-"},"content":"package wanted.ui;","lastModifiedDate":"2025-03-10","isFullCredit":false},{"lineNumber":2,"author":{"gitId":"-"},"content":"","lastModifiedDate":"2016-09-21","isFullCredit":false},{"lineNumber":3,"author":{"gitId":"-"},"content":"import java.util.Comparator;","lastModifiedDate":"2019-01-02","isFullCredit":false},{"lineNumber":4,"author":{"gitId":"-"},"content":"","lastModifiedDate":"2019-01-02","isFullCredit":false},{"lineNumber":5,"author":{"gitId":"ongxinyii"},"content":"import javafx.application.Platform;","lastModifiedDate":"2025-04-07","isFullCredit":false},{"lineNumber":6,"author":{"gitId":"-"},"content":"import javafx.collections.FXCollections;","lastModifiedDate":"2025-04-03","isFullCredit":false},{"lineNumber":7,"author":{"gitId":"-"},"content":"import javafx.collections.ObservableList;","lastModifiedDate":"2025-04-03","isFullCredit":false},{"lineNumber":8,"author":{"gitId":"-"},"content":"import javafx.fxml.FXML;","lastModifiedDate":"2016-09-21","isFullCredit":false},{"lineNumber":9,"author":{"gitId":"-"},"content":"import javafx.scene.control.Label;","lastModifiedDate":"2016-09-21","isFullCredit":false},{"lineNumber":10,"author":{"gitId":"ongxinyii"},"content":"import javafx.scene.control.ScrollPane;","lastModifiedDate":"2025-04-07","isFullCredit":false},{"lineNumber":11,"author":{"gitId":"-"},"content":"import javafx.scene.layout.FlowPane;","lastModifiedDate":"2016-12-18","isFullCredit":false},{"lineNumber":12,"author":{"gitId":"-"},"content":"import javafx.scene.layout.HBox;","lastModifiedDate":"2016-09-21","isFullCredit":false},{"lineNumber":13,"author":{"gitId":"-"},"content":"import javafx.scene.layout.Region;","lastModifiedDate":"2016-12-24","isFullCredit":false},{"lineNumber":14,"author":{"gitId":"-"},"content":"import javafx.scene.layout.VBox;","lastModifiedDate":"2025-04-03","isFullCredit":false},{"lineNumber":15,"author":{"gitId":"-"},"content":"import wanted.model.loan.Loan;","lastModifiedDate":"2025-03-10","isFullCredit":false},{"lineNumber":16,"author":{"gitId":"-"},"content":"import wanted.model.loan.Phone;","lastModifiedDate":"2025-04-02","isFullCredit":false},{"lineNumber":17,"author":{"gitId":"-"},"content":"import wanted.model.loan.transaction.LoanTransaction;","lastModifiedDate":"2025-04-03","isFullCredit":false},{"lineNumber":18,"author":{"gitId":"-"},"content":"","lastModifiedDate":"2016-09-21","isFullCredit":false},{"lineNumber":19,"author":{"gitId":"-"},"content":"/**","lastModifiedDate":"2017-08-16","isFullCredit":false},{"lineNumber":20,"author":{"gitId":"-"},"content":" * An UI component that displays information of a {@code Loan}.","lastModifiedDate":"2025-03-10","isFullCredit":false},{"lineNumber":21,"author":{"gitId":"-"},"content":" */","lastModifiedDate":"2017-08-16","isFullCredit":false},{"lineNumber":22,"author":{"gitId":"-"},"content":"public class LoanCard extends UiPart\u003cRegion\u003e {","lastModifiedDate":"2025-03-10","isFullCredit":false},{"lineNumber":23,"author":{"gitId":"-"},"content":"","lastModifiedDate":"2016-09-21","isFullCredit":false},{"lineNumber":24,"author":{"gitId":"-"},"content":"    private static final String FXML \u003d \"LoanListCard.fxml\";","lastModifiedDate":"2025-03-10","isFullCredit":false},{"lineNumber":25,"author":{"gitId":"-"},"content":"","lastModifiedDate":"2016-09-21","isFullCredit":false},{"lineNumber":26,"author":{"gitId":"-"},"content":"    /**","lastModifiedDate":"2017-03-25","isFullCredit":false},{"lineNumber":27,"author":{"gitId":"-"},"content":"     * Note: Certain keywords such as \"location\" and \"resources\" are reserved keywords in JavaFX.","lastModifiedDate":"2017-03-25","isFullCredit":false},{"lineNumber":28,"author":{"gitId":"-"},"content":"     * As a consequence, UI elements\u0027 variable names cannot be set to such keywords","lastModifiedDate":"2017-03-25","isFullCredit":false},{"lineNumber":29,"author":{"gitId":"-"},"content":"     * or an exception will be thrown by JavaFX during runtime.","lastModifiedDate":"2017-03-25","isFullCredit":false},{"lineNumber":30,"author":{"gitId":"-"},"content":"     *","lastModifiedDate":"2017-03-25","isFullCredit":false},{"lineNumber":31,"author":{"gitId":"-"},"content":"     * @see \u003ca href\u003d\"https://github.com/se-edu/addressbook-level4/issues/336\"\u003eThe issue on LoanBook level 4\u003c/a\u003e","lastModifiedDate":"2025-03-10","isFullCredit":false},{"lineNumber":32,"author":{"gitId":"-"},"content":"     */","lastModifiedDate":"2017-03-25","isFullCredit":false},{"lineNumber":33,"author":{"gitId":"-"},"content":"","lastModifiedDate":"2017-03-25","isFullCredit":false},{"lineNumber":34,"author":{"gitId":"-"},"content":"    public final Loan loan;","lastModifiedDate":"2025-03-19","isFullCredit":false},{"lineNumber":35,"author":{"gitId":"-"},"content":"    private boolean isReturned;","lastModifiedDate":"2025-04-02","isFullCredit":false},{"lineNumber":36,"author":{"gitId":"-"},"content":"","lastModifiedDate":"2017-07-12","isFullCredit":false},{"lineNumber":37,"author":{"gitId":"-"},"content":"    @FXML","lastModifiedDate":"2016-09-21","isFullCredit":false},{"lineNumber":38,"author":{"gitId":"-"},"content":"    private HBox cardPane;","lastModifiedDate":"2016-09-21","isFullCredit":false},{"lineNumber":39,"author":{"gitId":"-"},"content":"    @FXML","lastModifiedDate":"2016-09-21","isFullCredit":false},{"lineNumber":40,"author":{"gitId":"-"},"content":"    private Label name;","lastModifiedDate":"2016-09-21","isFullCredit":false},{"lineNumber":41,"author":{"gitId":"-"},"content":"    @FXML","lastModifiedDate":"2016-09-21","isFullCredit":false},{"lineNumber":42,"author":{"gitId":"-"},"content":"    private Label id;","lastModifiedDate":"2016-09-21","isFullCredit":false},{"lineNumber":43,"author":{"gitId":"-"},"content":"    @FXML","lastModifiedDate":"2016-09-21","isFullCredit":false},{"lineNumber":44,"author":{"gitId":"-"},"content":"    private FlowPane tags;","lastModifiedDate":"2016-12-18","isFullCredit":false},{"lineNumber":45,"author":{"gitId":"-"},"content":"    @FXML","lastModifiedDate":"2025-03-13","isFullCredit":false},{"lineNumber":46,"author":{"gitId":"-"},"content":"    private Label amount;","lastModifiedDate":"2025-03-13","isFullCredit":false},{"lineNumber":47,"author":{"gitId":"-"},"content":"    @FXML","lastModifiedDate":"2025-03-13","isFullCredit":false},{"lineNumber":48,"author":{"gitId":"-"},"content":"    private Label phone;","lastModifiedDate":"2025-04-02","isFullCredit":false},{"lineNumber":49,"author":{"gitId":"-"},"content":"    @FXML","lastModifiedDate":"2025-04-02","isFullCredit":false},{"lineNumber":50,"author":{"gitId":"-"},"content":"    private Label date;","lastModifiedDate":"2025-03-13","isFullCredit":false},{"lineNumber":51,"author":{"gitId":"-"},"content":"    @FXML","lastModifiedDate":"2025-04-02","isFullCredit":false},{"lineNumber":52,"author":{"gitId":"-"},"content":"    private Label status;","lastModifiedDate":"2025-04-03","isFullCredit":false},{"lineNumber":53,"author":{"gitId":"-"},"content":"    @FXML","lastModifiedDate":"2025-04-03","isFullCredit":false},{"lineNumber":54,"author":{"gitId":"-"},"content":"    private VBox transactionsBox;","lastModifiedDate":"2025-04-03","isFullCredit":false},{"lineNumber":55,"author":{"gitId":"ongxinyii"},"content":"    @FXML","lastModifiedDate":"2025-04-07","isFullCredit":false},{"lineNumber":56,"author":{"gitId":"ongxinyii"},"content":"    private ScrollPane entryScrollPane;","lastModifiedDate":"2025-04-07","isFullCredit":false},{"lineNumber":57,"author":{"gitId":"-"},"content":"","lastModifiedDate":"2025-04-03","isFullCredit":false},{"lineNumber":58,"author":{"gitId":"-"},"content":"    private ObservableList\u003cLoanTransaction\u003e transactions;","lastModifiedDate":"2025-04-03","isFullCredit":false},{"lineNumber":59,"author":{"gitId":"-"},"content":"","lastModifiedDate":"2025-04-03","isFullCredit":false},{"lineNumber":60,"author":{"gitId":"-"},"content":"    /**","lastModifiedDate":"2020-05-27","isFullCredit":false},{"lineNumber":61,"author":{"gitId":"-"},"content":"     * Creates a {@code PersonCode} with the given {@code Loan} and index to display.","lastModifiedDate":"2025-03-10","isFullCredit":false},{"lineNumber":62,"author":{"gitId":"-"},"content":"     */","lastModifiedDate":"2020-05-27","isFullCredit":false},{"lineNumber":63,"author":{"gitId":"-"},"content":"    public LoanCard(Loan loan, int displayedIndex) {","lastModifiedDate":"2025-03-19","isFullCredit":false},{"lineNumber":64,"author":{"gitId":"-"},"content":"        super(FXML);","lastModifiedDate":"2016-12-24","isFullCredit":false},{"lineNumber":65,"author":{"gitId":"-"},"content":"        //display fields","lastModifiedDate":"2025-04-03","isFullCredit":false},{"lineNumber":66,"author":{"gitId":"-"},"content":"        this.loan \u003d loan;","lastModifiedDate":"2025-03-19","isFullCredit":false},{"lineNumber":67,"author":{"gitId":"-"},"content":"        isReturned \u003d this.loan.getLoanAmount().isRepaid();","lastModifiedDate":"2025-04-02","isFullCredit":false},{"lineNumber":68,"author":{"gitId":"-"},"content":"        id.setText(displayedIndex + \". \");","lastModifiedDate":"2016-09-21","isFullCredit":false},{"lineNumber":69,"author":{"gitId":"-"},"content":"        status.setText(getStatus());","lastModifiedDate":"2025-04-02","isFullCredit":false},{"lineNumber":70,"author":{"gitId":"-"},"content":"        name.setText(loan.getName().fullName);","lastModifiedDate":"2025-03-27","isFullCredit":false},{"lineNumber":71,"author":{"gitId":"-"},"content":"        amount.setText(\"Loan Amount: \" + loan.getLoanAmount().getRemainingAmount()","lastModifiedDate":"2025-03-30","isFullCredit":false},{"lineNumber":72,"author":{"gitId":"-"},"content":"                .getStringRepresentationWithFixedDecimalPoint());","lastModifiedDate":"2025-03-30","isFullCredit":false},{"lineNumber":73,"author":{"gitId":"-"},"content":"        transactions \u003d FXCollections.observableArrayList(loan.getLoanAmount().getTransactionHistoryCopy());","lastModifiedDate":"2025-04-03","isFullCredit":false},{"lineNumber":74,"author":{"gitId":"-"},"content":"","lastModifiedDate":"2025-04-03","isFullCredit":false},{"lineNumber":75,"author":{"gitId":"-"},"content":"        if (loan.getPhone() !\u003d null \u0026\u0026 !loan.getPhone().equals(Phone.EMPTY_PHONE)) {","lastModifiedDate":"2025-04-02","isFullCredit":false},{"lineNumber":76,"author":{"gitId":"-"},"content":"            this.phone.setText(\"Phone number: \" + loan.getPhone().getValue());","lastModifiedDate":"2025-04-02","isFullCredit":false},{"lineNumber":77,"author":{"gitId":"-"},"content":"        } else {","lastModifiedDate":"2025-04-02","isFullCredit":false},{"lineNumber":78,"author":{"gitId":"-"},"content":"            this.phone.setText(\"No phone number available\");","lastModifiedDate":"2025-04-02","isFullCredit":false},{"lineNumber":79,"author":{"gitId":"-"},"content":"        }","lastModifiedDate":"2025-04-02","isFullCredit":false},{"lineNumber":80,"author":{"gitId":"-"},"content":"","lastModifiedDate":"2025-04-03","isFullCredit":false},{"lineNumber":81,"author":{"gitId":"-"},"content":"        // Sort tags alphabetically and display them","lastModifiedDate":"2025-03-19","isFullCredit":false},{"lineNumber":82,"author":{"gitId":"-"},"content":"        loan.getTags().stream()","lastModifiedDate":"2025-03-19","isFullCredit":false},{"lineNumber":83,"author":{"gitId":"-"},"content":"                .sorted(Comparator.comparing(tag -\u003e tag.tagName))","lastModifiedDate":"2019-01-02","isFullCredit":false},{"lineNumber":84,"author":{"gitId":"-"},"content":"                .forEach(tag -\u003e tags.getChildren().add(new Label(tag.tagName)));","lastModifiedDate":"2019-01-02","isFullCredit":false},{"lineNumber":85,"author":{"gitId":"-"},"content":"","lastModifiedDate":"2025-04-03","isFullCredit":false},{"lineNumber":86,"author":{"gitId":"-"},"content":"        updateBackground();","lastModifiedDate":"2025-04-02","isFullCredit":false},{"lineNumber":87,"author":{"gitId":"-"},"content":"        updateTransactionList(transactions);","lastModifiedDate":"2025-04-03","isFullCredit":false},{"lineNumber":88,"author":{"gitId":"-"},"content":"    }","lastModifiedDate":"2016-12-18","isFullCredit":false},{"lineNumber":89,"author":{"gitId":"-"},"content":"","lastModifiedDate":"2025-04-02","isFullCredit":false},{"lineNumber":90,"author":{"gitId":"-"},"content":"    private void updateBackground() {","lastModifiedDate":"2025-04-02","isFullCredit":false},{"lineNumber":91,"author":{"gitId":"-"},"content":"        if (isReturned) {","lastModifiedDate":"2025-04-02","isFullCredit":false},{"lineNumber":92,"author":{"gitId":"-"},"content":"            cardPane.setStyle(\"-fx-background-image: url(\u0027/images/papyrus.png\u0027);\"","lastModifiedDate":"2025-04-02","isFullCredit":false},{"lineNumber":93,"author":{"gitId":"-"},"content":"                    + \"-fx-background-size: cover;\");","lastModifiedDate":"2025-04-02","isFullCredit":false},{"lineNumber":94,"author":{"gitId":"-"},"content":"        } else {","lastModifiedDate":"2025-04-02","isFullCredit":false},{"lineNumber":95,"author":{"gitId":"-"},"content":"            cardPane.setStyle(\"-fx-background-image: url(\u0027/images/blood_splatter_background.png\u0027);\"","lastModifiedDate":"2025-04-02","isFullCredit":false},{"lineNumber":96,"author":{"gitId":"-"},"content":"                    + \"-fx-background-size: cover;\");","lastModifiedDate":"2025-04-02","isFullCredit":false},{"lineNumber":97,"author":{"gitId":"-"},"content":"        }","lastModifiedDate":"2025-04-02","isFullCredit":false},{"lineNumber":98,"author":{"gitId":"-"},"content":"    }","lastModifiedDate":"2025-04-02","isFullCredit":false},{"lineNumber":99,"author":{"gitId":"-"},"content":"","lastModifiedDate":"2025-04-02","isFullCredit":false},{"lineNumber":100,"author":{"gitId":"-"},"content":"    private String getStatus() {","lastModifiedDate":"2025-04-02","isFullCredit":false},{"lineNumber":101,"author":{"gitId":"-"},"content":"        status.getStyleClass().removeAll(\"status-wanted\", \"status-not-wanted\");","lastModifiedDate":"2025-04-02","isFullCredit":false},{"lineNumber":102,"author":{"gitId":"-"},"content":"","lastModifiedDate":"2025-04-02","isFullCredit":false},{"lineNumber":103,"author":{"gitId":"-"},"content":"        if (isReturned) {","lastModifiedDate":"2025-04-02","isFullCredit":false},{"lineNumber":104,"author":{"gitId":"-"},"content":"            status.getStyleClass().add(\"status-not-wanted\");","lastModifiedDate":"2025-04-02","isFullCredit":false},{"lineNumber":105,"author":{"gitId":"-"},"content":"            return \"Not Wanted\";","lastModifiedDate":"2025-04-02","isFullCredit":false},{"lineNumber":106,"author":{"gitId":"-"},"content":"        } else {","lastModifiedDate":"2025-04-02","isFullCredit":false},{"lineNumber":107,"author":{"gitId":"-"},"content":"            status.getStyleClass().add(\"status-wanted\");","lastModifiedDate":"2025-04-02","isFullCredit":false},{"lineNumber":108,"author":{"gitId":"-"},"content":"            return \"Wanted\";","lastModifiedDate":"2025-04-02","isFullCredit":false},{"lineNumber":109,"author":{"gitId":"-"},"content":"        }","lastModifiedDate":"2025-04-02","isFullCredit":false},{"lineNumber":110,"author":{"gitId":"-"},"content":"    }","lastModifiedDate":"2025-04-02","isFullCredit":false},{"lineNumber":111,"author":{"gitId":"-"},"content":"","lastModifiedDate":"2025-04-02","isFullCredit":false},{"lineNumber":112,"author":{"gitId":"-"},"content":"    private void updateTransactionList(ObservableList\u003cLoanTransaction\u003e transactions) {","lastModifiedDate":"2025-04-03","isFullCredit":false},{"lineNumber":113,"author":{"gitId":"-"},"content":"        transactionsBox.getChildren().clear(); // Clear old transactions","lastModifiedDate":"2025-04-03","isFullCredit":false},{"lineNumber":114,"author":{"gitId":"-"},"content":"        transactionsBox.getStyleClass().add(\"transaction-box\");","lastModifiedDate":"2025-04-03","isFullCredit":false},{"lineNumber":115,"author":{"gitId":"-"},"content":"        //pls work","lastModifiedDate":"2025-04-03","isFullCredit":false},{"lineNumber":116,"author":{"gitId":"-"},"content":"        transactions.stream()","lastModifiedDate":"2025-04-03","isFullCredit":false},{"lineNumber":117,"author":{"gitId":"-"},"content":"                .map(this::createTransactionLabel).forEach(transactionsBox.getChildren()::add);","lastModifiedDate":"2025-04-03","isFullCredit":false},{"lineNumber":118,"author":{"gitId":"ongxinyii"},"content":"        Platform.runLater(() -\u003e entryScrollPane.setVvalue(1.0));","lastModifiedDate":"2025-04-07","isFullCredit":false},{"lineNumber":119,"author":{"gitId":"-"},"content":"    }","lastModifiedDate":"2025-04-03","isFullCredit":false},{"lineNumber":120,"author":{"gitId":"-"},"content":"","lastModifiedDate":"2025-04-03","isFullCredit":false},{"lineNumber":121,"author":{"gitId":"-"},"content":"    private Label createTransactionLabel(LoanTransaction transaction) {","lastModifiedDate":"2025-04-03","isFullCredit":false},{"lineNumber":122,"author":{"gitId":"-"},"content":"        int index \u003d transactionsBox.getChildren().size() + 1;","lastModifiedDate":"2025-04-03","isFullCredit":false},{"lineNumber":123,"author":{"gitId":"-"},"content":"        Label txnLabel \u003d new Label(index + \". \" + transaction.getExplanation());","lastModifiedDate":"2025-04-03","isFullCredit":false},{"lineNumber":124,"author":{"gitId":"-"},"content":"        txnLabel.getStyleClass().add(\"transaction-label\");","lastModifiedDate":"2025-04-03","isFullCredit":false},{"lineNumber":125,"author":{"gitId":"-"},"content":"        return txnLabel; //same code logic as before","lastModifiedDate":"2025-04-03","isFullCredit":false},{"lineNumber":126,"author":{"gitId":"-"},"content":"    }","lastModifiedDate":"2025-04-03","isFullCredit":false},{"lineNumber":127,"author":{"gitId":"-"},"content":"}","lastModifiedDate":"2016-09-21","isFullCredit":false}],"authorContributionMap":{"ongxinyii":5,"-":122}},{"path":"src/main/resources/view/DarkTheme.css","fileType":"functional-code","lines":[{"lineNumber":1,"author":{"gitId":"-"},"content":"@font-face {","lastModifiedDate":"2025-03-27","isFullCredit":false},{"lineNumber":2,"author":{"gitId":"-"},"content":"    font-family: \"Special Elite\";","lastModifiedDate":"2025-03-27","isFullCredit":false},{"lineNumber":3,"author":{"gitId":"-"},"content":"    src: url(\"../fonts/SpecialElite-Regular.ttf\");","lastModifiedDate":"2025-03-27","isFullCredit":false},{"lineNumber":4,"author":{"gitId":"-"},"content":"}","lastModifiedDate":"2016-08-08","isFullCredit":false},{"lineNumber":5,"author":{"gitId":"-"},"content":"","lastModifiedDate":"2016-08-08","isFullCredit":false},{"lineNumber":6,"author":{"gitId":"-"},"content":".background .root {","lastModifiedDate":"2025-03-27","isFullCredit":false},{"lineNumber":7,"author":{"gitId":"-"},"content":"    -fx-background-image: url(\"../images/blood_splatter_background.png\");","lastModifiedDate":"2025-03-27","isFullCredit":false},{"lineNumber":8,"author":{"gitId":"-"},"content":"    -fx-background-repeat: stretch;","lastModifiedDate":"2025-03-27","isFullCredit":false},{"lineNumber":9,"author":{"gitId":"-"},"content":"    -fx-background-size: cover;","lastModifiedDate":"2025-03-27","isFullCredit":false},{"lineNumber":10,"author":{"gitId":"-"},"content":"    -fx-background-position: center center;","lastModifiedDate":"2025-03-27","isFullCredit":false},{"lineNumber":11,"author":{"gitId":"-"},"content":"    -fx-background-color: derive(#2b1f1a, 20%);","lastModifiedDate":"2025-03-27","isFullCredit":false},{"lineNumber":12,"author":{"gitId":"-"},"content":"}","lastModifiedDate":"2025-03-27","isFullCredit":false},{"lineNumber":13,"author":{"gitId":"-"},"content":"","lastModifiedDate":"2025-03-27","isFullCredit":false},{"lineNumber":14,"author":{"gitId":"-"},"content":".label, .list-cell .label {","lastModifiedDate":"2025-03-27","isFullCredit":false},{"lineNumber":15,"author":{"gitId":"-"},"content":"    -fx-font-size: 12pt;","lastModifiedDate":"2025-03-27","isFullCredit":false},{"lineNumber":16,"author":{"gitId":"-"},"content":"    -fx-font-family: \"Special Elite\", \"Courier New\", monospace;","lastModifiedDate":"2025-03-27","isFullCredit":false},{"lineNumber":17,"author":{"gitId":"-"},"content":"    -fx-text-fill: #e0d5c3;","lastModifiedDate":"2025-03-27","isFullCredit":false},{"lineNumber":18,"author":{"gitId":"-"},"content":"    -fx-opacity: 0.9;","lastModifiedDate":"2016-08-08","isFullCredit":false},{"lineNumber":19,"author":{"gitId":"-"},"content":"}","lastModifiedDate":"2016-08-08","isFullCredit":false},{"lineNumber":20,"author":{"gitId":"-"},"content":"","lastModifiedDate":"2016-08-08","isFullCredit":false},{"lineNumber":21,"author":{"gitId":"-"},"content":".label-bright {","lastModifiedDate":"2016-08-08","isFullCredit":false},{"lineNumber":22,"author":{"gitId":"-"},"content":"    -fx-font-size: 12pt;","lastModifiedDate":"2025-03-27","isFullCredit":false},{"lineNumber":23,"author":{"gitId":"-"},"content":"    -fx-font-family: \"Special Elite\";","lastModifiedDate":"2025-03-27","isFullCredit":false},{"lineNumber":24,"author":{"gitId":"-"},"content":"    -fx-text-fill: #e0d5c3;","lastModifiedDate":"2025-03-27","isFullCredit":false},{"lineNumber":25,"author":{"gitId":"-"},"content":"    -fx-opacity: 1;","lastModifiedDate":"2016-08-08","isFullCredit":false},{"lineNumber":26,"author":{"gitId":"-"},"content":"}","lastModifiedDate":"2016-08-08","isFullCredit":false},{"lineNumber":27,"author":{"gitId":"-"},"content":"","lastModifiedDate":"2016-08-08","isFullCredit":false},{"lineNumber":28,"author":{"gitId":"-"},"content":".label-header {","lastModifiedDate":"2016-08-08","isFullCredit":false},{"lineNumber":29,"author":{"gitId":"-"},"content":"    -fx-font-size: 36pt;","lastModifiedDate":"2025-03-27","isFullCredit":false},{"lineNumber":30,"author":{"gitId":"ongxinyii"},"content":"    -fx-font-family: \"Consolas\";","lastModifiedDate":"2025-04-07","isFullCredit":false},{"lineNumber":31,"author":{"gitId":"-"},"content":"    -fx-text-fill: #F70D1A;","lastModifiedDate":"2025-03-27","isFullCredit":false},{"lineNumber":32,"author":{"gitId":"-"},"content":"    -fx-effect: dropshadow(gaussian, #660000, 10, 0.3, 2, 2);","lastModifiedDate":"2025-03-27","isFullCredit":false},{"lineNumber":33,"author":{"gitId":"-"},"content":"    -fx-opacity: 1;","lastModifiedDate":"2016-08-08","isFullCredit":false},{"lineNumber":34,"author":{"gitId":"-"},"content":"}","lastModifiedDate":"2016-08-08","isFullCredit":false},{"lineNumber":35,"author":{"gitId":"-"},"content":"","lastModifiedDate":"2016-08-08","isFullCredit":false},{"lineNumber":36,"author":{"gitId":"-"},"content":".text-field, TextField {","lastModifiedDate":"2025-03-27","isFullCredit":false},{"lineNumber":37,"author":{"gitId":"-"},"content":"    -fx-font-size: 12pt;","lastModifiedDate":"2016-08-08","isFullCredit":false},{"lineNumber":38,"author":{"gitId":"-"},"content":"    -fx-font-family: \"Special Elite\";","lastModifiedDate":"2025-03-27","isFullCredit":false},{"lineNumber":39,"author":{"gitId":"-"},"content":"    -fx-background-color: rgba(40, 30, 25, 0.8);","lastModifiedDate":"2025-03-27","isFullCredit":false},{"lineNumber":40,"author":{"gitId":"-"},"content":"    -fx-text-fill: #fff5e1;","lastModifiedDate":"2025-03-27","isFullCredit":false},{"lineNumber":41,"author":{"gitId":"-"},"content":"    -fx-border-color: #F70D1A;","lastModifiedDate":"2025-03-27","isFullCredit":false},{"lineNumber":42,"author":{"gitId":"-"},"content":"    -fx-border-width: 1px;","lastModifiedDate":"2025-03-27","isFullCredit":false},{"lineNumber":43,"author":{"gitId":"-"},"content":"}","lastModifiedDate":"2016-08-08","isFullCredit":false},{"lineNumber":44,"author":{"gitId":"-"},"content":"","lastModifiedDate":"2016-08-08","isFullCredit":false},{"lineNumber":45,"author":{"gitId":"-"},"content":".tab-pane {","lastModifiedDate":"2016-08-08","isFullCredit":false},{"lineNumber":46,"author":{"gitId":"-"},"content":"    -fx-padding: 0 0 0 1;","lastModifiedDate":"2016-08-08","isFullCredit":false},{"lineNumber":47,"author":{"gitId":"-"},"content":"}","lastModifiedDate":"2016-08-08","isFullCredit":false},{"lineNumber":48,"author":{"gitId":"-"},"content":"","lastModifiedDate":"2016-08-08","isFullCredit":false},{"lineNumber":49,"author":{"gitId":"-"},"content":".tab-pane .tab-header-area {","lastModifiedDate":"2016-08-08","isFullCredit":false},{"lineNumber":50,"author":{"gitId":"-"},"content":"    -fx-padding: 0 0 0 0;","lastModifiedDate":"2016-08-08","isFullCredit":false},{"lineNumber":51,"author":{"gitId":"-"},"content":"    -fx-min-height: 0;","lastModifiedDate":"2016-08-08","isFullCredit":false},{"lineNumber":52,"author":{"gitId":"-"},"content":"    -fx-max-height: 0;","lastModifiedDate":"2016-08-08","isFullCredit":false},{"lineNumber":53,"author":{"gitId":"-"},"content":"}","lastModifiedDate":"2016-08-08","isFullCredit":false},{"lineNumber":54,"author":{"gitId":"-"},"content":"","lastModifiedDate":"2016-08-08","isFullCredit":false},{"lineNumber":55,"author":{"gitId":"-"},"content":".table-view {","lastModifiedDate":"2016-08-08","isFullCredit":false},{"lineNumber":56,"author":{"gitId":"-"},"content":"    -fx-base: #2b1f1a;","lastModifiedDate":"2025-03-27","isFullCredit":false},{"lineNumber":57,"author":{"gitId":"-"},"content":"    -fx-control-inner-background: #2b1f1a;","lastModifiedDate":"2025-03-27","isFullCredit":false},{"lineNumber":58,"author":{"gitId":"-"},"content":"    -fx-font-family: \"Special Elite\";","lastModifiedDate":"2025-03-27","isFullCredit":false},{"lineNumber":59,"author":{"gitId":"-"},"content":"    -fx-background-color: rgba(43, 31, 26, 0.9);","lastModifiedDate":"2025-03-27","isFullCredit":false},{"lineNumber":60,"author":{"gitId":"-"},"content":"    -fx-table-cell-border-color: transparent;","lastModifiedDate":"2016-08-08","isFullCredit":false},{"lineNumber":61,"author":{"gitId":"-"},"content":"    -fx-table-header-border-color: transparent;","lastModifiedDate":"2016-08-08","isFullCredit":false},{"lineNumber":62,"author":{"gitId":"-"},"content":"    -fx-padding: 5;","lastModifiedDate":"2016-08-08","isFullCredit":false},{"lineNumber":63,"author":{"gitId":"-"},"content":"}","lastModifiedDate":"2016-08-08","isFullCredit":false},{"lineNumber":64,"author":{"gitId":"-"},"content":"","lastModifiedDate":"2016-08-08","isFullCredit":false},{"lineNumber":65,"author":{"gitId":"-"},"content":".table-view .column-header-background {","lastModifiedDate":"2016-08-08","isFullCredit":false},{"lineNumber":66,"author":{"gitId":"-"},"content":"    -fx-background-color: transparent;","lastModifiedDate":"2016-08-08","isFullCredit":false},{"lineNumber":67,"author":{"gitId":"-"},"content":"}","lastModifiedDate":"2016-08-08","isFullCredit":false},{"lineNumber":68,"author":{"gitId":"-"},"content":"","lastModifiedDate":"2016-08-08","isFullCredit":false},{"lineNumber":69,"author":{"gitId":"-"},"content":".table-view .column-header, .table-view .filler {","lastModifiedDate":"2016-08-08","isFullCredit":false},{"lineNumber":70,"author":{"gitId":"-"},"content":"    -fx-size: 35;","lastModifiedDate":"2016-08-08","isFullCredit":false},{"lineNumber":71,"author":{"gitId":"-"},"content":"    -fx-border-width: 0 0 1 0;","lastModifiedDate":"2016-08-08","isFullCredit":false},{"lineNumber":72,"author":{"gitId":"-"},"content":"    -fx-background-color: transparent;","lastModifiedDate":"2016-08-08","isFullCredit":false},{"lineNumber":73,"author":{"gitId":"-"},"content":"    -fx-border-color:","lastModifiedDate":"2016-08-08","isFullCredit":false},{"lineNumber":74,"author":{"gitId":"-"},"content":"        transparent","lastModifiedDate":"2016-08-08","isFullCredit":false},{"lineNumber":75,"author":{"gitId":"-"},"content":"        transparent","lastModifiedDate":"2016-08-08","isFullCredit":false},{"lineNumber":76,"author":{"gitId":"-"},"content":"        derive(-fx-base, 80%)","lastModifiedDate":"2016-08-08","isFullCredit":false},{"lineNumber":77,"author":{"gitId":"-"},"content":"        transparent;","lastModifiedDate":"2016-08-08","isFullCredit":false},{"lineNumber":78,"author":{"gitId":"-"},"content":"    -fx-border-insets: 0 10 1 0;","lastModifiedDate":"2016-08-08","isFullCredit":false},{"lineNumber":79,"author":{"gitId":"-"},"content":"}","lastModifiedDate":"2016-08-08","isFullCredit":false},{"lineNumber":80,"author":{"gitId":"-"},"content":"","lastModifiedDate":"2016-08-08","isFullCredit":false},{"lineNumber":81,"author":{"gitId":"-"},"content":".table-view .column-header .label {","lastModifiedDate":"2016-08-08","isFullCredit":false},{"lineNumber":82,"author":{"gitId":"-"},"content":"    -fx-font-size: 20pt;","lastModifiedDate":"2016-08-08","isFullCredit":false},{"lineNumber":83,"author":{"gitId":"-"},"content":"    -fx-font-family: \"Special Elite\";","lastModifiedDate":"2025-03-27","isFullCredit":false},{"lineNumber":84,"author":{"gitId":"-"},"content":"    -fx-text-fill: #e0d5c3;","lastModifiedDate":"2025-03-27","isFullCredit":false},{"lineNumber":85,"author":{"gitId":"-"},"content":"    -fx-alignment: center-left;","lastModifiedDate":"2016-08-08","isFullCredit":false},{"lineNumber":86,"author":{"gitId":"-"},"content":"    -fx-opacity: 1;","lastModifiedDate":"2016-08-08","isFullCredit":false},{"lineNumber":87,"author":{"gitId":"-"},"content":"}","lastModifiedDate":"2016-08-08","isFullCredit":false},{"lineNumber":88,"author":{"gitId":"-"},"content":"","lastModifiedDate":"2016-08-08","isFullCredit":false},{"lineNumber":89,"author":{"gitId":"-"},"content":".table-view:focused .table-row-cell:filled:focused:selected {","lastModifiedDate":"2016-08-08","isFullCredit":false},{"lineNumber":90,"author":{"gitId":"-"},"content":"    -fx-background-color: -fx-focus-color;","lastModifiedDate":"2016-08-08","isFullCredit":false},{"lineNumber":91,"author":{"gitId":"-"},"content":"}","lastModifiedDate":"2016-08-08","isFullCredit":false},{"lineNumber":92,"author":{"gitId":"-"},"content":"","lastModifiedDate":"2016-08-08","isFullCredit":false},{"lineNumber":93,"author":{"gitId":"-"},"content":".transaction-box {","lastModifiedDate":"2025-04-03","isFullCredit":false},{"lineNumber":94,"author":{"gitId":"-"},"content":"    -fx-background-color: rgba(0, 0, 0, 0.4);","lastModifiedDate":"2025-04-03","isFullCredit":false},{"lineNumber":95,"author":{"gitId":"-"},"content":"    -fx-border-color: #3b0f0f;","lastModifiedDate":"2025-04-03","isFullCredit":false},{"lineNumber":96,"author":{"gitId":"-"},"content":"    -fx-border-width: 1px;","lastModifiedDate":"2025-04-03","isFullCredit":false},{"lineNumber":97,"author":{"gitId":"-"},"content":"    -fx-border-radius: 6;","lastModifiedDate":"2025-04-03","isFullCredit":false},{"lineNumber":98,"author":{"gitId":"-"},"content":"    -fx-background-radius: 6;","lastModifiedDate":"2025-04-03","isFullCredit":false},{"lineNumber":99,"author":{"gitId":"-"},"content":"    -fx-padding: 8;","lastModifiedDate":"2025-04-03","isFullCredit":false},{"lineNumber":100,"author":{"gitId":"-"},"content":"    -fx-spacing: 6;","lastModifiedDate":"2025-04-03","isFullCredit":false},{"lineNumber":101,"author":{"gitId":"-"},"content":"}","lastModifiedDate":"2025-04-03","isFullCredit":false},{"lineNumber":102,"author":{"gitId":"-"},"content":"","lastModifiedDate":"2025-04-03","isFullCredit":false},{"lineNumber":103,"author":{"gitId":"-"},"content":".transaction-label {","lastModifiedDate":"2025-04-03","isFullCredit":false},{"lineNumber":104,"author":{"gitId":"-"},"content":"    -fx-font-family: \"Special Elite\", \"Courier New\", monospace;","lastModifiedDate":"2025-04-03","isFullCredit":false},{"lineNumber":105,"author":{"gitId":"-"},"content":"    -fx-font-size: 11pt;","lastModifiedDate":"2025-04-03","isFullCredit":false},{"lineNumber":106,"author":{"gitId":"-"},"content":"    -fx-text-fill: #f8f8f2;","lastModifiedDate":"2025-04-03","isFullCredit":false},{"lineNumber":107,"author":{"gitId":"-"},"content":"    -fx-background-color: #3b0f0f;","lastModifiedDate":"2025-04-03","isFullCredit":false},{"lineNumber":108,"author":{"gitId":"-"},"content":"    -fx-background-radius: 4;","lastModifiedDate":"2025-04-03","isFullCredit":false},{"lineNumber":109,"author":{"gitId":"-"},"content":"    -fx-border-radius: 4;","lastModifiedDate":"2025-04-03","isFullCredit":false},{"lineNumber":110,"author":{"gitId":"-"},"content":"    -fx-padding: 6 10 6 10;","lastModifiedDate":"2025-04-03","isFullCredit":false},{"lineNumber":111,"author":{"gitId":"-"},"content":"}","lastModifiedDate":"2025-04-03","isFullCredit":false},{"lineNumber":112,"author":{"gitId":"-"},"content":"","lastModifiedDate":"2025-04-03","isFullCredit":false},{"lineNumber":113,"author":{"gitId":"-"},"content":".split-pane:horizontal .split-pane-divider {","lastModifiedDate":"2016-08-08","isFullCredit":false},{"lineNumber":114,"author":{"gitId":"-"},"content":"    -fx-background-color: derive(#2b1f1a, 20%);","lastModifiedDate":"2025-03-27","isFullCredit":false},{"lineNumber":115,"author":{"gitId":"-"},"content":"    -fx-border-color: transparent transparent transparent #b32814;","lastModifiedDate":"2025-03-27","isFullCredit":false},{"lineNumber":116,"author":{"gitId":"-"},"content":"}","lastModifiedDate":"2016-08-15","isFullCredit":false},{"lineNumber":117,"author":{"gitId":"-"},"content":"","lastModifiedDate":"2016-08-15","isFullCredit":false},{"lineNumber":118,"author":{"gitId":"-"},"content":".split-pane {","lastModifiedDate":"2016-08-15","isFullCredit":false},{"lineNumber":119,"author":{"gitId":"-"},"content":"    -fx-border-radius: 1;","lastModifiedDate":"2016-08-15","isFullCredit":false},{"lineNumber":120,"author":{"gitId":"-"},"content":"    -fx-border-width: 1;","lastModifiedDate":"2016-08-15","isFullCredit":false},{"lineNumber":121,"author":{"gitId":"-"},"content":"    -fx-background-color: derive(#2b1f1a, 20%);","lastModifiedDate":"2025-03-27","isFullCredit":false},{"lineNumber":122,"author":{"gitId":"-"},"content":"}","lastModifiedDate":"2016-08-08","isFullCredit":false},{"lineNumber":123,"author":{"gitId":"-"},"content":"","lastModifiedDate":"2016-08-08","isFullCredit":false},{"lineNumber":124,"author":{"gitId":"-"},"content":".list-view {","lastModifiedDate":"2017-03-02","isFullCredit":false},{"lineNumber":125,"author":{"gitId":"-"},"content":"    -fx-background-insets: 0;","lastModifiedDate":"2017-03-02","isFullCredit":false},{"lineNumber":126,"author":{"gitId":"-"},"content":"    -fx-padding: 0;","lastModifiedDate":"2017-03-02","isFullCredit":false},{"lineNumber":127,"author":{"gitId":"-"},"content":"    -fx-background-color: derive(#2b1f1a, 20%);","lastModifiedDate":"2025-03-27","isFullCredit":false},{"lineNumber":128,"author":{"gitId":"-"},"content":"}","lastModifiedDate":"2017-03-02","isFullCredit":false},{"lineNumber":129,"author":{"gitId":"-"},"content":"","lastModifiedDate":"2017-03-02","isFullCredit":false},{"lineNumber":130,"author":{"gitId":"-"},"content":".list-cell {","lastModifiedDate":"2016-08-08","isFullCredit":false},{"lineNumber":131,"author":{"gitId":"-"},"content":"    -fx-label-padding: 0 0 0 0;","lastModifiedDate":"2016-08-08","isFullCredit":false},{"lineNumber":132,"author":{"gitId":"-"},"content":"    -fx-graphic-text-gap : 0;","lastModifiedDate":"2016-08-08","isFullCredit":false},{"lineNumber":133,"author":{"gitId":"-"},"content":"    -fx-padding: 0 0 0 0;","lastModifiedDate":"2016-08-08","isFullCredit":false},{"lineNumber":134,"author":{"gitId":"-"},"content":"    -fx-border-color: #4d0e04;","lastModifiedDate":"2025-03-27","isFullCredit":false},{"lineNumber":135,"author":{"gitId":"-"},"content":"    -fx-border-width: 0 0 1 0;","lastModifiedDate":"2025-03-27","isFullCredit":false},{"lineNumber":136,"author":{"gitId":"-"},"content":"    -fx-background-repeat: no-repeat;","lastModifiedDate":"2025-03-27","isFullCredit":false},{"lineNumber":137,"author":{"gitId":"-"},"content":"    -fx-background-size: cover;","lastModifiedDate":"2025-03-27","isFullCredit":false},{"lineNumber":138,"author":{"gitId":"-"},"content":"    -fx-background-position: center center;","lastModifiedDate":"2025-03-27","isFullCredit":false},{"lineNumber":139,"author":{"gitId":"-"},"content":"}","lastModifiedDate":"2016-08-08","isFullCredit":false},{"lineNumber":140,"author":{"gitId":"-"},"content":"","lastModifiedDate":"2016-08-08","isFullCredit":false},{"lineNumber":141,"author":{"gitId":"ongxinyii"},"content":".list-cell:empty {","lastModifiedDate":"2025-04-07","isFullCredit":false},{"lineNumber":142,"author":{"gitId":"ongxinyii"},"content":"    -fx-background-color: transparent;","lastModifiedDate":"2025-04-07","isFullCredit":false},{"lineNumber":143,"author":{"gitId":"ongxinyii"},"content":"    -fx-border-color: transparent;","lastModifiedDate":"2025-04-07","isFullCredit":false},{"lineNumber":144,"author":{"gitId":"ongxinyii"},"content":"}","lastModifiedDate":"2025-04-07","isFullCredit":false},{"lineNumber":145,"author":{"gitId":"ongxinyii"},"content":"","lastModifiedDate":"2025-04-07","isFullCredit":false},{"lineNumber":146,"author":{"gitId":"-"},"content":".list-cell:filled:even {","lastModifiedDate":"2017-03-02","isFullCredit":false},{"lineNumber":147,"author":{"gitId":"-"},"content":"    -fx-background-color: #5c4033;","lastModifiedDate":"2025-03-27","isFullCredit":false},{"lineNumber":148,"author":{"gitId":"-"},"content":"}","lastModifiedDate":"2017-03-02","isFullCredit":false},{"lineNumber":149,"author":{"gitId":"-"},"content":"","lastModifiedDate":"2017-03-02","isFullCredit":false},{"lineNumber":150,"author":{"gitId":"-"},"content":".list-cell:filled:odd {","lastModifiedDate":"2017-03-02","isFullCredit":false},{"lineNumber":151,"author":{"gitId":"-"},"content":"    -fx-background-color: #7b5e42;","lastModifiedDate":"2025-03-27","isFullCredit":false},{"lineNumber":152,"author":{"gitId":"-"},"content":"}","lastModifiedDate":"2017-03-02","isFullCredit":false},{"lineNumber":153,"author":{"gitId":"-"},"content":"","lastModifiedDate":"2017-03-02","isFullCredit":false},{"lineNumber":154,"author":{"gitId":"-"},"content":".list-cell:filled:selected {","lastModifiedDate":"2017-03-02","isFullCredit":false},{"lineNumber":155,"author":{"gitId":"-"},"content":"    -fx-background-color: #701010;","lastModifiedDate":"2025-03-27","isFullCredit":false},{"lineNumber":156,"author":{"gitId":"-"},"content":"}","lastModifiedDate":"2017-03-02","isFullCredit":false},{"lineNumber":157,"author":{"gitId":"-"},"content":"","lastModifiedDate":"2017-03-02","isFullCredit":false},{"lineNumber":158,"author":{"gitId":"-"},"content":".list-cell:filled:selected #cardPane {","lastModifiedDate":"2017-03-02","isFullCredit":false},{"lineNumber":159,"author":{"gitId":"-"},"content":"    -fx-border-color: #f5a69a;","lastModifiedDate":"2025-03-27","isFullCredit":false},{"lineNumber":160,"author":{"gitId":"-"},"content":"    -fx-border-width: 1;","lastModifiedDate":"2017-03-02","isFullCredit":false},{"lineNumber":161,"author":{"gitId":"-"},"content":"}","lastModifiedDate":"2017-03-02","isFullCredit":false},{"lineNumber":162,"author":{"gitId":"-"},"content":"","lastModifiedDate":"2017-03-02","isFullCredit":false},{"lineNumber":163,"author":{"gitId":"-"},"content":".list-cell .label {","lastModifiedDate":"2016-08-08","isFullCredit":false},{"lineNumber":164,"author":{"gitId":"-"},"content":"    -fx-text-fill: #e0d5c3;","lastModifiedDate":"2025-03-27","isFullCredit":false},{"lineNumber":165,"author":{"gitId":"-"},"content":"}","lastModifiedDate":"2016-08-08","isFullCredit":false},{"lineNumber":166,"author":{"gitId":"-"},"content":"","lastModifiedDate":"2016-08-08","isFullCredit":false},{"lineNumber":167,"author":{"gitId":"-"},"content":".cell_big_label {","lastModifiedDate":"2016-08-08","isFullCredit":false},{"lineNumber":168,"author":{"gitId":"-"},"content":"    -fx-font-family: \"Special Elite\";","lastModifiedDate":"2025-03-27","isFullCredit":false},{"lineNumber":169,"author":{"gitId":"-"},"content":"    -fx-font-size: 16px;","lastModifiedDate":"2016-08-08","isFullCredit":false},{"lineNumber":170,"author":{"gitId":"ongxinyii"},"content":"    -fx-font-weight: 900;","lastModifiedDate":"2025-04-07","isFullCredit":false},{"lineNumber":171,"author":{"gitId":"-"},"content":"    -fx-text-fill: #e0d5c3;","lastModifiedDate":"2025-03-27","isFullCredit":false},{"lineNumber":172,"author":{"gitId":"-"},"content":"}","lastModifiedDate":"2016-08-08","isFullCredit":false},{"lineNumber":173,"author":{"gitId":"-"},"content":"","lastModifiedDate":"2016-08-08","isFullCredit":false},{"lineNumber":174,"author":{"gitId":"-"},"content":".cell_small_label {","lastModifiedDate":"2016-08-08","isFullCredit":false},{"lineNumber":175,"author":{"gitId":"-"},"content":"    -fx-font-family: \"Special Elite\";","lastModifiedDate":"2025-03-27","isFullCredit":false},{"lineNumber":176,"author":{"gitId":"-"},"content":"    -fx-font-size: 8px;","lastModifiedDate":"2025-03-27","isFullCredit":false},{"lineNumber":177,"author":{"gitId":"-"},"content":"    -fx-text-fill: #e0d5c3;","lastModifiedDate":"2025-03-27","isFullCredit":false},{"lineNumber":178,"author":{"gitId":"-"},"content":"}","lastModifiedDate":"2016-08-08","isFullCredit":false},{"lineNumber":179,"author":{"gitId":"-"},"content":"","lastModifiedDate":"2016-08-08","isFullCredit":false},{"lineNumber":180,"author":{"gitId":"-"},"content":".stack-pane {","lastModifiedDate":"2018-04-01","isFullCredit":false},{"lineNumber":181,"author":{"gitId":"-"},"content":"     -fx-background-color: derive(#4d0e04, 20%);","lastModifiedDate":"2025-03-27","isFullCredit":false},{"lineNumber":182,"author":{"gitId":"-"},"content":"}","lastModifiedDate":"2016-08-08","isFullCredit":false},{"lineNumber":183,"author":{"gitId":"-"},"content":"","lastModifiedDate":"2016-08-08","isFullCredit":false},{"lineNumber":184,"author":{"gitId":"-"},"content":".pane-with-border {","lastModifiedDate":"2017-05-15","isFullCredit":false},{"lineNumber":185,"author":{"gitId":"-"},"content":"     -fx-background-color: derive(#4d0e04, 20%);","lastModifiedDate":"2025-03-27","isFullCredit":false},{"lineNumber":186,"author":{"gitId":"-"},"content":"     -fx-border-color: derive(#4d0e04, 10%);","lastModifiedDate":"2025-03-27","isFullCredit":false},{"lineNumber":187,"author":{"gitId":"-"},"content":"     -fx-border-top-width: 1px;","lastModifiedDate":"2017-05-09","isFullCredit":false},{"lineNumber":188,"author":{"gitId":"-"},"content":"}","lastModifiedDate":"2017-05-09","isFullCredit":false},{"lineNumber":189,"author":{"gitId":"-"},"content":"","lastModifiedDate":"2017-05-09","isFullCredit":false},{"lineNumber":190,"author":{"gitId":"-"},"content":".status-bar {","lastModifiedDate":"2016-08-08","isFullCredit":false},{"lineNumber":191,"author":{"gitId":"-"},"content":"    -fx-background-color: derive(#4d0e04, 30%);","lastModifiedDate":"2025-03-27","isFullCredit":false},{"lineNumber":192,"author":{"gitId":"-"},"content":"}","lastModifiedDate":"2016-09-14","isFullCredit":false},{"lineNumber":193,"author":{"gitId":"-"},"content":"","lastModifiedDate":"2016-09-14","isFullCredit":false},{"lineNumber":194,"author":{"gitId":"-"},"content":".result-display {","lastModifiedDate":"2016-09-14","isFullCredit":false},{"lineNumber":195,"author":{"gitId":"-"},"content":"    -fx-background-color: transparent;","lastModifiedDate":"2017-03-02","isFullCredit":false},{"lineNumber":196,"author":{"gitId":"ongxinyii"},"content":"    -fx-font-family: \"Consolas\";","lastModifiedDate":"2025-04-07","isFullCredit":false},{"lineNumber":197,"author":{"gitId":"-"},"content":"    -fx-font-size: 13pt;","lastModifiedDate":"2017-03-02","isFullCredit":false},{"lineNumber":198,"author":{"gitId":"-"},"content":"    -fx-text-fill: #e0d5c3;","lastModifiedDate":"2025-03-27","isFullCredit":false},{"lineNumber":199,"author":{"gitId":"-"},"content":"}","lastModifiedDate":"2016-09-14","isFullCredit":false},{"lineNumber":200,"author":{"gitId":"-"},"content":"","lastModifiedDate":"2016-09-14","isFullCredit":false},{"lineNumber":201,"author":{"gitId":"-"},"content":".result-display .label {","lastModifiedDate":"2016-09-14","isFullCredit":false},{"lineNumber":202,"author":{"gitId":"-"},"content":"    -fx-text-fill: #4d0e04 !important;","lastModifiedDate":"2025-03-27","isFullCredit":false},{"lineNumber":203,"author":{"gitId":"-"},"content":"}","lastModifiedDate":"2016-08-08","isFullCredit":false},{"lineNumber":204,"author":{"gitId":"-"},"content":"","lastModifiedDate":"2016-08-08","isFullCredit":false},{"lineNumber":205,"author":{"gitId":"-"},"content":".status-bar .label {","lastModifiedDate":"2016-08-08","isFullCredit":false},{"lineNumber":206,"author":{"gitId":"-"},"content":"    -fx-font-family: \"Special Elite\";","lastModifiedDate":"2025-03-27","isFullCredit":false},{"lineNumber":207,"author":{"gitId":"-"},"content":"    -fx-text-fill: #e0d5c3;","lastModifiedDate":"2025-03-27","isFullCredit":false},{"lineNumber":208,"author":{"gitId":"-"},"content":"    -fx-padding: 4px;","lastModifiedDate":"2018-12-08","isFullCredit":false},{"lineNumber":209,"author":{"gitId":"-"},"content":"    -fx-pref-height: 30px;","lastModifiedDate":"2018-12-08","isFullCredit":false},{"lineNumber":210,"author":{"gitId":"-"},"content":"}","lastModifiedDate":"2016-08-08","isFullCredit":false},{"lineNumber":211,"author":{"gitId":"-"},"content":"","lastModifiedDate":"2016-08-08","isFullCredit":false},{"lineNumber":212,"author":{"gitId":"-"},"content":".status-bar-with-border {","lastModifiedDate":"2016-08-08","isFullCredit":false},{"lineNumber":213,"author":{"gitId":"-"},"content":"    -fx-background-color: derive(#4d0e04, 30%);","lastModifiedDate":"2025-03-27","isFullCredit":false},{"lineNumber":214,"author":{"gitId":"-"},"content":"    -fx-border-color: derive(#4d0e04, 25%);","lastModifiedDate":"2025-03-27","isFullCredit":false},{"lineNumber":215,"author":{"gitId":"-"},"content":"    -fx-border-width: 1px;","lastModifiedDate":"2016-08-08","isFullCredit":false},{"lineNumber":216,"author":{"gitId":"-"},"content":"}","lastModifiedDate":"2016-08-08","isFullCredit":false},{"lineNumber":217,"author":{"gitId":"-"},"content":"","lastModifiedDate":"2016-08-08","isFullCredit":false},{"lineNumber":218,"author":{"gitId":"-"},"content":".status-bar-with-border .label {","lastModifiedDate":"2016-08-08","isFullCredit":false},{"lineNumber":219,"author":{"gitId":"-"},"content":"    -fx-text-fill: #e0d5c3;","lastModifiedDate":"2025-03-27","isFullCredit":false},{"lineNumber":220,"author":{"gitId":"-"},"content":"}","lastModifiedDate":"2016-08-08","isFullCredit":false},{"lineNumber":221,"author":{"gitId":"-"},"content":"","lastModifiedDate":"2016-08-08","isFullCredit":false},{"lineNumber":222,"author":{"gitId":"ongxinyii"},"content":".status-container {","lastModifiedDate":"2025-04-07","isFullCredit":false},{"lineNumber":223,"author":{"gitId":"ongxinyii"},"content":"    -fx-background-color: #f0e1ac;","lastModifiedDate":"2025-04-07","isFullCredit":false},{"lineNumber":224,"author":{"gitId":"ongxinyii"},"content":"    -fx-padding: 0 2 0 2;              /* less horizontal padding */","lastModifiedDate":"2025-04-07","isFullCredit":false},{"lineNumber":225,"author":{"gitId":"ongxinyii"},"content":"    -fx-background-radius: 3;","lastModifiedDate":"2025-04-07","isFullCredit":false},{"lineNumber":226,"author":{"gitId":"ongxinyii"},"content":"    -fx-border-radius: 2;","lastModifiedDate":"2025-04-07","isFullCredit":false},{"lineNumber":227,"author":{"gitId":"ongxinyii"},"content":"    -fx-min-height: Region.USE_COMPUTED_SIZE;","lastModifiedDate":"2025-04-07","isFullCredit":false},{"lineNumber":228,"author":{"gitId":"ongxinyii"},"content":"    -fx-max-height: Region.USE_PREF_SIZE;","lastModifiedDate":"2025-04-07","isFullCredit":false},{"lineNumber":229,"author":{"gitId":"ongxinyii"},"content":"    -fx-min-width: Region.USE_COMPUTED_SIZE;","lastModifiedDate":"2025-04-07","isFullCredit":false},{"lineNumber":230,"author":{"gitId":"ongxinyii"},"content":"    -fx-max-width: Region.USE_PREF_SIZE;","lastModifiedDate":"2025-04-07","isFullCredit":false},{"lineNumber":231,"author":{"gitId":"ongxinyii"},"content":"    -fx-alignment: center;","lastModifiedDate":"2025-04-07","isFullCredit":false},{"lineNumber":232,"author":{"gitId":"ongxinyii"},"content":"    -fx-spacing: 1;                   /* reduce space between elements inside */","lastModifiedDate":"2025-04-07","isFullCredit":false},{"lineNumber":233,"author":{"gitId":"ongxinyii"},"content":"    -fx-effect: dropshadow(gaussian, #2a2a2a, 1, 0.1, 0, 0);","lastModifiedDate":"2025-04-07","isFullCredit":false},{"lineNumber":234,"author":{"gitId":"ongxinyii"},"content":"}","lastModifiedDate":"2025-04-07","isFullCredit":false},{"lineNumber":235,"author":{"gitId":"ongxinyii"},"content":"","lastModifiedDate":"2025-04-07","isFullCredit":false},{"lineNumber":236,"author":{"gitId":"-"},"content":".grid-pane {","lastModifiedDate":"2016-08-08","isFullCredit":false},{"lineNumber":237,"author":{"gitId":"-"},"content":"    -fx-background-color: derive(#4d0e04, 30%);","lastModifiedDate":"2025-03-27","isFullCredit":false},{"lineNumber":238,"author":{"gitId":"-"},"content":"    -fx-border-color: derive(#4d0e04, 30%);","lastModifiedDate":"2025-03-27","isFullCredit":false},{"lineNumber":239,"author":{"gitId":"-"},"content":"    -fx-border-width: 1px;","lastModifiedDate":"2016-08-08","isFullCredit":false},{"lineNumber":240,"author":{"gitId":"-"},"content":"}","lastModifiedDate":"2016-08-08","isFullCredit":false},{"lineNumber":241,"author":{"gitId":"-"},"content":"","lastModifiedDate":"2016-08-08","isFullCredit":false},{"lineNumber":242,"author":{"gitId":"-"},"content":".grid-pane .stack-pane {","lastModifiedDate":"2018-04-01","isFullCredit":false},{"lineNumber":243,"author":{"gitId":"-"},"content":"    -fx-background-color: derive(#4d0e04, 30%);","lastModifiedDate":"2025-03-27","isFullCredit":false},{"lineNumber":244,"author":{"gitId":"-"},"content":"}","lastModifiedDate":"2016-08-08","isFullCredit":false},{"lineNumber":245,"author":{"gitId":"-"},"content":"","lastModifiedDate":"2016-08-08","isFullCredit":false},{"lineNumber":246,"author":{"gitId":"-"},"content":".context-menu {","lastModifiedDate":"2016-08-08","isFullCredit":false},{"lineNumber":247,"author":{"gitId":"-"},"content":"    -fx-background-color: derive(#4d0e04, 50%);","lastModifiedDate":"2025-03-27","isFullCredit":false},{"lineNumber":248,"author":{"gitId":"-"},"content":"}","lastModifiedDate":"2016-08-08","isFullCredit":false},{"lineNumber":249,"author":{"gitId":"-"},"content":"","lastModifiedDate":"2016-08-08","isFullCredit":false},{"lineNumber":250,"author":{"gitId":"-"},"content":".context-menu .label {","lastModifiedDate":"2016-08-08","isFullCredit":false},{"lineNumber":251,"author":{"gitId":"-"},"content":"    -fx-text-fill: #e0d5c3;","lastModifiedDate":"2025-03-27","isFullCredit":false},{"lineNumber":252,"author":{"gitId":"-"},"content":"}","lastModifiedDate":"2016-08-08","isFullCredit":false},{"lineNumber":253,"author":{"gitId":"-"},"content":"","lastModifiedDate":"2016-08-08","isFullCredit":false},{"lineNumber":254,"author":{"gitId":"-"},"content":".menu-bar {","lastModifiedDate":"2016-08-08","isFullCredit":false},{"lineNumber":255,"author":{"gitId":"-"},"content":"    -fx-background-color: derive(#4d0e04, 20%);","lastModifiedDate":"2025-03-27","isFullCredit":false},{"lineNumber":256,"author":{"gitId":"-"},"content":"}","lastModifiedDate":"2016-08-08","isFullCredit":false},{"lineNumber":257,"author":{"gitId":"-"},"content":"","lastModifiedDate":"2016-08-08","isFullCredit":false},{"lineNumber":258,"author":{"gitId":"-"},"content":".menu-bar .label, .menu-bar \u003e .container \u003e .menu \u003e .label {","lastModifiedDate":"2025-03-27","isFullCredit":false},{"lineNumber":259,"author":{"gitId":"-"},"content":"    -fx-font-size: 14pt;","lastModifiedDate":"2016-08-08","isFullCredit":false},{"lineNumber":260,"author":{"gitId":"-"},"content":"    -fx-font-family: \"Special Elite\";","lastModifiedDate":"2025-03-27","isFullCredit":false},{"lineNumber":261,"author":{"gitId":"-"},"content":"    -fx-text-fill: #e0d5c3;","lastModifiedDate":"2025-03-27","isFullCredit":false},{"lineNumber":262,"author":{"gitId":"-"},"content":"    -fx-opacity: 0.9;","lastModifiedDate":"2016-08-08","isFullCredit":false},{"lineNumber":263,"author":{"gitId":"-"},"content":"}","lastModifiedDate":"2016-08-08","isFullCredit":false},{"lineNumber":264,"author":{"gitId":"-"},"content":"","lastModifiedDate":"2016-08-08","isFullCredit":false},{"lineNumber":265,"author":{"gitId":"-"},"content":".menu .left-container {","lastModifiedDate":"2016-08-08","isFullCredit":false},{"lineNumber":266,"author":{"gitId":"-"},"content":"    -fx-background-color: #4d0e04;","lastModifiedDate":"2025-03-27","isFullCredit":false},{"lineNumber":267,"author":{"gitId":"-"},"content":"}","lastModifiedDate":"2016-08-08","isFullCredit":false},{"lineNumber":268,"author":{"gitId":"-"},"content":"","lastModifiedDate":"2016-08-08","isFullCredit":false},{"lineNumber":269,"author":{"gitId":"-"},"content":"/*","lastModifiedDate":"2016-08-08","isFullCredit":false},{"lineNumber":270,"author":{"gitId":"-"},"content":" * Metro style Push Button","lastModifiedDate":"2016-08-08","isFullCredit":false},{"lineNumber":271,"author":{"gitId":"-"},"content":" * Author: Pedro Duque Vieira","lastModifiedDate":"2016-08-08","isFullCredit":false},{"lineNumber":272,"author":{"gitId":"-"},"content":" * http://pixelduke.wordpress.com/2012/10/23/jmetro-windows-8-controls-on-java/","lastModifiedDate":"2016-08-08","isFullCredit":false},{"lineNumber":273,"author":{"gitId":"-"},"content":" */","lastModifiedDate":"2016-08-08","isFullCredit":false},{"lineNumber":274,"author":{"gitId":"-"},"content":".button {","lastModifiedDate":"2016-08-08","isFullCredit":false},{"lineNumber":275,"author":{"gitId":"-"},"content":"    -fx-padding: 5 22 5 22;","lastModifiedDate":"2016-08-08","isFullCredit":false},{"lineNumber":276,"author":{"gitId":"-"},"content":"    -fx-border-color: #780606;","lastModifiedDate":"2025-03-27","isFullCredit":false},{"lineNumber":277,"author":{"gitId":"-"},"content":"    -fx-border-width: 2;","lastModifiedDate":"2016-08-08","isFullCredit":false},{"lineNumber":278,"author":{"gitId":"-"},"content":"    -fx-background-radius: 0;","lastModifiedDate":"2016-08-08","isFullCredit":false},{"lineNumber":279,"author":{"gitId":"-"},"content":"    -fx-background-color: #4d0e04;","lastModifiedDate":"2025-03-27","isFullCredit":false},{"lineNumber":280,"author":{"gitId":"-"},"content":"    -fx-font-family: \"Special Elite\";","lastModifiedDate":"2025-03-27","isFullCredit":false},{"lineNumber":281,"author":{"gitId":"-"},"content":"    -fx-font-size: 11pt;","lastModifiedDate":"2016-08-08","isFullCredit":false},{"lineNumber":282,"author":{"gitId":"-"},"content":"    -fx-text-fill: #d8d8d8;","lastModifiedDate":"2016-08-08","isFullCredit":false},{"lineNumber":283,"author":{"gitId":"-"},"content":"    -fx-background-insets: 0 0 0 0, 0, 1, 2;","lastModifiedDate":"2016-08-08","isFullCredit":false},{"lineNumber":284,"author":{"gitId":"-"},"content":"}","lastModifiedDate":"2016-08-08","isFullCredit":false},{"lineNumber":285,"author":{"gitId":"-"},"content":"","lastModifiedDate":"2016-08-08","isFullCredit":false},{"lineNumber":286,"author":{"gitId":"-"},"content":".button:hover {","lastModifiedDate":"2016-08-08","isFullCredit":false},{"lineNumber":287,"author":{"gitId":"-"},"content":"    -fx-background-color: #ebc5bf;","lastModifiedDate":"2025-03-27","isFullCredit":false},{"lineNumber":288,"author":{"gitId":"-"},"content":"}","lastModifiedDate":"2016-08-08","isFullCredit":false},{"lineNumber":289,"author":{"gitId":"-"},"content":"","lastModifiedDate":"2016-08-08","isFullCredit":false},{"lineNumber":290,"author":{"gitId":"-"},"content":".button:pressed, .button:default:hover:pressed {","lastModifiedDate":"2016-08-08","isFullCredit":false},{"lineNumber":291,"author":{"gitId":"-"},"content":"  -fx-background-color: #e0d5c3;","lastModifiedDate":"2025-03-27","isFullCredit":false},{"lineNumber":292,"author":{"gitId":"-"},"content":"  -fx-text-fill: #1d1d1d;","lastModifiedDate":"2016-08-15","isFullCredit":false},{"lineNumber":293,"author":{"gitId":"-"},"content":"}","lastModifiedDate":"2016-08-08","isFullCredit":false},{"lineNumber":294,"author":{"gitId":"-"},"content":"","lastModifiedDate":"2016-08-08","isFullCredit":false},{"lineNumber":295,"author":{"gitId":"-"},"content":".button:focused {","lastModifiedDate":"2016-08-08","isFullCredit":false},{"lineNumber":296,"author":{"gitId":"-"},"content":"    -fx-border-color: #e0d5c3, #e0d5c3;","lastModifiedDate":"2025-03-27","isFullCredit":false},{"lineNumber":297,"author":{"gitId":"-"},"content":"    -fx-border-width: 1, 1;","lastModifiedDate":"2016-08-08","isFullCredit":false},{"lineNumber":298,"author":{"gitId":"-"},"content":"    -fx-border-style: solid;","lastModifiedDate":"2025-03-27","isFullCredit":false},{"lineNumber":299,"author":{"gitId":"-"},"content":"    -fx-border-radius: 0, 0;","lastModifiedDate":"2016-08-08","isFullCredit":false},{"lineNumber":300,"author":{"gitId":"-"},"content":"    -fx-border-insets: 1 1 1 1, 0;","lastModifiedDate":"2016-08-08","isFullCredit":false},{"lineNumber":301,"author":{"gitId":"-"},"content":"}","lastModifiedDate":"2016-08-08","isFullCredit":false},{"lineNumber":302,"author":{"gitId":"-"},"content":"","lastModifiedDate":"2016-08-08","isFullCredit":false},{"lineNumber":303,"author":{"gitId":"-"},"content":".button:disabled, .button:default:disabled {","lastModifiedDate":"2016-08-08","isFullCredit":false},{"lineNumber":304,"author":{"gitId":"-"},"content":"    -fx-opacity: 0.4;","lastModifiedDate":"2016-08-08","isFullCredit":false},{"lineNumber":305,"author":{"gitId":"-"},"content":"    -fx-background-color: #1d1d1d;","lastModifiedDate":"2016-08-15","isFullCredit":false},{"lineNumber":306,"author":{"gitId":"-"},"content":"    -fx-text-fill: #e0d5c3;","lastModifiedDate":"2025-03-27","isFullCredit":false},{"lineNumber":307,"author":{"gitId":"-"},"content":"}","lastModifiedDate":"2016-08-08","isFullCredit":false},{"lineNumber":308,"author":{"gitId":"-"},"content":"","lastModifiedDate":"2016-08-08","isFullCredit":false},{"lineNumber":309,"author":{"gitId":"-"},"content":".button:default {","lastModifiedDate":"2016-08-08","isFullCredit":false},{"lineNumber":310,"author":{"gitId":"-"},"content":"    -fx-background-color: -fx-focus-color;","lastModifiedDate":"2016-08-08","isFullCredit":false},{"lineNumber":311,"author":{"gitId":"-"},"content":"    -fx-text-fill: #ffffff;","lastModifiedDate":"2016-08-08","isFullCredit":false},{"lineNumber":312,"author":{"gitId":"-"},"content":"}","lastModifiedDate":"2016-08-08","isFullCredit":false},{"lineNumber":313,"author":{"gitId":"-"},"content":"","lastModifiedDate":"2016-08-08","isFullCredit":false},{"lineNumber":314,"author":{"gitId":"-"},"content":".button:default:hover {","lastModifiedDate":"2016-08-08","isFullCredit":false},{"lineNumber":315,"author":{"gitId":"-"},"content":"    -fx-background-color: derive(-fx-focus-color, 30%);","lastModifiedDate":"2016-08-08","isFullCredit":false},{"lineNumber":316,"author":{"gitId":"-"},"content":"}","lastModifiedDate":"2016-08-08","isFullCredit":false},{"lineNumber":317,"author":{"gitId":"-"},"content":"","lastModifiedDate":"2016-08-08","isFullCredit":false},{"lineNumber":318,"author":{"gitId":"-"},"content":".dialog-pane {","lastModifiedDate":"2016-08-08","isFullCredit":false},{"lineNumber":319,"author":{"gitId":"-"},"content":"    -fx-background-color: #1d1d1d;","lastModifiedDate":"2016-08-15","isFullCredit":false},{"lineNumber":320,"author":{"gitId":"-"},"content":"}","lastModifiedDate":"2016-08-08","isFullCredit":false},{"lineNumber":321,"author":{"gitId":"-"},"content":"","lastModifiedDate":"2016-08-08","isFullCredit":false},{"lineNumber":322,"author":{"gitId":"-"},"content":".dialog-pane \u003e *.button-bar \u003e *.container {","lastModifiedDate":"2016-08-08","isFullCredit":false},{"lineNumber":323,"author":{"gitId":"-"},"content":"    -fx-background-color: #1d1d1d;","lastModifiedDate":"2016-08-15","isFullCredit":false},{"lineNumber":324,"author":{"gitId":"-"},"content":"}","lastModifiedDate":"2016-08-08","isFullCredit":false},{"lineNumber":325,"author":{"gitId":"-"},"content":"","lastModifiedDate":"2016-08-08","isFullCredit":false},{"lineNumber":326,"author":{"gitId":"-"},"content":".dialog-pane \u003e *.label.content {","lastModifiedDate":"2016-08-08","isFullCredit":false},{"lineNumber":327,"author":{"gitId":"-"},"content":"    -fx-font-size: 14px;","lastModifiedDate":"2016-08-08","isFullCredit":false},{"lineNumber":328,"author":{"gitId":"-"},"content":"    -fx-font-weight: bold;","lastModifiedDate":"2016-08-08","isFullCredit":false},{"lineNumber":329,"author":{"gitId":"-"},"content":"    -fx-text-fill: #e0d5c3;","lastModifiedDate":"2025-03-27","isFullCredit":false},{"lineNumber":330,"author":{"gitId":"-"},"content":"}","lastModifiedDate":"2016-08-08","isFullCredit":false},{"lineNumber":331,"author":{"gitId":"-"},"content":"","lastModifiedDate":"2016-08-08","isFullCredit":false},{"lineNumber":332,"author":{"gitId":"-"},"content":".dialog-pane \u003e .header-panel {","lastModifiedDate":"2025-03-27","isFullCredit":false},{"lineNumber":333,"author":{"gitId":"-"},"content":"    -fx-background-color: derive(#1d1d1d, 25%);","lastModifiedDate":"2016-08-15","isFullCredit":false},{"lineNumber":334,"author":{"gitId":"-"},"content":"}","lastModifiedDate":"2016-08-08","isFullCredit":false},{"lineNumber":335,"author":{"gitId":"-"},"content":"","lastModifiedDate":"2016-08-08","isFullCredit":false},{"lineNumber":336,"author":{"gitId":"-"},"content":".dialog-pane \u003e .header-panel *.label {","lastModifiedDate":"2025-03-27","isFullCredit":false},{"lineNumber":337,"author":{"gitId":"-"},"content":"    -fx-font-size: 18px;","lastModifiedDate":"2016-08-08","isFullCredit":false},{"lineNumber":338,"author":{"gitId":"-"},"content":"    -fx-font-style: italic;","lastModifiedDate":"2016-08-08","isFullCredit":false},{"lineNumber":339,"author":{"gitId":"-"},"content":"    -fx-fill: #e0d5c3;","lastModifiedDate":"2025-03-27","isFullCredit":false},{"lineNumber":340,"author":{"gitId":"-"},"content":"    -fx-text-fill: #e0d5c3;","lastModifiedDate":"2025-03-27","isFullCredit":false},{"lineNumber":341,"author":{"gitId":"-"},"content":"}","lastModifiedDate":"2016-08-08","isFullCredit":false},{"lineNumber":342,"author":{"gitId":"-"},"content":"","lastModifiedDate":"2016-08-08","isFullCredit":false},{"lineNumber":343,"author":{"gitId":"-"},"content":".scroll-bar {","lastModifiedDate":"2017-03-02","isFullCredit":false},{"lineNumber":344,"author":{"gitId":"-"},"content":"    -fx-background-color: derive(#1d1d1d, 20%);","lastModifiedDate":"2017-03-02","isFullCredit":false},{"lineNumber":345,"author":{"gitId":"-"},"content":"}","lastModifiedDate":"2017-03-02","isFullCredit":false},{"lineNumber":346,"author":{"gitId":"-"},"content":"","lastModifiedDate":"2017-03-02","isFullCredit":false},{"lineNumber":347,"author":{"gitId":"-"},"content":".scroll-bar .thumb {","lastModifiedDate":"2016-08-15","isFullCredit":false},{"lineNumber":348,"author":{"gitId":"-"},"content":"    -fx-background-color: derive(#4d0e04, 50%);","lastModifiedDate":"2025-03-27","isFullCredit":false},{"lineNumber":349,"author":{"gitId":"-"},"content":"    -fx-background-insets: 3;","lastModifiedDate":"2016-08-15","isFullCredit":false},{"lineNumber":350,"author":{"gitId":"-"},"content":"}","lastModifiedDate":"2016-08-15","isFullCredit":false},{"lineNumber":351,"author":{"gitId":"-"},"content":"","lastModifiedDate":"2016-08-15","isFullCredit":false},{"lineNumber":352,"author":{"gitId":"-"},"content":".scroll-bar .increment-button, .scroll-bar .decrement-button {","lastModifiedDate":"2016-08-15","isFullCredit":false},{"lineNumber":353,"author":{"gitId":"-"},"content":"    -fx-background-color: transparent;","lastModifiedDate":"2016-08-15","isFullCredit":false},{"lineNumber":354,"author":{"gitId":"-"},"content":"    -fx-padding: 0 0 0 0;","lastModifiedDate":"2016-08-15","isFullCredit":false},{"lineNumber":355,"author":{"gitId":"-"},"content":"}","lastModifiedDate":"2016-08-15","isFullCredit":false},{"lineNumber":356,"author":{"gitId":"-"},"content":"","lastModifiedDate":"2016-08-15","isFullCredit":false},{"lineNumber":357,"author":{"gitId":"-"},"content":".scroll-bar .increment-arrow, .scroll-bar .decrement-arrow {","lastModifiedDate":"2016-08-15","isFullCredit":false},{"lineNumber":358,"author":{"gitId":"-"},"content":"    -fx-shape: \" \";","lastModifiedDate":"2016-08-15","isFullCredit":false},{"lineNumber":359,"author":{"gitId":"-"},"content":"}","lastModifiedDate":"2016-08-18","isFullCredit":false},{"lineNumber":360,"author":{"gitId":"-"},"content":"","lastModifiedDate":"2016-08-18","isFullCredit":false},{"lineNumber":361,"author":{"gitId":"-"},"content":".scroll-bar:vertical .increment-arrow, .scroll-bar:vertical .decrement-arrow {","lastModifiedDate":"2016-08-18","isFullCredit":false},{"lineNumber":362,"author":{"gitId":"-"},"content":"    -fx-padding: 1 8 1 8;","lastModifiedDate":"2016-08-15","isFullCredit":false},{"lineNumber":363,"author":{"gitId":"-"},"content":"}","lastModifiedDate":"2016-08-15","isFullCredit":false},{"lineNumber":364,"author":{"gitId":"-"},"content":"","lastModifiedDate":"2016-08-15","isFullCredit":false},{"lineNumber":365,"author":{"gitId":"-"},"content":".scroll-bar:horizontal .increment-arrow, .scroll-bar:horizontal .decrement-arrow {","lastModifiedDate":"2016-08-18","isFullCredit":false},{"lineNumber":366,"author":{"gitId":"-"},"content":"    -fx-padding: 8 1 8 1;","lastModifiedDate":"2016-08-18","isFullCredit":false},{"lineNumber":367,"author":{"gitId":"-"},"content":"}","lastModifiedDate":"2016-08-18","isFullCredit":false},{"lineNumber":368,"author":{"gitId":"-"},"content":"","lastModifiedDate":"2016-08-18","isFullCredit":false},{"lineNumber":369,"author":{"gitId":"-"},"content":".scroll-pane {","lastModifiedDate":"2025-04-03","isFullCredit":false},{"lineNumber":370,"author":{"gitId":"-"},"content":"    -fx-background-color: transparent;","lastModifiedDate":"2025-04-03","isFullCredit":false},{"lineNumber":371,"author":{"gitId":"-"},"content":"    -fx-background-insets: 0;","lastModifiedDate":"2025-04-03","isFullCredit":false},{"lineNumber":372,"author":{"gitId":"-"},"content":"    -fx-padding: 0;","lastModifiedDate":"2025-04-03","isFullCredit":false},{"lineNumber":373,"author":{"gitId":"-"},"content":"    -fx-border-color: transparent;","lastModifiedDate":"2025-04-03","isFullCredit":false},{"lineNumber":374,"author":{"gitId":"-"},"content":"}","lastModifiedDate":"2025-04-03","isFullCredit":false},{"lineNumber":375,"author":{"gitId":"-"},"content":"","lastModifiedDate":"2025-04-03","isFullCredit":false},{"lineNumber":376,"author":{"gitId":"-"},"content":".scroll-pane \u003e .viewport {","lastModifiedDate":"2025-04-03","isFullCredit":false},{"lineNumber":377,"author":{"gitId":"-"},"content":"    -fx-background-color: transparent;","lastModifiedDate":"2025-04-03","isFullCredit":false},{"lineNumber":378,"author":{"gitId":"-"},"content":"}","lastModifiedDate":"2025-04-03","isFullCredit":false},{"lineNumber":379,"author":{"gitId":"-"},"content":"","lastModifiedDate":"2025-04-03","isFullCredit":false},{"lineNumber":380,"author":{"gitId":"-"},"content":".scroll-pane .content {","lastModifiedDate":"2025-04-03","isFullCredit":false},{"lineNumber":381,"author":{"gitId":"-"},"content":"    -fx-background-color: transparent;","lastModifiedDate":"2025-04-03","isFullCredit":false},{"lineNumber":382,"author":{"gitId":"-"},"content":"}","lastModifiedDate":"2025-04-03","isFullCredit":false},{"lineNumber":383,"author":{"gitId":"-"},"content":"","lastModifiedDate":"2025-04-03","isFullCredit":false},{"lineNumber":384,"author":{"gitId":"-"},"content":"#cardPane {","lastModifiedDate":"2016-08-08","isFullCredit":false},{"lineNumber":385,"author":{"gitId":"-"},"content":"    -fx-background-color: transparent;","lastModifiedDate":"2016-08-08","isFullCredit":false},{"lineNumber":386,"author":{"gitId":"-"},"content":"    -fx-border-width: 0;","lastModifiedDate":"2017-03-02","isFullCredit":false},{"lineNumber":387,"author":{"gitId":"-"},"content":"}","lastModifiedDate":"2016-08-08","isFullCredit":false},{"lineNumber":388,"author":{"gitId":"-"},"content":"","lastModifiedDate":"2016-08-08","isFullCredit":false},{"lineNumber":389,"author":{"gitId":"-"},"content":"#commandTypeLabel {","lastModifiedDate":"2016-08-08","isFullCredit":false},{"lineNumber":390,"author":{"gitId":"-"},"content":"    -fx-font-size: 11px;","lastModifiedDate":"2016-08-08","isFullCredit":false},{"lineNumber":391,"author":{"gitId":"-"},"content":"    -fx-text-fill: #F70D1A;","lastModifiedDate":"2016-08-08","isFullCredit":false},{"lineNumber":392,"author":{"gitId":"-"},"content":"}","lastModifiedDate":"2016-08-08","isFullCredit":false},{"lineNumber":393,"author":{"gitId":"-"},"content":"","lastModifiedDate":"2016-08-08","isFullCredit":false},{"lineNumber":394,"author":{"gitId":"-"},"content":"#commandTextField {","lastModifiedDate":"2017-03-02","isFullCredit":false},{"lineNumber":395,"author":{"gitId":"-"},"content":"    -fx-background-color: transparent #4d0e04 transparent #383838;","lastModifiedDate":"2025-03-27","isFullCredit":false},{"lineNumber":396,"author":{"gitId":"-"},"content":"    -fx-background-insets: 0;","lastModifiedDate":"2017-03-02","isFullCredit":false},{"lineNumber":397,"author":{"gitId":"-"},"content":"    -fx-border-color: #4d0e04 #4d0e04 #ffffff #4d0e04;","lastModifiedDate":"2025-03-27","isFullCredit":false},{"lineNumber":398,"author":{"gitId":"-"},"content":"    -fx-border-insets: 0;","lastModifiedDate":"2017-03-02","isFullCredit":false},{"lineNumber":399,"author":{"gitId":"-"},"content":"    -fx-border-width: 1;","lastModifiedDate":"2017-03-02","isFullCredit":false},{"lineNumber":400,"author":{"gitId":"ongxinyii"},"content":"    -fx-font-family: \"Consolas\";","lastModifiedDate":"2025-04-07","isFullCredit":false},{"lineNumber":401,"author":{"gitId":"-"},"content":"    -fx-font-size: 13pt;","lastModifiedDate":"2017-03-02","isFullCredit":false},{"lineNumber":402,"author":{"gitId":"-"},"content":"    -fx-text-fill: #e0d5c3;","lastModifiedDate":"2025-03-27","isFullCredit":false},{"lineNumber":403,"author":{"gitId":"-"},"content":"}","lastModifiedDate":"2017-03-02","isFullCredit":false},{"lineNumber":404,"author":{"gitId":"-"},"content":"","lastModifiedDate":"2017-03-02","isFullCredit":false},{"lineNumber":405,"author":{"gitId":"-"},"content":"#filterField, #personListPanel, #personWebpage {","lastModifiedDate":"2016-08-15","isFullCredit":false},{"lineNumber":406,"author":{"gitId":"-"},"content":"    -fx-effect: innershadow(gaussian, #300e09, 10, 0, 0, 0);","lastModifiedDate":"2025-03-27","isFullCredit":false},{"lineNumber":407,"author":{"gitId":"-"},"content":"}","lastModifiedDate":"2016-08-08","isFullCredit":false},{"lineNumber":408,"author":{"gitId":"-"},"content":"","lastModifiedDate":"2016-12-18","isFullCredit":false},{"lineNumber":409,"author":{"gitId":"-"},"content":"#resultDisplay .content {","lastModifiedDate":"2017-03-02","isFullCredit":false},{"lineNumber":410,"author":{"gitId":"-"},"content":"    -fx-background-color: transparent, #4d0e04, transparent, #4d0e04;","lastModifiedDate":"2025-03-27","isFullCredit":false},{"lineNumber":411,"author":{"gitId":"-"},"content":"    -fx-background-radius: 0;","lastModifiedDate":"2017-03-02","isFullCredit":false},{"lineNumber":412,"author":{"gitId":"-"},"content":"}","lastModifiedDate":"2017-03-02","isFullCredit":false},{"lineNumber":413,"author":{"gitId":"-"},"content":"","lastModifiedDate":"2017-03-02","isFullCredit":false},{"lineNumber":414,"author":{"gitId":"-"},"content":"#tags {","lastModifiedDate":"2016-12-18","isFullCredit":false},{"lineNumber":415,"author":{"gitId":"-"},"content":"    -fx-hgap: 7;","lastModifiedDate":"2016-12-18","isFullCredit":false},{"lineNumber":416,"author":{"gitId":"-"},"content":"    -fx-vgap: 3;","lastModifiedDate":"2016-12-18","isFullCredit":false},{"lineNumber":417,"author":{"gitId":"-"},"content":"}","lastModifiedDate":"2016-12-18","isFullCredit":false},{"lineNumber":418,"author":{"gitId":"-"},"content":"","lastModifiedDate":"2016-12-18","isFullCredit":false},{"lineNumber":419,"author":{"gitId":"-"},"content":"#tags .label {","lastModifiedDate":"2016-12-18","isFullCredit":false},{"lineNumber":420,"author":{"gitId":"-"},"content":"    -fx-text-fill: #e0d5c3;","lastModifiedDate":"2025-03-27","isFullCredit":false},{"lineNumber":421,"author":{"gitId":"ongxinyii"},"content":"    -fx-background-color: #800606;","lastModifiedDate":"2025-04-07","isFullCredit":false},{"lineNumber":422,"author":{"gitId":"-"},"content":"    -fx-padding: 1 6 1 6;","lastModifiedDate":"2025-03-27","isFullCredit":false},{"lineNumber":423,"author":{"gitId":"-"},"content":"    -fx-border-radius: 3;","lastModifiedDate":"2025-03-27","isFullCredit":false},{"lineNumber":424,"author":{"gitId":"-"},"content":"    -fx-background-radius: 3;","lastModifiedDate":"2025-03-27","isFullCredit":false},{"lineNumber":425,"author":{"gitId":"-"},"content":"    -fx-font-size: 10pt;","lastModifiedDate":"2025-03-27","isFullCredit":false},{"lineNumber":426,"author":{"gitId":"-"},"content":"}","lastModifiedDate":"2016-12-18","isFullCredit":false},{"lineNumber":427,"author":{"gitId":"-"},"content":"","lastModifiedDate":"2025-04-02","isFullCredit":false},{"lineNumber":428,"author":{"gitId":"-"},"content":".cell_small_label#status {","lastModifiedDate":"2025-04-02","isFullCredit":false},{"lineNumber":429,"author":{"gitId":"-"},"content":"    -fx-padding: 1 6 1 6;","lastModifiedDate":"2025-04-02","isFullCredit":false},{"lineNumber":430,"author":{"gitId":"-"},"content":"    -fx-margin-left: 5;","lastModifiedDate":"2025-04-02","isFullCredit":false},{"lineNumber":431,"author":{"gitId":"-"},"content":"    -fx-border-radius: 3;","lastModifiedDate":"2025-04-02","isFullCredit":false},{"lineNumber":432,"author":{"gitId":"-"},"content":"    -fx-background-radius: 3;","lastModifiedDate":"2025-04-02","isFullCredit":false},{"lineNumber":433,"author":{"gitId":"-"},"content":"    -fx-font-size: 10pt;","lastModifiedDate":"2025-04-02","isFullCredit":false},{"lineNumber":434,"author":{"gitId":"-"},"content":"    -fx-font-weight: bold;","lastModifiedDate":"2025-04-02","isFullCredit":false},{"lineNumber":435,"author":{"gitId":"-"},"content":"}","lastModifiedDate":"2025-04-02","isFullCredit":false},{"lineNumber":436,"author":{"gitId":"-"},"content":"","lastModifiedDate":"2025-04-02","isFullCredit":false},{"lineNumber":437,"author":{"gitId":"-"},"content":".cell_small_label#status.status-wanted {","lastModifiedDate":"2025-04-02","isFullCredit":false},{"lineNumber":438,"author":{"gitId":"ongxinyii"},"content":"    -fx-text-fill: #8f1d10;","lastModifiedDate":"2025-04-07","isFullCredit":false},{"lineNumber":439,"author":{"gitId":"-"},"content":"    -fx-font-weight: bold;","lastModifiedDate":"2025-04-03","isFullCredit":false},{"lineNumber":440,"author":{"gitId":"-"},"content":"}","lastModifiedDate":"2025-04-02","isFullCredit":false},{"lineNumber":441,"author":{"gitId":"-"},"content":"","lastModifiedDate":"2025-04-02","isFullCredit":false},{"lineNumber":442,"author":{"gitId":"-"},"content":".cell_small_label#status.status-not-wanted {","lastModifiedDate":"2025-04-02","isFullCredit":false},{"lineNumber":443,"author":{"gitId":"ongxinyii"},"content":"    -fx-text-fill: #104502;","lastModifiedDate":"2025-04-07","isFullCredit":false},{"lineNumber":444,"author":{"gitId":"-"},"content":"    -fx-font-weight: bold;","lastModifiedDate":"2025-04-03","isFullCredit":false},{"lineNumber":445,"author":{"gitId":"-"},"content":"}","lastModifiedDate":"2025-04-02","isFullCredit":false}],"authorContributionMap":{"ongxinyii":26,"-":419}},{"path":"src/main/resources/view/LoanListCard.fxml","fileType":"functional-code","lines":[{"lineNumber":1,"author":{"gitId":"-"},"content":"\u003c?xml version\u003d\"1.0\" encoding\u003d\"UTF-8\"?\u003e","lastModifiedDate":"2016-08-08","isFullCredit":false},{"lineNumber":2,"author":{"gitId":"-"},"content":"","lastModifiedDate":"2016-08-08","isFullCredit":false},{"lineNumber":3,"author":{"gitId":"-"},"content":"\u003c?import javafx.geometry.Insets?\u003e","lastModifiedDate":"2016-12-18","isFullCredit":false},{"lineNumber":4,"author":{"gitId":"-"},"content":"\u003c?import javafx.scene.control.Label?\u003e","lastModifiedDate":"2016-12-18","isFullCredit":false},{"lineNumber":5,"author":{"gitId":"-"},"content":"\u003c?import javafx.scene.layout.ColumnConstraints?\u003e","lastModifiedDate":"2016-12-18","isFullCredit":false},{"lineNumber":6,"author":{"gitId":"-"},"content":"\u003c?import javafx.scene.layout.FlowPane?\u003e","lastModifiedDate":"2016-12-18","isFullCredit":false},{"lineNumber":7,"author":{"gitId":"-"},"content":"\u003c?import javafx.scene.layout.GridPane?\u003e","lastModifiedDate":"2016-12-18","isFullCredit":false},{"lineNumber":8,"author":{"gitId":"-"},"content":"\u003c?import javafx.scene.layout.HBox?\u003e","lastModifiedDate":"2016-12-18","isFullCredit":false},{"lineNumber":9,"author":{"gitId":"-"},"content":"\u003c?import javafx.scene.layout.Region?\u003e","lastModifiedDate":"2017-03-20","isFullCredit":false},{"lineNumber":10,"author":{"gitId":"-"},"content":"\u003c?import javafx.scene.control.ScrollPane?\u003e","lastModifiedDate":"2025-04-03","isFullCredit":false},{"lineNumber":11,"author":{"gitId":"-"},"content":"\u003c?import javafx.scene.layout.VBox?\u003e","lastModifiedDate":"2016-12-18","isFullCredit":false},{"lineNumber":12,"author":{"gitId":"-"},"content":"","lastModifiedDate":"2016-12-18","isFullCredit":false},{"lineNumber":13,"author":{"gitId":"-"},"content":"\u003cHBox id\u003d\"cardPane\" styleClass\u003d\"\" fx:id\u003d\"cardPane\" xmlns\u003d\"http://javafx.com/javafx/17\" xmlns:fx\u003d\"http://javafx.com/fxml/1\"\u003e","lastModifiedDate":"2025-04-02","isFullCredit":false},{"lineNumber":14,"author":{"gitId":"-"},"content":"  \u003cGridPane HBox.hgrow\u003d\"ALWAYS\"\u003e","lastModifiedDate":"2016-08-08","isFullCredit":false},{"lineNumber":15,"author":{"gitId":"-"},"content":"    \u003ccolumnConstraints\u003e","lastModifiedDate":"2016-08-08","isFullCredit":false},{"lineNumber":16,"author":{"gitId":"-"},"content":"      \u003cColumnConstraints hgrow\u003d\"SOMETIMES\" minWidth\u003d\"10\" prefWidth\u003d\"150\" /\u003e","lastModifiedDate":"2017-03-28","isFullCredit":false},{"lineNumber":17,"author":{"gitId":"-"},"content":"    \u003c/columnConstraints\u003e","lastModifiedDate":"2016-08-08","isFullCredit":false},{"lineNumber":18,"author":{"gitId":"-"},"content":"    \u003cVBox alignment\u003d\"CENTER_LEFT\" minHeight\u003d\"105\" GridPane.columnIndex\u003d\"0\"\u003e","lastModifiedDate":"2017-03-28","isFullCredit":false},{"lineNumber":19,"author":{"gitId":"-"},"content":"      \u003cpadding\u003e","lastModifiedDate":"2016-08-08","isFullCredit":false},{"lineNumber":20,"author":{"gitId":"-"},"content":"        \u003cInsets top\u003d\"5\" right\u003d\"5\" bottom\u003d\"5\" left\u003d\"15\" /\u003e","lastModifiedDate":"2017-03-27","isFullCredit":false},{"lineNumber":21,"author":{"gitId":"-"},"content":"      \u003c/padding\u003e","lastModifiedDate":"2016-08-08","isFullCredit":false},{"lineNumber":22,"author":{"gitId":"-"},"content":"      \u003cHBox spacing\u003d\"0.5\" alignment\u003d\"CENTER_LEFT\"\u003e","lastModifiedDate":"2024-06-13","isFullCredit":false},{"lineNumber":23,"author":{"gitId":"-"},"content":"        \u003cLabel fx:id\u003d\"id\" styleClass\u003d\"cell_big_label\"\u003e","lastModifiedDate":"2017-03-20","isFullCredit":false},{"lineNumber":24,"author":{"gitId":"-"},"content":"          \u003cminWidth\u003e","lastModifiedDate":"2017-03-20","isFullCredit":false},{"lineNumber":25,"author":{"gitId":"-"},"content":"            \u003c!-- Ensures that the label text is never truncated --\u003e","lastModifiedDate":"2017-03-20","isFullCredit":false},{"lineNumber":26,"author":{"gitId":"-"},"content":"            \u003cRegion fx:constant\u003d\"USE_PREF_SIZE\" /\u003e","lastModifiedDate":"2017-03-20","isFullCredit":false},{"lineNumber":27,"author":{"gitId":"-"},"content":"          \u003c/minWidth\u003e","lastModifiedDate":"2017-03-20","isFullCredit":false},{"lineNumber":28,"author":{"gitId":"-"},"content":"        \u003c/Label\u003e","lastModifiedDate":"2017-03-20","isFullCredit":false},{"lineNumber":29,"author":{"gitId":"-"},"content":"        \u003cLabel fx:id\u003d\"name\" text\u003d\"\\$first\" styleClass\u003d\"cell_big_label\" \u003e","lastModifiedDate":"2025-04-02","isFullCredit":false},{"lineNumber":30,"author":{"gitId":"-"},"content":"          \u003cminWidth\u003e","lastModifiedDate":"2025-04-02","isFullCredit":false},{"lineNumber":31,"author":{"gitId":"-"},"content":"          \u003c!-- Ensures that the label text is never truncated --\u003e","lastModifiedDate":"2025-04-02","isFullCredit":false},{"lineNumber":32,"author":{"gitId":"-"},"content":"            \u003cRegion fx:constant\u003d\"USE_PREF_SIZE\"/\u003e","lastModifiedDate":"2025-04-02","isFullCredit":false},{"lineNumber":33,"author":{"gitId":"-"},"content":"          \u003c/minWidth\u003e","lastModifiedDate":"2025-04-02","isFullCredit":false},{"lineNumber":34,"author":{"gitId":"-"},"content":"        \u003c/Label\u003e","lastModifiedDate":"2025-04-02","isFullCredit":false},{"lineNumber":35,"author":{"gitId":"ongxinyii"},"content":"        \u003cHBox fx:id\u003d\"statusBox\" styleClass\u003d\"status-container\" alignment\u003d\"CENTER\" spacing\u003d\"2\" maxHeight\u003d\"20\"\u003e","lastModifiedDate":"2025-04-07","isFullCredit":false},{"lineNumber":36,"author":{"gitId":"-"},"content":"          \u003cLabel fx:id\u003d\"status\" styleClass\u003d\"cell_small_label\" text\u003d\"\\$status\"/\u003e","lastModifiedDate":"2025-04-02","isFullCredit":false},{"lineNumber":37,"author":{"gitId":"-"},"content":"        \u003c/HBox\u003e","lastModifiedDate":"2016-09-03","isFullCredit":false},{"lineNumber":38,"author":{"gitId":"-"},"content":"      \u003c/HBox\u003e","lastModifiedDate":"2025-04-07","isFullCredit":false},{"lineNumber":39,"author":{"gitId":"-"},"content":"      \u003cFlowPane fx:id\u003d\"tags\" /\u003e","lastModifiedDate":"2016-12-18","isFullCredit":false},{"lineNumber":40,"author":{"gitId":"-"},"content":"      \u003cLabel fx:id\u003d\"amount\" styleClass\u003d\"cell_small_label\" text\u003d\"\\$loan\" /\u003e","lastModifiedDate":"2025-03-19","isFullCredit":false},{"lineNumber":41,"author":{"gitId":"-"},"content":"      \u003cLabel fx:id\u003d\"phone\" styleClass\u003d\"cell_small_label\" text\u003d\"\\$phone\" /\u003e","lastModifiedDate":"2025-04-02","isFullCredit":false},{"lineNumber":42,"author":{"gitId":"ongxinyii"},"content":"        \u003cScrollPane fx:id\u003d\"entryScrollPane\" fitToWidth\u003d\"true\" maxHeight\u003d\"100\" style\u003d\"-fx-background-color: #4d0e04;\"\u003e","lastModifiedDate":"2025-04-07","isFullCredit":false},{"lineNumber":43,"author":{"gitId":"-"},"content":"          \u003cVBox fx:id\u003d\"transactionsBox\" spacing\u003d\"3\"/\u003e","lastModifiedDate":"2025-04-03","isFullCredit":false},{"lineNumber":44,"author":{"gitId":"-"},"content":"            \u003cpadding\u003e","lastModifiedDate":"2025-04-03","isFullCredit":false},{"lineNumber":45,"author":{"gitId":"-"},"content":"              \u003cInsets top\u003d\"5\" right\u003d\"5\" bottom\u003d\"5\" left\u003d\"5\" /\u003e","lastModifiedDate":"2025-04-03","isFullCredit":false},{"lineNumber":46,"author":{"gitId":"-"},"content":"            \u003c/padding\u003e","lastModifiedDate":"2025-04-03","isFullCredit":false},{"lineNumber":47,"author":{"gitId":"-"},"content":"        \u003c/ScrollPane\u003e","lastModifiedDate":"2025-04-03","isFullCredit":false},{"lineNumber":48,"author":{"gitId":"-"},"content":"    \u003c/VBox\u003e","lastModifiedDate":"2016-08-08","isFullCredit":false},{"lineNumber":49,"author":{"gitId":"-"},"content":"  \u003c/GridPane\u003e","lastModifiedDate":"2016-08-08","isFullCredit":false},{"lineNumber":50,"author":{"gitId":"-"},"content":"\u003c/HBox\u003e","lastModifiedDate":"2016-08-08","isFullCredit":false}],"authorContributionMap":{"ongxinyii":2,"-":48}}]
