{"authorDailyContributionsMap":{"sunpterodactyl":[],"nikingoda":[],"ongxinyii":[],"yuto1115":[],"changjy81":[]},"authorFileTypeContributionMap":{"sunpterodactyl":{"docs":0,"functional-code":0,"test-code":0},"nikingoda":{"docs":0,"functional-code":0,"test-code":0},"ongxinyii":{"docs":0,"functional-code":0,"test-code":0},"yuto1115":{"docs":0,"functional-code":0,"test-code":0},"changjy81":{"docs":0,"functional-code":0,"test-code":0}},"authorContributionVariance":{"sunpterodactyl":0.0,"nikingoda":0.0,"ongxinyii":0.0,"yuto1115":0.0,"changjy81":0.0},"authorDisplayNameMap":{"sunpterodactyl":"CS2103T-F11-4 SANY..HAVI","nikingoda":"CS2103T-F11-4 NGO .. ANH","ongxinyii":"CS2103T-F11-4 ONG ..INYI","yuto1115":"CS2103T-F11-4 WATA..YUTO","changjy81":"CS2103T-F11-4 CHAN..YANG"}}
